1772323200000000,67049.54000000,67049.54000000,67017.53000000,67049.10000000,0.00474000,1772323499999999,317.76220980,5,0.00009000,6.03441900,0
1772323500000000,67049.10000000,67049.10000000,66873.57000000,66873.57000000,0.02053000,1772323799999999,1376.19355740,7,0.00008000,5.35981280,0
1772323800000000,66885.65000000,66885.65000000,66885.65000000,66885.65000000,0.00035000,1772324099999999,23.40997750,1,0.00000000,0.00000000,0
1772324100000000,66885.65000000,66885.65000000,66885.65000000,66885.65000000,0.00000000,1772324399999999,0.00000000,0,0.00000000,0.00000000,0
1772324400000000,66885.65000000,66885.65000000,66885.65000000,66885.65000000,0.00000000,1772324699999999,0.00000000,0,0.00000000,0.00000000,0
1772324700000000,66885.65000000,66885.65000000,66885.65000000,66885.65000000,0.00000000,1772324999999999,0.00000000,0,0.00000000,0.00000000,0
1772325000000000,66797.43000000,66797.43000000,66797.43000000,66797.43000000,0.00009000,1772325299999999,6.01176870,1,0.00000000,0.00000000,0
1772325300000000,66797.43000000,66873.49000000,66797.43000000,66866.14000000,0.00478000,1772325599999999,319.61659400,4,0.00478000,319.61659400,0
1772325600000000,66866.14000000,66866.14000000,66866.14000000,66866.14000000,0.00000000,1772325899999999,0.00000000,0,0.00000000,0.00000000,0
1772325900000000,66776.40000000,66776.40000000,66776.40000000,66776.40000000,0.00021000,1772326199999999,14.02304400,1,0.00021000,14.02304400,0
1772326200000000,66776.40000000,66776.40000000,66776.40000000,66776.40000000,0.00000000,1772326499999999,0.00000000,0,0.00000000,0.00000000,0
1772326500000000,66915.69000000,66915.69000000,66915.69000000,66915.69000000,0.00372000,1772326799999999,248.92636680,4,0.00075000,50.18676750,0
1772326800000000,66797.43000000,66797.43000000,66661.12000000,66661.12000000,0.00925000,1772327099999999,617.28547950,5,0.00000000,0.00000000,0
1772327100000000,66661.12000000,66661.12000000,66661.12000000,66661.12000000,0.00000000,1772327399999999,0.00000000,0,0.00000000,0.00000000,0
1772327400000000,66546.27000000,66546.27000000,66303.07000000,66303.07000000,0.01937000,1772327699999999,1284.71038890,9,0.00427000,283.35476610,0
1772327700000000,66180.50000000,66180.59000000,66180.50000000,66180.59000000,0.00184000,1772327999999999,121.77213350,2,0.00000000,0.00000000,0
1772328000000000,66440.18000000,66440.18000000,66408.27000000,66408.27000000,0.05290000,1772328299999999,3513.48791060,6,0.00000000,0.00000000,0
1772328300000000,66500.18000000,66500.18000000,66371.58000000,66371.58000000,0.00035000,1772328599999999,23.25963100,2,0.00023000,15.29504140,0
1772328600000000,66453.09000000,66453.09000000,66434.61000000,66434.61000000,0.00690000,1772328899999999,458.49353140,3,0.00000000,0.00000000,0
1772328900000000,66623.42000000,66797.43000000,66623.42000000,66746.98000000,0.00210000,1772329199999999,140.13489490,3,0.00210000,140.13489490,0
1772329200000000,66746.98000000,66746.98000000,66746.98000000,66746.98000000,0.00000000,1772329499999999,0.00000000,0,0.00000000,0.00000000,0
1772329500000000,66817.30000000,67341.80000000,66817.30000000,67341.80000000,0.04077000,1772329799999999,2738.94627860,16,0.03348000,2249.44132030,0
1772329800000000,67468.45000000,67679.25000000,67382.72000000,67540.73000000,0.06370000,1772330099999999,4298.19647090,26,0.06190000,4176.66445990,0
1772330100000000,67326.22000000,67326.22000000,67300.00000000,67300.00000000,0.03848000,1772330399999999,2590.23074780,5,0.00865000,582.14500000,0
1772330400000000,67466.49000000,68190.46000000,67466.49000000,68013.49000000,0.05625000,1772330699999999,3811.56517360,20,0.05203000,3524.02203320,0
1772330700000000,68109.90000000,68124.07000000,68082.02000000,68083.18000000,0.22442000,1772330999999999,15287.13129860,41,0.00412000,280.60082600,0
1772331000000000,67922.12000000,68018.23000000,67861.80000000,67861.80000000,0.00892000,1772331299999999,605.88516780,5,0.00858000,582.81215580,0
1772331300000000,68031.27000000,68067.52000000,67871.59000000,67871.59000000,0.00400000,1772331599999999,271.62056010,4,0.00400000,271.62056010,0
1772331600000000,67811.58000000,67865.25000000,67800.74000000,67800.74000000,0.01121000,1772331899999999,760.26502700,6,0.01112000,754.16198480,0
1772331900000000,67749.31000000,67821.80000000,67749.31000000,67821.80000000,0.00026000,1772332199999999,17.62424430,2,0.00013000,8.80741030,0
1772332200000000,67821.80000000,67821.80000000,67821.80000000,67821.80000000,0.00000000,1772332499999999,0.00000000,0,0.00000000,0.00000000,0
1772332500000000,67890.83000000,67890.83000000,67890.83000000,67890.83000000,0.00930000,1772332799999999,631.38471900,2,0.00000000,0.00000000,0
1772332800000000,67844.84000000,68110.90000000,67844.84000000,68110.90000000,0.00844000,1772333099999999,574.27177440,7,0.00799000,543.66802890,0
1772333100000000,68123.01000000,68123.01000000,67805.41000000,67873.96000000,0.03797000,1772333399999999,2579.29911040,13,0.02340000,1587.99868750,0
1772333400000000,67873.96000000,67873.96000000,67873.96000000,67873.96000000,0.00000000,1772333699999999,0.00000000,0,0.00000000,0.00000000,0
1772333700000000,67746.84000000,67746.84000000,67676.20000000,67676.20000000,0.00086000,1772333999999999,58.23128620,4,0.00041000,27.76639720,0
1772334000000000,67686.93000000,67961.85000000,67686.93000000,67961.85000000,0.05703000,1772334299999999,3869.71567800,9,0.05703000,3869.71567800,0
1772334300000000,67697.98000000,67738.95000000,67686.82000000,67738.95000000,0.00574000,1772334599999999,388.79130300,6,0.00499000,338.01736050,0
1772334600000000,67826.50000000,67826.50000000,67758.59000000,67766.46000000,0.00060000,1772334899999999,40.67180250,4,0.00000000,0.00000000,0
1772334900000000,67755.41000000,67768.80000000,67702.62000000,67721.69000000,0.00120000,1772335199999999,81.28653150,8,0.00000000,0.00000000,0
1772335200000000,67704.51000000,67704.51000000,67464.85000000,67465.18000000,0.02336000,1772335499999999,1580.13145800,21,0.00987000,667.54401060,0
1772335500000000,67448.51000000,67607.00000000,67448.51000000,67587.72000000,0.00627000,1772335799999999,423.73496070,9,0.00522000,352.82036520,0
1772335800000000,67595.10000000,67595.10000000,67509.50000000,67536.98000000,0.00586000,1772336099999999,395.64258650,8,0.00481000,324.72069500,0
1772336100000000,67575.08000000,67590.25000000,67550.63000000,67550.63000000,0.00097000,1772336399999999,65.54621360,6,0.00022000,14.86651760,0
1772336400000000,67566.88000000,67668.58000000,67553.30000000,67668.58000000,0.00199000,1772336699999999,134.48330770,4,0.00154000,104.05299520,0
1772336700000000,67644.21000000,67723.54000000,67605.55000000,67624.34000000,0.00190000,1772336999999999,128.49966400,6,0.00000000,0.00000000,0
1772337000000000,67678.11000000,67690.97000000,67569.24000000,67569.24000000,0.03962000,1772337299999999,2679.44459600,18,0.00985000,666.48363360,0
1772337300000000,67548.18000000,67575.47000000,67422.41000000,67422.41000000,0.00393000,1772337599999999,265.13243880,8,0.00000000,0.00000000,0
1772337600000000,67631.94000000,67631.94000000,67593.82000000,67593.82000000,0.00030000,1772337899999999,20.28386400,2,0.00000000,0.00000000,0
1772337900000000,67559.60000000,67559.60000000,67450.63000000,67450.63000000,0.00075000,1772338199999999,50.63717400,5,0.00000000,0.00000000,0
1772338200000000,67438.04000000,67438.04000000,67340.47000000,67340.47000000,0.00123000,1772338499999999,82.92373320,4,0.00078000,52.60167120,0
1772338500000000,67348.62000000,67348.62000000,67129.11000000,67183.70000000,0.00355000,1772338799999999,238.46519450,14,0.00000000,0.00000000,0
1772338800000000,67255.52000000,67320.34000000,67255.52000000,67280.86000000,0.00174000,1772339099999999,117.07081740,3,0.00144000,96.88443840,0
1772339100000000,67263.98000000,67263.98000000,67213.77000000,67213.77000000,0.01585000,1772339399999999,1065.95059050,5,0.00000000,0.00000000,0
1772339400000000,67341.08000000,67341.08000000,67312.29000000,67327.18000000,0.00045000,1772339699999999,30.29708250,3,0.00000000,0.00000000,0
1772339700000000,67384.77000000,67437.44000000,67352.19000000,67364.59000000,0.05085000,1772339999999999,3424.89996550,6,0.00020000,13.48748800,0
1772340000000000,67341.30000000,67453.96000000,67341.30000000,67453.96000000,0.02116000,1772340299999999,1425.91296040,7,0.01854000,1249.26682680,0
1772340300000000,67400.10000000,67400.10000000,67400.10000000,67400.10000000,0.00015000,1772340599999999,10.11001500,1,0.00000000,0.00000000,0
1772340600000000,67420.61000000,67420.61000000,67403.75000000,67403.75000000,0.00030000,1772340899999999,20.22365400,2,0.00000000,0.00000000,0
1772340900000000,67357.11000000,67357.11000000,67357.11000000,67357.11000000,0.00015000,1772341199999999,10.10356650,1,0.00000000,0.00000000,0
1772341200000000,67413.70000000,67465.94000000,67413.70000000,67442.07000000,0.00060000,1772341499999999,40.46153850,4,0.00000000,0.00000000,0
1772341500000000,67363.47000000,67363.47000000,67278.96000000,67278.96000000,0.00138000,1772341799999999,92.93401650,5,0.00000000,0.00000000,0
1772341800000000,67428.57000000,67456.61000000,67428.57000000,67456.61000000,0.00024000,1772342099999999,16.18538040,2,0.00009000,6.07109490,0
1772342100000000,67456.61000000,67456.61000000,67456.61000000,67456.61000000,0.00000000,1772342399999999,0.00000000,0,0.00000000,0.00000000,0
1772342400000000,67462.21000000,67559.60000000,67462.21000000,67559.60000000,0.02084000,1772342699999999,1406.27755610,5,0.02084000,1406.27755610,0
1772342700000000,67560.85000000,67561.42000000,67560.85000000,67561.42000000,0.00530000,1772342999999999,358.07254490,2,0.00530000,358.07254490,0
1772343000000000,67513.11000000,67513.11000000,67513.11000000,67513.11000000,0.00015000,1772343299999999,10.12696650,1,0.00000000,0.00000000,0
1772343300000000,67552.38000000,67552.38000000,67552.38000000,67552.38000000,0.00021000,1772343599999999,14.18599980,1,0.00021000,14.18599980,0
1772343600000000,67518.07000000,67518.21000000,67421.90000000,67421.90000000,0.01187000,1772343899999999,800.93399600,6,0.00644000,434.81692100,0
1772343900000000,67446.24000000,67446.24000000,67411.72000000,67411.72000000,0.00030000,1772344199999999,20.22869400,2,0.00000000,0.00000000,0
1772344200000000,67476.00000000,67476.00000000,67390.74000000,67390.74000000,0.00088000,1772344499999999,59.34546600,5,0.00028000,18.89328000,0
1772344500000000,67366.74000000,67366.74000000,67366.74000000,67366.74000000,0.00054000,1772344799999999,36.37803960,1,0.00054000,36.37803960,0
1772344800000000,67356.33000000,67356.33000000,67285.93000000,67289.73000000,0.00542000,1772345099999999,364.72437360,4,0.00497000,334.42995810,0
1772345100000000,67295.10000000,67295.10000000,67156.45000000,67159.54000000,0.01533000,1772345399999999,1029.59665150,10,0.00607000,407.64193310,0
1772345400000000,67133.43000000,67145.58000000,66983.30000000,67145.58000000,0.01017000,1772345699999999,681.40169520,15,0.00614000,411.27751220,0
1772345700000000,67165.98000000,67165.98000000,67026.12000000,67026.12000000,0.00216000,1772345999999999,144.92452740,13,0.00000000,0.00000000,0
1772346000000000,67034.40000000,67153.89000000,67034.40000000,67120.49000000,0.00060000,1772346299999999,40.25553150,5,0.00000000,0.00000000,0
1772346300000000,67135.92000000,67186.83000000,67090.38000000,67090.38000000,0.01130000,1772346599999999,758.61936490,8,0.00072000,48.33786240,0
1772346600000000,67112.50000000,67112.50000000,66941.21000000,66941.21000000,0.00377000,1772346899999999,252.85044500,11,0.00227000,152.34537500,0
1772346900000000,66956.39000000,66974.41000000,66897.83000000,66897.83000000,0.00412000,1772347199999999,275.66038000,9,0.00000000,0.00000000,0
1772347200000000,66917.44000000,66965.92000000,66836.82000000,66925.17000000,0.07909000,1772347499999999,5291.03418170,17,0.01357000,907.89620990,0
1772347500000000,66962.67000000,66962.67000000,66853.94000000,66853.94000000,0.00556000,1772347799999999,371.91190000,5,0.00000000,0.00000000,0
1772347800000000,66964.13000000,66964.13000000,66951.98000000,66951.98000000,0.00023000,1772348099999999,15.40077790,2,0.00000000,0.00000000,0
1772348100000000,66980.42000000,66980.42000000,66965.77000000,66965.77000000,0.00050000,1772348399999999,33.48703600,3,0.00020000,13.39608400,0
1772348400000000,66955.61000000,66955.61000000,66864.23000000,66864.23000000,0.00105000,1772348699999999,70.26159000,7,0.00000000,0.00000000,0
1772348700000000,66857.06000000,66857.06000000,66824.23000000,66824.23000000,0.00045000,1772348999999999,30.07894500,3,0.00000000,0.00000000,0
1772349000000000,66955.61000000,67085.55000000,66955.61000000,67062.81000000,0.00705000,1772349299999999,472.78020110,9,0.00577000,386.97783140,0
1772349300000000,67052.48000000,67052.48000000,67000.77000000,67000.77000000,0.00320000,1772349599999999,214.55350300,5,0.00215000,144.16283200,0
1772349600000000,67084.42000000,67084.42000000,67038.86000000,67038.86000000,0.00045000,1772349899999999,30.17713650,3,0.00000000,0.00000000,0
1772349900000000,67018.68000000,67018.68000000,66995.21000000,67012.29000000,0.01211000,1772350199999999,811.40202840,7,0.00000000,0.00000000,0
1772350200000000,67015.27000000,67076.88000000,66969.68000000,67076.88000000,0.00572000,1772350499999999,383.61470610,6,0.00497000,333.37209360,0
1772350500000000,67138.48000000,67241.01000000,67138.48000000,67146.86000000,0.01331000,1772350799999999,893.88211510,11,0.01227000,824.00900220,0
1772350800000000,67235.65000000,67235.65000000,67140.03000000,67140.03000000,0.00353000,1772351099999999,237.02489050,5,0.00251000,168.52279930,0
1772351100000000,67170.25000000,67439.50000000,67134.48000000,67439.50000000,0.08625000,1772351399999999,5809.77989850,11,0.08610000,5799.70436100,0
1772351400000000,67168.17000000,67193.29000000,67152.51000000,67152.51000000,0.00075000,1772351699999999,50.37954150,5,0.00000000,0.00000000,0
1772351700000000,67173.41000000,67173.41000000,67173.41000000,67173.41000000,0.00015000,1772351999999999,10.07601150,1,0.00000000,0.00000000,0
1772352000000000,67150.04000000,67150.04000000,67029.49000000,67029.49000000,0.00105000,1772352299999999,70.44370650,7,0.00000000,0.00000000,0
1772352300000000,66972.62000000,67148.49000000,66957.37000000,67148.49000000,0.00060000,1772352599999999,40.21825050,4,0.00000000,0.00000000,0
1772352600000000,67196.01000000,67293.09000000,67196.01000000,67293.09000000,0.00268000,1772352899999999,180.11899530,4,0.00223000,149.84710230,0
1772352900000000,67272.73000000,67293.09000000,67233.63000000,67290.00000000,0.01442000,1772353199999999,970.04408920,9,0.00659000,443.14708450,0
1772353200000000,67201.20000000,67334.21000000,67180.23000000,67334.21000000,0.00196000,1772353499999999,131.81254730,4,0.00166000,111.65533280,0
1772353500000000,67309.26000000,67309.26000000,67289.39000000,67289.39000000,0.00030000,1772353799999999,20.18979750,2,0.00000000,0.00000000,0
1772353800000000,67235.46000000,67235.46000000,67169.59000000,67169.59000000,0.00525000,1772354099999999,352.65535200,3,0.00495000,332.48947050,0
1772354100000000,67198.41000000,67251.36000000,67198.41000000,67251.36000000,0.00025000,1772354399999999,16.80489750,2,0.00010000,6.72513600,0
1772354400000000,67214.20000000,67214.20000000,67189.08000000,67189.08000000,0.00163000,1772354699999999,109.52196840,2,0.00148000,99.43983840,0
1772354700000000,67178.50000000,67178.50000000,67028.92000000,67028.92000000,0.00144000,1772354999999999,96.60611310,10,0.00000000,0.00000000,0
1772355000000000,66961.66000000,66961.66000000,66482.40000000,66568.45000000,0.02748000,1772355299999999,1832.12014720,52,0.00000000,0.00000000,0
1772355300000000,66527.83000000,66654.01000000,66514.62000000,66560.95000000,0.00255000,1772355599999999,169.76773200,17,0.00000000,0.00000000,0
1772355600000000,66590.47000000,66712.46000000,66392.97000000,66652.58000000,0.00946000,1772355899999999,628.86210500,22,0.00646000,429.20369900,0
1772355900000000,66674.09000000,66674.09000000,66539.28000000,66647.61000000,0.00165000,1772356199999999,109.90536750,11,0.00000000,0.00000000,0
1772356200000000,66622.62000000,66641.13000000,66597.49000000,66597.49000000,0.00060000,1772356499999999,39.97174650,4,0.00000000,0.00000000,0
1772356500000000,66659.46000000,66791.93000000,66645.65000000,66773.09000000,0.00179000,1772356799999999,119.46060160,8,0.00074000,49.41208660,0
1772356800000000,66752.01000000,66764.40000000,66649.95000000,66649.95000000,0.00432000,1772357099999999,288.25299270,13,0.00000000,0.00000000,0
1772357100000000,66656.63000000,66698.26000000,66590.18000000,66651.01000000,0.00871000,1772357399999999,580.73582020,9,0.00766000,510.76321720,0
1772357400000000,66660.49000000,66660.49000000,66493.11000000,66498.62000000,0.00180000,1772357699999999,119.79947400,12,0.00000000,0.00000000,0
1772357700000000,66484.06000000,66509.91000000,66353.52000000,66353.52000000,0.00270000,1772357999999999,179.44179300,14,0.00075000,49.88243250,0
1772358000000000,66407.69000000,66409.19000000,66296.06000000,66296.06000000,0.00328000,1772358299999999,217.61248550,12,0.00000000,0.00000000,0
1772358300000000,66340.32000000,66362.87000000,66304.22000000,66304.22000000,0.00128000,1772358599999999,84.91403030,7,0.00038000,25.21155980,0
1772358600000000,66419.92000000,66434.61000000,66343.17000000,66434.61000000,0.00548000,1772358899999999,363.58958010,5,0.00488000,323.75466960,0
1772358900000000,66436.58000000,66436.58000000,66396.64000000,66396.64000000,0.00045000,1772359199999999,29.88636300,3,0.00000000,0.00000000,0
1772359200000000,66465.34000000,66527.41000000,66330.66000000,66410.19000000,0.00703000,1772359499999999,466.89993910,10,0.00583000,387.17139610,0
1772359500000000,66388.92000000,66433.17000000,66261.94000000,66433.17000000,0.00338000,1772359799999999,224.21504950,9,0.00218000,144.58544800,0
1772359800000000,66427.72000000,66556.19000000,66409.57000000,66531.83000000,0.00060000,1772360099999999,39.88879650,4,0.00000000,0.00000000,0
1772360100000000,66542.31000000,66542.31000000,66503.61000000,66503.61000000,0.00030000,1772360399999999,19.95688800,2,0.00000000,0.00000000,0
1772360400000000,66533.92000000,66533.92000000,66533.92000000,66533.92000000,0.00504000,1772360699999999,335.33095680,1,0.00504000,335.33095680,0
1772360700000000,66603.76000000,66605.94000000,66599.30000000,66599.30000000,0.00066000,1772360999999999,43.95720300,3,0.00036000,23.97574800,0
1772361000000000,66640.34000000,66648.48000000,66545.69000000,66545.69000000,0.00119000,1772361299999999,79.25876110,7,0.00025000,16.66008500,0
1772361300000000,66695.20000000,66757.08000000,66534.85000000,66534.85000000,0.00207000,1772361599999999,138.00338850,10,0.00072000,48.03361200,0
1772361600000000,66503.66000000,66527.42000000,66435.28000000,66435.28000000,0.00243000,1772361899999999,161.59313420,7,0.00000000,0.00000000,0
1772361900000000,66449.09000000,66519.15000000,66441.04000000,66519.15000000,0.00045000,1772362199999999,29.91139200,3,0.00000000,0.00000000,0
1772362200000000,66467.12000000,66517.67000000,66467.12000000,66512.61000000,0.00570000,1772362499999999,379.04448770,4,0.00540000,359.09676920,0
1772362500000000,66498.23000000,66498.23000000,66498.23000000,66498.23000000,0.00045000,1772362799999999,29.92420350,1,0.00000000,0.00000000,0
1772362800000000,66497.61000000,66507.30000000,66497.61000000,66507.30000000,0.00030000,1772363099999999,19.95073650,2,0.00000000,0.00000000,0
1772363100000000,66559.76000000,66559.76000000,66559.76000000,66559.76000000,0.00015000,1772363399999999,9.98396400,1,0.00000000,0.00000000,0
1772363400000000,66526.36000000,66526.36000000,66507.30000000,66507.30000000,0.07000000,1772363699999999,4655.51385900,14,0.06985000,4645.53490500,0
1772363700000000,66583.28000000,66668.84000000,66583.28000000,66648.80000000,0.01562000,1772363999999999,1040.52570480,6,0.01532000,1020.53246880,0
1772364000000000,66673.15000000,66673.15000000,66578.29000000,66578.29000000,0.00059000,1772364299999999,39.30099590,4,0.00029000,19.31529290,0
1772364300000000,66578.29000000,66578.29000000,66578.29000000,66578.29000000,0.00000000,1772364599999999,0.00000000,0,0.00000000,0.00000000,0
1772364600000000,66579.89000000,66598.89000000,66492.29000000,66492.29000000,0.00357000,1772364899999999,237.68452290,10,0.00207000,137.84279490,0
1772364900000000,66531.01000000,66531.01000000,66488.16000000,66488.16000000,0.00045000,1772365199999999,29.92783350,3,0.00000000,0.00000000,0
1772365200000000,66509.76000000,66509.76000000,66437.47000000,66437.47000000,0.00045000,1772365499999999,29.91526800,3,0.00000000,0.00000000,0
1772365500000000,66419.40000000,66500.01000000,66419.40000000,66491.97000000,0.00584000,1772365799999999,388.03551090,5,0.00498000,330.85879980,0
1772365800000000,66491.53000000,66491.53000000,66491.53000000,66491.53000000,0.00015000,1772366099999999,9.97372950,1,0.00000000,0.00000000,0
1772366100000000,66491.53000000,66501.11000000,66491.53000000,66501.11000000,0.00047000,1772366399999999,31.25245610,2,0.00000000,0.00000000,0
1772366400000000,66530.53000000,66530.53000000,66530.53000000,66530.53000000,0.00015000,1772366699999999,9.97957950,1,0.00000000,0.00000000,0
1772366700000000,66513.37000000,66513.37000000,66513.37000000,66513.37000000,0.00015000,1772366999999999,9.97700550,1,0.00000000,0.00000000,0
1772367000000000,66537.48000000,66537.48000000,66537.48000000,66537.48000000,0.00015000,1772367299999999,9.98062200,1,0.00000000,0.00000000,0
1772367300000000,66552.01000000,66558.06000000,66546.76000000,66558.06000000,0.00058000,1772367599999999,38.60028580,3,0.00028000,18.63456280,0
1772367600000000,66541.79000000,66541.79000000,66497.24000000,66497.24000000,0.00045000,1772367899999999,29.93154300,3,0.00000000,0.00000000,0
1772367900000000,66476.58000000,66476.58000000,66455.56000000,66455.56000000,0.00377000,1772368199999999,250.56634920,5,0.00347000,230.62531770,0
1772368200000000,66437.44000000,66437.44000000,66326.38000000,66326.38000000,0.00090000,1772368499999999,59.73988950,6,0.00000000,0.00000000,0
1772368500000000,66377.03000000,66377.03000000,66299.46000000,66343.52000000,0.00110000,1772368799999999,72.96692200,6,0.00035000,23.22023200,0
1772368800000000,66525.63000000,66525.63000000,66524.73000000,66524.73000000,0.00030000,1772369099999999,19.95755400,2,0.00015000,9.97870950,0
1772369100000000,66511.18000000,66524.73000000,66396.37000000,66396.37000000,0.00916000,1772369399999999,608.86839340,11,0.00770000,511.83197700,0
1772369400000000,66373.90000000,66373.90000000,66338.47000000,66372.70000000,0.00060000,1772369699999999,39.81505500,4,0.00000000,0.00000000,0
1772369700000000,66371.36000000,66371.36000000,66331.99000000,66331.99000000,0.00119000,1772369999999999,78.97224710,4,0.00089000,59.06487110,0
1772370000000000,66356.77000000,66356.77000000,66233.83000000,66233.83000000,0.00075000,1772370299999999,49.72290750,5,0.00000000,0.00000000,0
1772370300000000,66326.97000000,66407.39000000,66326.97000000,66382.79000000,0.00118000,1772370599999999,78.29376660,4,0.00073000,48.41868810,0
1772370600000000,66380.15000000,66380.15000000,66380.15000000,66380.15000000,0.00015000,1772370899999999,9.95702250,1,0.00000000,0.00000000,0
1772370900000000,66404.99000000,66404.99000000,66404.99000000,66404.99000000,0.00145000,1772371199999999,96.28723550,1,0.00145000,96.28723550,0
1772371200000000,66370.21000000,66370.21000000,66179.33000000,66269.55000000,0.01340000,1772371499999999,887.02041040,16,0.00152000,100.63257280,0
1772371500000000,66380.12000000,66380.12000000,66356.96000000,66356.96000000,0.00030000,1772371799999999,19.91056200,2,0.00000000,0.00000000,0
1772371800000000,66327.28000000,66359.95000000,66292.92000000,66343.75000000,0.00982000,1772372099999999,651.23443700,5,0.00937000,621.38678750,0
1772372100000000,66326.37000000,66326.37000000,66298.62000000,66298.62000000,0.00030000,1772372399999999,19.89374850,2,0.00000000,0.00000000,0
1772372400000000,66298.62000000,66298.62000000,66298.62000000,66298.62000000,0.00000000,1772372699999999,0.00000000,0,0.00000000,0.00000000,0
1772372700000000,66410.54000000,66410.54000000,66410.32000000,66410.32000000,0.00030000,1772372999999999,19.92312900,2,0.00015000,9.96154800,0
1772373000000000,66547.77000000,67374.59000000,66547.77000000,67232.23000000,0.44017000,1772373299999999,29569.25667220,139,0.11004000,7362.99480290,0
1772373300000000,67259.24000000,67259.24000000,66945.18000000,66971.70000000,0.02765000,1772373599999999,1854.73943480,21,0.02570000,1724.00034080,0
1772373600000000,67048.53000000,67140.35000000,66866.60000000,66996.97000000,0.18866000,1772373899999999,12631.61315810,13,0.17749000,11883.48911640,0
1772373900000000,66998.28000000,67270.85000000,66998.28000000,67141.79000000,0.01989000,1772374199999999,1336.92441210,17,0.01854000,1246.23925110,0
1772374200000000,67104.57000000,67104.57000000,67018.35000000,67066.49000000,0.00058000,1772374499999999,38.90200560,3,0.00028000,18.78927960,0
1772374500000000,67078.58000000,67114.37000000,67016.16000000,67038.41000000,0.00990000,1772374799999999,664.00570650,11,0.00000000,0.00000000,0
1772374800000000,67009.03000000,67020.11000000,66802.42000000,66938.69000000,0.00348000,1772375099999999,232.95265910,14,0.00173000,115.87226220,0
1772375100000000,66970.51000000,66984.77000000,66927.90000000,66927.90000000,0.01017000,1772375399999999,680.67485250,5,0.00000000,0.00000000,0
1772375400000000,66939.16000000,67004.49000000,66939.16000000,67004.49000000,0.00054000,1772375699999999,36.16292220,4,0.00009000,6.02984520,0
1772375700000000,67021.50000000,67021.50000000,66918.36000000,66918.36000000,0.03528000,1772375999999999,2363.07664060,9,0.00717000,480.17798310,0
1772376000000000,67004.61000000,67004.61000000,66802.42000000,66838.32000000,0.01021000,1772376299999999,682.54973810,12,0.00557000,372.51228480,0
1772376300000000,66851.30000000,66961.46000000,66837.86000000,66961.46000000,0.00869000,1772376599999999,581.19316560,9,0.00794000,531.03083160,0
1772376600000000,66923.06000000,66923.06000000,66834.85000000,66834.85000000,0.00500000,1772376899999999,334.58352050,4,0.00455000,304.49018600,0
1772376900000000,66862.67000000,66894.48000000,66862.67000000,66894.48000000,0.00030000,1772377199999999,20.06357250,2,0.00000000,0.00000000,0
1772377200000000,66951.64000000,67035.84000000,66934.73000000,66999.28000000,0.00208000,1772377499999999,139.27005910,7,0.00112000,75.00335230,0
1772377500000000,66959.48000000,66978.52000000,66885.61000000,66885.61000000,0.00745000,1772377799999999,498.92328320,5,0.00700000,468.81117920,0
1772377800000000,67003.31000000,67003.31000000,66995.25000000,66995.25000000,0.00232000,1772378099999999,155.44647020,2,0.00217000,145.39718270,0
1772378100000000,67159.78000000,67159.78000000,67159.78000000,67159.78000000,0.00089000,1772378399999999,59.77220420,2,0.00000000,0.00000000,0
1772378400000000,67177.59000000,67221.95000000,67027.45000000,67027.45000000,0.02517000,1772378699999999,1690.25027350,10,0.01488000,999.83811850,0
1772378700000000,67027.45000000,67027.45000000,67027.45000000,67027.45000000,0.00000000,1772378999999999,0.00000000,0,0.00000000,0.00000000,0
1772379000000000,67153.13000000,67153.13000000,67153.13000000,67153.13000000,0.00029000,1772379299999999,19.47440770,1,0.00029000,19.47440770,0
1772379300000000,67235.21000000,67239.07000000,67146.31000000,67194.80000000,0.05140000,1772379599999999,3455.60410830,15,0.02149000,1444.61142320,0
1772379600000000,67226.75000000,67248.26000000,67226.75000000,67248.26000000,0.00294000,1772379899999999,197.67319370,3,0.00294000,197.67319370,0
1772379900000000,67234.51000000,67248.26000000,67234.51000000,67248.26000000,0.59839000,1772380199999999,40240.66784300,132,0.00573000,385.31407140,0
1772380200000000,67283.85000000,67283.85000000,67194.80000000,67194.80000000,0.00288000,1772380499999999,193.66404460,3,0.00148000,99.58009800,0
1772380500000000,67154.61000000,67154.61000000,67154.61000000,67154.61000000,0.00015000,1772380799999999,10.07319150,1,0.00000000,0.00000000,0
1772380800000000,66862.67000000,67017.13000000,66823.92000000,66995.48000000,0.00269000,1772381099999999,180.19882100,6,0.00073000,48.91448220,0
1772381100000000,66972.53000000,66983.08000000,66972.53000000,66983.08000000,0.00048000,1772381399999999,32.15113990,3,0.00048000,32.15113990,0
1772381400000000,66983.08000000,66983.08000000,66983.08000000,66983.08000000,0.00000000,1772381699999999,0.00000000,0,0.00000000,0.00000000,0
1772381700000000,67014.11000000,67014.41000000,67014.10000000,67014.41000000,0.00787000,1772381999999999,527.40264230,5,0.00709000,475.13140250,0
1772382000000000,66983.05000000,66990.00000000,66879.32000000,66990.00000000,0.03073000,1772382299999999,2056.69195910,12,0.02655000,1776.68070910,0
1772382300000000,67064.63000000,67064.63000000,67064.63000000,67064.63000000,0.00075000,1772382599999999,50.29847250,1,0.00075000,50.29847250,0
1772382600000000,67054.57000000,67054.57000000,67054.57000000,67054.57000000,0.00043000,1772382899999999,28.83346510,1,0.00043000,28.83346510,0
1772382900000000,67054.57000000,67113.32000000,67054.57000000,67113.32000000,0.00825000,1772383199999999,553.52799850,4,0.00793000,532.07053610,0
1772383200000000,66966.63000000,66991.25000000,66950.77000000,66950.77000000,0.01296000,1772383499999999,867.78454940,6,0.00299000,200.28537250,0
1772383500000000,66650.02000000,66650.02000000,65775.78000000,66028.56000000,0.22012000,1772383799999999,14532.92937690,37,0.00076000,50.18170560,0
1772383800000000,65998.34000000,66182.80000000,65893.90000000,66182.80000000,0.02801000,1772384099999999,1849.13062500,11,0.02447000,1615.82029800,0
1772384100000000,66183.16000000,66183.16000000,66183.16000000,66183.16000000,0.00087000,1772384399999999,57.57934920,1,0.00087000,57.57934920,0
1772384400000000,66192.95000000,66192.95000000,66192.95000000,66192.95000000,0.00434000,1772384699999999,287.27740300,2,0.00434000,287.27740300,0
1772384700000000,66260.80000000,66260.80000000,66222.07000000,66226.73000000,0.00447000,1772384999999999,296.07489610,4,0.00447000,296.07489610,0
1772385000000000,66239.90000000,66260.06000000,66153.20000000,66153.20000000,0.01267000,1772385299999999,838.97575970,6,0.00754000,499.46925830,0
1772385300000000,65956.65000000,65968.48000000,65822.46000000,65822.46000000,0.00161000,1772385599999999,106.17835900,3,0.00146000,96.30499000,0
1772385600000000,65958.92000000,66043.25000000,65958.92000000,66043.25000000,0.00156000,1772385899999999,103.01903700,2,0.00156000,103.01903700,0
1772385900000000,66040.47000000,66040.47000000,66040.47000000,66040.47000000,0.00030000,1772386199999999,19.81214100,1,0.00030000,19.81214100,0
1772386200000000,66061.44000000,66061.44000000,66061.44000000,66061.44000000,0.00059000,1772386499999999,38.97624960,1,0.00059000,38.97624960,0
1772386500000000,66127.94000000,66127.94000000,66127.94000000,66127.94000000,0.00015000,1772386799999999,9.91919100,1,0.00000000,0.00000000,0
1772386800000000,66097.45000000,66097.45000000,66097.45000000,66097.45000000,0.00022000,1772387099999999,14.54143900,1,0.00022000,14.54143900,0
1772387100000000,66013.51000000,66079.64000000,66013.51000000,66060.19000000,0.00779000,1772387399999999,514.48758750,6,0.00779000,514.48758750,0
1772387400000000,66060.19000000,66117.95000000,66060.19000000,66117.95000000,0.00463000,1772387699999999,306.11571170,2,0.00018000,11.89083420,0
1772387700000000,66055.81000000,66108.92000000,66055.81000000,66108.92000000,0.00570000,1772387999999999,376.55688730,2,0.00073000,48.25951160,0
1772388000000000,66081.16000000,66391.22000000,66081.16000000,66366.54000000,0.06134000,1772388299999999,4062.91624850,20,0.04735000,3135.61279630,0
1772388300000000,66534.48000000,66571.14000000,66534.48000000,66571.14000000,0.00612000,1772388599999999,407.21851260,3,0.00612000,407.21851260,0
1772388600000000,66452.19000000,66452.19000000,66452.19000000,66452.19000000,0.00075000,1772388899999999,49.83914250,1,0.00075000,49.83914250,0
1772388900000000,66590.30000000,66590.30000000,66590.30000000,66590.30000000,0.00075000,1772389199999999,49.94272500,1,0.00075000,49.94272500,0
1772389200000000,66502.25000000,66502.25000000,66455.02000000,66455.02000000,0.00068000,1772389499999999,45.21019480,2,0.00068000,45.21019480,0
1772389500000000,66455.02000000,66455.02000000,66455.02000000,66455.02000000,0.00000000,1772389799999999,0.00000000,0,0.00000000,0.00000000,0
1772389800000000,66471.43000000,66471.43000000,66336.23000000,66410.93000000,0.01679000,1772390099999999,1114.62805500,8,0.00953000,633.02148220,0
1772390100000000,66410.93000000,66410.93000000,66410.93000000,66410.93000000,0.00000000,1772390399999999,0.00000000,0,0.00000000,0.00000000,0
1772390400000000,66410.93000000,66410.93000000,66410.93000000,66410.93000000,0.00000000,1772390699999999,0.00000000,0,0.00000000,0.00000000,0
1772390700000000,66434.46000000,66458.44000000,66434.46000000,66458.44000000,0.00150000,1772390999999999,99.66967500,2,0.00150000,99.66967500,0
1772391000000000,66367.29000000,66367.29000000,66367.29000000,66367.29000000,0.00943000,1772391299999999,625.84354470,2,0.00000000,0.00000000,0
1772391300000000,66379.24000000,66379.24000000,66379.24000000,66379.24000000,0.00067000,1772391599999999,44.47409080,1,0.00067000,44.47409080,0
1772391600000000,66367.85000000,66367.85000000,66367.85000000,66367.85000000,0.00075000,1772391899999999,49.77588750,1,0.00075000,49.77588750,0
1772391900000000,66361.08000000,66361.08000000,66267.85000000,66267.85000000,0.00346000,1772392199999999,229.56831560,2,0.00346000,229.56831560,0
1772392200000000,66133.82000000,66133.82000000,66133.82000000,66133.82000000,0.00010000,1772392499999999,6.61338200,1,0.00000000,0.00000000,0
1772392500000000,66044.70000000,66124.12000000,66044.70000000,66124.12000000,0.00058000,1772392799999999,38.34007660,2,0.00043000,28.43337160,0
1772392800000000,66124.12000000,66124.12000000,66124.12000000,66124.12000000,0.00000000,1772393099999999,0.00000000,0,0.00000000,0.00000000,0
1772393100000000,66063.21000000,66064.16000000,66063.21000000,66064.16000000,0.00482000,1772393399999999,318.42541510,3,0.00482000,318.42541510,0
1772393400000000,66066.98000000,66127.45000000,66035.05000000,66085.65000000,0.01035000,1772393699999999,683.99180470,7,0.01035000,683.99180470,0
1772393700000000,66085.65000000,66085.65000000,66085.65000000,66085.65000000,0.00000000,1772393999999999,0.00000000,0,0.00000000,0.00000000,0
1772394000000000,66085.65000000,66085.65000000,65885.83000000,65885.83000000,0.00216000,1772394299999999,142.44670250,5,0.00160000,105.48900800,0
1772394300000000,65969.18000000,65969.18000000,65969.18000000,65969.18000000,0.00016000,1772394599999999,10.55506880,1,0.00016000,10.55506880,0
1772394600000000,65947.35000000,65947.35000000,65947.35000000,65947.35000000,0.00011000,1772394899999999,7.25420850,1,0.00011000,7.25420850,0
1772394900000000,65947.35000000,65947.35000000,65947.35000000,65947.35000000,0.00000000,1772395199999999,0.00000000,0,0.00000000,0.00000000,0
1772395200000000,65947.35000000,65947.35000000,65947.35000000,65947.35000000,0.00000000,1772395499999999,0.00000000,0,0.00000000,0.00000000,0
1772395500000000,65762.18000000,65762.18000000,65655.56000000,65667.16000000,0.02773000,1772395799999999,1821.70504360,7,0.00000000,0.00000000,0
1772395800000000,65638.77000000,65638.77000000,65515.58000000,65621.81000000,1.70971000,1772396099999999,112013.40065880,197,1.68966000,110699.36828130,0
1772396100000000,65572.92000000,65604.64000000,65572.92000000,65604.64000000,0.00059000,1772396399999999,38.69278080,2,0.00044000,28.85208480,0
1772396400000000,65556.77000000,65556.77000000,65556.77000000,65556.77000000,0.00021000,1772396699999999,13.76692170,1,0.00021000,13.76692170,0
1772396700000000,65506.78000000,65524.48000000,65506.78000000,65524.48000000,0.01298000,1772396999999999,850.49421150,3,0.01298000,850.49421150,0
1772397000000000,65397.55000000,65397.55000000,65212.61000000,65212.61000000,0.00364000,1772397299999999,237.48619540,5,0.00185000,120.71175630,0
1772397300000000,65158.04000000,65281.40000000,65158.04000000,65281.40000000,0.00742000,1772397599999999,483.51697890,4,0.00727000,473.72476890,0
1772397600000000,65243.42000000,65285.96000000,65188.64000000,65285.96000000,0.00121000,1772397899999999,78.95702540,4,0.00121000,78.95702540,0
1772397900000000,65285.96000000,65285.96000000,65285.96000000,65285.96000000,0.00000000,1772398199999999,0.00000000,0,0.00000000,0.00000000,0
1772398200000000,65410.35000000,65410.35000000,65410.35000000,65410.35000000,0.00295000,1772398499999999,192.96053250,1,0.00295000,192.96053250,0
1772398500000000,65358.70000000,65358.70000000,65358.70000000,65358.70000000,0.00073000,1772398799999999,47.71185100,1,0.00073000,47.71185100,0
1772398800000000,65401.04000000,65401.04000000,65401.04000000,65401.04000000,0.00015000,1772399099999999,9.81015600,1,0.00000000,0.00000000,0
1772399100000000,65393.82000000,65394.46000000,65393.82000000,65394.46000000,0.00137000,1772399399999999,89.59001980,2,0.00137000,89.59001980,0
1772399400000000,65394.46000000,65394.46000000,65394.46000000,65394.46000000,0.00000000,1772399699999999,0.00000000,0,0.00000000,0.00000000,0
1772399700000000,65588.63000000,65590.43000000,65588.63000000,65590.43000000,0.00855000,1772399999999999,560.78626530,3,0.00855000,560.78626530,0
1772400000000000,65616.06000000,65627.56000000,65616.06000000,65627.56000000,0.00086000,1772400299999999,56.43855160,2,0.00086000,56.43855160,0
1772400300000000,65627.56000000,65627.56000000,65627.56000000,65627.56000000,0.00000000,1772400599999999,0.00000000,0,0.00000000,0.00000000,0
1772400600000000,65627.56000000,65627.56000000,65627.56000000,65627.56000000,0.00000000,1772400899999999,0.00000000,0,0.00000000,0.00000000,0
1772400900000000,65688.54000000,65688.69000000,65688.54000000,65688.69000000,0.00167000,1772401199999999,109.69989480,2,0.00167000,109.69989480,0
1772401200000000,65624.04000000,65685.63000000,65624.04000000,65685.63000000,0.00115000,1772401499999999,75.51445440,2,0.00115000,75.51445440,0
1772401500000000,65677.51000000,65686.25000000,65668.75000000,65686.25000000,0.00598000,1772401799999999,392.75179970,4,0.00598000,392.75179970,0
1772401800000000,65686.25000000,65686.25000000,65686.25000000,65686.25000000,0.00000000,1772402099999999,0.00000000,0,0.00000000,0.00000000,0
1772402100000000,65787.26000000,65787.26000000,65787.26000000,65787.26000000,0.00010000,1772402399999999,6.57872600,1,0.00010000,6.57872600,0
1772402400000000,65776.75000000,65778.59000000,65776.75000000,65778.59000000,0.00308000,1772402699999999,202.59665880,2,0.00308000,202.59665880,0
1772402700000000,65775.10000000,65775.10000000,65686.25000000,65686.25000000,0.00794000,1772402999999999,521.79593100,5,0.00750000,492.87443400,0
1772403000000000,65665.79000000,66491.36000000,65665.79000000,66344.23000000,0.11823000,1772403299999999,7821.90617640,51,0.08265000,5459.85411020,0
1772403300000000,66051.34000000,66257.18000000,66051.34000000,66257.18000000,0.01925000,1772403599999999,1273.90873310,7,0.01896000,1254.75384450,0
1772403600000000,66091.60000000,66112.30000000,66091.60000000,66112.30000000,0.00317000,1772403899999999,209.54162900,2,0.00151000,99.82957300,0
1772403900000000,66026.93000000,66026.93000000,65841.38000000,65841.38000000,0.00278000,1772404199999999,183.06686890,2,0.00263000,173.16282940,0
1772404200000000,65841.38000000,65841.38000000,65379.59000000,65379.59000000,0.05002000,1772404499999999,3280.04628540,18,0.00000000,0.00000000,0
1772404500000000,65417.73000000,65417.73000000,65148.79000000,65334.73000000,0.03620000,1772404799999999,2363.13190850,18,0.02148000,1403.12897000,0
1772404800000000,65369.60000000,65582.41000000,65369.60000000,65424.41000000,0.00925000,1772405099999999,606.04270080,7,0.00188000,123.03342730,0
1772405100000000,65424.41000000,65424.41000000,65424.41000000,65424.41000000,0.00000000,1772405399999999,0.00000000,0,0.00000000,0.00000000,0
1772405400000000,65286.10000000,65286.10000000,65286.10000000,65286.10000000,0.00772000,1772405699999999,504.00869200,2,0.00000000,0.00000000,0
1772405700000000,65303.61000000,65303.61000000,65285.55000000,65285.55000000,0.07587000,1772405999999999,4953.34360040,8,0.06491000,4237.72069600,0
1772406000000000,65463.76000000,65616.15000000,65463.76000000,65583.34000000,0.00238000,1772406299999999,156.02567600,4,0.00238000,156.02567600,0
1772406300000000,65778.36000000,65958.92000000,65778.36000000,65958.92000000,0.04778000,1772406599999999,3144.93037130,13,0.03810000,2507.59820330,0
1772406600000000,65958.92000000,65958.92000000,65958.92000000,65958.92000000,0.00000000,1772406899999999,0.00000000,0,0.00000000,0.00000000,0
1772406900000000,65874.85000000,65874.85000000,65847.65000000,65847.65000000,0.01010000,1772407199999999,665.32483300,5,0.00000000,0.00000000,0
1772407200000000,65757.14000000,65757.14000000,65757.14000000,65757.14000000,0.00015000,1772407499999999,9.86357100,1,0.00015000,9.86357100,0
1772407500000000,65757.14000000,65757.14000000,65757.14000000,65757.14000000,0.00000000,1772407799999999,0.00000000,0,0.00000000,0.00000000,0
1772407800000000,65757.14000000,65757.14000000,65757.14000000,65757.14000000,0.00000000,1772408099999999,0.00000000,0,0.00000000,0.00000000,0
1772408100000000,65757.14000000,65757.14000000,65757.14000000,65757.14000000,0.00000000,1772408399999999,0.00000000,0,0.00000000,0.00000000,0
1772408400000000,65769.46000000,65769.46000000,65769.46000000,65769.46000000,0.00015000,1772408699999999,9.86541900,1,0.00000000,0.00000000,0
1772408700000000,65852.23000000,65852.23000000,65852.23000000,65852.23000000,0.00022000,1772408999999999,14.48749060,1,0.00022000,14.48749060,0
1772409000000000,65852.23000000,65852.23000000,65852.23000000,65852.23000000,0.00000000,1772409299999999,0.00000000,0,0.00000000,0.00000000,0
1772409300000000,65852.23000000,65852.23000000,65852.23000000,65852.23000000,0.00000000,1772409599999999,0.00000000,0,0.00000000,0.00000000,0
1772409600000000,65958.92000000,65958.92000000,65958.92000000,65958.92000000,0.00008000,1772409899999999,5.27671360,1,0.00008000,5.27671360,0
1772409900000000,65958.92000000,65958.92000000,65958.92000000,65958.92000000,0.00002000,1772410199999999,1.31917840,1,0.00002000,1.31917840,0
1772410200000000,66131.02000000,66131.02000000,66131.02000000,66131.02000000,0.00010000,1772410499999999,6.61310200,1,0.00010000,6.61310200,0
1772410500000000,65964.12000000,65964.12000000,65933.11000000,65933.11000000,0.00030000,1772410799999999,19.78458450,2,0.00000000,0.00000000,0
1772410800000000,65952.00000000,65952.00000000,65952.00000000,65952.00000000,0.00043000,1772411099999999,28.35936000,1,0.00043000,28.35936000,0
1772411100000000,65952.00000000,65952.00000000,65952.00000000,65952.00000000,0.00000000,1772411399999999,0.00000000,0,0.00000000,0.00000000,0
1772411400000000,65952.00000000,65952.00000000,65952.00000000,65952.00000000,0.00000000,1772411699999999,0.00000000,0,0.00000000,0.00000000,0
1772411700000000,66165.19000000,66165.19000000,66165.19000000,66165.19000000,0.00532000,1772411999999999,351.99881080,2,0.00532000,351.99881080,0
1772412000000000,66197.70000000,66610.88000000,66165.19000000,66610.88000000,0.04041000,1772412299999999,2674.95687930,12,0.00276000,183.83259780,0
1772412300000000,66650.02000000,66834.21000000,66588.35000000,66649.63000000,0.13579000,1772412599999999,9061.59830360,42,0.09436000,6300.25733420,0
1772412600000000,66593.36000000,66743.79000000,66568.39000000,66623.63000000,0.00321000,1772412899999999,213.87486210,7,0.00246000,163.89718260,0
1772412900000000,66566.84000000,66566.84000000,66534.53000000,66534.53000000,0.00236000,1772413199999999,157.04449130,4,0.00058000,38.60783340,0
1772413200000000,66552.43000000,66597.21000000,66476.57000000,66597.21000000,0.00130000,1772413499999999,86.51288750,9,0.00000000,0.00000000,0
1772413500000000,66574.23000000,66807.38000000,66408.75000000,66807.38000000,0.00988000,1772413799999999,658.67312930,13,0.00789000,526.14792300,0
1772413800000000,66823.92000000,67093.89000000,66823.92000000,66958.78000000,0.02995000,1772414099999999,2006.54422300,42,0.00375000,251.24368630,0
1772414100000000,66929.81000000,67000.33000000,66840.20000000,66859.29000000,0.00281000,1772414399999999,188.00513950,12,0.00000000,0.00000000,0
1772414400000000,66832.52000000,66832.52000000,66635.04000000,66635.04000000,0.00160000,1772414699999999,106.76159950,11,0.00000000,0.00000000,0
1772414700000000,66643.50000000,66662.11000000,66586.37000000,66586.37000000,0.00075000,1772414999999999,49.97200050,5,0.00000000,0.00000000,0
1772415000000000,66597.26000000,66667.82000000,66597.26000000,66640.72000000,0.00120000,1772415299999999,79.97591700,8,0.00000000,0.00000000,0
1772415300000000,66643.07000000,66643.07000000,66584.03000000,66584.03000000,0.00082000,1772415599999999,54.63846140,3,0.00000000,0.00000000,0
1772415600000000,66717.36000000,66717.36000000,66603.15000000,66612.12000000,0.00165000,1772415899999999,109.97146350,11,0.00000000,0.00000000,0
1772415900000000,66600.17000000,66623.36000000,66475.23000000,66529.99000000,0.00175000,1772416199999999,116.45498150,12,0.00000000,0.00000000,0
1772416200000000,66551.30000000,66671.71000000,66497.64000000,66652.23000000,0.01900000,1772416499999999,1263.89489470,11,0.01810000,1203.97685320,0
1772416500000000,66642.18000000,66642.18000000,66554.65000000,66554.65000000,0.00438000,1772416799999999,291.75990360,7,0.00348000,231.82044360,0
1772416800000000,66609.31000000,66609.31000000,66514.38000000,66514.38000000,0.00135000,1772417099999999,89.87103600,9,0.00000000,0.00000000,0
1772417100000000,66609.71000000,66609.71000000,66177.36000000,66214.70000000,0.01262000,1772417399999999,837.73318700,40,0.00000000,0.00000000,0
1772417400000000,66197.14000000,66197.14000000,65927.96000000,66059.91000000,0.02201000,1772417699999999,1452.82149900,23,0.00000000,0.00000000,0
1772417700000000,66184.99000000,66219.72000000,66081.98000000,66081.98000000,0.01867000,1772417999999999,1235.53325600,21,0.01168000,773.24530520,0
1772418000000000,66094.74000000,66278.11000000,66094.74000000,66249.03000000,0.00105000,1772418299999999,69.48069000,7,0.00000000,0.00000000,0
1772418300000000,66261.63000000,66261.63000000,66229.24000000,66242.72000000,0.00090000,1772418599999999,59.61691650,6,0.00000000,0.00000000,0
1772418600000000,66224.55000000,66393.11000000,66208.20000000,66374.66000000,0.00090000,1772418899999999,59.65910550,6,0.00000000,0.00000000,0
1772418900000000,66354.79000000,66456.57000000,66354.79000000,66424.61000000,0.00154000,1772419199999999,102.23372410,8,0.00049000,32.52068260,0
1772419200000000,66408.55000000,66408.55000000,66338.63000000,66338.63000000,0.00060000,1772419499999999,39.82498050,4,0.00000000,0.00000000,0
1772419500000000,66323.66000000,66397.43000000,66275.72000000,66275.72000000,0.00135000,1772419799999999,89.55209400,9,0.00000000,0.00000000,0
1772419800000000,66287.09000000,66320.18000000,66254.73000000,66277.76000000,0.02805000,1772420099999999,1858.48404450,9,0.00000000,0.00000000,0
1772420100000000,66373.38000000,66373.38000000,66298.53000000,66298.53000000,0.00075000,1772420399999999,49.75252350,5,0.00000000,0.00000000,0
1772420400000000,66284.17000000,66284.17000000,66162.46000000,66162.46000000,0.00105000,1772420699999999,69.53005950,7,0.00000000,0.00000000,0
1772420700000000,66342.23000000,66391.39000000,66342.23000000,66391.39000000,0.00030000,1772420999999999,19.91004300,2,0.00000000,0.00000000,0
1772421000000000,66398.37000000,66600.23000000,66398.37000000,66519.56000000,0.03997000,1772421299999999,2658.38003610,25,0.03772000,2508.68304210,0
1772421300000000,66502.79000000,66589.55000000,66486.88000000,66589.55000000,0.00690000,1772421599999999,459.36357150,14,0.00495000,329.61827250,0
1772421600000000,66690.93000000,66814.16000000,66638.84000000,66794.10000000,0.01143000,1772421899999999,763.04291920,19,0.00910000,607.59675870,0
1772421900000000,66772.54000000,66854.93000000,66185.57000000,66793.55000000,0.50214000,1772422199999999,33436.32370440,45,0.00064000,42.73621910,0
1772422200000000,66791.29000000,66876.75000000,66739.53000000,66803.40000000,0.00165000,1772422499999999,110.24422500,11,0.00000000,0.00000000,0
1772422500000000,66779.92000000,67047.00000000,66779.92000000,66883.41000000,0.06818000,1772422799999999,4563.14010990,32,0.05677000,3799.63283990,0
1772422800000000,66881.37000000,66960.17000000,66881.37000000,66913.23000000,0.00105000,1772423099999999,70.27084050,7,0.00000000,0.00000000,0
1772423100000000,66929.42000000,66955.39000000,66913.23000000,66914.43000000,0.00213000,1772423399999999,142.53906390,7,0.00000000,0.00000000,0
1772423400000000,66902.58000000,67025.25000000,66742.95000000,66907.21000000,0.82908000,1772423699999999,55459.29506340,69,0.00498000,333.26453820,0
1772423700000000,66892.16000000,66900.10000000,66829.42000000,66829.42000000,0.00120000,1772423999999999,80.24623950,8,0.00000000,0.00000000,0
1772424000000000,66856.52000000,66856.52000000,66782.55000000,66789.96000000,0.00677000,1772424299999999,452.42617050,13,0.00497000,332.13963300,0
1772424300000000,66752.26000000,66772.31000000,66739.45000000,66746.47000000,0.00149000,1772424599999999,99.45868460,6,0.00073000,48.72492310,0
1772424600000000,66739.45000000,66739.86000000,66703.05000000,66703.05000000,0.00082000,1772424899999999,54.71680900,5,0.00000000,0.00000000,0
1772424900000000,66758.50000000,66803.57000000,66674.60000000,66681.84000000,0.02417000,1772425199999999,1612.00489410,22,0.00485000,323.40692400,0
1772425200000000,66741.67000000,66873.90000000,66706.80000000,66706.80000000,0.00205000,1772425499999999,136.92634750,14,0.00000000,0.00000000,0
1772425500000000,66812.72000000,66945.07000000,66812.72000000,66928.82000000,0.00060000,1772425799999999,40.13550150,4,0.00000000,0.00000000,0
1772425800000000,66957.43000000,66957.43000000,66885.24000000,66897.07000000,0.00088000,1772426099999999,58.88333110,4,0.00043000,28.76574010,0
1772426100000000,66885.05000000,66885.05000000,66795.44000000,66864.98000000,0.01158000,1772426399999999,774.10801470,13,0.00000000,0.00000000,0
1772426400000000,66883.37000000,66883.37000000,66785.31000000,66785.31000000,0.00097000,1772426699999999,64.83095070,7,0.00000000,0.00000000,0
1772426700000000,66832.03000000,66832.03000000,66659.37000000,66678.26000000,0.00713000,1772426999999999,475.36700980,15,0.00007000,4.67824210,0
1772427000000000,66654.88000000,66771.30000000,66654.88000000,66771.30000000,0.00045000,1772427299999999,30.02753850,3,0.00000000,0.00000000,0
1772427300000000,66749.34000000,66829.16000000,66749.34000000,66829.16000000,0.01281000,1772427599999999,855.97314150,3,0.01266000,845.96074050,0
1772427600000000,66875.36000000,66893.13000000,66683.41000000,66683.41000000,0.08170000,1772427899999999,5451.69156120,52,0.01735000,1158.53306650,0
1772427900000000,66683.38000000,66683.38000000,66567.47000000,66678.76000000,0.07358000,1772428199999999,4904.41794950,28,0.02573000,1714.15201150,0
1772428200000000,66697.61000000,66697.65000000,66693.08000000,66697.65000000,0.04151000,1772428499999999,2768.61741680,15,0.00763000,508.90306950,0
1772428500000000,66757.89000000,66837.27000000,66740.06000000,66764.00000000,0.00607000,1772428799999999,405.39829030,14,0.00017000,11.34933010,0
1772428800000000,66739.09000000,66777.88000000,66626.72000000,66626.72000000,0.00160000,1772429099999999,106.72485600,11,0.00000000,0.00000000,0
1772429100000000,66711.51000000,66711.51000000,66687.54000000,66687.54000000,0.00030000,1772429399999999,20.00985750,2,0.00000000,0.00000000,0
1772429400000000,66736.48000000,66736.48000000,66736.48000000,66736.48000000,0.00015000,1772429699999999,10.01047200,1,0.00000000,0.00000000,0
1772429700000000,66757.89000000,66795.54000000,66757.89000000,66775.95000000,0.00054000,1772429999999999,36.06057060,4,0.00009000,6.00821010,0
1772430000000000,66796.04000000,67007.12000000,66766.74000000,67004.05000000,0.06019000,1772430299999999,4026.93447050,23,0.05869000,3926.60402450,0
1772430300000000,66985.49000000,66985.49000000,66799.82000000,66846.39000000,0.03476000,1772430599999999,2324.36820790,31,0.01445000,966.88428540,0
1772430600000000,66901.90000000,66901.90000000,66842.24000000,66864.92000000,0.00835000,1772430899999999,558.24558450,7,0.00388000,259.43848920,0
1772430900000000,66842.75000000,66842.75000000,66718.39000000,66718.39000000,0.00214000,1772431199999999,142.92505930,13,0.00000000,0.00000000,0
1772431200000000,66729.16000000,66729.16000000,66563.67000000,66573.04000000,0.00205000,1772431499999999,136.63037700,14,0.00000000,0.00000000,0
1772431500000000,66617.78000000,66617.78000000,66541.34000000,66541.34000000,0.00075000,1772431799999999,49.92991950,5,0.00000000,0.00000000,0
1772431800000000,66587.46000000,66597.44000000,66587.46000000,66597.44000000,0.00030000,1772432099999999,19.97773500,2,0.00000000,0.00000000,0
1772432100000000,66608.32000000,66614.40000000,66265.53000000,66265.53000000,0.00756000,1772432399999999,502.01111320,16,0.00503000,333.79432100,0
1772432400000000,66308.10000000,66308.10000000,66088.76000000,66168.40000000,0.00264000,1772432699999999,174.74018750,18,0.00029000,19.20001200,0
1772432700000000,66250.95000000,66291.38000000,66250.95000000,66291.38000000,0.00040000,1772432999999999,26.50716650,3,0.00010000,6.62581700,0
1772433000000000,66271.92000000,66287.04000000,66232.50000000,66287.04000000,0.00060000,1772433299999999,39.75642300,4,0.00000000,0.00000000,0
1772433300000000,66299.83000000,66299.83000000,66237.54000000,66237.54000000,0.00060000,1772433599999999,39.75975750,4,0.00000000,0.00000000,0
1772433600000000,66287.50000000,66287.50000000,66281.67000000,66287.00000000,0.00239000,1772433899999999,158.42528050,3,0.00194000,128.59678000,0
1772433900000000,66251.10000000,66251.10000000,66111.98000000,66175.12000000,0.00171000,1772434199999999,113.16665790,11,0.00026000,17.19794440,0
1772434200000000,66158.07000000,66371.47000000,66080.96000000,66160.20000000,0.04772000,1772434499999999,3159.44304560,26,0.04652000,3080.08516760,0
1772434500000000,66185.51000000,66248.24000000,66185.51000000,66218.10000000,0.01083000,1772434799999999,717.45403170,13,0.00000000,0.00000000,0
1772434800000000,66201.04000000,66252.14000000,66000.00000000,66000.00000000,0.01843000,1772435099999999,1219.83504980,19,0.01411000,934.51610430,0
1772435100000000,65981.42000000,66019.52000000,65677.08000000,65677.08000000,0.07322000,1772435399999999,4823.81254150,53,0.00000000,0.00000000,0
1772435400000000,65717.39000000,65786.21000000,65669.18000000,65689.68000000,0.01782000,1772435699999999,1171.39735990,20,0.01498000,984.74006200,0
1772435700000000,65700.45000000,65759.56000000,65585.16000000,65585.16000000,0.01672000,1772435999999999,1098.31076420,16,0.01482000,973.51207370,0
1772436000000000,65580.00000000,65735.04000000,65580.00000000,65735.04000000,0.00090000,1772436299999999,59.09414250,6,0.00000000,0.00000000,0
1772436300000000,65762.18000000,65854.10000000,65762.18000000,65854.10000000,0.01545000,1772436599999999,1016.55873420,7,0.01500000,986.93792220,0
1772436600000000,65799.91000000,65835.88000000,65798.77000000,65798.77000000,0.00075000,1772436899999999,49.36174350,5,0.00000000,0.00000000,0
1772436900000000,65889.36000000,65950.51000000,65889.36000000,65950.51000000,0.00529000,1772437199999999,348.86569090,3,0.00499000,329.09304490,0
1772437200000000,65968.50000000,65968.50000000,65911.53000000,65911.53000000,0.00060000,1772437499999999,39.56309550,4,0.00000000,0.00000000,0
1772437500000000,65954.95000000,65967.83000000,65928.10000000,65967.83000000,0.00779000,1772437799999999,513.73004300,4,0.00749000,493.94162600,0
1772437800000000,65980.92000000,65980.92000000,65949.95000000,65949.95000000,0.02548000,1772438099999999,1680.42927590,9,0.00108000,71.24585040,0
1772438100000000,65933.90000000,66002.51000000,65933.90000000,66002.51000000,0.01543000,1772438399999999,1018.14876100,7,0.01498000,988.46797900,0
1772438400000000,65999.08000000,65999.08000000,65736.50000000,65846.78000000,0.08034000,1772438699999999,5284.83000710,38,0.03460000,2276.20408630,0
1772438700000000,65858.14000000,65909.72000000,65852.78000000,65900.75000000,0.00807000,1772438999999999,531.79574260,13,0.00151000,99.51014760,0
1772439000000000,65888.36000000,65888.36000000,65714.79000000,65714.79000000,0.00135000,1772439299999999,88.84324350,9,0.00000000,0.00000000,0
1772439300000000,66052.77000000,66068.80000000,65874.76000000,65935.60000000,0.01718000,1772439599999999,1134.26794690,16,0.00484000,319.14379200,0
1772439600000000,66009.36000000,66009.36000000,65731.69000000,65751.48000000,0.01256000,1772439899999999,827.73757020,24,0.00053000,34.84828440,0
1772439900000000,65789.53000000,65816.36000000,65682.64000000,65682.64000000,0.01119000,1772440199999999,735.75456440,10,0.00725000,476.70339290,0
1772440200000000,65750.92000000,65971.39000000,65750.92000000,65827.72000000,0.12333000,1772440499999999,8126.72936790,26,0.12273000,8087.23645740,0
1772440500000000,65821.77000000,65915.49000000,65821.77000000,65915.49000000,0.00797000,1772440799999999,525.31102530,4,0.00752000,495.68448480,0
1772440800000000,65944.70000000,66020.49000000,65931.81000000,66020.49000000,0.02048000,1772441099999999,1351.58722170,8,0.01066000,703.58733700,0
1772441100000000,66063.04000000,66063.04000000,66006.61000000,66034.28000000,0.00622000,1772441399999999,410.73287660,6,0.00000000,0.00000000,0
1772441400000000,66258.17000000,66302.67000000,66197.64000000,66233.88000000,0.02334000,1772441699999999,1546.11010280,11,0.02259000,1496.41788380,0
1772441700000000,66234.88000000,66306.25000000,66234.88000000,66306.25000000,0.01989000,1772441999999999,1317.86938410,5,0.01989000,1317.86938410,0
1772442000000000,66280.69000000,66459.93000000,66225.34000000,66262.57000000,0.04074000,1772442299999999,2702.71167910,25,0.03420000,2269.48365090,0
1772442300000000,66231.20000000,66303.26000000,66231.20000000,66303.26000000,0.00040000,1772442599999999,26.50556750,3,0.00010000,6.63032600,0
1772442600000000,66382.75000000,66459.48000000,66382.75000000,66431.97000000,0.00862000,1772442899999999,572.76762240,7,0.00802000,532.89779040,0
1772442900000000,66407.33000000,66592.34000000,66407.33000000,66558.57000000,0.00850000,1772443199999999,565.53337140,8,0.00761000,506.34002120,0
1772443200000000,66540.01000000,66705.62000000,66453.46000000,66517.76000000,0.04662000,1772443499999999,3105.56914570,28,0.03132000,2087.04043320,0
1772443500000000,66502.34000000,66502.34000000,66401.47000000,66422.39000000,0.37806000,1772443799999999,25119.88302290,92,0.03980000,2643.96397870,0
1772443800000000,66420.60000000,66513.19000000,66228.12000000,66487.83000000,0.20615000,1772444099999999,13687.33501760,46,0.02562000,1702.21991260,0
1772444100000000,66487.75000000,66549.30000000,66368.60000000,66397.20000000,0.29630000,1772444399999999,19687.44833370,103,0.04397000,2922.05466570,0
1772444400000000,66397.04000000,66420.55000000,66336.25000000,66400.73000000,0.50173000,1772444699999999,33303.78591420,138,0.03936000,2612.45534520,0
1772444700000000,66391.34000000,66400.73000000,66335.39000000,66338.61000000,0.58377000,1772444999999999,38739.49154940,137,0.00505000,335.10991650,0
1772445000000000,66367.28000000,66400.74000000,66258.08000000,66323.66000000,0.21902000,1772445299999999,14530.05758510,50,0.02968000,1968.57643230,0
1772445300000000,66304.41000000,66331.96000000,66182.37000000,66196.62000000,0.00593000,1772445599999999,393.22631330,10,0.00458000,303.80037680,0
1772445600000000,66168.67000000,66328.61000000,66144.67000000,66303.51000000,0.00105000,1772445899999999,69.54291300,7,0.00000000,0.00000000,0
1772445900000000,66314.49000000,66331.04000000,66298.78000000,66327.98000000,0.00638000,1772446199999999,423.01571140,7,0.00563000,373.27583740,0
1772446200000000,66324.44000000,66324.44000000,66093.82000000,66140.87000000,0.00280000,1772446499999999,185.30769950,19,0.00000000,0.00000000,0
1772446500000000,66187.19000000,66213.41000000,66187.19000000,66213.41000000,0.00744000,1772446799999999,492.53349860,3,0.00729000,482.60542010,0
1772446800000000,66194.36000000,66224.78000000,66173.03000000,66189.75000000,0.00619000,1772447099999999,409.74598120,5,0.00589000,389.88629620,0
1772447100000000,66215.22000000,66241.47000000,66186.76000000,66241.47000000,0.00713000,1772447399999999,472.20623340,8,0.00668000,442.41119940,0
1772447400000000,66267.44000000,66295.08000000,66234.79000000,66275.66000000,0.01504000,1772447699999999,996.64868320,18,0.01429000,946.95712570,0
1772447700000000,66285.64000000,66359.04000000,66108.89000000,66359.04000000,0.01275000,1772447999999999,844.08474410,24,0.00547000,362.45549750,0
1772448000000000,66367.00000000,66367.00000000,66257.22000000,66277.28000000,0.01392000,1772448299999999,922.63655070,12,0.01332000,882.83926470,0
1772448300000000,66275.34000000,66288.74000000,66268.18000000,66271.46000000,0.01218000,1772448599999999,807.18568760,10,0.00328000,217.38626160,0
1772448600000000,66300.67000000,66300.67000000,66149.03000000,66183.50000000,0.00626000,1772448899999999,414.61088760,17,0.00532000,352.37282720,0
1772448900000000,66217.22000000,66337.82000000,66198.48000000,66337.82000000,0.02002000,1772449199999999,1326.81714100,20,0.02002000,1326.81714100,0
1772449200000000,66280.40000000,66299.85000000,66228.17000000,66297.06000000,0.00622000,1772449499999999,412.24206490,16,0.00562000,372.49225390,0
1772449500000000,66281.49000000,66281.49000000,66084.74000000,66139.24000000,0.01037000,1772449799999999,685.75482030,19,0.00962000,636.11482530,0
1772449800000000,66156.86000000,66195.49000000,66139.75000000,66143.10000000,0.00519000,1772450099999999,343.39262400,14,0.00474000,313.62516600,0
1772450100000000,66115.23000000,66153.24000000,66056.08000000,66071.12000000,0.01863000,1772450399999999,1231.52343650,19,0.01788000,1181.95246100,0
1772450400000000,66215.24000000,66240.08000000,66064.18000000,66204.40000000,0.02945000,1772450699999999,1947.35365070,34,0.02810000,1858.05241670,0
1772450700000000,66212.39000000,66215.40000000,66020.42000000,66090.69000000,0.01656000,1772450999999999,1094.22131170,21,0.00580000,383.62058230,0
1772451000000000,66072.00000000,66150.32000000,66019.62000000,66109.98000000,0.00478000,1772451299999999,316.03773540,14,0.00433000,286.30647390,0
1772451300000000,66114.83000000,66260.05000000,66114.83000000,66222.36000000,0.00257000,1772451599999999,170.12566610,9,0.00242000,160.19662010,0
1772451600000000,66222.36000000,66222.36000000,66222.36000000,66222.36000000,0.00000000,1772451899999999,0.00000000,0,0.00000000,0.00000000,0
1772451900000000,66423.62000000,66454.84000000,66395.66000000,66419.03000000,0.02844000,1772452199999999,1889.11295860,9,0.02829000,1879.14473260,0
1772452200000000,66397.32000000,66397.32000000,66326.48000000,66326.48000000,0.00160000,1772452499999999,106.14220320,2,0.00160000,106.14220320,0
1772452500000000,66323.17000000,66323.17000000,66323.17000000,66323.17000000,0.00018000,1772452799999999,11.93817060,1,0.00018000,11.93817060,0
1772452800000000,66357.95000000,66418.36000000,66357.95000000,66418.36000000,0.00902000,1772453099999999,598.79134230,4,0.00902000,598.79134230,0
1772453100000000,66374.82000000,66418.36000000,66374.82000000,66418.36000000,0.00805000,1772453399999999,534.50407040,4,0.00805000,534.50407040,0
1772453400000000,66379.81000000,66379.94000000,66348.55000000,66348.55000000,0.00336000,1772453699999999,223.00226890,3,0.00336000,223.00226890,0
1772453700000000,66366.55000000,66366.55000000,66239.15000000,66239.15000000,0.02374000,1772453999999999,1572.65756100,4,0.00110000,73.00320500,0
1772454000000000,66135.61000000,66170.80000000,66133.82000000,66170.80000000,0.01143000,1772454299999999,756.03895270,5,0.01133000,749.42557070,0
1772454300000000,66144.19000000,66144.19000000,66144.19000000,66144.19000000,0.00028000,1772454599999999,18.52037320,1,0.00028000,18.52037320,0
1772454600000000,66146.57000000,66146.57000000,66146.57000000,66146.57000000,0.00015000,1772454899999999,9.92198550,1,0.00015000,9.92198550,0
1772454900000000,66110.04000000,66110.04000000,65963.68000000,66012.40000000,0.03633000,1772455199999999,2398.30236330,14,0.00000000,0.00000000,0
1772455200000000,66007.37000000,66007.37000000,66007.37000000,66007.37000000,0.00015000,1772455499999999,9.90110550,1,0.00000000,0.00000000,0
1772455500000000,65959.59000000,66008.33000000,65950.45000000,66008.33000000,0.00269000,1772455799999999,177.47065330,6,0.00166000,109.53469520,0
1772455800000000,66008.33000000,66008.33000000,66008.33000000,66008.33000000,0.00000000,1772456099999999,0.00000000,0,0.00000000,0.00000000,0
1772456100000000,65971.81000000,66000.67000000,65971.81000000,66000.67000000,0.01209000,1772456399999999,797.84265000,3,0.01209000,797.84265000,0
1772456400000000,65885.83000000,65908.33000000,65885.83000000,65908.33000000,0.00025000,1772456699999999,16.47483250,2,0.00000000,0.00000000,0
1772456700000000,65878.94000000,65954.55000000,65824.91000000,65843.89000000,0.00574000,1772456999999999,378.12904730,4,0.00544000,358.35928130,0
1772457000000000,65871.98000000,65871.98000000,65871.98000000,65871.98000000,0.00126000,1772457299999999,82.99869480,1,0.00126000,82.99869480,0
1772457300000000,65852.33000000,65936.46000000,65852.33000000,65936.46000000,0.01058000,1772457599999999,696.73061740,3,0.01043000,686.84014840,0
1772457600000000,66065.32000000,66065.32000000,66065.32000000,66065.32000000,0.00008000,1772457899999999,5.28522560,1,0.00008000,5.28522560,0
1772457900000000,66093.11000000,66120.04000000,65810.21000000,65810.21000000,0.06966000,1772458199999999,4596.26139320,19,0.02093000,1382.13722250,0
1772458200000000,65756.09000000,65837.37000000,65756.09000000,65837.37000000,0.00022000,1772458499999999,14.47202940,2,0.00007000,4.60861590,0
1772458500000000,65870.74000000,65870.74000000,65752.24000000,65752.24000000,0.00059000,1772458799999999,38.84596160,2,0.00044000,28.98312560,0
1772458800000000,65710.96000000,65710.96000000,65575.57000000,65621.10000000,0.01604000,1772459099999999,1053.43307740,8,0.00076000,49.83743320,0
1772459100000000,65593.54000000,65593.54000000,65493.00000000,65493.00000000,0.00235000,1772459399999999,153.95903090,5,0.00043000,28.18449190,0
1772459400000000,65428.50000000,65428.50000000,65387.37000000,65387.37000000,0.01916000,1772459699999999,1252.83250350,8,0.01901000,1243.01822850,0
1772459700000000,65419.35000000,65423.53000000,65410.86000000,65410.86000000,0.00162000,1772459999999999,105.96876720,3,0.00132000,86.34233520,0
1772460000000000,65429.91000000,65429.91000000,65299.70000000,65370.80000000,0.04746000,1772460299999999,3102.93070280,15,0.04523000,2957.21624070,0
1772460300000000,65370.80000000,65370.80000000,65370.80000000,65370.80000000,0.00000000,1772460599999999,0.00000000,0,0.00000000,0.00000000,0
1772460600000000,65523.84000000,65523.84000000,65523.84000000,65523.84000000,0.00015000,1772460899999999,9.82857600,1,0.00000000,0.00000000,0
1772460900000000,65523.84000000,65523.84000000,65523.84000000,65523.84000000,0.00000000,1772461199999999,0.00000000,0,0.00000000,0.00000000,0
1772461200000000,65523.84000000,65523.84000000,65523.84000000,65523.84000000,0.00000000,1772461499999999,0.00000000,0,0.00000000,0.00000000,0
1772461500000000,65523.84000000,65523.84000000,65523.84000000,65523.84000000,0.00000000,1772461799999999,0.00000000,0,0.00000000,0.00000000,0
1772461800000000,65609.55000000,66320.58000000,65589.11000000,66261.65000000,0.07573000,1772462099999999,4997.33300180,47,0.04310000,2846.69221520,0
1772462100000000,66261.65000000,66356.27000000,66096.85000000,66354.29000000,0.20802000,1772462399999999,13760.79635650,63,0.15605000,10321.11014610,0
1772462400000000,66381.91000000,66623.12000000,66272.69000000,66618.40000000,0.05612000,1772462699999999,3729.32304150,17,0.03742000,2486.65776020,0
1772462700000000,66545.76000000,67009.17000000,66530.96000000,67009.17000000,0.04616000,1772462999999999,3080.56912410,17,0.03556000,2375.00790510,0
1772463000000000,67127.38000000,67135.34000000,67057.09000000,67076.99000000,0.03002000,1772463299999999,2014.28626490,9,0.03002000,2014.28626490,0
1772463300000000,67022.76000000,67120.27000000,66941.60000000,67120.27000000,0.04505000,1772463599999999,3018.84764400,14,0.03973000,2662.09193480,0
1772463600000000,67144.89000000,67400.55000000,67011.74000000,67265.99000000,0.10761000,1772463899999999,7231.32940450,54,0.06100000,4097.72869900,0
1772463900000000,67307.19000000,67805.29000000,67254.28000000,67765.68000000,0.72141000,1772464199999999,48763.51305230,220,0.33047000,22331.97377170,0
1772464200000000,67740.98000000,68468.86000000,67704.03000000,68408.30000000,4.46466000,1772464499999999,303879.03711190,974,0.90207000,61414.16364230,0
1772464500000000,68485.34000000,68627.96000000,68106.79000000,68381.28000000,1.12241000,1772464799999999,76838.63078310,208,0.32012000,21931.34026390,0
1772464800000000,68433.45000000,68776.75000000,68282.75000000,68669.38000000,0.78838000,1772465099999999,54079.33087160,189,0.23893000,16401.80430550,0
1772465100000000,68660.43000000,68835.18000000,68410.60000000,68515.39000000,0.65767000,1772465399999999,45136.59110340,100,0.17597000,12074.96138850,0
1772465400000000,68705.00000000,68946.51000000,68467.78000000,68946.51000000,0.07697000,1772465699999999,5284.38864200,32,0.03127000,2150.30316330,0
1772465700000000,68941.50000000,69388.74000000,68923.33000000,69368.16000000,0.08266000,1772465999999999,5711.02243570,30,0.05973000,4128.02833640,0
1772466000000000,69394.52000000,69545.06000000,69305.38000000,69545.06000000,0.03925000,1772466299999999,2725.37436160,12,0.02249000,1562.87146750,0
1772466300000000,69545.06000000,69615.85000000,69412.70000000,69584.57000000,0.28599000,1772466599999999,19880.15838470,58,0.03152000,2190.64554040,0
1772466600000000,69517.86000000,69517.86000000,68966.86000000,68966.86000000,0.05614000,1772466899999999,3883.13004070,20,0.03444000,2384.78341170,0
1772466900000000,69086.36000000,69119.73000000,68940.76000000,69025.00000000,0.04363000,1772467199999999,3011.55754920,21,0.01725000,1190.51927810,0
1772467200000000,69169.64000000,69315.08000000,69025.00000000,69257.93000000,0.03631000,1772467499999999,2511.82023540,17,0.02428000,1680.20703190,0
1772467500000000,69256.80000000,69774.72000000,69236.82000000,69774.72000000,0.05197000,1772467799999999,3613.40283510,23,0.04058000,2823.03566500,0
1772467800000000,69761.05000000,69761.05000000,69610.65000000,69622.33000000,0.01099000,1772468099999999,765.85001930,7,0.01043000,726.83473250,0
1772468100000000,69633.66000000,69633.66000000,69483.42000000,69483.42000000,0.04380000,1772468399999999,3047.07443090,13,0.00503000,350.09001200,0
1772468400000000,69576.70000000,69736.96000000,69552.11000000,69656.06000000,0.02770000,1772468699999999,1928.15657650,12,0.01600000,1113.22447260,0
1772468700000000,69659.35000000,69659.35000000,69336.45000000,69336.45000000,0.05892000,1772468999999999,4094.32469450,19,0.05686000,3951.22185230,0
1772469000000000,69405.85000000,69405.85000000,69240.57000000,69292.82000000,0.01567000,1772469299999999,1085.70286920,17,0.00128000,88.73576800,0
1772469300000000,69348.52000000,69348.52000000,69121.37000000,69143.47000000,0.02289000,1772469599999999,1584.80187980,17,0.00074000,51.20365620,0
1772469600000000,69240.28000000,69890.72000000,69240.28000000,69890.72000000,0.77623000,1772469899999999,54221.43349900,54,0.77615000,54215.89427660,0
1772469900000000,69883.78000000,70113.46000000,69867.78000000,69873.89000000,1.03969000,1772470199999999,72776.30431850,138,1.03796000,72655.30521750,0
1772470200000000,69842.06000000,69842.06000000,69704.65000000,69704.65000000,0.01460000,1772470499999999,1019.64259490,8,0.00331000,231.14858550,0
1772470500000000,69594.60000000,69594.60000000,69437.76000000,69512.03000000,0.00710000,1772470799999999,493.78545830,9,0.00682000,474.32551010,0
1772470800000000,69493.91000000,69493.92000000,69428.52000000,69490.88000000,0.00367000,1772471099999999,255.02922180,4,0.00367000,255.02922180,0
1772471100000000,69490.88000000,69490.88000000,69367.95000000,69369.48000000,0.00089000,1772471399999999,61.75351760,3,0.00089000,61.75351760,0
1772471400000000,69406.42000000,69445.72000000,69386.80000000,69445.72000000,0.02480000,1772471699999999,1721.59194800,8,0.00487000,338.20065640,0
1772471700000000,69429.89000000,69429.89000000,69292.56000000,69292.56000000,0.02045000,1772471999999999,1418.38417920,5,0.00000000,0.00000000,0
1772472000000000,69432.55000000,69432.55000000,69406.96000000,69406.96000000,0.00210000,1772472299999999,145.75819860,2,0.00000000,0.00000000,0
1772472300000000,69465.30000000,69724.47000000,69301.44000000,69352.71000000,0.07748000,1772472599999999,5382.35921640,24,0.07748000,5382.35921640,0
1772472600000000,69352.71000000,69352.71000000,69352.71000000,69352.71000000,0.00000000,1772472899999999,0.00000000,0,0.00000000,0.00000000,0
1772472900000000,69352.71000000,69441.62000000,69162.51000000,69180.28000000,0.00578000,1772473199999999,400.53284630,8,0.00472000,326.98607700,0
1772473200000000,69100.96000000,69100.96000000,68873.58000000,68873.58000000,0.00029000,1772473499999999,20.00644440,3,0.00000000,0.00000000,0
1772473500000000,68953.14000000,69025.08000000,68949.05000000,69025.08000000,0.00208000,1772473799999999,143.50152700,4,0.00194000,133.84866000,0
1772473800000000,69046.66000000,69123.84000000,69046.66000000,69123.84000000,0.00260000,1772474099999999,179.65488470,3,0.00260000,179.65488470,0
1772474100000000,69123.84000000,69123.84000000,69123.84000000,69123.84000000,0.00000000,1772474399999999,0.00000000,0,0.00000000,0.00000000,0
1772474400000000,69103.27000000,69103.27000000,68821.08000000,68920.80000000,0.00103000,1772474699999999,71.00711780,7,0.00036000,24.81634710,0
1772474700000000,69024.59000000,69068.82000000,68985.19000000,69045.66000000,0.00055000,1772474999999999,37.96754450,4,0.00000000,0.00000000,0
1772475000000000,69164.83000000,69164.83000000,69164.83000000,69164.83000000,0.00027000,1772475299999999,18.67450410,1,0.00027000,18.67450410,0
1772475300000000,69181.06000000,69181.06000000,69071.86000000,69071.86000000,0.00119000,1772475599999999,82.23993960,3,0.00105000,72.55930500,0
1772475600000000,69098.02000000,69099.41000000,69098.02000000,69099.41000000,0.01716000,1772475899999999,1185.72545650,4,0.00744000,514.09270210,0
1772475900000000,69048.14000000,69048.14000000,69048.14000000,69048.14000000,0.00497000,1772476199999999,343.16925580,1,0.00497000,343.16925580,0
1772476200000000,69227.41000000,69227.41000000,69135.19000000,69135.19000000,0.00531000,1772476499999999,367.58153530,3,0.00503000,348.21387230,0
1772476500000000,69222.96000000,69233.20000000,69096.43000000,69096.43000000,0.00221000,1772476799999999,152.83754920,4,0.00082000,56.73963510,0
1772476800000000,69044.27000000,69137.04000000,68996.10000000,69137.04000000,0.01226000,1772477099999999,846.54280080,5,0.00072000,49.77866880,0
1772477100000000,69137.04000000,69137.04000000,69137.04000000,69137.04000000,0.00070000,1772477399999999,48.39592800,1,0.00000000,0.00000000,0
1772477400000000,69120.25000000,69120.25000000,69076.24000000,69076.24000000,0.00114000,1772477699999999,78.77940440,3,0.00100000,69.10792720,0
1772477700000000,68967.33000000,69003.64000000,68920.80000000,68964.03000000,0.02641000,1772477999999999,1820.93586210,11,0.00072000,49.68262080,0
1772478000000000,68884.61000000,68884.61000000,68788.44000000,68852.30000000,0.02793000,1772478299999999,1923.23677970,15,0.00571000,393.27259560,0
1772478300000000,68799.78000000,68799.78000000,68658.63000000,68658.63000000,0.02941000,1772478599999999,2021.52509490,10,0.00072000,49.49306640,0
1772478600000000,68701.75000000,68701.75000000,68701.75000000,68701.75000000,0.00007000,1772478899999999,4.80912250,1,0.00007000,4.80912250,0
1772478900000000,68701.75000000,68701.75000000,68701.75000000,68701.75000000,0.00000000,1772479199999999,0.00000000,0,0.00000000,0.00000000,0
1772479200000000,68844.16000000,68980.26000000,68844.16000000,68980.26000000,0.00030000,1772479499999999,20.67366300,2,0.00000000,0.00000000,0
1772479500000000,68980.26000000,68980.26000000,68980.26000000,68980.26000000,0.00000000,1772479799999999,0.00000000,0,0.00000000,0.00000000,0
1772479800000000,68910.31000000,68980.26000000,68910.31000000,68961.90000000,0.01251000,1772480099999999,862.46948640,5,0.00498000,343.17334380,0
1772480100000000,69022.96000000,69038.08000000,69022.96000000,69038.08000000,0.00385000,1772480399999999,265.77455520,3,0.00371000,256.11116720,0
1772480400000000,68874.38000000,68874.38000000,68874.38000000,68874.38000000,0.00147000,1772480699999999,101.24533860,1,0.00147000,101.24533860,0
1772480700000000,68820.16000000,68820.16000000,68820.16000000,68820.16000000,0.00013000,1772480999999999,8.94662080,1,0.00000000,0.00000000,0
1772481000000000,69027.23000000,69027.23000000,69027.23000000,69027.23000000,0.00072000,1772481299999999,49.69960560,1,0.00072000,49.69960560,0
1772481300000000,69027.23000000,69027.23000000,69027.23000000,69027.23000000,0.00000000,1772481599999999,0.00000000,0,0.00000000,0.00000000,0
1772481600000000,69251.82000000,69251.82000000,69251.82000000,69251.82000000,0.00091000,1772481899999999,63.01915620,2,0.00091000,63.01915620,0
1772481900000000,69182.89000000,69214.23000000,68895.23000000,68895.23000000,0.02736000,1772482199999999,1888.76263720,8,0.01047000,724.56434290,0
1772482200000000,68820.16000000,68820.16000000,68820.16000000,68820.16000000,0.00041000,1772482499999999,28.21626560,1,0.00000000,0.00000000,0
1772482500000000,68820.16000000,68820.16000000,68820.16000000,68820.16000000,0.00000000,1772482799999999,0.00000000,0,0.00000000,0.00000000,0
1772482800000000,68976.95000000,68976.95000000,68974.18000000,68974.18000000,0.00051000,1772483099999999,35.17741350,2,0.00051000,35.17741350,0
1772483100000000,69047.93000000,69047.93000000,69047.93000000,69047.93000000,0.00015000,1772483399999999,10.35718950,1,0.00015000,10.35718950,0
1772483400000000,69186.21000000,69186.21000000,69186.21000000,69186.21000000,0.00016000,1772483699999999,11.06979360,1,0.00016000,11.06979360,0
1772483700000000,69201.36000000,69201.36000000,69150.34000000,69150.34000000,0.00063000,1772483999999999,43.58665280,2,0.00063000,43.58665280,0
1772484000000000,69130.87000000,69242.70000000,69130.87000000,69242.70000000,0.00481000,1772484299999999,332.80856170,4,0.00318000,220.12524360,0
1772484300000000,69361.76000000,69411.22000000,69361.76000000,69411.22000000,0.01056000,1772484599999999,732.50174430,5,0.01056000,732.50174430,0
1772484600000000,69422.30000000,69422.30000000,69422.30000000,69422.30000000,0.00988000,1772484899999999,685.89232400,2,0.00000000,0.00000000,0
1772484900000000,69384.32000000,69384.32000000,69365.76000000,69365.76000000,0.00486000,1772485199999999,337.20408320,3,0.00020000,13.87315200,0
1772485200000000,69100.96000000,69150.96000000,69100.96000000,69150.96000000,0.01335000,1772485499999999,922.62161970,4,0.01326000,916.40253330,0
1772485500000000,69147.49000000,69212.62000000,69147.49000000,69212.62000000,0.00157000,1772485799999999,108.60789250,3,0.00157000,108.60789250,0
1772485800000000,69213.26000000,69213.26000000,69213.26000000,69213.26000000,0.00027000,1772486099999999,18.68758020,1,0.00027000,18.68758020,0
1772486100000000,69213.26000000,69213.26000000,69213.26000000,69213.26000000,0.00000000,1772486399999999,0.00000000,0,0.00000000,0.00000000,0
1772486400000000,69249.84000000,69361.76000000,69249.84000000,69361.76000000,0.00059000,1772486699999999,40.88527420,3,0.00059000,40.88527420,0
1772486700000000,69430.96000000,69430.96000000,69403.28000000,69403.28000000,0.00348000,1772486999999999,241.58984640,2,0.00348000,241.58984640,0
1772487000000000,69403.28000000,69403.28000000,69403.28000000,69403.28000000,0.00000000,1772487299999999,0.00000000,0,0.00000000,0.00000000,0
1772487300000000,69468.82000000,69506.79000000,69462.13000000,69462.13000000,0.00232000,1772487599999999,161.21531430,4,0.00232000,161.21531430,0
1772487600000000,69498.42000000,69498.88000000,69175.44000000,69175.44000000,0.20318000,1772487899999999,14101.93407260,24,0.00175000,121.62274560,0
1772487900000000,69175.44000000,69175.44000000,69175.44000000,69175.44000000,0.00000000,1772488199999999,0.00000000,0,0.00000000,0.00000000,0
1772488200000000,69549.74000000,69549.74000000,69549.74000000,69549.74000000,0.00168000,1772488499999999,116.84356320,1,0.00168000,116.84356320,0
1772488500000000,69497.53000000,69497.53000000,69478.29000000,69478.29000000,0.00097000,1772488799999999,67.39663490,3,0.00000000,0.00000000,0
1772488800000000,69478.29000000,69478.29000000,69478.29000000,69478.29000000,0.00000000,1772489099999999,0.00000000,0,0.00000000,0.00000000,0
1772489100000000,69478.29000000,69478.29000000,69478.29000000,69478.29000000,0.00000000,1772489399999999,0.00000000,0,0.00000000,0.00000000,0
1772489400000000,69382.58000000,69382.58000000,69371.00000000,69371.00000000,0.00121000,1772489699999999,83.94412100,2,0.00121000,83.94412100,0
1772489700000000,69371.00000000,69371.00000000,69371.00000000,69371.00000000,0.00000000,1772489999999999,0.00000000,0,0.00000000,0.00000000,0
1772490000000000,69323.01000000,69344.21000000,69307.51000000,69344.21000000,0.00095000,1772490299999999,65.86173350,3,0.00069000,47.84178090,0
1772490300000000,69335.69000000,69335.69000000,69335.69000000,69335.69000000,0.00014000,1772490599999999,9.70699660,1,0.00000000,0.00000000,0
1772490600000000,69402.08000000,69402.08000000,69402.08000000,69402.08000000,0.00014000,1772490899999999,9.71629120,1,0.00000000,0.00000000,0
1772490900000000,69402.08000000,69402.08000000,69402.08000000,69402.08000000,0.00000000,1772491199999999,0.00000000,0,0.00000000,0.00000000,0
1772491200000000,69400.00000000,69400.00000000,69400.00000000,69400.00000000,0.00015000,1772491499999999,10.41000000,1,0.00000000,0.00000000,0
1772491500000000,69418.58000000,69418.58000000,69418.58000000,69418.58000000,0.00014000,1772491799999999,9.71860120,1,0.00000000,0.00000000,0
1772491800000000,69360.84000000,69360.84000000,69326.45000000,69326.45000000,0.00028000,1772492099999999,19.41622060,2,0.00000000,0.00000000,0
1772492100000000,69429.08000000,69429.08000000,69429.08000000,69429.08000000,0.00072000,1772492399999999,49.98893760,1,0.00072000,49.98893760,0
1772492400000000,69324.95000000,69324.95000000,69324.95000000,69324.95000000,0.00014000,1772492699999999,9.70549300,1,0.00000000,0.00000000,0
1772492700000000,69406.28000000,69406.28000000,69372.64000000,69372.64000000,0.00860000,1772492999999999,596.85532200,2,0.00745000,517.07678600,0
1772493000000000,69300.73000000,69300.73000000,69300.63000000,69300.63000000,0.00158000,1772493299999999,109.49511540,2,0.00000000,0.00000000,0
1772493300000000,69300.63000000,69300.63000000,69300.63000000,69300.63000000,0.00000000,1772493599999999,0.00000000,0,0.00000000,0.00000000,0
1772493600000000,69217.90000000,69217.90000000,69100.96000000,69100.96000000,0.00880000,1772493899999999,608.55554610,8,0.00000000,0.00000000,0
1772493900000000,69135.15000000,69135.15000000,69135.00000000,69135.00000000,0.00231000,1772494199999999,159.70213500,2,0.00000000,0.00000000,0
1772494200000000,69000.00000000,69000.00000000,68877.67000000,68877.67000000,0.00030000,1772494499999999,20.68165050,2,0.00000000,0.00000000,0
1772494500000000,68877.34000000,68895.61000000,68877.34000000,68895.61000000,0.04226000,1772494799999999,2911.01484590,5,0.04226000,2911.01484590,0
1772494800000000,68895.61000000,68895.61000000,68895.61000000,68895.61000000,0.00000000,1772495099999999,0.00000000,0,0.00000000,0.00000000,0
1772495100000000,68820.16000000,68906.85000000,68820.16000000,68906.85000000,0.00145000,1772495399999999,99.85251570,2,0.00073000,50.30200050,0
1772495400000000,68947.36000000,68947.36000000,68947.36000000,68947.36000000,0.00290000,1772495699999999,199.94734400,1,0.00290000,199.94734400,0
1772495700000000,68947.36000000,68947.36000000,68947.36000000,68947.36000000,0.00000000,1772495999999999,0.00000000,0,0.00000000,0.00000000,0
1772496000000000,68831.82000000,68990.57000000,68831.82000000,68990.57000000,0.00241000,1772496299999999,166.07092770,3,0.00145000,99.99238050,0
1772496300000000,69005.22000000,69005.22000000,69005.22000000,69005.22000000,0.00014000,1772496599999999,9.66073080,1,0.00014000,9.66073080,0
1772496600000000,68930.37000000,68930.37000000,68820.16000000,68820.16000000,0.00174000,1772496899999999,119.77703380,4,0.00020000,13.77855800,0
1772496900000000,68867.67000000,68867.67000000,68837.43000000,68837.80000000,0.00624000,1772497199999999,429.55167410,3,0.00604000,415.77814010,0
1772497200000000,68837.80000000,68837.80000000,68837.80000000,68837.80000000,0.00000000,1772497499999999,0.00000000,0,0.00000000,0.00000000,0
1772497500000000,68759.07000000,68759.07000000,68759.07000000,68759.07000000,0.00072000,1772497799999999,49.50653040,1,0.00072000,49.50653040,0
1772497800000000,69035.99000000,69035.99000000,69035.99000000,69035.99000000,0.00857000,1772498099999999,591.63843430,2,0.00000000,0.00000000,0
1772498100000000,69027.20000000,69027.20000000,69027.20000000,69027.20000000,0.00504000,1772498399999999,347.89708800,1,0.00504000,347.89708800,0
1772498400000000,69027.20000000,69027.20000000,69027.20000000,69027.20000000,0.00000000,1772498699999999,0.00000000,0,0.00000000,0.00000000,0
1772498700000000,69027.20000000,69027.20000000,69027.20000000,69027.20000000,0.00000000,1772498999999999,0.00000000,0,0.00000000,0.00000000,0
1772499000000000,68977.87000000,68977.87000000,68977.87000000,68977.87000000,0.00008000,1772499299999999,5.51822960,1,0.00008000,5.51822960,0
1772499300000000,68977.87000000,68977.87000000,68977.87000000,68977.87000000,0.00000000,1772499599999999,0.00000000,0,0.00000000,0.00000000,0
1772499600000000,69068.36000000,69068.36000000,68999.10000000,68999.10000000,0.00028000,1772499899999999,19.32944440,2,0.00014000,9.66957040,0
1772499900000000,69196.29000000,69213.90000000,69116.98000000,69116.98000000,0.00729000,1772500199999999,504.27820480,4,0.00729000,504.27820480,0
1772500200000000,69116.98000000,69116.98000000,69116.98000000,69116.98000000,0.00000000,1772500499999999,0.00000000,0,0.00000000,0.00000000,0
1772500500000000,69079.15000000,69079.15000000,69015.56000000,69015.56000000,0.02591000,1772500799999999,1788.70705750,6,0.00627000,433.12627050,0
1772500800000000,68971.99000000,69092.28000000,68971.99000000,69092.28000000,0.02093000,1772501099999999,1444.05114040,7,0.02093000,1444.05114040,0
1772501100000000,69092.28000000,69092.28000000,69092.28000000,69092.28000000,0.00000000,1772501399999999,0.00000000,0,0.00000000,0.00000000,0
1772501400000000,69092.28000000,69092.28000000,69092.28000000,69092.28000000,0.00000000,1772501699999999,0.00000000,0,0.00000000,0.00000000,0
1772501700000000,68953.47000000,68972.28000000,68953.47000000,68972.28000000,0.00591000,1772501999999999,407.53137240,2,0.00591000,407.53137240,0
1772502000000000,68983.14000000,68983.14000000,68966.74000000,68966.74000000,0.01185000,1772502299999999,817.25816500,4,0.00000000,0.00000000,0
1772502300000000,68966.74000000,68966.74000000,68966.74000000,68966.74000000,0.00000000,1772502599999999,0.00000000,0,0.00000000,0.00000000,0
1772502600000000,68957.86000000,68957.86000000,68886.82000000,68886.82000000,0.00024000,1772502899999999,16.54349280,2,0.00000000,0.00000000,0
1772502900000000,68886.82000000,68886.82000000,68784.75000000,68784.75000000,0.00250000,1772503199999999,172.03080760,10,0.00000000,0.00000000,0
1772503200000000,68759.37000000,68759.37000000,68393.86000000,68534.73000000,0.10535000,1772503499999999,7224.56395950,68,0.00497000,341.00321310,0
1772503500000000,68580.86000000,68679.12000000,68550.58000000,68657.65000000,0.00165000,1772503799999999,113.21889900,11,0.00000000,0.00000000,0
1772503800000000,68696.47000000,68696.47000000,68645.96000000,68645.96000000,0.00075000,1772504099999999,51.50310450,5,0.00000000,0.00000000,0
1772504100000000,68585.52000000,68609.09000000,68500.30000000,68500.30000000,0.00135000,1772504399999999,92.55231600,10,0.00000000,0.00000000,0
1772504400000000,68522.69000000,68522.69000000,68223.84000000,68325.20000000,0.01360000,1772504699999999,928.77386950,28,0.00000000,0.00000000,0
1772504700000000,68427.50000000,68466.72000000,68375.71000000,68460.63000000,0.00150000,1772504999999999,102.64418700,10,0.00000000,0.00000000,0
1772505000000000,68466.91000000,68536.62000000,68434.60000000,68472.05000000,0.00090000,1772505299999999,61.62937050,6,0.00000000,0.00000000,0
1772505300000000,68492.14000000,68492.14000000,68412.31000000,68424.19000000,0.00120000,1772505599999999,82.13883150,8,0.00000000,0.00000000,0
1772505600000000,68447.69000000,68451.05000000,68447.69000000,68451.05000000,0.00030000,1772505899999999,20.53481100,2,0.00000000,0.00000000,0
1772505900000000,68599.06000000,68599.06000000,68585.21000000,68598.30000000,0.00045000,1772506199999999,30.86738550,3,0.00000000,0.00000000,0
1772506200000000,68579.04000000,68579.04000000,68499.75000000,68499.75000000,0.00120000,1772506499999999,82.24599000,8,0.00000000,0.00000000,0
1772506500000000,68518.29000000,68553.20000000,68518.29000000,68549.42000000,0.00541000,1772506799999999,370.69588740,4,0.00496000,339.85071840,0
1772506800000000,68524.47000000,68524.47000000,68446.10000000,68446.10000000,0.00075000,1772507099999999,51.36441900,5,0.00000000,0.00000000,0
1772507100000000,68404.89000000,68404.89000000,68352.61000000,68378.20000000,0.00556000,1772507399999999,380.05732970,6,0.00481000,328.77610220,0
1772507400000000,68363.55000000,68464.07000000,68361.44000000,68464.07000000,0.00727000,1772507699999999,497.04408380,4,0.00498000,340.48683300,0
1772507700000000,68464.07000000,68480.12000000,68266.93000000,68312.64000000,0.00758000,1772507999999999,517.72998310,20,0.00000000,0.00000000,0
1772508000000000,68340.52000000,68340.52000000,68263.93000000,68263.93000000,0.00164000,1772508299999999,111.99778640,10,0.00059000,40.29196940,0
1772508300000000,68345.41000000,68446.76000000,68345.41000000,68446.76000000,0.00561000,1772508599999999,383.78217660,5,0.00516000,353.00925960,0
1772508600000000,68427.04000000,68476.26000000,68374.59000000,68476.26000000,0.00075000,1772508899999999,51.32040450,5,0.00000000,0.00000000,0
1772508900000000,68522.40000000,68522.40000000,68482.28000000,68492.22000000,0.00075000,1772509199999999,51.37551450,5,0.00000000,0.00000000,0
1772509200000000,68466.55000000,68466.55000000,68394.94000000,68394.94000000,0.00427000,1772509499999999,292.11910280,5,0.00367000,251.06044280,0
1772509500000000,68412.43000000,68440.45000000,68357.67000000,68357.67000000,0.00164000,1772509799999999,112.20198650,7,0.00074000,50.64593300,0
1772509800000000,68335.21000000,68389.00000000,68335.21000000,68344.44000000,0.00090000,1772510099999999,61.52453850,6,0.00000000,0.00000000,0
1772510100000000,68350.80000000,68350.80000000,68350.80000000,68350.80000000,0.00392000,1772510399999999,267.93513600,1,0.00392000,267.93513600,0
1772510400000000,68387.57000000,68442.71000000,68369.36000000,68385.24000000,0.01649000,1772510699999999,1127.92730060,20,0.00482000,329.70453260,0
1772510700000000,68423.50000000,68446.13000000,68338.59000000,68355.27000000,0.16296000,1772510999999999,11147.81708260,45,0.00499000,341.35891400,0
1772511000000000,68371.94000000,68440.77000000,68350.37000000,68384.22000000,0.00075000,1772511299999999,51.29466150,5,0.00000000,0.00000000,0
1772511300000000,68369.96000000,68369.96000000,68312.17000000,68324.64000000,0.00075000,1772511599999999,51.25279650,5,0.00000000,0.00000000,0
1772511600000000,68385.00000000,68388.43000000,68349.91000000,68349.91000000,0.00075000,1772511899999999,51.28091700,5,0.00000000,0.00000000,0
1772511900000000,68331.75000000,68331.75000000,68307.75000000,68307.75000000,0.00045000,1772512199999999,30.74281350,3,0.00000000,0.00000000,0
1772512200000000,68358.89000000,68371.87000000,68358.89000000,68359.02000000,0.00045000,1772512499999999,30.76346700,3,0.00000000,0.00000000,0
1772512500000000,68373.01000000,68373.01000000,68261.12000000,68261.12000000,0.00105000,1772512799999999,71.72927700,7,0.00000000,0.00000000,0
1772512800000000,68265.99000000,68265.99000000,68173.60000000,68206.79000000,0.00105000,1772513099999999,71.62855050,7,0.00000000,0.00000000,0
1772513100000000,68199.69000000,68199.69000000,68101.89000000,68101.89000000,0.00383000,1772513399999999,261.15539520,7,0.00293000,199.82509170,0
1772513400000000,68081.87000000,68161.34000000,68081.87000000,68161.34000000,0.00073000,1772513699999999,49.74074930,3,0.00043000,29.30426780,0
1772513700000000,68122.90000000,68122.90000000,68112.55000000,68120.49000000,0.00071000,1772513999999999,48.36513800,4,0.00026000,17.71195400,0
1772514000000000,68189.75000000,68189.75000000,68087.94000000,68170.59000000,0.00120000,1772514299999999,81.77590050,8,0.00000000,0.00000000,0
1772514300000000,68149.32000000,68322.92000000,68056.15000000,68322.92000000,0.00899000,1772514599999999,613.31767980,11,0.00770000,525.39945300,0
1772514600000000,68285.24000000,68324.42000000,68285.24000000,68324.42000000,0.00024000,1772514899999999,16.39198380,2,0.00009000,6.14919780,0
1772514900000000,68454.21000000,68565.91000000,68439.86000000,68525.65000000,0.00729000,1772515199999999,499.38647840,10,0.00609000,417.18708890,0
1772515200000000,68509.26000000,68509.26000000,68334.76000000,68334.76000000,0.00120000,1772515499999999,82.11449100,8,0.00000000,0.00000000,0
1772515500000000,68428.65000000,68428.65000000,68428.65000000,68428.65000000,0.00015000,1772515799999999,10.26429750,1,0.00000000,0.00000000,0
1772515800000000,68399.78000000,68399.78000000,68067.31000000,68235.66000000,0.01709000,1772516099999999,1167.31043200,23,0.01075000,734.67447800,0
1772516100000000,68222.50000000,68222.50000000,68105.83000000,68105.83000000,0.00229000,1772516399999999,156.14214850,8,0.00124000,84.56818600,0
1772516400000000,68128.84000000,68139.91000000,68091.07000000,68092.34000000,0.00075000,1772516699999999,51.08443500,5,0.00000000,0.00000000,0
1772516700000000,68073.58000000,68111.32000000,67888.10000000,67888.10000000,0.00446000,1772516999999999,303.27342940,21,0.00073000,49.64686930,0
1772517000000000,67868.73000000,67957.83000000,67860.60000000,67957.83000000,0.00425000,1772517299999999,288.56151990,7,0.00350000,237.63588240,0
1772517300000000,67974.40000000,67974.40000000,67880.44000000,67880.44000000,0.00075000,1772517599999999,50.94231750,5,0.00000000,0.00000000,0
1772517600000000,67948.21000000,67999.43000000,67932.28000000,67932.28000000,0.00060000,1772517899999999,40.77602700,4,0.00000000,0.00000000,0
1772517900000000,67897.19000000,67946.19000000,67890.95000000,67890.95000000,0.00107000,1772518199999999,72.66433820,6,0.00032000,21.72979520,0
1772518200000000,67933.07000000,67933.07000000,67878.43000000,67878.43000000,0.00045000,1772518499999999,30.55759500,3,0.00000000,0.00000000,0
1772518500000000,67942.17000000,67977.41000000,67912.97000000,67945.33000000,0.01317000,1772518799999999,894.68930640,8,0.01242000,843.73780890,0
1772518800000000,67958.78000000,67978.27000000,67940.37000000,67950.31000000,0.00558000,1772519099999999,379.20934140,5,0.00498000,338.43472440,0
1772519100000000,67912.75000000,67945.91000000,67912.75000000,67912.75000000,0.00275000,1772519399999999,186.76979000,6,0.00068000,46.18067000,0
1772519400000000,67890.77000000,67922.46000000,67880.65000000,67912.42000000,0.03428000,1772519699999999,2327.00922860,13,0.00489000,331.98082860,0
1772519700000000,67902.37000000,67949.40000000,67874.12000000,67943.10000000,0.01584000,1772519999999999,1075.91992680,10,0.01479000,1004.61502680,0
1772520000000000,67956.09000000,67959.17000000,67956.09000000,67959.17000000,0.00030000,1772520299999999,20.38728900,2,0.00000000,0.00000000,0
1772520300000000,67978.54000000,67978.54000000,67831.79000000,67831.79000000,0.00090000,1772520599999999,61.12570800,6,0.00000000,0.00000000,0
1772520600000000,67952.31000000,68009.69000000,67926.05000000,68009.69000000,0.01353000,1772520899999999,919.38243470,7,0.01308000,888.80831120,0
1772520900000000,68154.13000000,68227.18000000,68075.24000000,68114.42000000,0.05043000,1772521199999999,3437.95740110,21,0.04908000,3345.95812010,0
1772521200000000,68084.55000000,68084.55000000,67986.32000000,68069.94000000,0.01541000,1772521499999999,1048.40154480,7,0.01481000,1007.58066330,0
1772521500000000,68119.15000000,68119.15000000,68029.46000000,68029.46000000,0.00605000,1772521799999999,411.70885290,8,0.00515000,350.44852890,0
1772521800000000,68069.27000000,68107.57000000,68069.27000000,68107.57000000,0.00513000,1772522099999999,349.38608910,2,0.00498000,339.17569860,0
1772522100000000,68244.37000000,68244.37000000,68097.32000000,68200.70000000,0.01094000,1772522399999999,745.89789060,11,0.00998000,680.46100360,0
1772522400000000,68200.44000000,68218.37000000,68143.68000000,68218.37000000,0.00124000,1772522699999999,84.53874860,12,0.00000000,0.00000000,0
1772522700000000,68216.28000000,68216.28000000,68165.82000000,68212.94000000,0.01725000,1772522999999999,1176.39708510,17,0.01589000,1083.64623410,0
1772523000000000,68212.93000000,68212.93000000,68118.32000000,68118.32000000,0.00137000,1772523299999999,93.39936490,15,0.00000000,0.00000000,0
1772523300000000,68123.87000000,68123.89000000,68064.54000000,68106.86000000,0.00658000,1772523599999999,448.22896830,14,0.00557000,379.45000710,0
1772523600000000,68194.25000000,68200.59000000,68115.65000000,68200.59000000,0.00092000,1772523899999999,62.71261800,9,0.00000000,0.00000000,0
1772523900000000,68270.27000000,68270.27000000,68156.43000000,68156.43000000,0.00241000,1772524199999999,164.42630390,10,0.00163000,111.22959680,0
1772524200000000,68113.79000000,68237.36000000,68113.79000000,68237.36000000,0.00075000,1772524499999999,51.12891990,8,0.00009000,6.14136240,0
1772524500000000,68222.86000000,68222.86000000,68167.80000000,68170.50000000,0.00132000,1772524799999999,90.01086870,12,0.00000000,0.00000000,0
1772524800000000,68170.36000000,68198.08000000,68127.64000000,68127.64000000,0.00157000,1772525099999999,107.03405470,12,0.00000000,0.00000000,0
1772525100000000,68183.25000000,68201.88000000,68091.64000000,68136.30000000,0.02121000,1772525399999999,1445.97050910,23,0.01159000,790.06814810,0
1772525400000000,68187.33000000,68307.28000000,67993.05000000,67993.05000000,0.01285000,1772525699999999,876.33417220,27,0.00992000,676.51503360,0
1772525700000000,68003.44000000,68082.56000000,67976.80000000,67981.07000000,0.00176000,1772525999999999,119.70358870,17,0.00021000,14.27512800,0
1772526000000000,67981.53000000,67981.53000000,67908.20000000,67924.64000000,0.00131000,1772526299999999,88.99999540,12,0.00000000,0.00000000,0
1772526300000000,67924.60000000,67924.60000000,67709.34000000,67759.94000000,0.05031000,1772526599999999,3409.72842400,41,0.00000000,0.00000000,0
1772526600000000,67725.45000000,67725.45000000,67600.86000000,67613.49000000,0.01693000,1772526899999999,1145.64993840,29,0.01363000,922.40468820,0
1772526900000000,67608.82000000,67717.43000000,67514.07000000,67514.07000000,0.49374000,1772527199999999,33414.21980870,105,0.00000000,0.00000000,0
1772527200000000,67501.75000000,67501.75000000,67326.47000000,67326.47000000,0.36049000,1772527499999999,24294.66440950,81,0.00891000,600.30215880,0
1772527500000000,67332.19000000,67332.19000000,67124.62000000,67159.04000000,0.05577000,1772527799999999,3746.45260450,27,0.00071000,47.70403380,0
1772527800000000,67131.08000000,67170.85000000,67091.00000000,67125.93000000,0.00218000,1772528099999999,146.33808240,5,0.00158000,106.05896940,0
1772528100000000,67000.00000000,67182.15000000,67000.00000000,67002.97000000,0.03400000,1772528399999999,2281.52547450,12,0.02979000,1999.45502900,0
1772528400000000,67046.49000000,67046.49000000,67013.02000000,67020.98000000,0.00067000,1772528699999999,44.91040710,4,0.00022000,14.74833360,0
1772528700000000,66949.38000000,67156.47000000,66897.35000000,67156.47000000,0.01377000,1772528999999999,923.47668750,11,0.01257000,843.05043450,0
1772529000000000,67056.94000000,67135.28000000,67056.94000000,67071.31000000,0.00097000,1772529299999999,65.08083680,6,0.00022000,14.76597980,0
1772529300000000,67065.97000000,67123.33000000,67063.96000000,67086.19000000,0.01738000,1772529599999999,1166.04282720,12,0.01586000,1064.08147930,0
1772529600000000,67104.07000000,67104.07000000,66939.62000000,66939.62000000,0.01958000,1772529899999999,1312.24951760,11,0.01123000,752.77035980,0
1772529900000000,66974.03000000,66974.03000000,66593.15000000,66627.49000000,0.02568000,1772530199999999,1711.92128130,27,0.01749000,1165.26341780,0
1772530200000000,66626.24000000,66633.47000000,66415.40000000,66627.59000000,0.04498000,1772530499999999,2992.86483820,27,0.04076000,2711.90432620,0
1772530500000000,66633.00000000,66662.34000000,66511.65000000,66627.94000000,0.06987000,1772530799999999,4653.22974940,28,0.06792000,4523.39157940,0
1772530800000000,66632.01000000,66632.01000000,66532.34000000,66532.34000000,0.00202000,1772531099999999,134.46078710,8,0.00083000,55.23293100,0
1772531100000000,66532.51000000,66532.51000000,66420.01000000,66457.55000000,0.02506000,1772531399999999,1665.36367990,10,0.02446000,1625.47178740,0
1772531400000000,66536.93000000,66540.68000000,66536.93000000,66540.68000000,0.00765000,1772531699999999,509.00807700,2,0.00750000,499.02697500,0
1772531700000000,66589.67000000,66593.31000000,66589.67000000,66593.31000000,0.00512000,1772531999999999,340.93965640,2,0.00497000,330.95065990,0
1772532000000000,66587.47000000,66640.05000000,66508.00000000,66640.05000000,0.00090000,1772532299999999,59.91641100,6,0.00000000,0.00000000,0
1772532300000000,66618.50000000,66618.50000000,66545.23000000,66545.23000000,0.00036000,1772532599999999,23.96727330,2,0.00021000,13.97449830,0
1772532600000000,66491.94000000,66491.94000000,66491.94000000,66491.94000000,0.00015000,1772532899999999,9.97379100,1,0.00000000,0.00000000,0
1772532900000000,66568.92000000,66568.92000000,66568.92000000,66568.92000000,0.00015000,1772533199999999,9.98533800,1,0.00000000,0.00000000,0
1772533200000000,66569.09000000,66691.13000000,66568.89000000,66686.67000000,0.01063000,1772533499999999,708.28430680,8,0.01021000,680.31361990,0
1772533500000000,66597.49000000,66597.49000000,66535.61000000,66535.61000000,0.00024000,1772533799999999,15.97782840,2,0.00000000,0.00000000,0
1772533800000000,66528.78000000,66528.78000000,66460.65000000,66460.65000000,0.00045000,1772534099999999,29.92356750,3,0.00000000,0.00000000,0
1772534100000000,66535.29000000,66551.71000000,66507.52000000,66507.52000000,0.00037000,1772534399999999,24.61504120,3,0.00007000,4.65861970,0
1772534400000000,66507.52000000,66507.52000000,66507.52000000,66507.52000000,0.00000000,1772534699999999,0.00000000,0,0.00000000,0.00000000,0
1772534700000000,66766.29000000,66982.71000000,66766.29000000,66982.71000000,0.02878000,1772534999999999,1925.91797630,12,0.02862000,1915.22133660,0
1772535000000000,66820.06000000,66828.48000000,66783.52000000,66783.52000000,0.00267000,1772535299999999,178.42066810,4,0.00267000,178.42066810,0
1772535300000000,66748.96000000,66882.15000000,66748.96000000,66882.15000000,0.00539000,1772535599999999,359.86346790,2,0.00539000,359.86346790,0
1772535600000000,66882.15000000,66882.15000000,66882.15000000,66882.15000000,0.00000000,1772535899999999,0.00000000,0,0.00000000,0.00000000,0
1772535900000000,66882.15000000,66935.94000000,66882.15000000,66935.94000000,0.00823000,1772536199999999,550.52131740,3,0.00151000,101.07326940,0
1772536200000000,67011.74000000,67049.54000000,67011.74000000,67049.54000000,0.00016000,1772536499999999,10.72528040,2,0.00016000,10.72528040,0
1772536500000000,66940.62000000,66958.24000000,66940.62000000,66958.24000000,0.00210000,1772536799999999,140.59908900,2,0.00210000,140.59908900,0
1772536800000000,66958.24000000,66958.24000000,66958.24000000,66958.24000000,0.00013000,1772537099999999,8.70457120,1,0.00013000,8.70457120,0
1772537100000000,66878.17000000,66878.17000000,66878.17000000,66878.17000000,0.00194000,1772537399999999,129.74364980,1,0.00194000,129.74364980,0
1772537400000000,66878.17000000,66878.17000000,66878.17000000,66878.17000000,0.00000000,1772537699999999,0.00000000,0,0.00000000,0.00000000,0
1772537700000000,67049.54000000,67049.54000000,67049.54000000,67049.54000000,0.00009000,1772537999999999,6.03445860,1,0.00009000,6.03445860,0
1772538000000000,67052.99000000,67072.29000000,67044.85000000,67044.85000000,0.00540000,1772538299999999,362.16369140,3,0.00540000,362.16369140,0
1772538300000000,67148.82000000,67148.82000000,67148.82000000,67148.82000000,0.00468000,1772538599999999,314.25647760,1,0.00468000,314.25647760,0
1772538600000000,67148.82000000,67148.82000000,67148.82000000,67148.82000000,0.00000000,1772538899999999,0.00000000,0,0.00000000,0.00000000,0
1772538900000000,67116.95000000,67116.95000000,67116.95000000,67116.95000000,0.00027000,1772539199999999,18.12157650,1,0.00027000,18.12157650,0
1772539200000000,67103.69000000,67183.30000000,67103.68000000,67183.30000000,0.01758000,1772539499999999,1179.78133100,4,0.00148000,99.41196260,0
1772539500000000,67292.07000000,67494.37000000,67276.42000000,67494.37000000,0.00518000,1772539799999999,348.95197280,7,0.00518000,348.95197280,0
1772539800000000,67512.98000000,67884.29000000,67512.98000000,67743.25000000,0.00740000,1772540099999999,500.69807480,10,0.00740000,500.69807480,0
1772540100000000,67631.79000000,67663.22000000,67544.61000000,67569.83000000,0.00539000,1772540399999999,364.41597410,8,0.00539000,364.41597410,0
1772540400000000,67491.74000000,67541.57000000,67473.60000000,67477.70000000,0.00439000,1772540699999999,296.31105380,6,0.00296000,199.82380580,0
1772540700000000,67578.97000000,67612.22000000,67549.50000000,67554.78000000,0.01701000,1772540999999999,1149.34550430,8,0.01701000,1149.34550430,0
1772541000000000,67496.73000000,67496.73000000,67431.03000000,67480.12000000,0.00523000,1772541299999999,352.87875880,5,0.00523000,352.87875880,0
1772541300000000,67352.67000000,67393.43000000,67352.67000000,67393.43000000,0.01103000,1772541599999999,742.91538340,3,0.01103000,742.91538340,0
1772541600000000,67400.20000000,67400.20000000,67318.52000000,67359.78000000,0.01106000,1772541899999999,744.56281120,4,0.00000000,0.00000000,0
1772541900000000,67382.37000000,67382.37000000,67350.71000000,67350.71000000,0.00030000,1772542199999999,20.20996200,2,0.00000000,0.00000000,0
1772542200000000,67316.33000000,67359.78000000,67297.30000000,67359.78000000,0.00149000,1772542499999999,100.33121670,6,0.00071000,47.82544380,0
1772542500000000,67424.83000000,67424.83000000,67385.54000000,67385.54000000,0.00030000,1772542799999999,20.22155550,2,0.00000000,0.00000000,0
1772542800000000,67350.07000000,67350.07000000,67153.17000000,67153.19000000,0.03748000,1772543099999999,2517.14928380,21,0.00029000,19.50428690,0
1772543100000000,67150.00000000,67244.88000000,67102.94000000,67244.88000000,0.01035000,1772543399999999,695.07109020,18,0.00159000,106.87279130,0
1772543400000000,67244.36000000,67244.89000000,67000.00000000,67000.00000000,0.01566000,1772543699999999,1049.34042640,9,0.00059000,39.63828240,0
1772543700000000,67019.97000000,67210.88000000,67019.97000000,67118.79000000,0.08617000,1772543999999999,5781.88880310,28,0.01678000,1126.31864710,0
1772544000000000,67116.96000000,67178.01000000,67111.07000000,67111.10000000,0.00293000,1772544299999999,196.70414800,12,0.00219000,147.03759760,0
1772544300000000,67076.41000000,67149.67000000,67075.77000000,67132.42000000,0.00122000,1772544599999999,81.87213070,10,0.00122000,81.87213070,0
1772544600000000,67113.38000000,67113.38000000,66872.06000000,67038.01000000,0.00475000,1772544899999999,318.41259290,7,0.00372000,249.39797860,0
1772544900000000,67019.10000000,67020.07000000,66998.88000000,66998.88000000,0.00514000,1772545199999999,344.47612070,3,0.00499000,334.42628870,0
1772545200000000,66999.44000000,66999.44000000,66910.95000000,66910.95000000,0.00203000,1772545499999999,135.96196350,3,0.00128000,85.71238350,0
1772545500000000,66665.61000000,66801.95000000,66665.61000000,66801.95000000,0.00030000,1772545799999999,20.02013400,2,0.00000000,0.00000000,0
1772545800000000,66868.38000000,66904.84000000,66868.38000000,66904.84000000,0.00517000,1772546099999999,345.71499360,2,0.00502000,335.67926760,0
1772546100000000,66802.02000000,66802.38000000,66802.02000000,66802.38000000,0.00953000,1772546399999999,636.62503980,2,0.00953000,636.62503980,0
1772546400000000,66879.98000000,67166.78000000,66879.98000000,67166.78000000,0.03045000,1772546699999999,2043.12883790,13,0.02997000,2010.94121150,0
1772546700000000,67151.17000000,67221.31000000,67123.18000000,67221.31000000,0.00124000,1772546999999999,83.28301580,9,0.00000000,0.00000000,0
1772547000000000,67131.70000000,67184.12000000,67096.44000000,67141.74000000,0.00330000,1772547299999999,221.60690250,13,0.00231000,155.15371690,0
1772547300000000,67141.45000000,67157.53000000,67019.23000000,67117.10000000,0.00678000,1772547599999999,455.07317980,12,0.00562000,377.23858880,0
1772547600000000,67156.51000000,67311.84000000,67078.26000000,67242.03000000,0.00790000,1772547899999999,530.81494200,22,0.00579000,388.94632830,0
1772547900000000,67162.80000000,67195.75000000,67080.73000000,67083.92000000,0.00702000,1772548199999999,471.55137340,12,0.00587000,394.34073120,0
1772548200000000,67153.38000000,67489.70000000,66830.88000000,66846.64000000,0.02373000,1772548499999999,1591.79788790,24,0.02139000,1434.77179440,0
1772548500000000,66780.09000000,67200.92000000,66780.09000000,66985.11000000,0.02398000,1772548799999999,1608.19582430,39,0.01182000,792.56275970,0
1772548800000000,67034.47000000,67034.47000000,66434.76000000,66434.76000000,0.01008000,1772549099999999,671.18248680,34,0.00641000,426.58307060,0
1772549100000000,66427.41000000,66610.21000000,66290.10000000,66290.10000000,0.04917000,1772549399999999,3264.72081360,42,0.00531000,352.63737060,0
1772549400000000,66339.42000000,66794.32000000,66308.78000000,66766.72000000,0.00707000,1772549699999999,470.55504700,43,0.00233000,154.92815750,0
1772549700000000,66704.41000000,66787.33000000,66530.24000000,66570.38000000,0.00306000,1772549999999999,204.01760610,24,0.00117000,78.01535950,0
1772550000000000,66572.43000000,66749.85000000,66486.50000000,66486.50000000,0.00344000,1772550299999999,229.23790010,22,0.00202000,134.65751430,0
1772550300000000,66655.21000000,66837.35000000,66620.20000000,66783.83000000,0.01755000,1772550599999999,1170.48387840,27,0.01648000,1099.11810050,0
1772550600000000,66677.52000000,66834.12000000,66617.75000000,66764.22000000,0.00690000,1772550899999999,460.51485230,24,0.00153000,102.12379870,0
1772550900000000,66981.23000000,66981.23000000,66566.75000000,66605.25000000,0.00199000,1772551199999999,132.93335250,19,0.00094000,62.81323130,0
1772551200000000,66535.32000000,66749.77000000,66491.69000000,66700.90000000,0.00282000,1772551499999999,187.92810240,15,0.00081000,53.94917290,0
1772551500000000,66813.35000000,66845.88000000,66728.56000000,66839.58000000,0.00127000,1772551799999999,84.84106920,12,0.00073000,48.78137910,0
1772551800000000,66895.98000000,67325.40000000,66895.98000000,67274.33000000,0.00873000,1772552099999999,586.89264750,11,0.00873000,586.89264750,0
1772552100000000,67278.57000000,67538.41000000,67278.57000000,67502.56000000,0.00622000,1772552399999999,419.70522200,12,0.00600000,404.90059480,0
1772552400000000,67585.06000000,67800.50000000,67451.90000000,67516.51000000,0.07186000,1772552699999999,4866.89262570,34,0.06864000,4649.14752690,0
1772552700000000,67551.19000000,67787.87000000,67546.72000000,67701.20000000,0.03102000,1772552999999999,2099.11147260,25,0.02757000,1865.67316320,0
1772553000000000,67691.70000000,67706.55000000,67508.18000000,67581.73000000,0.00311000,1772553299999999,210.38257060,15,0.00147000,99.46676940,0
1772553300000000,67531.49000000,67724.93000000,67521.20000000,67724.93000000,0.00119000,1772553599999999,80.44608160,10,0.00009000,6.09302520,0
1772553600000000,67724.93000000,67876.92000000,67722.01000000,67876.92000000,0.00410000,1772553899999999,277.69673880,5,0.00115000,77.90819530,0
1772553900000000,68000.00000000,68409.62000000,68000.00000000,68409.62000000,0.02334000,1772554199999999,1590.36099960,12,0.01816000,1237.73250410,0
1772554200000000,68574.07000000,68588.12000000,68396.97000000,68409.62000000,0.02032000,1772554499999999,1391.33723760,11,0.02032000,1391.33723760,0
1772554500000000,68588.12000000,68588.12000000,68489.16000000,68489.16000000,0.00036000,1772554799999999,24.66500400,2,0.00036000,24.66500400,0
1772554800000000,68386.08000000,68588.12000000,68367.48000000,68588.12000000,0.06427000,1772555099999999,4398.63309160,7,0.06427000,4398.63309160,0
1772555100000000,68946.51000000,68946.51000000,68946.51000000,68946.51000000,0.00012000,1772555399999999,8.27358120,1,0.00012000,8.27358120,0
1772555400000000,68767.08000000,68767.08000000,68367.48000000,68367.48000000,0.00541000,1772555699999999,370.00593320,7,0.00000000,0.00000000,0
1772555700000000,68420.85000000,68420.85000000,67822.34000000,67839.21000000,0.01868000,1772555999999999,1268.79441290,25,0.01159000,787.46091460,0
1772556000000000,67790.88000000,67908.52000000,67523.48000000,67716.16000000,0.04814000,1772556299999999,3264.61010700,40,0.04176000,2832.78077690,0
1772556300000000,67749.48000000,68206.63000000,67742.40000000,68004.59000000,0.01480000,1772556599999999,1007.79518420,28,0.01193000,812.56979250,0
1772556600000000,68076.15000000,68281.86000000,67999.57000000,68240.02000000,0.02050000,1772556899999999,1398.34467410,32,0.01705000,1163.36071010,0
1772556900000000,68286.48000000,68454.51000000,68167.60000000,68167.60000000,0.02707000,1772557199999999,1848.71399430,34,0.00585000,400.22079840,0
1772557200000000,68163.99000000,68201.15000000,67885.00000000,67885.00000000,0.00410000,1772557499999999,278.86261980,11,0.00284000,193.12198160,0
1772557500000000,68012.93000000,68116.97000000,67937.81000000,67937.81000000,0.01365000,1772557799999999,928.84422910,17,0.01150000,782.67239720,0
1772557800000000,67904.21000000,67904.29000000,67639.01000000,67885.54000000,0.01525000,1772558099999999,1033.05269580,16,0.00864000,585.39798600,0
1772558100000000,67988.43000000,68084.39000000,67881.63000000,68084.39000000,0.00256000,1772558399999999,174.04640980,17,0.00082000,55.78874100,0
1772558400000000,68089.57000000,68258.83000000,67899.69000000,68195.32000000,0.01608000,1772558699999999,1094.36604960,18,0.01457000,991.51931560,0
1772558700000000,68191.73000000,68245.82000000,68126.11000000,68242.79000000,0.00250000,1772558999999999,170.39146200,11,0.00000000,0.00000000,0
1772559000000000,68138.03000000,68138.03000000,67919.38000000,67919.38000000,0.00055000,1772559299999999,37.41408600,4,0.00000000,0.00000000,0
1772559300000000,67838.55000000,68056.04000000,67838.55000000,68056.04000000,0.00861000,1772559599999999,585.50287050,4,0.00846000,575.32708800,0
1772559600000000,68058.20000000,68075.34000000,68058.20000000,68075.34000000,0.01300000,1772559899999999,884.87503460,6,0.01300000,884.87503460,0
1772559900000000,68121.30000000,68335.99000000,68121.30000000,68335.99000000,0.00077000,1772560199999999,52.51255060,4,0.00046000,31.36274410,0
1772560200000000,68293.41000000,68293.41000000,68229.84000000,68229.84000000,0.00030000,1772560499999999,20.47848750,2,0.00000000,0.00000000,0
1772560500000000,68229.30000000,68304.91000000,68160.60000000,68282.95000000,0.00075000,1772560799999999,51.17545050,5,0.00000000,0.00000000,0
1772560800000000,68409.62000000,68409.62000000,68406.22000000,68406.23000000,0.00261000,1772561099999999,178.54056230,3,0.00261000,178.54056230,0
1772561100000000,68331.66000000,68389.04000000,68291.17000000,68325.59000000,0.04062000,1772561399999999,2775.88640830,14,0.03719000,2541.52963460,0
1772561400000000,68258.35000000,68325.59000000,68063.23000000,68063.23000000,0.05100000,1772561699999999,3481.65511350,15,0.01241000,846.96031690,0
1772561700000000,68126.58000000,68388.02000000,68126.58000000,68318.98000000,0.01197000,1772561999999999,817.11044950,5,0.01197000,817.11044950,0
1772562000000000,68409.61000000,68574.16000000,68409.61000000,68574.16000000,0.02439000,1772562299999999,1668.77364640,6,0.00627000,429.15176000,0
1772562300000000,68588.12000000,68588.12000000,68466.20000000,68466.20000000,0.00581000,1772562599999999,397.86397600,4,0.00080000,54.84419050,0
1772562600000000,68671.97000000,68831.11000000,68671.97000000,68800.00000000,0.02080000,1772562899999999,1429.85140810,6,0.02059000,1415.40340810,0
1772562900000000,68733.72000000,68923.21000000,68733.72000000,68923.21000000,0.01088000,1772563199999999,749.81269340,4,0.01073000,739.50263540,0
1772563200000000,68782.92000000,68840.09000000,68782.92000000,68840.09000000,0.00518000,1772563499999999,356.58309070,2,0.00000000,0.00000000,0
1772563500000000,68609.38000000,68681.58000000,68600.74000000,68600.74000000,0.00190000,1772563799999999,130.44666800,6,0.00116000,79.67063280,0
1772563800000000,68735.49000000,68799.88000000,68721.77000000,68721.77000000,0.00655000,1772564099999999,450.51014990,5,0.00640000,440.19982640,0
1772564100000000,68603.49000000,68675.72000000,68603.49000000,68666.01000000,0.00096000,1772564399999999,65.89581810,3,0.00000000,0.00000000,0
1772564400000000,68639.23000000,68639.23000000,68639.23000000,68639.23000000,0.00015000,1772564699999999,10.29588450,1,0.00000000,0.00000000,0
1772564700000000,68689.17000000,68689.17000000,68374.60000000,68374.60000000,0.02916000,1772564999999999,1996.35040480,12,0.00312000,213.67108560,0
1772565000000000,68459.29000000,68588.12000000,68459.29000000,68583.59000000,0.02227000,1772565299999999,1525.93489100,8,0.01137000,779.40670950,0
1772565300000000,68583.59000000,68623.83000000,68577.44000000,68623.83000000,0.01616000,1772565599999999,1108.37900010,7,0.00206000,141.35038110,0
1772565600000000,68827.52000000,68876.03000000,68827.52000000,68857.31000000,0.00615000,1772565899999999,423.32661240,3,0.00499000,343.44932480,0
1772565900000000,68806.02000000,68879.80000000,68660.36000000,68681.48000000,0.02255000,1772566199999999,1550.51904040,8,0.02075000,1426.89237640,0
1772566200000000,68663.47000000,68663.47000000,68534.33000000,68535.18000000,0.00226000,1772566499999999,154.96911310,5,0.00113000,77.44413290,0
1772566500000000,68442.18000000,68777.51000000,68414.41000000,68761.11000000,0.02735000,1772566799999999,1878.83801150,11,0.02675000,1837.75105700,0
1772566800000000,68697.65000000,68731.14000000,68630.16000000,68688.11000000,0.01611000,1772567099999999,1106.49184390,7,0.01581000,1085.90040490,0
1772567100000000,68765.78000000,68765.78000000,68702.59000000,68702.59000000,0.00093000,1772567399999999,63.92562990,5,0.00033000,22.69270740,0
1772567400000000,68605.02000000,68692.77000000,68524.08000000,68524.08000000,0.00569000,1772567699999999,390.78336090,5,0.00524000,359.91468990,0
1772567700000000,68524.08000000,68524.08000000,68524.08000000,68524.08000000,0.00000000,1772567999999999,0.00000000,0,0.00000000,0.00000000,0
1772568000000000,68415.47000000,68415.47000000,68415.47000000,68415.47000000,0.00015000,1772568299999999,10.26232050,1,0.00000000,0.00000000,0
1772568300000000,68471.75000000,68471.75000000,68327.69000000,68420.42000000,0.12002000,1772568599999999,8213.95844550,38,0.00423000,289.60737300,0
1772568600000000,68293.57000000,68293.58000000,68293.57000000,68293.58000000,0.00020000,1772568899999999,13.65871410,2,0.00020000,13.65871410,0
1772568900000000,68250.44000000,68250.44000000,68162.56000000,68249.52000000,0.01872000,1772569199999999,1277.51301710,11,0.00000000,0.00000000,0
1772569200000000,68342.17000000,68358.02000000,68340.52000000,68355.87000000,0.06623000,1772569499999999,4526.43630700,9,0.01253000,856.42837610,0
1772569500000000,68355.80000000,68446.91000000,68355.80000000,68446.91000000,0.08806000,1772569799999999,6020.71407210,9,0.06295000,4302.99761000,0
1772569800000000,68425.55000000,68478.04000000,68425.55000000,68445.77000000,0.03328000,1772570099999999,2278.21880030,10,0.00143000,97.88609430,0
1772570100000000,68588.12000000,68588.12000000,68385.12000000,68385.12000000,0.04210000,1772570399999999,2880.79082410,18,0.00009000,6.17293080,0
1772570400000000,68474.35000000,68474.35000000,68474.35000000,68474.35000000,0.00022000,1772570699999999,15.06435700,1,0.00022000,15.06435700,0
1772570700000000,68439.63000000,68439.63000000,68367.10000000,68367.10000000,0.04573000,1772570999999999,3128.03853450,14,0.00000000,0.00000000,0
1772571000000000,68239.74000000,68239.74000000,68161.20000000,68172.78000000,0.00045000,1772571299999999,30.68605800,3,0.00000000,0.00000000,0
1772571300000000,68253.08000000,68253.08000000,68253.08000000,68253.08000000,0.00033000,1772571599999999,22.52351640,1,0.00033000,22.52351640,0
1772571600000000,68118.18000000,68118.18000000,68118.18000000,68118.18000000,0.00015000,1772571899999999,10.21772700,1,0.00000000,0.00000000,0
1772571900000000,68019.53000000,68049.23000000,67876.92000000,68035.33000000,0.01217000,1772572199999999,827.81711190,8,0.00991000,674.29892530,0
1772572200000000,68037.06000000,68088.71000000,68037.06000000,68088.71000000,0.00190000,1772572499999999,129.31006510,3,0.00175000,119.10450610,0
1772572500000000,68074.91000000,68074.91000000,67970.44000000,67970.47000000,0.01146000,1772572799999999,779.38629630,5,0.00073000,49.69468430,0
1772572800000000,67970.47000000,67970.47000000,67970.47000000,67970.47000000,0.00000000,1772573099999999,0.00000000,0,0.00000000,0.00000000,0
1772573100000000,67921.95000000,67921.95000000,67899.62000000,67899.62000000,0.00030000,1772573399999999,20.37323550,2,0.00000000,0.00000000,0
1772573400000000,67899.62000000,67899.62000000,67899.62000000,67899.62000000,0.00000000,1772573699999999,0.00000000,0,0.00000000,0.00000000,0
1772573700000000,67968.77000000,67968.77000000,67932.81000000,67932.81000000,0.00030000,1772573999999999,20.38523700,2,0.00000000,0.00000000,0
1772574000000000,67932.81000000,67932.81000000,67932.81000000,67932.81000000,0.00000000,1772574299999999,0.00000000,0,0.00000000,0.00000000,0
1772574300000000,68017.42000000,68017.42000000,68017.42000000,68017.42000000,0.00500000,1772574599999999,340.08710000,1,0.00500000,340.08710000,0
1772574600000000,68080.47000000,68093.23000000,68080.47000000,68093.23000000,0.00054000,1772574899999999,36.76766460,2,0.00054000,36.76766460,0
1772574900000000,68089.24000000,68089.24000000,68089.24000000,68089.24000000,0.00146000,1772575199999999,99.41029040,1,0.00146000,99.41029040,0
1772575200000000,68053.25000000,68409.62000000,68053.25000000,68409.62000000,0.00632000,1772575499999999,431.07114390,5,0.00593000,404.53037640,0
1772575500000000,68353.03000000,68353.03000000,68353.03000000,68353.03000000,0.00155000,1772575799999999,105.94719650,2,0.00155000,105.94719650,0
1772575800000000,68353.03000000,68353.03000000,68353.03000000,68353.03000000,0.00090000,1772576099999999,61.51772700,1,0.00000000,0.00000000,0
1772576100000000,68353.03000000,68353.03000000,68353.03000000,68353.03000000,0.00000000,1772576399999999,0.00000000,0,0.00000000,0.00000000,0
1772576400000000,68202.08000000,68312.39000000,68202.08000000,68282.01000000,0.00248000,1772576699999999,169.24900890,4,0.00073000,49.86683290,0
1772576700000000,68314.84000000,68314.84000000,68275.31000000,68275.31000000,0.00080000,1772576999999999,54.64870960,2,0.00080000,54.64870960,0
1772577000000000,68344.36000000,68372.51000000,68344.36000000,68372.51000000,0.01335000,1772577299999999,912.51966920,3,0.01335000,912.51966920,0
1772577300000000,68328.73000000,68360.14000000,68292.13000000,68320.98000000,0.01852000,1772577599999999,1264.96769380,5,0.00488000,333.44851160,0
1772577600000000,68357.27000000,68359.15000000,68357.27000000,68359.15000000,0.00030000,1772577899999999,20.50746300,2,0.00000000,0.00000000,0
1772577900000000,68365.12000000,68400.13000000,68270.67000000,68310.13000000,0.03648000,1772578199999999,2491.98196420,14,0.00040000,27.33395200,0
1772578200000000,68310.13000000,68310.13000000,68310.13000000,68310.13000000,0.00000000,1772578499999999,0.00000000,0,0.00000000,0.00000000,0
1772578500000000,68235.09000000,68285.76000000,68235.09000000,68285.76000000,0.01016000,1772578799999999,693.65987110,3,0.01001000,683.42460760,0
1772578800000000,68285.76000000,68409.62000000,68285.76000000,68409.62000000,0.00029000,1772579099999999,19.81277920,2,0.00008000,5.47276960,0
1772579100000000,68381.83000000,68409.62000000,68345.51000000,68362.01000000,0.04293000,1772579399999999,2936.04042610,16,0.02217000,1515.85671490,0
1772579400000000,68588.12000000,68767.26000000,68588.12000000,68719.84000000,0.02427000,1772579699999999,1667.39999870,9,0.02412000,1657.09202270,0
1772579700000000,68603.65000000,68603.65000000,68565.13000000,68565.13000000,0.00212000,1772579999999999,145.38912980,6,0.00000000,0.00000000,0
1772580000000000,68565.13000000,68565.13000000,68565.13000000,68565.13000000,0.00000000,1772580299999999,0.00000000,0,0.00000000,0.00000000,0
1772580300000000,68506.02000000,68506.02000000,68470.04000000,68470.20000000,0.00912000,1772580599999999,624.45296340,3,0.00897000,614.17706040,0
1772580600000000,68484.96000000,68484.96000000,68484.96000000,68484.96000000,0.00015000,1772580899999999,10.27274400,1,0.00000000,0.00000000,0
1772580900000000,68476.55000000,68476.55000000,68476.55000000,68476.55000000,0.00073000,1772581199999999,49.98788150,1,0.00073000,49.98788150,0
1772581200000000,68519.86000000,68519.86000000,68519.86000000,68519.86000000,0.00015000,1772581499999999,10.27797900,1,0.00000000,0.00000000,0
1772581500000000,68519.12000000,68519.12000000,68409.62000000,68437.99000000,0.00132000,1772581799999999,90.36109440,7,0.00042000,28.74419940,0
1772581800000000,68418.81000000,68418.81000000,68317.21000000,68317.21000000,0.00050000,1772582099999999,34.18868500,4,0.00000000,0.00000000,0
1772582100000000,68288.13000000,68288.13000000,68284.50000000,68284.50000000,0.00502000,1772582399999999,342.78873450,2,0.00487000,332.54551500,0
1772582400000000,68262.52000000,68267.16000000,68213.44000000,68265.48000000,0.01271000,1772582699999999,867.38905460,8,0.00495000,337.65652800,0
1772582700000000,68301.57000000,68301.57000000,68178.81000000,68178.81000000,0.00545000,1772582999999999,371.60228700,4,0.00500000,340.89405000,0
1772583000000000,68148.27000000,68148.27000000,68148.27000000,68148.27000000,0.00015000,1772583299999999,10.22224050,1,0.00000000,0.00000000,0
1772583300000000,68279.79000000,68349.86000000,68279.79000000,68349.86000000,0.00619000,1772583599999999,422.78470510,5,0.00513000,350.37864270,0
1772583600000000,68319.90000000,68319.90000000,68319.90000000,68319.90000000,0.00219000,1772583899999999,149.62058100,1,0.00219000,149.62058100,0
1772583900000000,68338.72000000,68338.72000000,68280.48000000,68310.49000000,0.01647000,1772584199999999,1124.77989440,6,0.01489000,1016.84729750,0
1772584200000000,68309.70000000,68309.70000000,68078.10000000,68078.10000000,0.00177000,1772584499999999,120.79703880,9,0.00000000,0.00000000,0
1772584500000000,68056.63000000,68072.12000000,67896.10000000,67896.10000000,0.02589000,1772584799999999,1759.37462710,16,0.00016000,10.88823360,0
1772584800000000,68004.42000000,68224.52000000,67923.60000000,67970.01000000,0.04975000,1772585099999999,3387.10291940,17,0.04900000,3336.13353740,0
1772585100000000,68120.46000000,68211.75000000,68120.46000000,68211.75000000,0.01763000,1772585399999999,1201.48058670,4,0.01763000,1201.48058670,0
1772585400000000,68245.53000000,68248.10000000,68122.07000000,68122.07000000,0.06215000,1772585699999999,4233.84507550,17,0.00000000,0.00000000,0
1772585700000000,68155.07000000,68168.39000000,68096.83000000,68168.39000000,0.00563000,1772585999999999,383.54453140,6,0.00000000,0.00000000,0
1772586000000000,68110.88000000,68247.31000000,68110.88000000,68247.31000000,0.00030000,1772586299999999,20.45372850,2,0.00000000,0.00000000,0
1772586300000000,68270.48000000,68270.48000000,68185.09000000,68243.76000000,0.01319000,1772586599999999,899.81227810,6,0.01259000,858.87723310,0
1772586600000000,68203.70000000,68234.56000000,68108.59000000,68108.59000000,0.03272000,1772586899999999,2230.01931450,16,0.00496000,338.05653760,0
1772586900000000,68209.21000000,68209.21000000,68178.33000000,68178.33000000,0.00086000,1772587199999999,58.63799580,2,0.00000000,0.00000000,0
1772587200000000,67977.60000000,67977.60000000,67977.17000000,67977.17000000,0.00028000,1772587499999999,19.03366350,2,0.00000000,0.00000000,0
1772587500000000,68151.65000000,68279.79000000,68151.65000000,68279.79000000,0.00018000,1772587799999999,12.27882960,2,0.00018000,12.27882960,0
1772587800000000,68341.47000000,68586.81000000,68341.47000000,68571.72000000,0.04893000,1772588099999999,3349.44951470,14,0.04893000,3349.44951470,0
1772588100000000,68615.98000000,68685.57000000,68615.98000000,68685.57000000,0.01144000,1772588399999999,785.35857120,4,0.01144000,785.35857120,0
1772588400000000,68686.52000000,68794.77000000,68606.69000000,68794.77000000,0.01931000,1772588699999999,1327.64952140,9,0.01901000,1307.05553990,0
1772588700000000,68709.05000000,68709.05000000,68431.14000000,68431.14000000,0.08365000,1772588999999999,5731.09783230,41,0.00000000,0.00000000,0
1772589000000000,68484.43000000,68484.43000000,68338.07000000,68425.81000000,0.04388000,1772589299999999,2999.83664610,20,0.00503000,344.14634760,0
1772589300000000,68454.99000000,68472.48000000,68377.40000000,68416.85000000,0.06932000,1772589599999999,4742.66098850,22,0.04846000,3315.67188600,0
1772589600000000,68418.69000000,68446.72000000,68296.34000000,68339.81000000,0.01659000,1772589899999999,1134.66612460,15,0.01479000,1011.63189160,0
1772589900000000,68315.55000000,68324.27000000,68197.25000000,68275.34000000,0.01788000,1772590199999999,1220.78600760,19,0.01361000,929.33638900,0
1772590200000000,68354.77000000,68394.31000000,68241.18000000,68241.18000000,0.21229000,1772590499999999,14510.57871880,61,0.00499000,341.09030230,0
1772590500000000,68222.12000000,68222.12000000,68123.34000000,68217.04000000,0.01448000,1772590799999999,986.63873140,14,0.01291000,879.60606770,0
1772590800000000,68263.66000000,68263.66000000,68196.11000000,68196.11000000,0.00090000,1772591099999999,61.40887650,6,0.00000000,0.00000000,0
1772591100000000,68101.46000000,68101.46000000,68074.69000000,68074.69000000,0.00030000,1772591399999999,20.42642250,2,0.00000000,0.00000000,0
1772591400000000,68133.22000000,68133.22000000,68056.59000000,68065.55000000,0.00547000,1772591699999999,372.29327130,5,0.00487000,331.43559330,0
1772591700000000,68047.08000000,68123.44000000,68047.08000000,68059.42000000,0.00045000,1772591999999999,30.63449100,3,0.00000000,0.00000000,0
1772592000000000,68144.79000000,68144.79000000,68106.88000000,68115.65000000,0.00060000,1772592299999999,40.87416750,4,0.00000000,0.00000000,0
1772592300000000,68279.79000000,68311.05000000,68279.79000000,68311.05000000,0.00024000,1772592599999999,16.39183860,2,0.00009000,6.14518110,0
1772592600000000,68326.23000000,68389.27000000,68326.23000000,68340.91000000,0.00120000,1772592899999999,82.02586050,8,0.00000000,0.00000000,0
1772592900000000,68362.90000000,68362.90000000,68282.82000000,68289.14000000,0.00583000,1772593199999999,398.14968110,6,0.00523000,357.16990460,0
1772593200000000,68306.85000000,68306.85000000,68239.58000000,68239.58000000,0.01027000,1772593499999999,701.33210510,4,0.00997000,680.85169610,0
1772593500000000,68162.95000000,68190.44000000,67500.00000000,68128.21000000,0.50045000,1772593799999999,34049.07669620,51,0.00000000,0.00000000,0
1772593800000000,68250.41000000,68327.34000000,68157.24000000,68289.96000000,0.08814000,1772594099999999,6020.04201930,22,0.06222000,4250.00536980,0
1772594100000000,68278.11000000,68351.51000000,68253.73000000,68304.37000000,0.02725000,1772594399999999,1860.69369670,14,0.01461000,997.65862310,0
1772594400000000,68355.08000000,68355.09000000,68188.10000000,68203.28000000,0.11767000,1772594699999999,8035.39441800,42,0.00675000,461.39685750,0
1772594700000000,68171.55000000,68171.55000000,67947.93000000,67986.14000000,0.26209000,1772594999999999,17831.28693700,63,0.00966000,657.37361240,0
1772595000000000,67977.18000000,67986.44000000,67512.31000000,67547.70000000,1.14059000,1772595299999999,77212.71430540,300,0.18933000,12806.57634270,0
1772595300000000,67529.66000000,67666.77000000,67363.96000000,67666.77000000,0.53666000,1772595599999999,36216.80363310,60,0.01492000,1006.68086500,0
1772595600000000,67655.63000000,67655.63000000,67457.12000000,67461.69000000,0.00084000,1772595899999999,56.71775100,6,0.00000000,0.00000000,0
1772595900000000,67546.95000000,67641.50000000,67480.81000000,67634.09000000,0.01303000,1772596199999999,880.73504230,8,0.01228000,830.06290180,0
1772596200000000,67649.48000000,67670.01000000,67628.63000000,67670.01000000,0.00340000,1772596499999999,230.05918350,5,0.00280000,189.47602800,0
1772596500000000,67670.01000000,67670.01000000,67670.01000000,67670.01000000,0.00000000,1772596799999999,0.00000000,0,0.00000000,0.00000000,0
1772596800000000,67768.68000000,67768.68000000,67600.89000000,67601.02000000,0.03856000,1772597099999999,2611.07291840,12,0.03781000,2560.30107590,0
1772597100000000,67768.68000000,67768.68000000,67719.65000000,67719.66000000,0.00710000,1772597399999999,480.81397780,4,0.00710000,480.81397780,0
1772597400000000,67785.56000000,67910.15000000,67785.56000000,67847.66000000,0.01723000,1772597699999999,1168.24665940,7,0.01693000,1147.87543540,0
1772597700000000,67843.11000000,67843.11000000,67604.85000000,67604.85000000,0.00976000,1772597999999999,660.16411570,10,0.00498000,336.67215300,0
1772598000000000,67607.80000000,67624.95000000,67489.28000000,67618.16000000,0.07321000,1772598299999999,4946.41070370,23,0.05493000,3712.10635250,0
1772598300000000,67669.96000000,67675.84000000,67623.69000000,67675.84000000,0.02242000,1772598599999999,1516.79604120,5,0.02242000,1516.79604120,0
1772598600000000,67562.28000000,67672.04000000,67514.55000000,67605.22000000,0.00089000,1772598899999999,60.16244980,6,0.00035000,23.66536480,0
1772598900000000,67629.05000000,67648.53000000,67553.36000000,67553.36000000,0.01102000,1772599199999999,745.36257220,5,0.01072000,725.09055220,0
1772599200000000,67558.17000000,67662.06000000,67558.17000000,67631.84000000,0.03118000,1772599499999999,2108.32547760,9,0.03118000,2108.32547760,0
1772599500000000,67635.86000000,67670.28000000,67618.24000000,67670.28000000,0.01515000,1772599799999999,1024.85314880,4,0.01500000,1014.70776980,0
1772599800000000,67704.18000000,67911.12000000,67684.50000000,67776.20000000,0.05213000,1772600099999999,3534.94279910,14,0.05183000,3514.62074210,0
1772600100000000,67815.51000000,67815.51000000,67786.35000000,67815.51000000,0.00728000,1772600399999999,493.69253880,3,0.00698000,473.35225980,0
1772600400000000,67749.16000000,67749.16000000,67749.16000000,67749.16000000,0.00088000,1772600699999999,59.61926080,1,0.00088000,59.61926080,0
1772600700000000,67869.09000000,67869.09000000,67831.62000000,67831.62000000,0.00030000,1772600999999999,20.35510650,2,0.00000000,0.00000000,0
1772601000000000,67831.62000000,67831.62000000,67831.62000000,67831.62000000,0.00000000,1772601299999999,0.00000000,0,0.00000000,0.00000000,0
1772601300000000,67907.37000000,67907.37000000,67907.37000000,67907.37000000,0.00501000,1772601599999999,340.21592370,1,0.00501000,340.21592370,0
1772601600000000,67937.70000000,67937.70000000,67818.94000000,67818.94000000,0.00522000,1772601899999999,354.58735830,4,0.00492000,334.22167080,0
1772601900000000,67838.48000000,67855.50000000,67688.09000000,67746.60000000,0.02744000,1772602199999999,1859.61240000,13,0.01073000,728.00290540,0
1772602200000000,67811.16000000,67811.16000000,67811.16000000,67811.16000000,0.00028000,1772602499999999,18.98712480,1,0.00000000,0.00000000,0
1772602500000000,67927.15000000,67927.15000000,67927.15000000,67927.15000000,0.00497000,1772602799999999,337.59793550,1,0.00497000,337.59793550,0
1772602800000000,68023.76000000,68266.69000000,68023.76000000,68266.69000000,0.02015000,1772603099999999,1372.22929420,9,0.02000000,1361.98929070,0
1772603100000000,68265.77000000,68296.28000000,68265.77000000,68296.28000000,0.00524000,1772603399999999,357.71847310,3,0.00509000,347.47403110,0
1772603400000000,68220.15000000,68309.47000000,68220.15000000,68309.47000000,0.02600000,1772603699999999,1775.05880990,6,0.02600000,1775.05880990,0
1772603700000000,68231.25000000,68231.25000000,68231.25000000,68231.25000000,0.00015000,1772603999999999,10.23468750,1,0.00000000,0.00000000,0
1772604000000000,68143.59000000,68161.86000000,68143.59000000,68161.86000000,0.00628000,1772604299999999,428.03291250,2,0.00628000,428.03291250,0
1772604300000000,68171.95000000,68171.95000000,68171.95000000,68171.95000000,0.00015000,1772604599999999,10.22579250,1,0.00000000,0.00000000,0
1772604600000000,68160.34000000,68189.27000000,68160.34000000,68189.27000000,0.00697000,1772604899999999,475.11994070,3,0.00697000,475.11994070,0
1772604900000000,68189.27000000,68189.27000000,68189.27000000,68189.27000000,0.00000000,1772605199999999,0.00000000,0,0.00000000,0.00000000,0
1772605200000000,68089.01000000,68089.01000000,68089.01000000,68089.01000000,0.00008000,1772605499999999,5.44712080,1,0.00000000,0.00000000,0
1772605500000000,68089.01000000,68089.01000000,68089.01000000,68089.01000000,0.00000000,1772605799999999,0.00000000,0,0.00000000,0.00000000,0
1772605800000000,68232.76000000,68472.03000000,68074.70000000,68472.03000000,0.06547000,1772606099999999,4470.70563150,25,0.05467000,3735.24839940,0
1772606100000000,68555.04000000,68555.04000000,68408.17000000,68464.32000000,0.00251000,1772606399999999,172.02894000,5,0.00199000,136.42452960,0
1772606400000000,68589.41000000,68644.87000000,68538.16000000,68644.87000000,0.01759000,1772606699999999,1206.87394870,8,0.01156000,793.09304440,0
1772606700000000,68656.81000000,68656.81000000,68536.80000000,68572.95000000,0.03597000,1772606999999999,2467.85051740,17,0.01971000,1352.41510570,0
1772607000000000,68603.06000000,68603.06000000,68529.24000000,68565.81000000,0.01182000,1772607299999999,810.14605030,7,0.01129000,773.81160730,0
1772607300000000,68502.99000000,68502.99000000,68502.99000000,68502.99000000,0.00015000,1772607599999999,10.27544850,1,0.00000000,0.00000000,0
1772607600000000,68517.47000000,68631.62000000,68496.85000000,68496.85000000,0.01635000,1772607899999999,1121.00491630,10,0.01560000,1069.56857080,0
1772607900000000,68494.23000000,68523.15000000,68408.17000000,68495.19000000,0.03881000,1772608199999999,2657.97674310,17,0.03668000,2512.17069330,0
1772608200000000,68482.03000000,68482.03000000,68397.50000000,68414.69000000,0.00090000,1772608499999999,61.59059550,6,0.00000000,0.00000000,0
1772608500000000,68401.04000000,68423.62000000,68350.00000000,68423.62000000,0.08111000,1772608799999999,5544.63413240,21,0.03068000,2097.70930510,0
1772608800000000,68401.07000000,68537.14000000,68394.76000000,68514.72000000,0.02649000,1772609099999999,1812.64312820,21,0.01467000,1003.75585020,0
1772609100000000,68514.72000000,68749.03000000,68484.77000000,68749.03000000,0.05454000,1772609399999999,3739.27464810,27,0.03077000,2111.16163050,0
1772609400000000,68783.07000000,68783.07000000,68640.36000000,68732.03000000,0.72639000,1772609699999999,49903.15821380,33,0.72269000,49648.90893500,0
1772609700000000,68754.22000000,68761.31000000,68696.20000000,68761.31000000,0.03567000,1772609999999999,2451.69869300,14,0.03492000,2400.15327500,0
1772610000000000,68855.71000000,69065.45000000,68835.56000000,68940.74000000,0.05399000,1772610299999999,3723.33097410,18,0.05369000,3702.67728360,0
1772610300000000,68902.38000000,69526.96000000,68876.98000000,69447.14000000,0.17172000,1772610599999999,11910.71644320,47,0.16388000,11366.63526660,0
1772610600000000,69424.08000000,69424.08000000,69330.21000000,69338.45000000,0.00816000,1772610899999999,566.10127870,24,0.00502000,348.26270080,0
1772610900000000,69355.22000000,69632.92000000,69309.48000000,69516.48000000,0.62093000,1772611199999999,43138.04434860,152,0.14978000,10402.99893460,0
1772611200000000,69539.27000000,69678.22000000,69377.68000000,69377.68000000,0.07277000,1772611499999999,5064.46342310,39,0.06960000,4844.05828900,0
1772611500000000,69395.15000000,69705.18000000,69395.15000000,69705.18000000,0.06485000,1772611799999999,4514.89355930,22,0.05319000,3702.91011690,0
1772611800000000,69689.83000000,69689.83000000,69255.38000000,69429.68000000,0.36078000,1772612099999999,25042.38960870,100,0.01997000,1387.31691430,0
1772612100000000,69415.84000000,69415.84000000,69277.65000000,69281.76000000,1.05750000,1772612399999999,73312.65156310,226,0.08428000,5843.73061870,0
1772612400000000,69269.38000000,69345.87000000,69111.91000000,69277.28000000,0.37217000,1772612699999999,25785.97573590,110,0.06471000,4479.07391930,0
1772612700000000,69265.54000000,69312.14000000,69232.20000000,69286.22000000,0.37644000,1772612999999999,26080.45013690,77,0.01970000,1364.38028410,0
1772613000000000,69423.51000000,69526.61000000,69404.47000000,69526.61000000,0.02297000,1772613299999999,1594.66000860,13,0.00000000,0.00000000,0
1772613300000000,69557.46000000,69603.91000000,69557.46000000,69603.91000000,0.01437000,1772613599999999,999.75714010,4,0.01437000,999.75714010,0
1772613600000000,69574.12000000,69910.03000000,69574.12000000,69910.03000000,0.11991000,1772613899999999,8370.39262910,34,0.05658000,3945.65531730,0
1772613900000000,69893.98000000,70641.18000000,69893.98000000,70625.96000000,1.20453000,1772614199999999,84432.04790630,264,0.86364000,60560.85856620,0
1772614200000000,70710.41000000,70815.89000000,70558.50000000,70677.46000000,0.08990000,1772614499999999,6352.25724450,37,0.08636000,6102.08831230,0
1772614500000000,70734.58000000,71177.25000000,70734.58000000,71056.35000000,0.99464000,1772614799999999,70724.70211790,86,0.16000000,11360.91526240,0
1772614800000000,71035.88000000,71075.05000000,70767.39000000,70767.39000000,0.13242000,1772615099999999,9399.24767750,52,0.02378000,1687.87507500,0
1772615100000000,70811.09000000,71272.36000000,70811.09000000,71065.28000000,0.20333000,1772615399999999,14449.71777180,66,0.08984000,6388.09690520,0
1772615400000000,71032.43000000,71120.14000000,70953.48000000,71066.55000000,0.22479000,1772615699999999,15964.88354110,71,0.06254000,4442.42832170,0
1772615700000000,71087.90000000,71525.37000000,71087.90000000,71200.00000000,0.70221000,1772615999999999,50093.90716100,171,0.21749000,15515.56373470,0
1772616000000000,71258.45000000,71354.62000000,71142.32000000,71223.74000000,0.07026000,1772616299999999,5007.58715460,25,0.02752000,1962.06495920,0
1772616300000000,71230.86000000,71420.00000000,71230.86000000,71267.91000000,0.12022000,1772616599999999,8575.18833920,19,0.03274000,2335.00445000,0
1772616600000000,71320.92000000,71515.59000000,71274.14000000,71515.59000000,0.21177000,1772616899999999,15114.88603110,43,0.12864000,9185.96048420,0
1772616900000000,71488.46000000,71829.17000000,71400.12000000,71777.69000000,0.36806000,1772617199999999,26386.26404430,49,0.34865000,24998.61691540,0
1772617200000000,71725.20000000,71885.85000000,71725.20000000,71820.00000000,0.05007000,1772617499999999,3595.66756300,9,0.04582000,3290.59956970,0
1772617500000000,71782.10000000,71845.58000000,71782.10000000,71845.58000000,0.00556000,1772617799999999,399.11940160,4,0.00528000,379.00948800,0
1772617800000000,71871.56000000,71871.56000000,71331.50000000,71331.50000000,0.19992000,1772618099999999,14308.03490770,86,0.00502000,358.90274140,0
1772618100000000,71472.05000000,71541.28000000,71385.06000000,71491.54000000,0.08063000,1772618399999999,5762.58885730,53,0.02668000,1906.53897870,0
1772618400000000,71550.00000000,71596.61000000,71512.18000000,71565.75000000,0.08303000,1772618699999999,5943.27397800,36,0.00085000,60.81750000,0
1772618700000000,71557.14000000,71887.54000000,71437.77000000,71853.37000000,0.10078000,1772618999999999,7214.15893080,47,0.01997000,1431.15839750,0
1772619000000000,71835.52000000,71835.52000000,71665.94000000,71693.71000000,0.01858000,1772619299999999,1331.89241680,8,0.00104000,74.60432720,0
1772619300000000,71607.04000000,71624.68000000,71575.92000000,71575.92000000,0.00580000,1772619599999999,415.40396960,3,0.00566000,405.38334080,0
1772619600000000,71509.11000000,71509.11000000,71361.60000000,71361.60000000,0.03916000,1772619899999999,2796.70439450,26,0.00678000,484.02576140,0
1772619900000000,71471.49000000,71495.74000000,71372.31000000,71495.74000000,0.14464000,1772620199999999,10334.83503630,47,0.01391000,993.84966190,0
1772620200000000,71509.71000000,71509.71000000,71320.93000000,71352.69000000,0.01780000,1772620499999999,1270.99928990,5,0.00499000,356.04992310,0
1772620500000000,71417.00000000,71709.24000000,71314.63000000,71314.63000000,0.07681000,1772620799999999,5497.22672930,16,0.07426000,5315.36605710,0
1772620800000000,71436.47000000,71436.47000000,71436.47000000,71436.47000000,0.00101000,1772621099999999,72.15083470,1,0.00000000,0.00000000,0
1772621100000000,71327.35000000,71327.35000000,71242.00000000,71246.47000000,0.00067000,1772621399999999,47.76322650,5,0.00000000,0.00000000,0
1772621400000000,71436.47000000,71436.47000000,71349.64000000,71354.98000000,0.01560000,1772621699999999,1113.21599970,9,0.01504000,1073.23467650,0
1772621700000000,71279.03000000,71279.03000000,71253.31000000,71253.31000000,0.00036000,1772621999999999,25.65547280,3,0.00000000,0.00000000,0
1772622000000000,71341.05000000,71400.71000000,71341.05000000,71394.67000000,0.02166000,1772622299999999,1546.51354350,4,0.02117000,1511.54892220,0
1772622300000000,71315.36000000,71315.36000000,71246.26000000,71246.26000000,0.00028000,1772622599999999,19.95862680,2,0.00000000,0.00000000,0
1772622600000000,71246.26000000,71246.26000000,71246.26000000,71246.26000000,0.00000000,1772622899999999,0.00000000,0,0.00000000,0.00000000,0
1772622900000000,71441.05000000,71441.05000000,71441.05000000,71441.05000000,0.00057000,1772623199999999,40.72139850,1,0.00057000,40.72139850,0
1772623200000000,71474.70000000,71494.10000000,71360.27000000,71360.27000000,0.02728000,1772623499999999,1950.07750280,7,0.02700000,1930.07362380,0
1772623500000000,71251.75000000,71251.75000000,71251.75000000,71251.75000000,0.00106000,1772623799999999,75.52685500,1,0.00106000,75.52685500,0
1772623800000000,71248.10000000,71248.10000000,71133.12000000,71133.12000000,0.00062000,1772624099999999,44.12319740,4,0.00000000,0.00000000,0
1772624100000000,71072.74000000,71072.74000000,70942.73000000,70996.15000000,0.10856000,1772624399999999,7707.51877860,33,0.00047000,33.37329350,0
1772624400000000,71073.83000000,71133.87000000,71073.83000000,71133.87000000,0.01510000,1772624699999999,1073.22696620,5,0.01482000,1053.31780140,0
1772624700000000,71138.16000000,71138.16000000,71033.94000000,71095.34000000,0.01601000,1772624999999999,1138.12122500,4,0.01387000,986.10392720,0
1772625000000000,71039.51000000,71147.26000000,71032.12000000,71147.26000000,0.00048000,1772625299999999,34.11257180,3,0.00000000,0.00000000,0
1772625300000000,71239.44000000,71239.44000000,71153.95000000,71153.95000000,0.00034000,1772625599999999,24.20944100,2,0.00020000,14.24788800,0
1772625600000000,71075.23000000,71077.80000000,71040.03000000,71040.03000000,0.00421000,1772625899999999,299.16636130,4,0.00379000,269.31933290,0
1772625900000000,71033.08000000,71033.08000000,70852.68000000,70942.13000000,0.00084000,1772626199999999,59.57958300,6,0.00000000,0.00000000,0
1772626200000000,70910.17000000,70910.17000000,70910.17000000,70910.17000000,0.00014000,1772626499999999,9.92742380,1,0.00000000,0.00000000,0
1772626500000000,70844.57000000,70844.57000000,70740.58000000,70740.58000000,0.00056000,1772626799999999,39.64461620,4,0.00000000,0.00000000,0
1772626800000000,70784.15000000,70796.39000000,70646.57000000,70646.57000000,0.02013000,1772627099999999,1423.81828750,13,0.00021000,14.86467150,0
1772627100000000,70662.10000000,70767.81000000,70594.93000000,70594.93000000,0.16245000,1772627399999999,11475.42385470,44,0.00514000,363.09191800,0
1772627400000000,70621.66000000,70781.64000000,70570.31000000,70773.75000000,0.01485000,1772627699999999,1048.98789220,32,0.00537000,379.42937800,0
1772627700000000,70794.52000000,70908.96000000,70645.27000000,70908.96000000,0.00717000,1772627999999999,507.15925570,6,0.00674000,476.74954410,0
1772628000000000,70938.09000000,71025.46000000,70908.96000000,71025.46000000,0.00350000,1772628299999999,248.24113730,5,0.00009000,6.38442810,0
1772628300000000,70961.54000000,70961.54000000,70959.01000000,70959.01000000,0.00770000,1772628599999999,546.38938640,3,0.00000000,0.00000000,0
1772628600000000,71165.44000000,71165.44000000,71165.44000000,71165.44000000,0.00014000,1772628899999999,9.96316160,1,0.00000000,0.00000000,0
1772628900000000,71303.21000000,71303.21000000,71303.21000000,71303.21000000,0.00081000,1772629199999999,57.75560010,1,0.00081000,57.75560010,0
1772629200000000,71340.87000000,71379.39000000,71302.47000000,71348.13000000,0.00490000,1772629499999999,349.45409520,7,0.00140000,99.86648000,0
1772629500000000,71354.30000000,71580.01000000,71354.30000000,71527.02000000,0.00490000,1772629799999999,349.82597860,8,0.00420000,299.73906480,0
1772629800000000,71530.47000000,71530.47000000,71307.97000000,71307.97000000,0.00098000,1772630099999999,69.99535200,7,0.00000000,0.00000000,0
1772630100000000,71342.22000000,71370.87000000,71278.35000000,71286.05000000,0.00294000,1772630399999999,209.71544700,17,0.00114000,81.32795960,0
1772630400000000,71297.43000000,71354.57000000,71264.36000000,71269.39000000,0.04685000,1772630699999999,3339.64195410,19,0.04573000,3259.77204370,0
1772630700000000,71291.73000000,71398.93000000,71291.73000000,71368.77000000,0.00177000,1772630999999999,126.21220960,4,0.00149000,106.22473160,0
1772631000000000,71376.65000000,71376.65000000,71297.32000000,71297.32000000,0.00460000,1772631299999999,328.20157920,3,0.00446000,318.21134440,0
1772631300000000,71297.32000000,71312.75000000,71297.32000000,71312.75000000,0.00075000,1772631599999999,53.47422440,2,0.00000000,0.00000000,0
1772631600000000,71433.82000000,71484.73000000,71433.82000000,71447.49000000,0.00125000,1772631899999999,89.31155350,4,0.00083000,59.30141670,0
1772631900000000,71433.82000000,71433.82000000,71421.42000000,71421.42000000,0.02514000,1772632199999999,1795.84449880,7,0.00000000,0.00000000,0
1772632200000000,71407.89000000,71410.60000000,71325.21000000,71410.60000000,0.04137000,1772632499999999,2954.11758530,7,0.04087000,2918.43987990,0
1772632500000000,71524.19000000,71524.31000000,71493.78000000,71493.78000000,0.00838000,1772632799999999,599.33055390,3,0.00838000,599.33055390,0
1772632800000000,71417.07000000,71427.59000000,71417.07000000,71421.01000000,0.07351000,1772633099999999,5250.48601780,6,0.00000000,0.00000000,0
1772633100000000,71439.21000000,71675.50000000,71439.21000000,71631.04000000,0.01141000,1772633399999999,815.39354780,8,0.01085000,775.32247340,0
1772633400000000,71606.09000000,71800.00000000,71606.09000000,71800.00000000,0.19334000,1772633699999999,13875.44790090,38,0.19334000,13875.44790090,0
1772633700000000,71851.60000000,71998.19000000,71735.95000000,71777.43000000,0.02400000,1772633999999999,1723.24911280,10,0.01617000,1160.64073740,0
1772634000000000,71672.91000000,71672.91000000,71672.91000000,71672.91000000,0.00024000,1772634299999999,17.20149840,1,0.00024000,17.20149840,0
1772634300000000,71647.47000000,71717.37000000,71647.00000000,71717.37000000,0.02774000,1772634599999999,1987.97565610,11,0.02774000,1987.97565610,0
1772634600000000,71717.37000000,72603.27000000,71717.37000000,72365.43000000,0.04866000,1772634899999999,3517.84798050,51,0.01131000,814.66194220,0
1772634900000000,72429.05000000,72429.05000000,71726.51000000,71879.64000000,0.03709000,1772635199999999,2669.85923630,69,0.02666000,1919.72333330,0
1772635200000000,71885.70000000,72059.84000000,71406.70000000,71406.70000000,0.04543000,1772635499999999,3257.83199500,56,0.03582000,2568.17917360,0
1772635500000000,71529.69000000,71660.35000000,71331.16000000,71566.59000000,0.00976000,1772635799999999,697.80319520,31,0.00503000,359.61703070,0
1772635800000000,71691.84000000,71789.81000000,71610.48000000,71721.25000000,0.01634000,1772636099999999,1171.60710110,17,0.01606000,1151.53246470,0
1772636100000000,71674.82000000,71674.82000000,71628.65000000,71628.65000000,0.00028000,1772636399999999,20.06248580,2,0.00000000,0.00000000,0
1772636400000000,71610.00000000,72047.61000000,71610.00000000,71676.62000000,0.01272000,1772636699999999,913.84976160,37,0.00851000,611.41900340,0
1772636700000000,71692.53000000,72090.07000000,71638.32000000,72015.38000000,0.01732000,1772636999999999,1246.87529260,17,0.01534000,1104.76159120,0
1772637000000000,72016.41000000,72215.61000000,71966.92000000,72014.42000000,0.00726000,1772637299999999,523.25671050,26,0.00406000,292.52950730,0
1772637300000000,72000.76000000,72293.34000000,72000.76000000,72271.99000000,0.00299000,1772637599999999,215.77907410,26,0.00000000,0.00000000,0
1772637600000000,72359.71000000,72478.41000000,72184.44000000,72268.80000000,0.00179000,1772637899999999,129.45707600,14,0.00020000,14.47194200,0
1772637900000000,72299.15000000,72951.36000000,72299.15000000,72921.12000000,0.01454000,1772638199999999,1057.37541680,33,0.00417000,302.13715840,0
1772638200000000,72989.53000000,73301.99000000,72803.83000000,72861.78000000,0.55571000,1772638499999999,40639.07696080,60,0.47357000,34643.15661680,0
1772638500000000,72782.50000000,72782.50000000,72721.93000000,72734.53000000,0.00208000,1772638799999999,151.32336610,5,0.00208000,151.32336610,0
1772638800000000,72734.53000000,72853.41000000,72704.79000000,72741.32000000,0.05165000,1772639099999999,3756.81524020,4,0.05085000,3698.53251220,0
1772639100000000,72857.48000000,72857.48000000,72857.48000000,72857.48000000,0.00069000,1772639399999999,50.27166120,1,0.00069000,50.27166120,0
1772639400000000,72870.95000000,73154.30000000,72870.95000000,73154.30000000,0.00172000,1772639699999999,125.72739900,5,0.00162000,118.44030400,0
1772639700000000,73177.82000000,73479.77000000,73110.80000000,73437.39000000,0.00708000,1772639999999999,518.88279210,13,0.00708000,518.88279210,0
1772640000000000,73434.36000000,73506.76000000,73328.92000000,73506.76000000,0.00879000,1772640299999999,645.33479920,9,0.00379000,278.33479920,0
1772640300000000,73297.56000000,73313.50000000,73123.16000000,73131.39000000,0.02066000,1772640599999999,1513.21665780,8,0.02066000,1513.21665780,0
1772640600000000,72952.82000000,72952.82000000,72775.75000000,72819.82000000,0.01776000,1772640899999999,1293.68048830,6,0.01776000,1293.68048830,0
1772640900000000,72881.85000000,73003.61000000,72862.41000000,72862.41000000,0.06417000,1772641199999999,4678.97756290,9,0.03149000,2295.67259140,0
1772641200000000,72642.28000000,72673.53000000,72642.28000000,72673.53000000,0.08926000,1772641499999999,6485.19782570,8,0.08926000,6485.19782570,0
1772641500000000,72673.53000000,72673.53000000,72673.53000000,72673.53000000,0.00000000,1772641799999999,0.00000000,0,0.00000000,0.00000000,0
1772641800000000,73115.04000000,73132.21000000,73115.04000000,73132.21000000,0.00092000,1772642099999999,67.26995760,2,0.00092000,67.26995760,0
1772642100000000,73210.28000000,73210.28000000,73125.43000000,73182.68000000,0.00231000,1772642399999999,169.00458720,4,0.00231000,169.00458720,0
1772642400000000,73269.20000000,73298.34000000,73269.20000000,73298.34000000,0.01013000,1772642699999999,742.26167140,4,0.00518000,379.55368840,0
1772642700000000,73151.35000000,73151.35000000,73151.35000000,73151.35000000,0.00115000,1772642999999999,84.12405250,1,0.00115000,84.12405250,0
1772643000000000,73349.59000000,73370.20000000,73349.59000000,73370.20000000,0.01379000,1772643299999999,1011.55605800,4,0.01379000,1011.55605800,0
1772643300000000,73266.75000000,73370.20000000,73266.75000000,73370.20000000,0.00217000,1772643599999999,159.02900400,3,0.00198000,145.08866600,0
1772643600000000,73231.88000000,73535.59000000,73231.88000000,73515.76000000,0.28631000,1772643899999999,21042.80067300,26,0.24019000,17651.33926220,0
1772643900000000,73338.33000000,73520.29000000,73338.33000000,73520.29000000,0.00141000,1772644199999999,103.56663090,3,0.00130000,95.49941460,0
1772644200000000,73550.08000000,73749.43000000,73550.08000000,73749.43000000,0.00136000,1772644499999999,100.15411220,5,0.00136000,100.15411220,0
1772644500000000,73598.58000000,73609.65000000,73394.00000000,73417.28000000,0.00809000,1772644799999999,594.72273830,8,0.00450000,330.98318550,0
1772644800000000,73203.06000000,73203.06000000,72989.46000000,73062.55000000,0.00734000,1772645099999999,536.21109280,11,0.00380000,277.74745820,0
1772645100000000,73032.21000000,73101.99000000,72986.99000000,73061.23000000,0.01579000,1772645399999999,1153.63133990,18,0.00804000,587.57576530,0
1772645400000000,73121.02000000,73269.52000000,73121.02000000,73203.77000000,0.00507000,1772645699999999,371.03203930,16,0.00272000,199.05961640,0
1772645700000000,73234.84000000,73234.84000000,73227.42000000,73227.42000000,0.00102000,1772645999999999,74.69701400,2,0.00102000,74.69701400,0
1772646000000000,73227.42000000,73227.42000000,73169.20000000,73169.20000000,0.00576000,1772646299999999,421.54909740,3,0.00066000,48.30932700,0
1772646300000000,73207.79000000,73308.94000000,73207.79000000,73270.95000000,0.03156000,1772646599999999,2310.53623530,6,0.00258000,188.97448110,0
1772646600000000,73405.72000000,73405.72000000,73330.26000000,73330.26000000,0.02863000,1772646899999999,2100.50445330,5,0.00136000,99.78046640,0
1772646900000000,73330.26000000,73330.26000000,73188.41000000,73188.41000000,0.26284000,1772647199999999,19250.94749180,24,0.00000000,0.00000000,0
1772647200000000,73247.05000000,73247.05000000,73247.05000000,73247.05000000,0.00068000,1772647499999999,49.80799400,1,0.00068000,49.80799400,0
1772647500000000,73388.10000000,73388.10000000,73388.10000000,73388.10000000,0.00020000,1772647799999999,14.67762000,1,0.00020000,14.67762000,0
1772647800000000,73326.37000000,73326.37000000,72987.02000000,72987.02000000,0.00248000,1772648099999999,181.26134780,7,0.00029000,21.26464730,0
1772648100000000,73192.35000000,73192.35000000,73192.35000000,73192.35000000,0.00068000,1772648399999999,49.77079800,1,0.00068000,49.77079800,0
1772648400000000,73394.00000000,73394.00000000,73348.13000000,73348.13000000,0.00077000,1772648699999999,56.48218840,2,0.00077000,56.48218840,0
1772648700000000,73348.13000000,73348.13000000,73348.13000000,73348.13000000,0.00000000,1772648999999999,0.00000000,0,0.00000000,0.00000000,0
1772649000000000,73499.36000000,73499.36000000,73295.08000000,73295.08000000,0.02798000,1772649299999999,2050.95620480,12,0.00038000,27.86438720,0
1772649300000000,73295.08000000,73295.08000000,73295.08000000,73295.08000000,0.00000000,1772649599999999,0.00000000,0,0.00000000,0.00000000,0
1772649600000000,73331.37000000,73558.65000000,73331.37000000,73558.65000000,0.00628000,1772649899999999,461.51412310,8,0.00628000,461.51412310,0
1772649900000000,73600.00000000,73600.00000000,73528.16000000,73555.71000000,0.01063000,1772650199999999,782.29523220,5,0.00998000,734.45523220,0
1772650200000000,73568.92000000,73671.01000000,73544.00000000,73671.01000000,0.07349000,1772650499999999,5405.78016760,8,0.00009000,6.63039090,0
1772650500000000,73632.10000000,73638.84000000,73632.10000000,73638.84000000,0.00203000,1772650799999999,149.48226200,2,0.00068000,50.06982800,0
1772650800000000,73795.88000000,73795.88000000,73795.88000000,73795.88000000,0.00068000,1772651099999999,50.18119840,1,0.00068000,50.18119840,0
1772651100000000,73748.01000000,73841.85000000,73748.01000000,73841.31000000,0.01709000,1772651399999999,1261.83334630,6,0.00224000,165.28719280,0
1772651400000000,73831.07000000,74033.99000000,73831.07000000,74033.99000000,0.27531000,1772651699999999,20341.51636320,65,0.27531000,20341.51636320,0
1772651700000000,73808.15000000,73845.66000000,73791.57000000,73845.66000000,0.00753000,1772651999999999,555.73207930,6,0.00618000,456.11174060,0
1772652000000000,73990.62000000,74090.50000000,73704.33000000,73836.12000000,0.08774000,1772652299999999,6477.14029610,14,0.08760000,6466.78160930,0
1772652300000000,73654.09000000,73654.09000000,73587.67000000,73604.13000000,0.00741000,1772652599999999,545.53158760,5,0.00741000,545.53158760,0
1772652600000000,73649.89000000,73649.89000000,73649.89000000,73649.89000000,0.00036000,1772652899999999,26.51396040,1,0.00036000,26.51396040,0
1772652900000000,73871.19000000,73871.19000000,73871.19000000,73871.19000000,0.00022000,1772653199999999,16.25166180,1,0.00022000,16.25166180,0
1772653200000000,73863.00000000,73863.00000000,73768.32000000,73768.32000000,0.00963000,1772653499999999,711.03204360,4,0.00963000,711.03204360,0
1772653500000000,73723.81000000,73752.93000000,73723.81000000,73752.93000000,0.00022000,1772653799999999,16.22156780,2,0.00008000,5.90023440,0
1772653800000000,73649.89000000,73649.89000000,73649.89000000,73649.89000000,0.00149000,1772654099999999,109.73833610,1,0.00000000,0.00000000,0
1772654100000000,73825.10000000,73825.10000000,73692.54000000,73692.54000000,0.07844000,1772654399999999,5782.34692890,7,0.00622000,459.17806070,0
1772654400000000,73690.38000000,73690.38000000,73690.38000000,73690.38000000,0.00420000,1772654699999999,309.49959600,1,0.00420000,309.49959600,0
1772654700000000,73634.67000000,73634.67000000,73394.00000000,73394.00000000,0.01130000,1772654999999999,830.39574180,4,0.01101000,809.10040980,0
1772655000000000,73490.74000000,73491.12000000,73490.74000000,73491.12000000,0.00149000,1772655299999999,109.50151040,2,0.00149000,109.50151040,0
1772655300000000,73491.12000000,73589.04000000,73450.91000000,73450.91000000,0.00228000,1772655599999999,167.58168530,8,0.00047000,34.53450910,0
1772655600000000,73400.96000000,73412.71000000,73400.96000000,73412.71000000,0.00102000,1772655899999999,74.87297420,2,0.00102000,74.87297420,0
1772655900000000,73505.66000000,73505.66000000,73505.66000000,73505.66000000,0.00014000,1772656199999999,10.29079240,1,0.00000000,0.00000000,0
1772656200000000,73509.54000000,73510.20000000,73387.29000000,73398.20000000,0.01158000,1772656499999999,850.50655900,4,0.01158000,850.50655900,0
1772656500000000,73443.78000000,73443.78000000,73443.78000000,73443.78000000,0.00068000,1772656799999999,49.94177040,1,0.00068000,49.94177040,0
1772656800000000,73508.52000000,73540.44000000,73508.52000000,73540.44000000,0.00644000,1772657099999999,473.40532230,6,0.00471000,346.23504640,0
1772657100000000,73540.44000000,73540.44000000,73485.79000000,73485.79000000,0.01505000,1772657399999999,1106.76533310,7,0.00008000,5.88323520,0
1772657400000000,73485.79000000,73485.79000000,73485.79000000,73485.79000000,0.00000000,1772657699999999,0.00000000,0,0.00000000,0.00000000,0
1772657700000000,73174.15000000,73174.15000000,73093.56000000,73093.56000000,0.00769000,1772657999999999,562.68663420,4,0.00000000,0.00000000,0
1772658000000000,72987.02000000,73063.66000000,72987.02000000,73063.66000000,0.00999000,1772658299999999,729.58245300,10,0.00108000,78.88183920,0
1772658300000000,73109.13000000,73109.13000000,73008.85000000,73008.85000000,0.00227000,1772658599999999,165.85664820,5,0.00000000,0.00000000,0
1772658600000000,73008.18000000,73008.18000000,72975.26000000,72975.26000000,0.10000000,1772658899999999,7299.47057390,8,0.00000000,0.00000000,0
1772658900000000,72975.26000000,72975.26000000,72975.26000000,72975.26000000,0.00000000,1772659199999999,0.00000000,0,0.00000000,0.00000000,0
1772659200000000,73208.98000000,73208.98000000,73208.98000000,73208.98000000,0.00023000,1772659499999999,16.83806540,1,0.00023000,16.83806540,0
1772659500000000,73219.54000000,73225.48000000,73219.54000000,73224.41000000,0.03346000,1772659799999999,2450.05301650,9,0.00757000,554.27289180,0
1772659800000000,73184.02000000,73215.95000000,73156.26000000,73215.95000000,0.19364000,1772660099999999,14168.79106270,10,0.02102000,1538.99548540,0
1772660100000000,73191.81000000,73191.81000000,73191.81000000,73191.81000000,0.00013000,1772660399999999,9.51493530,1,0.00013000,9.51493530,0
1772660400000000,73259.09000000,73259.09000000,73259.09000000,73259.09000000,0.00020000,1772660699999999,14.65181800,1,0.00000000,0.00000000,0
1772660700000000,73307.39000000,73307.39000000,73307.39000000,73307.39000000,0.00046000,1772660999999999,33.72139940,1,0.00046000,33.72139940,0
1772661000000000,73312.39000000,73312.39000000,73312.39000000,73312.39000000,0.00238000,1772661299999999,174.48348820,1,0.00000000,0.00000000,0
1772661300000000,73211.95000000,73273.19000000,73211.95000000,73273.19000000,0.01142000,1772661599999999,836.47424220,2,0.00643000,471.14661170,0
1772661600000000,73486.76000000,73486.76000000,73480.38000000,73480.38000000,0.00082000,1772661899999999,60.25825000,2,0.00068000,49.97099680,0
1772661900000000,73448.94000000,73480.15000000,73448.94000000,73480.15000000,0.00815000,1772662199999999,598.84910270,3,0.00815000,598.84910270,0
1772662200000000,73321.08000000,73321.08000000,73321.08000000,73321.08000000,0.00013000,1772662499999999,9.53174040,1,0.00013000,9.53174040,0
1772662500000000,73273.19000000,73312.21000000,73239.25000000,73309.11000000,0.09914000,1772662799999999,7263.01133760,13,0.00489000,358.48238490,0
1772662800000000,73392.83000000,73392.83000000,73341.97000000,73341.97000000,0.00333000,1772663099999999,244.35989590,3,0.00333000,244.35989590,0
1772663100000000,73362.46000000,73362.46000000,73326.80000000,73326.80000000,0.00092000,1772663399999999,67.48086300,6,0.00080000,58.68164700,0
1772663400000000,73326.80000000,73326.80000000,73326.80000000,73326.80000000,0.00000000,1772663699999999,0.00000000,0,0.00000000,0.00000000,0
1772663700000000,73326.80000000,73326.80000000,73326.80000000,73326.80000000,0.00000000,1772663999999999,0.00000000,0,0.00000000,0.00000000,0
1772664000000000,72967.11000000,72967.11000000,72894.78000000,72894.78000000,0.00497000,1772664299999999,362.29718280,2,0.00000000,0.00000000,0
1772664300000000,72894.78000000,72894.78000000,72737.07000000,72737.07000000,0.01355000,1772664599999999,987.69336400,4,0.00000000,0.00000000,0
1772664600000000,72737.07000000,72737.07000000,72737.07000000,72737.07000000,0.00000000,1772664899999999,0.00000000,0,0.00000000,0.00000000,0
1772664900000000,72769.12000000,72769.12000000,72769.12000000,72769.12000000,0.00053000,1772665199999999,38.56763360,1,0.00053000,38.56763360,0
1772665200000000,72769.27000000,72769.27000000,72747.28000000,72769.27000000,0.01699000,1772665499999999,1236.34857790,7,0.01693000,1231.98374110,0
1772665500000000,72769.27000000,72769.27000000,72769.27000000,72769.27000000,0.00000000,1772665799999999,0.00000000,0,0.00000000,0.00000000,0
1772665800000000,72741.79000000,72741.79000000,72741.79000000,72741.79000000,0.00020000,1772666099999999,14.54835800,1,0.00020000,14.54835800,0
1772666100000000,72875.43000000,72875.43000000,72835.30000000,72835.30000000,0.00082000,1772666399999999,59.75263570,2,0.00069000,50.28404670,0
1772666400000000,72569.22000000,72569.22000000,72553.06000000,72553.06000000,0.00023000,1772666699999999,16.68865820,2,0.00000000,0.00000000,0
1772666700000000,72553.06000000,72553.06000000,72553.06000000,72553.06000000,0.00000000,1772666999999999,0.00000000,0,0.00000000,0.00000000,0
1772667000000000,72553.06000000,72553.06000000,72380.91000000,72380.91000000,0.00322000,1772667299999999,233.55024420,5,0.00000000,0.00000000,0
1772667300000000,72411.13000000,72716.00000000,72411.13000000,72716.00000000,0.00023000,1772667599999999,16.68504690,2,0.00023000,16.68504690,0
1772667600000000,72716.00000000,72716.00000000,72704.28000000,72704.28000000,0.00213000,1772667899999999,154.87886840,3,0.00053000,38.53326840,0
1772667900000000,72837.22000000,72837.22000000,72771.42000000,72771.42000000,0.00461000,1772668199999999,335.74929600,3,0.00461000,335.74929600,0
1772668200000000,72715.40000000,72715.40000000,72715.40000000,72715.40000000,0.00021000,1772668499999999,15.27023400,1,0.00021000,15.27023400,0
1772668500000000,72752.18000000,72752.18000000,72752.18000000,72752.18000000,0.00013000,1772668799999999,9.45778340,1,0.00000000,0.00000000,0
1772668800000000,72734.62000000,72843.12000000,72734.62000000,72766.77000000,0.00297000,1772669099999999,216.03608740,3,0.00283000,205.84873960,0
1772669100000000,72766.77000000,72766.77000000,72766.77000000,72766.77000000,0.00000000,1772669399999999,0.00000000,0,0.00000000,0.00000000,0
1772669400000000,72642.49000000,72642.49000000,72642.49000000,72642.49000000,0.00008000,1772669699999999,5.81139920,1,0.00008000,5.81139920,0
1772669700000000,72881.27000000,72881.27000000,72881.27000000,72881.27000000,0.00154000,1772669999999999,112.23715580,1,0.00000000,0.00000000,0
1772670000000000,72946.27000000,72946.28000000,72881.27000000,72881.27000000,0.01525000,1772670299999999,1112.33055130,4,0.01371000,1000.09339550,0
1772670300000000,72859.50000000,72891.93000000,72859.50000000,72891.93000000,0.00293000,1772670599999999,213.56719320,2,0.00293000,213.56719320,0
1772670600000000,72872.57000000,72872.57000000,72872.57000000,72872.57000000,0.00179000,1772670899999999,130.44190030,1,0.00179000,130.44190030,0
1772670900000000,72851.44000000,72851.44000000,72851.44000000,72851.44000000,0.00008000,1772671199999999,5.82811520,1,0.00008000,5.82811520,0
1772671200000000,72920.07000000,72920.07000000,72920.07000000,72920.07000000,0.00342000,1772671499999999,249.38663940,1,0.00000000,0.00000000,0
1772671500000000,72920.07000000,72920.07000000,72920.07000000,72920.07000000,0.00000000,1772671799999999,0.00000000,0,0.00000000,0.00000000,0
1772671800000000,72949.80000000,72949.80000000,72949.80000000,72949.80000000,0.00016000,1772672099999999,11.67196800,1,0.00016000,11.67196800,0
1772672100000000,72885.60000000,72885.60000000,72885.60000000,72885.60000000,0.00077000,1772672399999999,56.12191200,1,0.00077000,56.12191200,0
1772672400000000,72764.18000000,72764.18000000,72764.18000000,72764.18000000,0.00014000,1772672699999999,10.18698520,1,0.00000000,0.00000000,0
1772672700000000,73057.18000000,73057.18000000,73057.18000000,73057.18000000,0.00068000,1772672999999999,49.67888240,1,0.00068000,49.67888240,0
1772673000000000,73118.04000000,73249.48000000,72977.08000000,73249.48000000,0.01407000,1772673299999999,1027.38034940,9,0.00129000,94.35488400,0
1772673300000000,73230.58000000,73230.60000000,73230.58000000,73230.60000000,0.00685000,1772673599999999,501.62950860,2,0.00685000,501.62950860,0
1772673600000000,72948.15000000,72948.15000000,72831.10000000,72922.51000000,0.00042000,1772673899999999,30.61696440,3,0.00028000,20.42061040,0
1772673900000000,72999.62000000,72999.62000000,72999.62000000,72999.62000000,0.00014000,1772674199999999,10.21994680,1,0.00000000,0.00000000,0
1772674200000000,72999.62000000,72999.62000000,72999.62000000,72999.62000000,0.00000000,1772674499999999,0.00000000,0,0.00000000,0.00000000,0
1772674500000000,72893.56000000,72893.56000000,72893.56000000,72893.56000000,0.00014000,1772674799999999,10.20509840,1,0.00000000,0.00000000,0
1772674800000000,72866.20000000,72871.36000000,72675.22000000,72675.22000000,0.00179000,1772675099999999,130.40351580,4,0.00137000,99.82669400,0
1772675100000000,72665.07000000,72675.22000000,72650.00000000,72675.22000000,0.00679000,1772675399999999,493.42322300,4,0.00159000,115.51350000,0
1772675400000000,72569.22000000,72657.90000000,72569.22000000,72657.90000000,0.01385000,1772675699999999,1006.29924930,3,0.01376000,999.76801950,0
1772675700000000,72570.02000000,72570.02000000,72463.13000000,72463.13000000,0.00042000,1772675999999999,30.45391440,3,0.00000000,0.00000000,0
1772676000000000,72463.13000000,72463.13000000,72463.13000000,72463.13000000,0.00000000,1772676299999999,0.00000000,0,0.00000000,0.00000000,0
1772676300000000,72683.23000000,72683.76000000,72681.23000000,72681.23000000,0.00945000,1772676599999999,686.85730350,3,0.00945000,686.85730350,0
1772676600000000,72843.12000000,72843.12000000,72843.12000000,72843.12000000,0.00007000,1772676899999999,5.09901840,1,0.00007000,5.09901840,0
1772676900000000,72843.12000000,72843.12000000,72821.09000000,72835.06000000,0.00030000,1772677199999999,21.84872340,3,0.00002000,1.45686240,0
1772677200000000,72835.06000000,72835.06000000,72835.06000000,72835.06000000,0.00000000,1772677499999999,0.00000000,0,0.00000000,0.00000000,0
1772677500000000,72788.78000000,72788.89000000,72715.42000000,72715.42000000,0.00328000,1772677799999999,238.70769730,3,0.00328000,238.70769730,0
1772677800000000,72670.00000000,72670.00000000,72569.22000000,72569.22000000,0.00035000,1772678099999999,25.42222660,3,0.00000000,0.00000000,0
1772678100000000,72471.40000000,72471.40000000,72344.00000000,72344.00000000,0.07701000,1772678399999999,5576.02217850,11,0.00000000,0.00000000,0
1772678400000000,72439.29000000,72439.29000000,72392.07000000,72397.03000000,0.00074000,1772678699999999,53.58031460,6,0.00018000,13.03078320,0
1772678700000000,72397.03000000,72397.03000000,72397.03000000,72397.03000000,0.00000000,1772678999999999,0.00000000,0,0.00000000,0.00000000,0
1772679000000000,72564.08000000,72564.08000000,72513.49000000,72513.49000000,0.00025000,1772679299999999,18.13545510,2,0.00011000,7.97648390,0
1772679300000000,72491.29000000,72498.33000000,72491.29000000,72498.33000000,0.01291000,1772679599999999,935.91831070,2,0.01291000,935.91831070,0
1772679600000000,72498.33000000,72498.33000000,72498.33000000,72498.33000000,0.00000000,1772679899999999,0.00000000,0,0.00000000,0.00000000,0
1772679900000000,72498.33000000,72498.33000000,72498.33000000,72498.33000000,0.00000000,1772680199999999,0.00000000,0,0.00000000,0.00000000,0
1772680200000000,72619.10000000,72621.06000000,72619.10000000,72621.06000000,0.00028000,1772680499999999,20.33362240,2,0.00000000,0.00000000,0
1772680500000000,72679.68000000,72679.68000000,72572.73000000,72572.73000000,0.00028000,1772680799999999,20.33533740,2,0.00000000,0.00000000,0
1772680800000000,72580.80000000,72647.43000000,72580.80000000,72584.34000000,0.00042000,1772681099999999,30.49375980,3,0.00000000,0.00000000,0
1772681100000000,72629.95000000,72629.95000000,72580.03000000,72580.03000000,0.00042000,1772681399999999,30.49417980,3,0.00000000,0.00000000,0
1772681400000000,72558.25000000,72558.25000000,72466.23000000,72466.41000000,0.00112000,1772681699999999,81.19820240,8,0.00000000,0.00000000,0
1772681700000000,72439.64000000,72439.64000000,72380.13000000,72380.13000000,0.00090000,1772681999999999,65.15466940,3,0.00062000,44.87568060,0
1772682000000000,72427.76000000,72465.56000000,72365.86000000,72365.86000000,0.03818000,1772682299999999,2764.77273310,11,0.00020000,14.49236200,0
1772682300000000,72365.86000000,72365.86000000,72365.86000000,72365.86000000,0.00000000,1772682599999999,0.00000000,0,0.00000000,0.00000000,0
1772682600000000,72440.15000000,72454.13000000,72440.15000000,72454.13000000,0.00028000,1772682899999999,20.28519920,2,0.00000000,0.00000000,0
1772682900000000,72530.98000000,72530.98000000,72502.08000000,72502.08000000,0.00042000,1772683199999999,30.45896000,3,0.00000000,0.00000000,0
1772683200000000,72537.97000000,72537.97000000,72506.00000000,72506.00000000,0.00028000,1772683499999999,20.30615580,2,0.00000000,0.00000000,0
1772683500000000,72597.26000000,72644.56000000,72546.06000000,72591.06000000,0.00124000,1772683799999999,90.02813920,8,0.00040000,29.04872000,0
1772683800000000,72679.09000000,72706.41000000,72655.23000000,72693.21000000,0.48365000,1772684099999999,35141.19239730,15,0.39816000,28928.53968660,0
1772684100000000,72669.33000000,72669.33000000,72561.94000000,72561.94000000,0.00179000,1772684399999999,129.92836540,6,0.00000000,0.00000000,0
1772684400000000,72676.00000000,72769.46000000,72676.00000000,72769.46000000,0.00028000,1772684699999999,20.36236440,2,0.00000000,0.00000000,0
1772684700000000,72769.32000000,72772.35000000,72742.94000000,72772.35000000,0.00783000,1772684999999999,569.69506090,4,0.00433000,315.09367050,0
1772685000000000,72808.62000000,72808.62000000,72619.27000000,72619.27000000,0.00117000,1772685299999999,85.08095240,8,0.00033000,24.01749960,0
1772685300000000,72598.59000000,72835.52000000,72598.59000000,72817.67000000,0.00066000,1772685599999999,48.00671440,5,0.00000000,0.00000000,0
1772685600000000,72782.60000000,72843.12000000,72782.60000000,72843.12000000,0.00023000,1772685899999999,16.74544480,2,0.00009000,6.55588080,0
1772685900000000,72955.74000000,73077.69000000,72884.21000000,72884.21000000,0.00112000,1772686199999999,81.74094600,8,0.00000000,0.00000000,0
1772686200000000,72857.55000000,72857.55000000,72726.97000000,72726.97000000,0.00070000,1772686499999999,50.95544160,5,0.00000000,0.00000000,0
1772686500000000,72732.03000000,72868.24000000,72732.03000000,72835.67000000,0.00545000,1772686799999999,396.56912970,5,0.00503000,365.98809810,0
1772686800000000,72865.96000000,72906.96000000,72825.91000000,72825.91000000,0.00063000,1772687099999999,45.90472880,5,0.00007000,5.10077680,0
1772687100000000,72808.75000000,72808.75000000,72748.34000000,72748.34000000,0.00070000,1772687399999999,50.94517820,5,0.00000000,0.00000000,0
1772687400000000,72818.16000000,72818.16000000,72782.50000000,72782.50000000,0.00028000,1772687699999999,20.38409240,2,0.00000000,0.00000000,0
1772687700000000,72806.28000000,72806.28000000,72721.78000000,72721.78000000,0.00101000,1772687999999999,73.48503880,5,0.00040000,29.08871200,0
1772688000000000,72721.39000000,72721.39000000,72529.46000000,72529.46000000,0.00224000,1772688299999999,162.65629590,8,0.00140000,101.67098200,0
1772688300000000,72506.20000000,72518.47000000,72506.20000000,72518.47000000,0.00028000,1772688599999999,20.30345380,2,0.00000000,0.00000000,0
1772688600000000,72482.81000000,72526.81000000,72482.81000000,72500.95000000,0.00042000,1772688899999999,30.45147980,3,0.00000000,0.00000000,0
1772688900000000,72536.85000000,72536.85000000,72428.80000000,72428.80000000,0.00207000,1772689199999999,150.05775080,6,0.00137000,99.33157600,0
1772689200000000,72398.13000000,72398.13000000,72398.13000000,72398.13000000,0.00014000,1772689499999999,10.13573820,1,0.00000000,0.00000000,0
1772689500000000,72443.43000000,72446.50000000,72443.43000000,72446.50000000,0.00028000,1772689799999999,20.28459020,2,0.00000000,0.00000000,0
1772689800000000,72413.32000000,72414.29000000,72403.46000000,72411.86000000,0.00074000,1772690099999999,53.58263300,4,0.00000000,0.00000000,0
1772690100000000,72445.05000000,72445.05000000,72288.00000000,72408.05000000,0.16220000,1772690399999999,11740.07817930,45,0.00069000,49.97256000,0
1772690400000000,72424.74000000,72449.35000000,72200.77000000,72362.57000000,0.00668000,1772690699999999,483.33466380,18,0.00334000,241.83016160,0
1772690700000000,72408.77000000,72408.77000000,72168.96000000,72168.96000000,0.00126000,1772690999999999,91.11624760,9,0.00000000,0.00000000,0
1772691000000000,72066.13000000,72191.60000000,72066.13000000,72140.61000000,0.10536000,1772691299999999,7601.81337100,9,0.00522000,376.25833080,0
1772691300000000,72140.61000000,72329.58000000,72089.85000000,72329.58000000,0.00703000,1772691599999999,507.89925430,5,0.00314000,227.11488120,0
1772691600000000,72431.65000000,72454.53000000,72431.65000000,72454.53000000,0.00026000,1772691899999999,18.83543220,2,0.00000000,0.00000000,0
1772691900000000,72464.53000000,72464.53000000,72464.53000000,72464.53000000,0.00147000,1772692199999999,106.52285910,1,0.00147000,106.52285910,0
1772692200000000,72411.16000000,72411.16000000,72364.88000000,72364.88000000,0.00360000,1772692499999999,260.52004720,2,0.00346000,250.38248480,0
1772692500000000,72453.54000000,72453.54000000,72453.54000000,72453.54000000,0.00396000,1772692799999999,286.91601840,1,0.00396000,286.91601840,0
1772692800000000,72497.21000000,72497.21000000,72442.71000000,72442.71000000,0.00069000,1772693099999999,49.99943630,5,0.00013000,9.41755230,0
1772693100000000,72442.71000000,72442.71000000,72442.71000000,72442.71000000,0.00000000,1772693399999999,0.00000000,0,0.00000000,0.00000000,0
1772693400000000,72442.71000000,72442.71000000,72442.71000000,72442.71000000,0.00000000,1772693699999999,0.00000000,0,0.00000000,0.00000000,0
1772693700000000,72549.58000000,72549.58000000,72549.58000000,72549.58000000,0.00012000,1772693999999999,8.70594960,1,0.00000000,0.00000000,0
1772694000000000,72572.70000000,72572.70000000,72497.62000000,72497.62000000,0.00069000,1772694299999999,50.06186720,3,0.00041000,29.75480700,0
1772694300000000,72464.75000000,72464.75000000,72464.75000000,72464.75000000,0.00014000,1772694599999999,10.14506500,1,0.00000000,0.00000000,0
1772694600000000,72587.53000000,72631.83000000,72587.53000000,72631.83000000,0.00028000,1772694899999999,20.33071040,2,0.00000000,0.00000000,0
1772694900000000,72631.83000000,72631.83000000,72631.83000000,72631.83000000,0.00000000,1772695199999999,0.00000000,0,0.00000000,0.00000000,0
1772695200000000,72667.85000000,72667.85000000,72654.70000000,72654.70000000,0.00059000,1772695499999999,42.87219050,2,0.00045000,32.70053250,0
1772695500000000,72647.87000000,72647.87000000,72552.01000000,72552.01000000,0.00690000,1772695799999999,500.62955940,4,0.00000000,0.00000000,0
1772695800000000,72512.59000000,72512.59000000,72374.95000000,72374.95000000,0.00114000,1772696099999999,82.61611810,7,0.00058000,42.04199990,0
1772696100000000,72340.88000000,72340.88000000,72213.16000000,72213.16000000,0.00114000,1772696399999999,82.37658710,10,0.00049000,35.39119670,0
1772696400000000,72227.93000000,72237.87000000,72214.75000000,72214.75000000,0.00111000,1772696699999999,80.17773010,4,0.00069000,49.84413030,0
1772696700000000,72206.28000000,72242.14000000,72169.85000000,72169.85000000,0.00694000,1772696999999999,501.09699900,8,0.00486000,350.90583660,0
1772697000000000,72097.65000000,72097.65000000,71809.73000000,71825.29000000,0.01189000,1772697299999999,856.42508070,22,0.00441000,317.49745560,0
1772697300000000,71797.23000000,72029.95000000,71797.23000000,72029.95000000,0.00042000,1772697599999999,30.20760540,3,0.00000000,0.00000000,0
1772697600000000,72070.95000000,72070.95000000,71916.61000000,71916.61000000,0.00247000,1772697899999999,177.80438590,11,0.00107000,77.02590810,0
1772697900000000,71918.76000000,71952.23000000,71864.13000000,71952.23000000,0.00112000,1772698199999999,80.54026260,8,0.00000000,0.00000000,0
1772698200000000,71897.95000000,71897.95000000,71809.07000000,71861.86000000,0.00244000,1772698499999999,175.34913120,9,0.00160000,114.98157640,0
1772698500000000,71864.60000000,71993.28000000,71864.60000000,71993.28000000,0.00028000,1772698799999999,20.14010320,2,0.00000000,0.00000000,0
1772698800000000,71897.16000000,72034.36000000,71897.16000000,71982.60000000,0.00174000,1772699099999999,125.31333200,3,0.00000000,0.00000000,0
1772699100000000,71944.20000000,71944.20000000,71795.94000000,71876.87000000,0.01025000,1772699399999999,736.32576510,7,0.00969000,696.08794230,0
1772699400000000,71842.01000000,72117.58000000,71841.67000000,72117.58000000,0.09533000,1772699699999999,6849.84148870,8,0.09519000,6839.78360730,0
1772699700000000,72113.24000000,72113.52000000,72104.58000000,72104.58000000,0.00634000,1772699999999999,457.19677960,3,0.00620000,447.10213840,0
1772700000000000,72075.82000000,72075.82000000,72007.53000000,72040.06000000,0.00045000,1772700299999999,32.41750330,4,0.00000000,0.00000000,0
1772700300000000,72198.86000000,72220.83000000,72139.16000000,72212.38000000,0.02854000,1772700599999999,2060.54678020,12,0.00000000,0.00000000,0
1772700600000000,72265.59000000,72304.45000000,72259.95000000,72304.45000000,0.00042000,1772700899999999,30.35619860,3,0.00000000,0.00000000,0
1772700900000000,72304.45000000,72304.45000000,72304.45000000,72304.45000000,0.00000000,1772701199999999,0.00000000,0,0.00000000,0.00000000,0
1772701200000000,72350.85000000,72350.85000000,72350.85000000,72350.85000000,0.00014000,1772701499999999,10.12911900,1,0.00000000,0.00000000,0
1772701500000000,72535.67000000,72596.61000000,72448.96000000,72596.61000000,0.00461000,1772701799999999,334.33379650,6,0.00419000,303.89248210,0
1772701800000000,72635.03000000,72635.75000000,72614.11000000,72629.97000000,0.00062000,1772702099999999,45.02877560,5,0.00009000,6.53715270,0
1772702100000000,72635.03000000,72635.03000000,72615.63000000,72633.50000000,0.00175000,1772702399999999,127.08128930,4,0.00147000,106.74641110,0
1772702400000000,72735.05000000,72735.05000000,72533.80000000,72533.80000000,0.00042000,1772702699999999,30.51609960,3,0.00000000,0.00000000,0
1772702700000000,72672.18000000,72672.18000000,72659.63000000,72659.63000000,0.00028000,1772702999999999,20.34645340,2,0.00000000,0.00000000,0
1772703000000000,72739.27000000,72739.27000000,72640.18000000,72719.26000000,0.00084000,1772703299999999,61.05925000,6,0.00000000,0.00000000,0
1772703300000000,72698.93000000,72855.15000000,72560.73000000,72560.73000000,0.00499000,1772703599999999,363.04503470,13,0.00378000,275.04586500,0
1772703600000000,72591.05000000,72591.05000000,72525.93000000,72525.93000000,0.03103000,1772703899999999,2250.94374030,8,0.03075000,2230.63245210,0
1772703900000000,72613.27000000,72613.27000000,72593.71000000,72593.71000000,0.00118000,1772704199999999,85.68066680,3,0.00090000,65.35194300,0
1772704200000000,72469.18000000,72544.50000000,72469.18000000,72544.50000000,0.00028000,1772704499999999,20.30191520,2,0.00000000,0.00000000,0
1772704500000000,72586.09000000,72616.79000000,72562.76000000,72616.79000000,0.00031000,1772704799999999,22.50528600,4,0.00000000,0.00000000,0
1772704800000000,72655.11000000,72663.35000000,72582.44000000,72582.44000000,0.02344000,1772705099999999,1702.80232680,7,0.02302000,1672.30714740,0
1772705100000000,72723.57000000,72745.14000000,72723.57000000,72745.14000000,0.00213000,1772705399999999,154.90422390,2,0.00199000,144.71990430,0
1772705400000000,72721.49000000,72721.49000000,72721.49000000,72721.49000000,0.00014000,1772705699999999,10.18100860,1,0.00000000,0.00000000,0
1772705700000000,72710.44000000,72763.96000000,72703.17000000,72763.96000000,0.00535000,1772705999999999,389.26753520,3,0.00521000,379.08807360,0
1772706000000000,72822.40000000,72988.68000000,72822.40000000,72926.66000000,0.00075000,1772706299999999,54.69350040,5,0.00019000,13.83625600,0
1772706300000000,72935.93000000,73383.73000000,72917.98000000,73168.50000000,0.08978000,1772706599999999,6568.83055010,49,0.08201000,5999.88873210,0
1772706600000000,73160.88000000,73539.98000000,73130.09000000,73490.29000000,0.13060000,1772706899999999,9582.47573660,43,0.12261000,8996.89536250,0
1772706900000000,73489.41000000,73489.41000000,73312.79000000,73323.47000000,0.00613000,1772707199999999,449.92137810,7,0.00557000,408.83645590,0
1772707200000000,73251.98000000,73320.59000000,73251.98000000,73320.59000000,0.01019000,1772707499999999,746.92030280,4,0.00981000,719.07201900,0
1772707500000000,73289.65000000,73385.30000000,73289.65000000,73385.30000000,0.00159000,1772707799999999,116.54393450,2,0.00145000,106.26999250,0
1772707800000000,73385.30000000,73445.91000000,73385.30000000,73439.34000000,0.06060000,1772708099999999,4447.42246140,15,0.06046000,4437.14003400,0
1772708100000000,73440.56000000,73474.66000000,73399.32000000,73399.32000000,0.00463000,1772708399999999,340.16508540,6,0.00407000,299.03901720,0
1772708400000000,73437.41000000,73437.41000000,73239.06000000,73239.06000000,0.00257000,1772708699999999,188.58977710,10,0.00131000,96.20300710,0
1772708700000000,73219.51000000,73219.51000000,73112.15000000,73141.53000000,0.00107000,1772708999999999,78.29259510,8,0.00000000,0.00000000,0
1772709000000000,73158.67000000,73199.08000000,73092.82000000,73199.08000000,0.00359000,1772709299999999,262.54802550,11,0.00291000,212.80844470,0
1772709300000000,73197.77000000,73197.77000000,73088.80000000,73088.80000000,0.02090000,1772709599999999,1529.61551630,8,0.02029000,1484.99149790,0
1772709600000000,73096.36000000,73147.86000000,72962.75000000,72962.75000000,0.00276000,1772709899999999,201.83576380,5,0.00220000,160.91108000,0
1772709900000000,73106.73000000,73106.73000000,73106.73000000,73106.73000000,0.00014000,1772710199999999,10.23494220,1,0.00000000,0.00000000,0
1772710200000000,73118.39000000,73118.39000000,73000.32000000,73014.37000000,1.11940000,1772710499999999,81724.73035920,178,1.04426000,76238.40762250,0
1772710500000000,73047.28000000,73047.28000000,72824.55000000,72824.55000000,0.00107000,1772710799999999,78.05023830,8,0.00000000,0.00000000,0
1772710800000000,72824.55000000,72824.55000000,72824.55000000,72824.55000000,0.00000000,1772711099999999,0.00000000,0,0.00000000,0.00000000,0
1772711100000000,72882.77000000,72926.75000000,72860.39000000,72912.06000000,0.04477000,1772711399999999,3264.36129170,9,0.03892000,2837.76984190,0
1772711400000000,72896.34000000,72896.34000000,72864.08000000,72864.08000000,0.00028000,1772711699999999,20.40645880,2,0.00000000,0.00000000,0
1772711700000000,72864.08000000,72864.08000000,72864.08000000,72864.08000000,0.00000000,1772711999999999,0.00000000,0,0.00000000,0.00000000,0
1772712000000000,72842.59000000,72842.59000000,72737.91000000,72737.91000000,0.00313000,1772712299999999,227.69792190,2,0.00313000,227.69792190,0
1772712300000000,72961.78000000,72961.78000000,72961.78000000,72961.78000000,0.00132000,1772712599999999,96.30954960,1,0.00132000,96.30954960,0
1772712600000000,72961.78000000,72982.50000000,72961.78000000,72982.50000000,0.02804000,1772712899999999,2046.15227360,7,0.01469000,1071.83589860,0
1772712900000000,72737.92000000,72737.92000000,72737.92000000,72737.92000000,0.00074000,1772713199999999,53.82606080,2,0.00074000,53.82606080,0
1772713200000000,72914.27000000,72940.42000000,72834.32000000,72842.90000000,0.00335000,1772713499999999,244.11123370,17,0.00000000,0.00000000,0
1772713500000000,72845.94000000,72900.18000000,72727.72000000,72785.51000000,0.06000000,1772713799999999,4370.34023420,21,0.05490000,3999.10243980,0
1772713800000000,72785.51000000,72800.05000000,72764.88000000,72800.05000000,0.00573000,1772714099999999,417.12483280,7,0.00489000,355.99168340,0
1772714100000000,72796.88000000,72796.88000000,72752.97000000,72752.97000000,0.00257000,1772714399999999,187.07565940,3,0.00225000,163.79298000,0
1772714400000000,72905.52000000,72922.86000000,72905.52000000,72922.86000000,0.00024000,1772714699999999,17.49940560,2,0.00012000,8.75074320,0
1772714700000000,73014.56000000,73028.07000000,72949.02000000,72952.55000000,0.00063000,1772714999999999,45.98058900,5,0.00009000,6.57131040,0
1772715000000000,73042.87000000,73042.87000000,72960.58000000,73017.90000000,0.00278000,1772715299999999,202.97825900,6,0.00250000,182.53777600,0
1772715300000000,72964.04000000,72964.04000000,72928.02000000,72928.02000000,0.00219000,1772715599999999,159.78620480,2,0.00205000,149.57628200,0
1772715600000000,72901.97000000,72901.97000000,72762.47000000,72762.47000000,0.00065000,1772715899999999,47.34333270,5,0.00000000,0.00000000,0
1772715900000000,72725.20000000,72743.86000000,72700.31000000,72700.31000000,0.02943000,1772716199999999,2140.54677350,6,0.02903000,2111.46275330,0
1772716200000000,72699.68000000,72699.68000000,72615.35000000,72696.28000000,0.01388000,1772716499999999,1008.96395280,5,0.01346000,978.44988460,0
1772716500000000,72659.97000000,72659.97000000,72657.68000000,72657.68000000,0.00561000,1772716799999999,407.61070690,2,0.00561000,407.61070690,0
1772716800000000,72657.68000000,72657.68000000,72500.00000000,72500.00000000,0.00978000,1772717099999999,709.10660760,4,0.00000000,0.00000000,0
1772717100000000,72474.00000000,72480.88000000,72474.00000000,72480.88000000,0.00213000,1772717399999999,154.37051440,2,0.00000000,0.00000000,0
1772717400000000,72509.98000000,72509.98000000,72235.15000000,72235.15000000,0.02592000,1772717699999999,1874.43475510,15,0.02534000,1832.48206330,0
1772717700000000,72373.90000000,72433.71000000,72373.90000000,72433.71000000,0.00699000,1772717999999999,506.25635000,3,0.00699000,506.25635000,0
1772718000000000,72350.90000000,72350.90000000,72350.90000000,72350.90000000,0.00225000,1772718299999999,162.78952500,2,0.00212000,153.38390800,0
1772718300000000,72509.98000000,72646.31000000,72509.98000000,72646.31000000,0.01690000,1772718599999999,1226.74110790,7,0.01690000,1226.74110790,0
1772718600000000,72659.56000000,72659.56000000,72659.56000000,72659.56000000,0.00267000,1772718899999999,194.00102520,1,0.00267000,194.00102520,0
1772718900000000,72630.89000000,72633.09000000,72459.23000000,72459.23000000,0.01919000,1772719199999999,1393.36418250,5,0.01376000,999.42980040,0
1772719200000000,72459.23000000,72459.23000000,72459.23000000,72459.23000000,0.00000000,1772719499999999,0.00000000,0,0.00000000,0.00000000,0
1772719500000000,72570.91000000,72570.91000000,72350.90000000,72350.90000000,0.03301000,1772719799999999,2388.38494970,10,0.00000000,0.00000000,0
1772719800000000,72509.98000000,72654.70000000,72509.98000000,72654.70000000,0.00133000,1772720099999999,96.60565510,4,0.00133000,96.60565510,0
1772720100000000,72654.70000000,72654.70000000,72654.70000000,72654.70000000,0.00000000,1772720399999999,0.00000000,0,0.00000000,0.00000000,0
1772720400000000,72475.67000000,72475.67000000,72475.67000000,72475.67000000,0.00026000,1772720699999999,18.84367420,1,0.00026000,18.84367420,0
1772720700000000,72600.45000000,72600.84000000,72532.63000000,72532.63000000,0.00285000,1772720999999999,206.89783160,3,0.00285000,206.89783160,0
1772721000000000,72646.31000000,72782.90000000,72509.98000000,72782.90000000,0.00048000,1772721299999999,34.87681500,5,0.00048000,34.87681500,0
1772721300000000,72734.41000000,72739.22000000,72192.92000000,72192.92000000,0.01041000,1772721599999999,753.53926490,9,0.00275000,199.99382550,0
1772721600000000,72279.79000000,72279.79000000,71909.05000000,72014.11000000,0.21808000,1772721899999999,15699.30183410,44,0.01139000,821.22090400,0
1772721900000000,72033.72000000,72120.39000000,72033.72000000,72120.39000000,0.01099000,1772722199999999,792.23727660,4,0.01099000,792.23727660,0
1772722200000000,72373.90000000,72509.98000000,72373.90000000,72509.98000000,0.02565000,1772722499999999,1856.40278220,5,0.00018000,13.03954920,0
1772722500000000,72595.22000000,72670.24000000,72595.22000000,72624.92000000,0.01199000,1772722799999999,871.02732390,6,0.01199000,871.02732390,0
1772722800000000,72624.92000000,72624.92000000,72624.92000000,72624.92000000,0.00000000,1772723099999999,0.00000000,0,0.00000000,0.00000000,0
1772723100000000,72238.08000000,72284.42000000,72102.51000000,72102.51000000,0.00839000,1772723399999999,606.33635790,7,0.00775000,560.15720300,0
1772723400000000,71869.62000000,71909.57000000,71690.31000000,71880.65000000,0.01772000,1772723699999999,1271.90514220,11,0.01720000,1234.61031840,0
1772723700000000,71697.33000000,71697.33000000,71697.33000000,71697.33000000,0.00009000,1772723999999999,6.45275970,1,0.00000000,0.00000000,0
1772724000000000,71791.79000000,71797.94000000,71609.95000000,71609.95000000,0.28420000,1772724299999999,20365.75539780,18,0.28420000,20365.75539780,0
1772724300000000,71510.00000000,71510.00000000,71265.04000000,71265.04000000,0.00597000,1772724599999999,426.69107180,8,0.00020000,14.27465000,0
1772724600000000,71245.89000000,71428.48000000,71219.30000000,71428.48000000,0.00373000,1772724899999999,266.15362060,6,0.00341000,243.35859640,0
1772724900000000,71428.48000000,71562.78000000,71428.48000000,71562.78000000,0.00032000,1772725199999999,22.87279580,3,0.00018000,12.86921340,0
1772725200000000,71621.01000000,71621.01000000,71417.15000000,71427.00000000,0.01486000,1772725499999999,1062.05151730,9,0.00144000,102.88980180,0
1772725500000000,71398.02000000,71428.48000000,71361.82000000,71428.48000000,0.05818000,1772725799999999,4153.33905540,5,0.00107000,76.36314680,0
1772725800000000,71562.78000000,71697.33000000,71562.78000000,71697.33000000,0.00067000,1772726099999999,47.99838680,3,0.00018000,12.89340990,0
1772726100000000,71562.78000000,71562.78000000,71494.86000000,71494.86000000,0.09748000,1772726399999999,6969.34680000,22,0.09666000,6910.69316760,0
1772726400000000,71451.42000000,71451.42000000,71367.71000000,71367.71000000,0.00028000,1772726699999999,19.99467820,2,0.00000000,0.00000000,0
1772726700000000,71186.51000000,71186.51000000,70872.40000000,70872.40000000,0.20264000,1772726999999999,14383.87725160,38,0.00000000,0.00000000,0
1772727000000000,70831.70000000,71127.81000000,70831.70000000,71109.28000000,0.01208000,1772727299999999,857.04658900,6,0.01180000,837.13339640,0
1772727300000000,71034.33000000,71035.74000000,70841.88000000,70841.88000000,0.00437000,1772727599999999,310.35841660,5,0.00409000,290.52047820,0
1772727600000000,71027.09000000,71052.17000000,71002.02000000,71002.02000000,0.00418000,1772727899999999,296.79772090,5,0.00009000,6.39243810,0
1772727900000000,71141.44000000,71141.44000000,71141.44000000,71141.44000000,0.00061000,1772728199999999,43.39627840,1,0.00061000,43.39627840,0
1772728200000000,71141.44000000,71141.44000000,71141.44000000,71141.44000000,0.00000000,1772728499999999,0.00000000,0,0.00000000,0.00000000,0
1772728500000000,71294.43000000,71377.09000000,71294.43000000,71377.09000000,0.01375000,1772728799999999,981.34253690,5,0.01375000,981.34253690,0
1772728800000000,71428.48000000,71562.78000000,71397.96000000,71397.96000000,0.00221000,1772729099999999,157.86061640,5,0.00160000,114.30192920,0
1772729100000000,71386.98000000,71386.98000000,71378.07000000,71378.07000000,0.00178000,1772729399999999,127.06641870,2,0.00027000,19.27207890,0
1772729400000000,71364.81000000,71364.81000000,71252.21000000,71252.21000000,0.00291000,1772729699999999,207.63106110,2,0.00291000,207.63106110,0
1772729700000000,71310.86000000,71364.73000000,71310.86000000,71364.73000000,0.00149000,1772729999999999,106.32698330,2,0.00149000,106.32698330,0
1772730000000000,71579.09000000,71579.09000000,71579.09000000,71579.09000000,0.00419000,1772730299999999,299.91638710,1,0.00419000,299.91638710,0
1772730300000000,71464.28000000,71464.28000000,71160.63000000,71160.63000000,0.00048000,1772730599999999,34.22428970,4,0.00013000,9.26517280,0
1772730600000000,71181.66000000,71200.07000000,71164.03000000,71200.07000000,0.00756000,1772730899999999,538.15123200,5,0.00677000,481.93164830,0
1772730900000000,71054.18000000,71054.18000000,71054.18000000,71054.18000000,0.00020000,1772731199999999,14.21083600,1,0.00020000,14.21083600,0
1772731200000000,71000.00000000,71059.54000000,70880.45000000,71059.54000000,0.02966000,1772731499999999,2104.21113840,18,0.00712000,505.94053230,0
1772731500000000,71126.13000000,71126.13000000,71063.23000000,71071.64000000,0.00235000,1772731799999999,167.02336500,3,0.00235000,167.02336500,0
1772731800000000,70765.44000000,70885.70000000,70760.74000000,70885.70000000,0.00663000,1772732099999999,469.86181780,6,0.00639000,452.87867620,0
1772732100000000,70851.11000000,70928.08000000,70793.88000000,70909.94000000,0.00169000,1772732399999999,119.77213950,7,0.00113000,80.06181950,0
1772732400000000,70973.21000000,70973.21000000,70973.21000000,70973.21000000,0.00012000,1772732699999999,8.51678520,1,0.00012000,8.51678520,0
1772732700000000,70778.44000000,70778.44000000,70756.42000000,70756.42000000,0.00058000,1772732999999999,41.04219520,3,0.00000000,0.00000000,0
1772733000000000,70893.79000000,70922.76000000,70893.79000000,70922.76000000,0.00500000,1772733299999999,354.61119270,3,0.00500000,354.61119270,0
1772733300000000,70766.74000000,70851.65000000,70665.85000000,70665.85000000,0.01577000,1772733599999999,1114.64783480,9,0.00075000,53.13873750,0
1772733600000000,70746.92000000,70839.48000000,70746.92000000,70839.48000000,0.00499000,1772733899999999,353.13157470,4,0.00499000,353.13157470,0
1772733900000000,70871.43000000,70951.39000000,70869.87000000,70951.39000000,0.00234000,1772734199999999,165.84305100,3,0.00220000,155.92105080,0
1772734200000000,71038.31000000,71038.31000000,71038.31000000,71038.31000000,0.00490000,1772734499999999,348.08771900,1,0.00490000,348.08771900,0
1772734500000000,70887.21000000,70887.21000000,70887.21000000,70887.21000000,0.00012000,1772734799999999,8.50646520,1,0.00000000,0.00000000,0
1772734800000000,70815.44000000,70919.46000000,70815.44000000,70919.46000000,0.00211000,1772735099999999,149.62549780,2,0.00197000,139.71133620,0
1772735100000000,70792.28000000,70831.10000000,70792.28000000,70817.51000000,0.00559000,1772735399999999,395.88237970,4,0.00122000,86.41339320,0
1772735400000000,70837.65000000,70930.67000000,70837.65000000,70908.97000000,0.00659000,1772735699999999,467.33130940,5,0.00024000,17.00959440,0
1772735700000000,71017.71000000,71017.71000000,70920.42000000,70920.42000000,0.00105000,1772735999999999,74.55692070,2,0.00093000,66.04647030,0
1772736000000000,71037.48000000,71037.48000000,71037.48000000,71037.48000000,0.02192000,1772736299999999,1557.14156160,1,0.02192000,1557.14156160,0
1772736300000000,70916.13000000,70934.93000000,70907.57000000,70932.65000000,0.01280000,1772736599999999,907.77416800,6,0.00899000,637.52482870,0
1772736600000000,70859.37000000,70864.11000000,70859.37000000,70864.11000000,0.00677000,1772736899999999,479.72632470,2,0.00677000,479.72632470,0
1772736900000000,70917.51000000,70993.68000000,70917.51000000,70992.44000000,0.00879000,1772737199999999,623.91102660,4,0.00879000,623.91102660,0
1772737200000000,71136.51000000,71207.55000000,71136.51000000,71161.49000000,0.00517000,1772737499999999,367.93396750,4,0.00489000,348.00230190,0
1772737500000000,71198.95000000,71288.95000000,71198.95000000,71288.95000000,0.00147000,1772737799999999,104.67469290,3,0.00147000,104.67469290,0
1772737800000000,71270.14000000,71322.12000000,71270.14000000,71322.12000000,0.00020000,1772738099999999,14.25870620,3,0.00009000,6.41899080,0
1772738100000000,71276.49000000,71276.71000000,71276.49000000,71276.71000000,0.00107000,1772738399999999,76.26602910,2,0.00107000,76.26602910,0
1772738400000000,71276.71000000,71276.71000000,71276.71000000,71276.71000000,0.00000000,1772738699999999,0.00000000,0,0.00000000,0.00000000,0
1772738700000000,71202.49000000,71202.49000000,71116.65000000,71116.65000000,0.00332000,1772738999999999,236.14676440,2,0.00286000,203.39361900,0
1772739000000000,70992.44000000,70992.44000000,70992.44000000,70992.44000000,0.00029000,1772739299999999,20.58780760,1,0.00000000,0.00000000,0
1772739300000000,70968.74000000,70983.60000000,70958.49000000,70983.60000000,0.00340000,1772739599999999,241.30172340,4,0.00326000,231.36753480,0
1772739600000000,70983.60000000,70983.60000000,70983.60000000,70983.60000000,0.00000000,1772739899999999,0.00000000,0,0.00000000,0.00000000,0
1772739900000000,70983.60000000,70983.60000000,70983.60000000,70983.60000000,0.00000000,1772740199999999,0.00000000,0,0.00000000,0.00000000,0
1772740200000000,70983.60000000,70983.60000000,70983.60000000,70983.60000000,0.00000000,1772740499999999,0.00000000,0,0.00000000,0.00000000,0
1772740500000000,70917.51000000,70994.80000000,70917.51000000,70994.80000000,0.00043000,1772740799999999,30.51028570,4,0.00022000,15.61392140,0
1772740800000000,70966.35000000,70966.35000000,70932.70000000,70932.70000000,0.00049000,1772741099999999,34.76375300,2,0.00049000,34.76375300,0
1772741100000000,70904.45000000,71027.09000000,70904.45000000,71027.09000000,0.01313000,1772741399999999,931.04013310,3,0.01313000,931.04013310,0
1772741400000000,71027.09000000,71027.09000000,71027.09000000,71027.09000000,0.00000000,1772741699999999,0.00000000,0,0.00000000,0.00000000,0
1772741700000000,71138.52000000,71138.52000000,71138.52000000,71138.52000000,0.00008000,1772741999999999,5.69108160,1,0.00000000,0.00000000,0
1772742000000000,71198.69000000,71294.43000000,71198.69000000,71294.43000000,0.00039000,1772742299999999,27.77610570,2,0.00039000,27.77610570,0
1772742300000000,71331.68000000,71331.68000000,71331.68000000,71331.68000000,0.00084000,1772742599999999,59.91861120,1,0.00084000,59.91861120,0
1772742600000000,71295.66000000,71321.23000000,71295.66000000,71321.23000000,0.00149000,1772742899999999,106.26326300,2,0.00149000,106.26326300,0
1772742900000000,71333.17000000,71343.73000000,71333.17000000,71343.73000000,0.00155000,1772743199999999,110.57538950,3,0.00122000,87.03195860,0
1772743200000000,71225.56000000,71236.71000000,71205.45000000,71205.45000000,0.00441000,1772743499999999,314.10627370,4,0.00427000,304.13751070,0
1772743500000000,71191.93000000,71191.93000000,71160.63000000,71160.63000000,0.00132000,1772743799999999,93.97053060,2,0.00123000,87.56607390,0
1772743800000000,71081.93000000,71081.93000000,71081.93000000,71081.93000000,0.00021000,1772744099999999,14.92720530,1,0.00021000,14.92720530,0
1772744100000000,71220.77000000,71294.43000000,71220.77000000,71294.43000000,0.00724000,1772744399999999,515.80026360,4,0.00724000,515.80026360,0
1772744400000000,71318.73000000,71318.73000000,71318.73000000,71318.73000000,0.00105000,1772744699999999,74.88466650,1,0.00105000,74.88466650,0
1772744700000000,71318.73000000,71318.73000000,71318.73000000,71318.73000000,0.00000000,1772744999999999,0.00000000,0,0.00000000,0.00000000,0
1772745000000000,71288.31000000,71288.31000000,71288.31000000,71288.31000000,0.00024000,1772745299999999,17.10919440,1,0.00000000,0.00000000,0
1772745300000000,71374.46000000,71428.48000000,71374.46000000,71428.48000000,0.00079000,1772745599999999,56.39068520,2,0.00079000,56.39068520,0
1772745600000000,71428.48000000,71428.48000000,71428.48000000,71428.48000000,0.00000000,1772745899999999,0.00000000,0,0.00000000,0.00000000,0
1772745900000000,71520.50000000,71520.50000000,71500.05000000,71507.38000000,0.00737000,1772746199999999,526.99015940,3,0.00737000,526.99015940,0
1772746200000000,71507.38000000,71507.38000000,71507.38000000,71507.38000000,0.00000000,1772746499999999,0.00000000,0,0.00000000,0.00000000,0
1772746500000000,71290.07000000,71290.07000000,71160.63000000,71160.63000000,0.00433000,1772746799999999,308.35940690,8,0.00000000,0.00000000,0
1772746800000000,71161.42000000,71188.34000000,71161.42000000,71188.34000000,0.00539000,1772747099999999,383.63246860,2,0.00539000,383.63246860,0
1772747100000000,71294.43000000,71294.43000000,71294.43000000,71294.43000000,0.00009000,1772747399999999,6.41649870,2,0.00009000,6.41649870,0
1772747400000000,71258.37000000,71258.37000000,71160.63000000,71160.63000000,0.00023000,1772747699999999,16.38062850,2,0.00000000,0.00000000,0
1772747700000000,71160.63000000,71160.63000000,71160.63000000,71160.63000000,0.00000000,1772747999999999,0.00000000,0,0.00000000,0.00000000,0
1772748000000000,71204.67000000,71217.03000000,71160.63000000,71160.63000000,0.00697000,1772748299999999,496.33837150,6,0.00677000,482.10624550,0
1772748300000000,71160.63000000,71160.63000000,71160.63000000,71160.63000000,0.00000000,1772748599999999,0.00000000,0,0.00000000,0.00000000,0
1772748600000000,71160.63000000,71160.63000000,71160.63000000,71160.63000000,0.00000000,1772748899999999,0.00000000,0,0.00000000,0.00000000,0
1772748900000000,71187.80000000,71187.80000000,71187.80000000,71187.80000000,0.00151000,1772749199999999,107.49357800,1,0.00151000,107.49357800,0
1772749200000000,71187.80000000,71187.80000000,71187.80000000,71187.80000000,0.00000000,1772749499999999,0.00000000,0,0.00000000,0.00000000,0
1772749500000000,71159.81000000,71173.50000000,71159.81000000,71173.50000000,0.00149000,1772749799999999,106.03893200,2,0.00149000,106.03893200,0
1772749800000000,71171.00000000,71171.00000000,71171.00000000,71171.00000000,0.00070000,1772750099999999,49.81970000,1,0.00070000,49.81970000,0
1772750100000000,71255.00000000,71255.00000000,71255.00000000,71255.00000000,0.00014000,1772750399999999,9.97570000,1,0.00014000,9.97570000,0
1772750400000000,71294.43000000,71294.43000000,71294.43000000,71294.43000000,0.00009000,1772750699999999,6.41649870,1,0.00009000,6.41649870,0
1772750700000000,71321.79000000,71321.79000000,71321.79000000,71321.79000000,0.00259000,1772750999999999,184.72343610,1,0.00000000,0.00000000,0
1772751000000000,71321.79000000,71321.79000000,71321.79000000,71321.79000000,0.00000000,1772751299999999,0.00000000,0,0.00000000,0.00000000,0
1772751300000000,71321.79000000,71321.79000000,71321.79000000,71321.79000000,0.00000000,1772751599999999,0.00000000,0,0.00000000,0.00000000,0
1772751600000000,71221.81000000,71222.55000000,71221.81000000,71222.55000000,0.00170000,1772751899999999,121.07733600,2,0.00170000,121.07733600,0
1772751900000000,71222.55000000,71222.55000000,71222.55000000,71222.55000000,0.00000000,1772752199999999,0.00000000,0,0.00000000,0.00000000,0
1772752200000000,71222.55000000,71222.55000000,71222.55000000,71222.55000000,0.00000000,1772752499999999,0.00000000,0,0.00000000,0.00000000,0
1772752500000000,71224.60000000,71224.60000000,71200.00000000,71200.00000000,0.00256000,1772752799999999,182.30221700,3,0.00011000,7.83470600,0
1772752800000000,71224.12000000,71224.55000000,71224.12000000,71224.55000000,0.00299000,1772753099999999,212.96087130,2,0.00299000,212.96087130,0
1772753100000000,71224.55000000,71224.55000000,71224.55000000,71224.55000000,0.02728000,1772753399999999,1943.00572400,7,0.02728000,1943.00572400,0
1772753400000000,71200.00000000,71200.00000000,71027.09000000,71027.09000000,0.01903000,1772753699999999,1351.68020680,7,0.00000000,0.00000000,0
1772753700000000,70944.75000000,70995.82000000,70944.75000000,70995.82000000,0.02759000,1772753999999999,1957.37893070,2,0.02759000,1957.37893070,0
1772754000000000,70962.44000000,70962.44000000,70962.44000000,70962.44000000,0.00026000,1772754299999999,18.45023440,1,0.00026000,18.45023440,0
1772754300000000,70886.26000000,70886.26000000,70886.26000000,70886.26000000,0.00014000,1772754599999999,9.92407640,1,0.00000000,0.00000000,0
1772754600000000,70886.26000000,70886.26000000,70886.26000000,70886.26000000,0.00000000,1772754899999999,0.00000000,0,0.00000000,0.00000000,0
1772754900000000,70848.59000000,70848.59000000,70807.74000000,70807.74000000,0.00028000,1772755199999999,19.83188620,2,0.00000000,0.00000000,0
1772755200000000,70807.74000000,70807.74000000,70807.74000000,70807.74000000,0.00000000,1772755499999999,0.00000000,0,0.00000000,0.00000000,0
1772755500000000,70930.29000000,70930.29000000,70930.29000000,70930.29000000,0.00014000,1772755799999999,9.93024060,1,0.00000000,0.00000000,0
1772755800000000,71027.09000000,71027.09000000,71027.09000000,71027.09000000,0.00009000,1772756099999999,6.39243810,1,0.00009000,6.39243810,0
1772756100000000,71027.09000000,71027.09000000,71027.09000000,71027.09000000,0.00000000,1772756399999999,0.00000000,0,0.00000000,0.00000000,0
1772756400000000,71027.09000000,71027.09000000,71027.09000000,71027.09000000,0.00000000,1772756699999999,0.00000000,0,0.00000000,0.00000000,0
1772756700000000,71027.09000000,71027.09000000,71027.09000000,71027.09000000,0.00000000,1772756999999999,0.00000000,0,0.00000000,0.00000000,0
1772757000000000,70954.85000000,70954.85000000,70954.85000000,70954.85000000,0.00351000,1772757299999999,249.05152350,1,0.00351000,249.05152350,0
1772757300000000,70954.85000000,70954.85000000,70954.85000000,70954.85000000,0.00000000,1772757599999999,0.00000000,0,0.00000000,0.00000000,0
1772757600000000,70954.85000000,70954.85000000,70954.85000000,70954.85000000,0.00000000,1772757899999999,0.00000000,0,0.00000000,0.00000000,0
1772757900000000,70954.85000000,70954.85000000,70954.85000000,70954.85000000,0.00000000,1772758199999999,0.00000000,0,0.00000000,0.00000000,0
1772758200000000,70888.00000000,70888.00000000,70888.00000000,70888.00000000,0.00352000,1772758499999999,249.52576000,1,0.00000000,0.00000000,0
1772758500000000,70967.66000000,70975.50000000,70967.66000000,70975.50000000,0.00681000,1772758799999999,483.33766700,2,0.00681000,483.33766700,0
1772758800000000,70975.50000000,70975.50000000,70937.98000000,70937.98000000,0.00541000,1772759099999999,383.97070140,4,0.00279000,198.01489140,0
1772759100000000,70914.44000000,70914.44000000,70914.44000000,70914.44000000,0.00498000,1772759399999999,353.15391120,1,0.00498000,353.15391120,0
1772759400000000,70919.22000000,70919.22000000,70919.22000000,70919.22000000,0.00157000,1772759699999999,111.34317540,1,0.00157000,111.34317540,0
1772759700000000,70801.98000000,70861.16000000,70801.98000000,70861.16000000,0.00187000,1772759999999999,132.41308410,4,0.00020000,14.17179530,0
1772760000000000,70861.16000000,70861.16000000,70861.16000000,70861.16000000,0.00000000,1772760299999999,0.00000000,0,0.00000000,0.00000000,0
1772760300000000,70760.74000000,70760.74000000,70374.55000000,70478.50000000,0.17563000,1772760599999999,12366.12344620,21,0.00023000,16.22418260,0
1772760600000000,70627.95000000,70851.73000000,70627.95000000,70851.73000000,0.00046000,1772760899999999,32.55897260,3,0.00035000,24.77796530,0
1772760900000000,70893.79000000,71027.09000000,70893.79000000,71027.09000000,0.00018000,1772761199999999,12.77287920,2,0.00018000,12.77287920,0
1772761200000000,71027.09000000,71027.09000000,71027.09000000,71027.09000000,0.00000000,1772761499999999,0.00000000,0,0.00000000,0.00000000,0
1772761500000000,71027.09000000,71027.09000000,71027.09000000,71027.09000000,0.00000000,1772761799999999,0.00000000,0,0.00000000,0.00000000,0
1772761800000000,71027.09000000,71027.09000000,71027.09000000,71027.09000000,0.00000000,1772762099999999,0.00000000,0,0.00000000,0.00000000,0
1772762100000000,71027.09000000,71027.09000000,71027.09000000,71027.09000000,0.00000000,1772762399999999,0.00000000,0,0.00000000,0.00000000,0
1772762400000000,71027.09000000,71027.09000000,71027.09000000,71027.09000000,0.00000000,1772762699999999,0.00000000,0,0.00000000,0.00000000,0
1772762700000000,71216.78000000,71216.78000000,71216.78000000,71216.78000000,0.00034000,1772762999999999,24.21370520,1,0.00034000,24.21370520,0
1772763000000000,71294.43000000,71294.43000000,71294.43000000,71294.43000000,0.00009000,1772763299999999,6.41649870,1,0.00009000,6.41649870,0
1772763300000000,71243.26000000,71243.26000000,71243.26000000,71243.26000000,0.00009000,1772763599999999,6.41189340,1,0.00000000,0.00000000,0
1772763600000000,71160.63000000,71160.63000000,71101.15000000,71101.15000000,0.00194000,1772763899999999,137.94523720,3,0.00185000,131.54078050,0
1772763900000000,71294.43000000,71300.63000000,71294.43000000,71300.63000000,0.00023000,1772764199999999,16.39858690,2,0.00009000,6.41649870,0
1772764200000000,71300.63000000,71300.63000000,71300.63000000,71300.63000000,0.00000000,1772764499999999,0.00000000,0,0.00000000,0.00000000,0
1772764500000000,71300.63000000,71300.63000000,71300.63000000,71300.63000000,0.00000000,1772764799999999,0.00000000,0,0.00000000,0.00000000,0
1772764800000000,71300.63000000,71300.63000000,71300.63000000,71300.63000000,0.00000000,1772765099999999,0.00000000,0,0.00000000,0.00000000,0
1772765100000000,71326.39000000,71326.39000000,71326.39000000,71326.39000000,0.00070000,1772765399999999,49.92847300,1,0.00070000,49.92847300,0
1772765400000000,71326.39000000,71326.39000000,71326.39000000,71326.39000000,0.00000000,1772765699999999,0.00000000,0,0.00000000,0.00000000,0
1772765700000000,71326.39000000,71326.39000000,71326.39000000,71326.39000000,0.00000000,1772765999999999,0.00000000,0,0.00000000,0.00000000,0
1772766000000000,71326.39000000,71326.39000000,71326.39000000,71326.39000000,0.00000000,1772766299999999,0.00000000,0,0.00000000,0.00000000,0
1772766300000000,71326.39000000,71326.39000000,71326.39000000,71326.39000000,0.00000000,1772766599999999,0.00000000,0,0.00000000,0.00000000,0
1772766600000000,71214.11000000,71214.11000000,71078.98000000,71078.98000000,0.00624000,1772766899999999,443.55910190,4,0.00601000,427.18466980,0
1772766900000000,71027.09000000,71027.09000000,71027.09000000,71027.09000000,0.00023000,1772767199999999,16.33623070,1,0.00000000,0.00000000,0
1772767200000000,71027.09000000,71027.09000000,71027.09000000,71027.09000000,0.00000000,1772767499999999,0.00000000,0,0.00000000,0.00000000,0
1772767500000000,71027.09000000,71027.09000000,71027.09000000,71027.09000000,0.00000000,1772767799999999,0.00000000,0,0.00000000,0.00000000,0
1772767800000000,71176.70000000,71176.70000000,71176.70000000,71176.70000000,0.00216000,1772768099999999,153.74167200,1,0.00216000,153.74167200,0
1772768100000000,71176.70000000,71176.70000000,71176.70000000,71176.70000000,0.00000000,1772768399999999,0.00000000,0,0.00000000,0.00000000,0
1772768400000000,71176.70000000,71176.70000000,71176.70000000,71176.70000000,0.00000000,1772768699999999,0.00000000,0,0.00000000,0.00000000,0
1772768700000000,71106.51000000,71106.51000000,71098.39000000,71098.39000000,0.00142000,1772768999999999,100.97010740,2,0.00128000,91.01633280,0
1772769000000000,71098.39000000,71098.39000000,71098.39000000,71098.39000000,0.00000000,1772769299999999,0.00000000,0,0.00000000,0.00000000,0
1772769300000000,71034.02000000,71034.02000000,71034.02000000,71034.02000000,0.00014000,1772769599999999,9.94476280,1,0.00000000,0.00000000,0
1772769600000000,71000.00000000,71000.00000000,71000.00000000,71000.00000000,0.01021000,1772769899999999,724.91000000,3,0.00000000,0.00000000,0
1772769900000000,71000.00000000,71000.00000000,71000.00000000,71000.00000000,0.00000000,1772770199999999,0.00000000,0,0.00000000,0.00000000,0
1772770200000000,71000.00000000,71000.00000000,71000.00000000,71000.00000000,0.00000000,1772770499999999,0.00000000,0,0.00000000,0.00000000,0
1772770500000000,71000.00000000,71000.00000000,71000.00000000,71000.00000000,0.00000000,1772770799999999,0.00000000,0,0.00000000,0.00000000,0
1772770800000000,71000.00000000,71000.00000000,71000.00000000,71000.00000000,0.00000000,1772771099999999,0.00000000,0,0.00000000,0.00000000,0
1772771100000000,70929.06000000,70929.06000000,70929.06000000,70929.06000000,0.00151000,1772771399999999,107.10288060,1,0.00151000,107.10288060,0
1772771400000000,70835.03000000,70835.03000000,70835.03000000,70835.03000000,0.00014000,1772771699999999,9.91690420,1,0.00000000,0.00000000,0
1772771700000000,70760.74000000,70763.39000000,70735.44000000,70735.44000000,0.00047000,1772771999999999,33.25086740,4,0.00010000,7.07633900,0
1772772000000000,70701.98000000,70701.98000000,70318.12000000,70470.46000000,0.00625000,1772772299999999,441.34254550,8,0.00078000,54.86408880,0
1772772300000000,70470.46000000,70470.46000000,70470.46000000,70470.46000000,0.00000000,1772772599999999,0.00000000,0,0.00000000,0.00000000,0
1772772600000000,70470.46000000,70470.46000000,70470.46000000,70470.46000000,0.00000000,1772772899999999,0.00000000,0,0.00000000,0.00000000,0
1772772900000000,70613.27000000,70615.53000000,70613.27000000,70615.53000000,0.02738000,1772773199999999,1933.41795170,4,0.02738000,1933.41795170,0
1772773200000000,70594.12000000,70594.12000000,70589.59000000,70589.59000000,0.00506000,1772773499999999,357.20561300,3,0.00492000,347.32307040,0
1772773500000000,70579.03000000,70579.03000000,70564.91000000,70564.91000000,0.00025000,1772773799999999,17.64320430,2,0.00011000,7.76214010,0
1772773800000000,70517.65000000,70517.65000000,70424.86000000,70429.04000000,0.00277000,1772774099999999,195.09887350,5,0.00141000,99.30091290,0
1772774100000000,70615.76000000,70626.35000000,70615.76000000,70626.35000000,0.00191000,1772774399999999,134.88891550,2,0.00191000,134.88891550,0
1772774400000000,70598.14000000,70598.14000000,70369.64000000,70369.64000000,0.00070000,1772774699999999,49.34645660,5,0.00000000,0.00000000,0
1772774700000000,70363.10000000,70365.83000000,70363.10000000,70365.83000000,0.00080000,1772774999999999,56.29241830,2,0.00071000,49.95973930,0
1772775000000000,70381.72000000,70469.44000000,70343.69000000,70343.69000000,0.00056000,1772775299999999,39.42370880,4,0.00000000,0.00000000,0
1772775300000000,70300.00000000,70407.96000000,70242.18000000,70370.30000000,0.00555000,1772775599999999,390.06133420,5,0.00000000,0.00000000,0
1772775600000000,70299.12000000,70299.12000000,70180.47000000,70190.73000000,0.00097000,1772775899999999,68.11236830,7,0.00000000,0.00000000,0
1772775900000000,70214.22000000,70214.22000000,70138.97000000,70138.97000000,0.00053000,1772776199999999,37.19389950,4,0.00000000,0.00000000,0
1772776200000000,70210.29000000,70210.29000000,70192.36000000,70192.36000000,0.00310000,1772776499999999,217.59882620,2,0.00296000,207.76938560,0
1772776500000000,70398.89000000,70398.89000000,70398.89000000,70398.89000000,0.00009000,1772776799999999,6.33590010,1,0.00009000,6.33590010,0
1772776800000000,70396.18000000,70396.18000000,70396.18000000,70396.18000000,0.00014000,1772777099999999,9.85546520,1,0.00000000,0.00000000,0
1772777100000000,70323.30000000,70323.30000000,70323.30000000,70323.30000000,0.00014000,1772777399999999,9.84526200,1,0.00000000,0.00000000,0
1772777400000000,70322.36000000,70322.36000000,70322.36000000,70322.36000000,0.00014000,1772777699999999,9.84513040,1,0.00000000,0.00000000,0
1772777700000000,70352.20000000,70352.20000000,70352.20000000,70352.20000000,0.00007000,1772777999999999,4.92465400,1,0.00007000,4.92465400,0
1772778000000000,70352.20000000,70352.20000000,70352.20000000,70352.20000000,0.00000000,1772778299999999,0.00000000,0,0.00000000,0.00000000,0
1772778300000000,70352.20000000,70352.20000000,70352.20000000,70352.20000000,0.00000000,1772778599999999,0.00000000,0,0.00000000,0.00000000,0
1772778600000000,70352.20000000,70352.20000000,70352.20000000,70352.20000000,0.00000000,1772778899999999,0.00000000,0,0.00000000,0.00000000,0
1772778900000000,70544.97000000,70544.97000000,70544.97000000,70544.97000000,0.00014000,1772779199999999,9.87629580,1,0.00000000,0.00000000,0
1772779200000000,70544.97000000,70544.97000000,70544.97000000,70544.97000000,0.00000000,1772779499999999,0.00000000,0,0.00000000,0.00000000,0
1772779500000000,70852.84000000,70852.84000000,70852.84000000,70852.84000000,0.00016000,1772779799999999,11.33645440,1,0.00016000,11.33645440,0
1772779800000000,70731.96000000,70731.96000000,70648.27000000,70648.27000000,0.00336000,1772780099999999,237.63746860,4,0.00294000,207.94667040,0
1772780100000000,70648.27000000,70648.27000000,70648.27000000,70648.27000000,0.00000000,1772780399999999,0.00000000,0,0.00000000,0.00000000,0
1772780400000000,70648.27000000,70648.27000000,70648.27000000,70648.27000000,0.00000000,1772780699999999,0.00000000,0,0.00000000,0.00000000,0
1772780700000000,70795.52000000,70795.52000000,70750.00000000,70752.24000000,0.00589000,1772780999999999,416.74189360,4,0.00575000,406.83689360,0
1772781000000000,70596.47000000,70596.47000000,70500.00000000,70500.00000000,0.00037000,1772781299999999,26.10593800,3,0.00000000,0.00000000,0
1772781300000000,70676.69000000,70676.69000000,70665.63000000,70668.05000000,0.00950000,1772781599999999,671.33153100,4,0.00950000,671.33153100,0
1772781600000000,70668.05000000,70668.05000000,70668.05000000,70668.05000000,0.00000000,1772781899999999,0.00000000,0,0.00000000,0.00000000,0
1772781900000000,70823.51000000,70823.51000000,70823.51000000,70823.51000000,0.00027000,1772782199999999,19.12234770,1,0.00027000,19.12234770,0
1772782200000000,70951.39000000,70951.39000000,70951.39000000,70951.39000000,0.00009000,1772782499999999,6.38562510,1,0.00009000,6.38562510,0
1772782500000000,70983.79000000,71035.96000000,70966.17000000,70966.17000000,0.09705000,1772782799999999,6892.40265570,12,0.09705000,6892.40265570,0
1772782800000000,70966.17000000,70966.17000000,70966.17000000,70966.17000000,0.00000000,1772783099999999,0.00000000,0,0.00000000,0.00000000,0
1772783100000000,71136.51000000,71157.56000000,71118.72000000,71118.72000000,0.00055000,1772783399999999,39.12233470,3,0.00041000,29.16027630,0
1772783400000000,71122.38000000,71122.38000000,71122.38000000,71122.38000000,0.00299000,1772783699999999,212.65591620,1,0.00299000,212.65591620,0
1772783700000000,71122.38000000,71122.38000000,71122.38000000,71122.38000000,0.00000000,1772783999999999,0.00000000,0,0.00000000,0.00000000,0
1772784000000000,71063.77000000,71069.08000000,70985.60000000,70985.60000000,0.00946000,1772784299999999,672.19132440,5,0.00932000,662.25334040,0
1772784300000000,70941.55000000,70941.55000000,70941.55000000,70941.55000000,0.00030000,1772784599999999,21.28246500,1,0.00030000,21.28246500,0
1772784600000000,70914.22000000,70914.22000000,70914.22000000,70914.22000000,0.00014000,1772784899999999,9.92799080,1,0.00000000,0.00000000,0
1772784900000000,70976.63000000,70981.75000000,70926.16000000,70926.16000000,0.02825000,1772785199999999,2004.95238990,4,0.02825000,2004.95238990,0
1772785200000000,70926.16000000,70926.16000000,70926.16000000,70926.16000000,0.00068000,1772785499999999,48.22978880,1,0.00000000,0.00000000,0
1772785500000000,70926.16000000,70926.16000000,70926.16000000,70926.16000000,0.00000000,1772785799999999,0.00000000,0,0.00000000,0.00000000,0
1772785800000000,70975.27000000,70975.27000000,70967.44000000,70967.44000000,0.00385000,1772786099999999,273.22793260,2,0.00385000,273.22793260,0
1772786100000000,70994.01000000,71006.62000000,70899.42000000,70899.42000000,0.00232000,1772786399999999,164.69462600,3,0.00204000,144.82778040,0
1772786400000000,70899.42000000,70899.42000000,70899.42000000,70899.42000000,0.00000000,1772786699999999,0.00000000,0,0.00000000,0.00000000,0
1772786700000000,70917.29000000,70949.68000000,70917.29000000,70949.68000000,0.01568000,1772786999999999,1112.48644780,2,0.01554000,1102.55802720,0
1772787000000000,70857.52000000,70857.52000000,70839.21000000,70839.21000000,0.00126000,1772787299999999,89.27791180,2,0.00112000,79.36042240,0
1772787300000000,70766.74000000,70766.74000000,70760.14000000,70760.14000000,0.00057000,1772787599999999,40.33387380,2,0.00048000,33.96486720,0
1772787600000000,70782.13000000,70800.97000000,70758.82000000,70800.97000000,0.00042000,1772787899999999,29.72799330,4,0.00028000,19.81849510,0
1772787900000000,70766.45000000,70796.75000000,70654.27000000,70693.93000000,0.00083000,1772788199999999,58.70761270,8,0.00069000,48.81274170,0
1772788200000000,70642.09000000,70642.09000000,70557.13000000,70585.00000000,0.00146000,1772788499999999,103.06660330,14,0.00109000,76.93963030,0
1772788500000000,70592.63000000,70625.56000000,70425.81000000,70609.25000000,0.00178000,1772788799999999,125.55698570,17,0.00150000,105.83367650,0
1772788800000000,70591.45000000,70591.45000000,70472.55000000,70472.55000000,0.01723000,1772789099999999,1215.19986580,29,0.00265000,186.89980020,0
1772789100000000,70493.73000000,70493.73000000,70385.21000000,70430.80000000,0.00266000,1772789399999999,187.32940780,26,0.00266000,187.32940780,0
1772789400000000,70412.50000000,70466.55000000,70348.46000000,70348.46000000,0.00267000,1772789699999999,188.02815300,20,0.00267000,188.02815300,0
1772789700000000,70340.82000000,70460.90000000,70340.82000000,70375.65000000,0.00455000,1772789999999999,320.37834350,18,0.00455000,320.37834350,0
1772790000000000,70336.13000000,70572.39000000,70336.13000000,70572.39000000,0.00866000,1772790299999999,610.42893120,18,0.00866000,610.42893120,0
1772790300000000,70570.61000000,70631.23000000,70481.82000000,70503.26000000,0.00232000,1772790599999999,163.63620610,22,0.00232000,163.63620610,0
1772790600000000,70530.99000000,70595.46000000,70497.77000000,70513.11000000,0.00489000,1772790899999999,344.85937270,24,0.00355000,250.39096930,0
1772790900000000,70522.97000000,70638.42000000,70514.96000000,70584.83000000,0.01433000,1772791199999999,1011.63949150,29,0.01433000,1011.63949150,0
1772791200000000,70563.06000000,70683.20000000,70563.06000000,70663.95000000,0.00276000,1772791499999999,194.92530280,26,0.00276000,194.92530280,0
1772791500000000,70683.20000000,70719.23000000,70662.28000000,70686.61000000,0.00164000,1772791799999999,115.91238360,16,0.00164000,115.91238360,0
1772791800000000,70680.02000000,70703.48000000,70657.30000000,70703.48000000,0.00147000,1772792099999999,103.88570170,15,0.00147000,103.88570170,0
1772792100000000,70705.04000000,70731.08000000,70681.30000000,70681.30000000,0.00148000,1772792399999999,104.64440650,12,0.00148000,104.64440650,0
1772792400000000,70734.33000000,70778.37000000,70684.12000000,70778.37000000,0.00098000,1772792699999999,69.30814280,10,0.00098000,69.30814280,0
1772792700000000,70766.70000000,70811.94000000,70718.87000000,70788.53000000,0.00130000,1772792999999999,91.99916260,12,0.00102000,72.19303640,0
1772793000000000,70757.02000000,70757.02000000,70619.30000000,70619.30000000,0.00557000,1772793299999999,393.66788410,13,0.00266000,188.12015050,0
1772793300000000,70605.68000000,70605.68000000,70565.89000000,70565.89000000,0.00111000,1772793599999999,78.35285340,10,0.00088000,62.11562600,0
1772793600000000,70571.20000000,70575.14000000,70537.62000000,70565.82000000,0.00054000,1772793899999999,38.10329100,5,0.00054000,38.10329100,0
1772793900000000,70560.82000000,70613.65000000,70560.78000000,70578.13000000,0.00530000,1772794199999999,373.98561890,7,0.00530000,373.98561890,0
1772794200000000,70559.94000000,70631.82000000,70499.93000000,70607.37000000,0.00049000,1772794499999999,34.58439430,5,0.00049000,34.58439430,0
1772794500000000,70532.32000000,70624.86000000,70532.32000000,70574.95000000,0.00052000,1772794799999999,36.70033750,5,0.00052000,36.70033750,0
1772794800000000,70542.47000000,70542.47000000,70461.63000000,70461.63000000,0.00048000,1772795099999999,33.83965010,5,0.00048000,33.83965010,0
1772795100000000,70477.20000000,70532.24000000,70469.78000000,70489.01000000,0.00075000,1772795399999999,52.86495640,7,0.00061000,42.99649500,0
1772795400000000,70460.71000000,70624.13000000,70444.98000000,70564.13000000,0.00184000,1772795699999999,129.66453590,6,0.00184000,129.66453590,0
1772795700000000,70558.19000000,70582.54000000,70545.77000000,70554.98000000,0.00219000,1772795999999999,154.52203520,7,0.00219000,154.52203520,0
1772796000000000,70539.78000000,70582.54000000,70539.78000000,70574.54000000,0.00057000,1772796299999999,40.22294500,6,0.00057000,40.22294500,0
1772796300000000,70554.45000000,70582.54000000,70548.67000000,70580.45000000,0.00182000,1772796599999999,128.41540520,6,0.00182000,128.41540520,0
1772796600000000,70548.72000000,70559.76000000,70506.92000000,70509.64000000,0.02502000,1772796899999999,1765.36900150,15,0.00101000,71.23807210,0
1772796900000000,70524.97000000,70633.24000000,70524.97000000,70633.24000000,0.00104000,1772797199999999,73.41540160,9,0.00104000,73.41540160,0
1772797200000000,70632.99000000,70632.99000000,70419.35000000,70419.35000000,0.00058000,1772797499999999,40.90642310,6,0.00049000,34.56183710,0
1772797500000000,70390.87000000,70390.87000000,70314.08000000,70314.08000000,0.00074000,1772797799999999,52.06110960,7,0.00051000,35.87370880,0
1772797800000000,70312.50000000,70312.50000000,70277.11000000,70277.26000000,0.00051000,1772798099999999,35.84701800,5,0.00051000,35.84701800,0
1772798100000000,70267.66000000,70267.66000000,70267.66000000,70267.66000000,0.00015000,1772798399999999,10.54014900,1,0.00015000,10.54014900,0
1772798400000000,70203.26000000,70207.86000000,70123.48000000,70170.20000000,0.00701000,1772798699999999,492.06605380,10,0.00247000,173.40205220,0
1772798700000000,70124.38000000,70124.38000000,69843.12000000,69843.12000000,0.30897000,1772798999999999,21616.56177620,37,0.00430000,300.53771350,0
1772799000000000,69929.34000000,69929.34000000,69929.34000000,69929.34000000,0.00014000,1772799299999999,9.79010760,1,0.00000000,0.00000000,0
1772799300000000,69967.70000000,69988.01000000,69967.70000000,69988.01000000,0.00037000,1772799599999999,25.89291400,3,0.00009000,6.29709300,0
1772799600000000,70164.59000000,70164.59000000,70113.34000000,70136.36000000,0.00510000,1772799899999999,357.70092420,6,0.00482000,338.05956400,0
1772799900000000,70097.54000000,70097.54000000,70061.79000000,70061.79000000,0.00028000,1772800199999999,19.62230620,2,0.00000000,0.00000000,0
1772800200000000,69988.01000000,69988.01000000,69893.41000000,69893.41000000,0.00122000,1772800499999999,85.32672020,2,0.00062000,43.33391420,0
1772800500000000,69811.19000000,69845.33000000,69762.48000000,69764.56000000,0.00717000,1772800799999999,500.33747540,8,0.00146000,101.97418180,0
1772800800000000,69764.56000000,69764.56000000,69764.56000000,69764.56000000,0.00000000,1772801099999999,0.00000000,0,0.00000000,0.00000000,0
1772801100000000,69695.49000000,69695.49000000,69644.21000000,69644.21000000,0.00028000,1772801399999999,19.50755800,2,0.00000000,0.00000000,0
1772801400000000,69850.70000000,69850.70000000,69850.70000000,69850.70000000,0.00009000,1772801699999999,6.28656300,1,0.00009000,6.28656300,0
1772801700000000,70032.95000000,70042.87000000,69931.54000000,69931.54000000,0.00051000,1772801999999999,35.69519690,4,0.00009000,6.30296550,0
1772802000000000,70017.44000000,70017.44000000,70006.83000000,70006.83000000,0.00135000,1772802299999999,94.51070590,2,0.00121000,84.70826430,0
1772802300000000,69985.10000000,69991.58000000,69985.10000000,69991.58000000,0.01432000,1772802599999999,1002.22433830,3,0.01432000,1002.22433830,0
1772802600000000,69991.58000000,69991.58000000,69991.58000000,69991.58000000,0.00000000,1772802899999999,0.00000000,0,0.00000000,0.00000000,0
1772802900000000,69991.58000000,69991.58000000,69991.58000000,69991.58000000,0.00000000,1772803199999999,0.00000000,0,0.00000000,0.00000000,0
1772803200000000,69967.70000000,69967.70000000,69967.70000000,69967.70000000,0.00009000,1772803499999999,6.29709300,1,0.00009000,6.29709300,0
1772803500000000,70093.47000000,70093.47000000,70093.47000000,70093.47000000,0.00014000,1772803799999999,9.81308580,1,0.00000000,0.00000000,0
1772803800000000,69967.70000000,70053.96000000,69772.44000000,70053.96000000,0.08334000,1772804099999999,5833.12750510,22,0.07491000,5243.71363620,0
1772804100000000,70231.06000000,70231.06000000,70099.25000000,70099.25000000,0.00047000,1772804399999999,32.97343670,3,0.00038000,26.66450420,0
1772804400000000,70067.63000000,70068.10000000,70067.63000000,70068.10000000,0.00345000,1772804699999999,241.73418360,2,0.00345000,241.73418360,0
1772804700000000,70068.10000000,70068.10000000,70068.10000000,70068.10000000,0.00000000,1772804999999999,0.00000000,0,0.00000000,0.00000000,0
1772805000000000,69967.70000000,69967.70000000,69967.70000000,69967.70000000,0.00009000,1772805299999999,6.29709300,1,0.00009000,6.29709300,0
1772805300000000,69887.30000000,69887.30000000,69307.90000000,69307.90000000,0.04657000,1772805599999999,3239.05077000,17,0.00723000,501.47925720,0
1772805600000000,69217.72000000,69217.72000000,69000.00000000,69117.66000000,0.00775000,1772805899999999,535.15192500,12,0.00261000,180.43703440,0
1772805900000000,69188.22000000,69188.22000000,68677.56000000,68677.56000000,0.01987000,1772806199999999,1372.35353180,10,0.01061000,733.38212780,0
1772806200000000,68748.87000000,68748.87000000,68661.33000000,68661.33000000,0.00298000,1772806499999999,204.74652660,3,0.00148000,101.74832760,0
1772806500000000,68778.72000000,68946.51000000,68778.72000000,68946.51000000,0.00205000,1772806799999999,141.01147710,2,0.00205000,141.01147710,0
1772806800000000,69003.94000000,69003.95000000,69003.94000000,69003.95000000,0.00350000,1772807099999999,241.51381790,2,0.00350000,241.51381790,0
1772807100000000,68914.86000000,69075.26000000,68914.86000000,69027.25000000,0.00959000,1772807399999999,662.06199700,6,0.00648000,447.35803460,0
1772807400000000,69042.54000000,69042.54000000,68767.08000000,68863.18000000,0.01005000,1772807699999999,692.87894600,13,0.00964000,664.67390880,0
1772807700000000,68767.08000000,68767.08000000,68433.17000000,68661.82000000,0.03480000,1772807999999999,2387.12601160,19,0.02742000,1881.57197440,0
1772808000000000,68701.37000000,68803.96000000,68616.39000000,68774.68000000,0.04724000,1772808299999999,3248.35648100,17,0.00656000,450.60249860,0
1772808300000000,68859.88000000,68859.88000000,68461.57000000,68480.98000000,0.03660000,1772808599999999,2511.97806100,18,0.03578000,2455.58581640,0
1772808600000000,68369.98000000,68522.94000000,68357.59000000,68367.36000000,0.00592000,1772808899999999,404.80136400,11,0.00592000,404.80136400,0
1772808900000000,68360.66000000,68402.68000000,68215.57000000,68215.57000000,0.01306000,1772809199999999,893.09559980,5,0.01004000,686.76290720,0
1772809200000000,68409.62000000,68588.12000000,68409.62000000,68557.24000000,0.00179000,1772809499999999,122.70406340,6,0.00039000,26.72392740,0
1772809500000000,68619.69000000,68619.69000000,68619.69000000,68619.69000000,0.00042000,1772809799999999,28.82026980,1,0.00042000,28.82026980,0
1772809800000000,68520.27000000,68597.46000000,68508.49000000,68597.46000000,0.00742000,1772810099999999,508.38576350,6,0.00069000,47.32185880,0
1772810100000000,68774.56000000,68779.58000000,68774.56000000,68779.58000000,0.00842000,1772810399999999,579.09596880,3,0.00842000,579.09596880,0
1772810400000000,68857.64000000,68946.51000000,68857.64000000,68946.51000000,0.00020000,1772810699999999,13.77952630,2,0.00020000,13.77952630,0
1772810700000000,68946.51000000,68946.51000000,68849.84000000,68854.86000000,0.03140000,1772810999999999,2163.31960930,12,0.00872000,600.48880650,0
1772811000000000,68887.35000000,68887.35000000,68887.35000000,68887.35000000,0.00281000,1772811299999999,193.57345350,1,0.00281000,193.57345350,0
1772811300000000,68905.41000000,68982.86000000,68894.53000000,68934.53000000,0.00751000,1772811599999999,518.01136230,5,0.00739000,509.74271310,0
1772811600000000,68767.08000000,68767.08000000,68721.03000000,68721.03000000,0.00809000,1772811899999999,555.95727720,2,0.00800000,549.76824000,0
1772811900000000,68721.03000000,68721.03000000,68721.03000000,68721.03000000,0.00000000,1772812199999999,0.00000000,0,0.00000000,0.00000000,0
1772812200000000,68409.62000000,68409.62000000,68409.62000000,68409.62000000,0.00009000,1772812499999999,6.15686580,1,0.00000000,0.00000000,0
1772812500000000,68409.62000000,68409.62000000,68409.62000000,68409.62000000,0.00000000,1772812799999999,0.00000000,0,0.00000000,0.00000000,0
1772812800000000,68543.64000000,68588.12000000,68543.64000000,68588.12000000,0.00057000,1772813099999999,39.07387800,2,0.00057000,39.07387800,0
1772813100000000,68581.79000000,68581.79000000,68581.79000000,68581.79000000,0.00281000,1772813399999999,192.71482990,1,0.00281000,192.71482990,0
1772813400000000,68419.87000000,68420.50000000,68302.36000000,68302.36000000,0.00651000,1772813699999999,445.39832280,3,0.00636000,435.15296880,0
1772813700000000,68363.09000000,68363.09000000,68363.09000000,68363.09000000,0.00033000,1772813999999999,22.55981970,2,0.00033000,22.55981970,0
1772814000000000,68304.89000000,68409.62000000,68304.89000000,68409.62000000,0.00250000,1772814299999999,170.78695610,3,0.00250000,170.78695610,0
1772814300000000,68497.51000000,68577.07000000,68497.51000000,68577.07000000,0.00451000,1772814599999999,308.94604690,2,0.00451000,308.94604690,0
1772814600000000,68514.43000000,68580.52000000,68496.56000000,68523.63000000,0.03092000,1772814899999999,2118.20417510,6,0.03092000,2118.20417510,0
1772814900000000,68588.12000000,68634.28000000,68588.12000000,68634.28000000,0.00156000,1772815199999999,107.06532240,3,0.00156000,107.06532240,0
1772815200000000,68576.20000000,68576.20000000,68576.20000000,68576.20000000,0.00127000,1772815499999999,87.09177400,1,0.00127000,87.09177400,0
1772815500000000,68675.91000000,68675.91000000,68675.91000000,68675.91000000,0.00148000,1772815799999999,101.64034680,1,0.00148000,101.64034680,0
1772815800000000,68674.92000000,68675.91000000,68575.68000000,68575.68000000,0.00579000,1772816099999999,397.61776170,4,0.00073000,50.13269160,0
1772816100000000,68387.52000000,68456.29000000,68387.52000000,68456.29000000,0.00078000,1772816399999999,53.36226900,3,0.00078000,53.36226900,0
1772816400000000,68588.12000000,68609.34000000,68588.12000000,68609.34000000,0.00087000,1772816699999999,59.68821600,2,0.00087000,59.68821600,0
1772816700000000,68556.55000000,68556.55000000,68556.55000000,68556.55000000,0.00211000,1772816999999999,144.65432050,1,0.00211000,144.65432050,0
1772817000000000,68556.55000000,68556.55000000,68556.55000000,68556.55000000,0.00000000,1772817299999999,0.00000000,0,0.00000000,0.00000000,0
1772817300000000,68452.43000000,68452.43000000,68452.43000000,68452.43000000,0.00040000,1772817599999999,27.38097200,1,0.00040000,27.38097200,0
1772817600000000,68452.43000000,68452.43000000,68452.43000000,68452.43000000,0.00000000,1772817899999999,0.00000000,0,0.00000000,0.00000000,0
1772817900000000,68385.18000000,68418.33000000,68246.27000000,68246.27000000,0.10733000,1772818199999999,7340.08251300,15,0.09639000,6592.92508970,0
1772818200000000,68165.57000000,68165.57000000,68138.21000000,68138.21000000,0.00030000,1772818499999999,20.44556700,2,0.00000000,0.00000000,0
1772818500000000,68049.61000000,68049.61000000,67876.49000000,67876.49000000,0.32658000,1772818799999999,22199.27534580,50,0.00016000,10.86023840,0
1772818800000000,67800.00000000,67853.30000000,67793.54000000,67853.30000000,0.02527000,1772819099999999,1714.07690610,11,0.01839000,1247.61290610,0
1772819100000000,67882.97000000,67971.58000000,67882.97000000,67971.58000000,0.00221000,1772819399999999,150.10482740,3,0.00221000,150.10482740,0
1772819400000000,67931.28000000,67939.98000000,67931.28000000,67939.98000000,0.00049000,1772819699999999,33.28763220,2,0.00049000,33.28763220,0
1772819700000000,68035.95000000,68035.95000000,68035.95000000,68035.95000000,0.00073000,1772819999999999,49.66624350,1,0.00073000,49.66624350,0
1772820000000000,68054.03000000,68187.51000000,68054.03000000,68187.51000000,0.00167000,1772820299999999,113.83095760,3,0.00167000,113.83095760,0
1772820300000000,68231.59000000,68231.59000000,68153.91000000,68231.40000000,0.00566000,1772820599999999,386.05874660,5,0.00566000,386.05874660,0
1772820600000000,68268.53000000,68272.83000000,68268.53000000,68272.83000000,0.00237000,1772820899999999,161.80346810,2,0.00237000,161.80346810,0
1772820900000000,68272.83000000,68272.83000000,68272.83000000,68272.83000000,0.00000000,1772821199999999,0.00000000,0,0.00000000,0.00000000,0
1772821200000000,68272.83000000,68272.83000000,68272.83000000,68272.83000000,0.00000000,1772821499999999,0.00000000,0,0.00000000,0.00000000,0
1772821500000000,68409.62000000,68409.62000000,68409.62000000,68409.62000000,0.00009000,1772821799999999,6.15686580,1,0.00009000,6.15686580,0
1772821800000000,68432.85000000,68432.85000000,68432.85000000,68432.85000000,0.00047000,1772822099999999,32.16343950,1,0.00047000,32.16343950,0
1772822100000000,68416.46000000,68416.46000000,68367.86000000,68384.17000000,0.00821000,1772822399999999,561.43112540,4,0.00821000,561.43112540,0
1772822400000000,68421.21000000,68441.31000000,68421.21000000,68441.31000000,0.00163000,1772822699999999,111.54466230,2,0.00163000,111.54466230,0
1772822700000000,68441.31000000,68441.31000000,68441.31000000,68441.31000000,0.00039000,1772822999999999,26.69211090,1,0.00000000,0.00000000,0
1772823000000000,68231.59000000,68231.59000000,68224.64000000,68224.64000000,0.00031000,1772823299999999,21.15026390,2,0.00022000,15.00942080,0
1772823300000000,68248.40000000,68248.40000000,68210.78000000,68210.80000000,0.00695000,1772823599999999,474.07759060,4,0.00680000,463.84033060,0
1772823600000000,68210.80000000,68210.80000000,68210.80000000,68210.80000000,0.00000000,1772823899999999,0.00000000,0,0.00000000,0.00000000,0
1772823900000000,68301.88000000,68301.88000000,68301.88000000,68301.88000000,0.00029000,1772824199999999,19.80754520,1,0.00029000,19.80754520,0
1772824200000000,68313.06000000,68409.62000000,68313.06000000,68409.62000000,0.00377000,1772824499999999,257.70994320,4,0.00377000,257.70994320,0
1772824500000000,68458.72000000,68464.77000000,68402.63000000,68464.77000000,0.00247000,1772824799999999,169.03952210,4,0.00247000,169.03952210,0
1772824800000000,68464.77000000,68464.77000000,68464.77000000,68464.77000000,0.00000000,1772825099999999,0.00000000,0,0.00000000,0.00000000,0
1772825100000000,68464.77000000,68464.77000000,68464.77000000,68464.77000000,0.00000000,1772825399999999,0.00000000,0,0.00000000,0.00000000,0
1772825400000000,68268.74000000,68277.61000000,68268.74000000,68277.61000000,0.00074000,1772825699999999,50.51895630,2,0.00074000,50.51895630,0
1772825700000000,68277.61000000,68277.61000000,68277.61000000,68277.61000000,0.00000000,1772825999999999,0.00000000,0,0.00000000,0.00000000,0
1772826000000000,68285.01000000,68285.01000000,68285.01000000,68285.01000000,0.00033000,1772826299999999,22.53405330,1,0.00033000,22.53405330,0
1772826300000000,68143.82000000,68143.82000000,68092.78000000,68128.84000000,0.00510000,1772826599999999,347.39925520,3,0.00510000,347.39925520,0
1772826600000000,68128.84000000,68128.84000000,68128.84000000,68128.84000000,0.00000000,1772826899999999,0.00000000,0,0.00000000,0.00000000,0
1772826900000000,68128.84000000,68128.84000000,68128.84000000,68128.84000000,0.00000000,1772827199999999,0.00000000,0,0.00000000,0.00000000,0
1772827200000000,68231.59000000,68231.59000000,68231.59000000,68231.59000000,0.00087000,1772827499999999,59.36148330,3,0.00009000,6.14084310,0
1772827500000000,68231.59000000,68231.59000000,68231.59000000,68231.59000000,0.00000000,1772827799999999,0.00000000,0,0.00000000,0.00000000,0
1772827800000000,68000.24000000,68000.24000000,68000.24000000,68000.24000000,0.00008000,1772828099999999,5.44001920,1,0.00000000,0.00000000,0
1772828100000000,68000.24000000,68000.24000000,68000.24000000,68000.24000000,0.00000000,1772828399999999,0.00000000,0,0.00000000,0.00000000,0
1772828400000000,68062.85000000,68062.85000000,68062.85000000,68062.85000000,0.00073000,1772828699999999,49.68588050,1,0.00073000,49.68588050,0
1772828700000000,68059.86000000,68059.86000000,67815.70000000,67815.70000000,0.00179000,1772828999999999,121.51771950,3,0.00050000,34.02993000,0
1772829000000000,67815.70000000,67815.70000000,67815.70000000,67815.70000000,0.00000000,1772829299999999,0.00000000,0,0.00000000,0.00000000,0
1772829300000000,67892.55000000,67894.26000000,67892.55000000,67894.26000000,0.01424000,1772829599999999,966.80894070,3,0.01424000,966.80894070,0
1772829600000000,68054.03000000,68054.03000000,67987.72000000,67987.72000000,0.00116000,1772829899999999,78.89489670,3,0.00116000,78.89489670,0
1772829900000000,67987.72000000,67987.72000000,67987.72000000,67987.72000000,0.00000000,1772830199999999,0.00000000,0,0.00000000,0.00000000,0
1772830200000000,67987.72000000,67987.72000000,67987.72000000,67987.72000000,0.00000000,1772830499999999,0.00000000,0,0.00000000,0.00000000,0
1772830500000000,67987.72000000,67987.72000000,67987.72000000,67987.72000000,0.00000000,1772830799999999,0.00000000,0,0.00000000,0.00000000,0
1772830800000000,68147.02000000,68147.02000000,68147.02000000,68147.02000000,0.00021000,1772831099999999,14.31087420,1,0.00021000,14.31087420,0
1772831100000000,68147.02000000,68147.02000000,68147.02000000,68147.02000000,0.00000000,1772831399999999,0.00000000,0,0.00000000,0.00000000,0
1772831400000000,68147.02000000,68196.15000000,68147.02000000,68196.15000000,0.02977000,1772831699999999,2029.47804650,7,0.01545000,1053.61272010,0
1772831700000000,68196.15000000,68196.15000000,68196.15000000,68196.15000000,0.00000000,1772831999999999,0.00000000,0,0.00000000,0.00000000,0
1772832000000000,68122.08000000,68122.08000000,68103.25000000,68103.25000000,0.00094000,1772832299999999,64.03080090,2,0.00094000,64.03080090,0
1772832300000000,68028.10000000,68028.10000000,68028.10000000,68028.10000000,0.00015000,1772832599999999,10.20421500,1,0.00015000,10.20421500,0
1772832600000000,68028.10000000,68028.10000000,68028.10000000,68028.10000000,0.00000000,1772832899999999,0.00000000,0,0.00000000,0.00000000,0
1772832900000000,68028.10000000,68028.10000000,68028.10000000,68028.10000000,0.00000000,1772833199999999,0.00000000,0,0.00000000,0.00000000,0
1772833200000000,68183.77000000,68231.59000000,68183.77000000,68231.59000000,0.00082000,1772833499999999,55.91499520,2,0.00082000,55.91499520,0
1772833500000000,68231.59000000,68231.59000000,68231.59000000,68231.59000000,0.00000000,1772833799999999,0.00000000,0,0.00000000,0.00000000,0
1772833800000000,68231.59000000,68231.59000000,68231.59000000,68231.59000000,0.00000000,1772834099999999,0.00000000,0,0.00000000,0.00000000,0
1772834100000000,68290.50000000,68307.88000000,68290.50000000,68307.88000000,0.00743000,1772834399999999,507.47582580,3,0.00743000,507.47582580,0
1772834400000000,68340.41000000,68340.41000000,68340.41000000,68340.41000000,0.00078000,1772834699999999,53.30551980,1,0.00078000,53.30551980,0
1772834700000000,68351.39000000,68351.39000000,68351.39000000,68351.39000000,0.00354000,1772834999999999,241.96392060,1,0.00354000,241.96392060,0
1772835000000000,68351.39000000,68351.39000000,68351.39000000,68351.39000000,0.00000000,1772835299999999,0.00000000,0,0.00000000,0.00000000,0
1772835300000000,68351.39000000,68351.39000000,68351.39000000,68351.39000000,0.00000000,1772835599999999,0.00000000,0,0.00000000,0.00000000,0
1772835600000000,68351.39000000,68351.39000000,68351.39000000,68351.39000000,0.00000000,1772835899999999,0.00000000,0,0.00000000,0.00000000,0
1772835900000000,68351.39000000,68351.39000000,68351.39000000,68351.39000000,0.00000000,1772836199999999,0.00000000,0,0.00000000,0.00000000,0
1772836200000000,68313.93000000,68313.93000000,68313.93000000,68313.93000000,0.00028000,1772836499999999,19.12790040,1,0.00028000,19.12790040,0
1772836500000000,68274.76000000,68296.15000000,68274.76000000,68296.15000000,0.00168000,1772836799999999,114.72191730,3,0.00168000,114.72191730,0
1772836800000000,68327.61000000,68345.12000000,68327.61000000,68345.12000000,0.00106000,1772837099999999,72.43304490,2,0.00106000,72.43304490,0
1772837100000000,68409.62000000,68409.62000000,68409.62000000,68409.62000000,0.00009000,1772837399999999,6.15686580,1,0.00009000,6.15686580,0
1772837400000000,68409.62000000,68409.62000000,68368.20000000,68368.20000000,0.00506000,1772837699999999,346.11871280,3,0.00000000,0.00000000,0
1772837700000000,68443.86000000,68443.86000000,68387.85000000,68387.85000000,0.00721000,1772837999999999,493.47182910,4,0.00073000,49.96401780,0
1772838000000000,68274.66000000,68309.98000000,68274.66000000,68309.98000000,0.00081000,1772838299999999,55.32825820,2,0.00073000,49.86628540,0
1772838300000000,68304.15000000,68304.15000000,68304.15000000,68304.15000000,0.00073000,1772838599999999,49.86202950,1,0.00073000,49.86202950,0
1772838600000000,68331.22000000,68331.22000000,68301.05000000,68301.05000000,0.00504000,1772838899999999,344.38663350,2,0.00009000,6.14709450,0
1772838900000000,68347.07000000,68374.11000000,68347.07000000,68374.11000000,0.01705000,1772839199999999,1165.64237490,7,0.01705000,1165.64237490,0
1772839200000000,68373.77000000,68390.06000000,68308.49000000,68308.49000000,0.00117000,1772839499999999,79.98641490,4,0.00101000,69.05705650,0
1772839500000000,68308.49000000,68308.49000000,68308.49000000,68308.49000000,0.00000000,1772839799999999,0.00000000,0,0.00000000,0.00000000,0
1772839800000000,68321.39000000,68321.39000000,68321.39000000,68321.39000000,0.00073000,1772840099999999,49.87461470,1,0.00073000,49.87461470,0
1772840100000000,68302.58000000,68302.58000000,68302.58000000,68302.58000000,0.01438000,1772840399999999,982.19110040,3,0.00000000,0.00000000,0
1772840400000000,68234.49000000,68234.49000000,68217.20000000,68217.20000000,0.00097000,1772840699999999,66.18503470,2,0.00083000,56.63462670,0
1772840700000000,68217.20000000,68217.20000000,68217.20000000,68217.20000000,0.00000000,1772840999999999,0.00000000,0,0.00000000,0.00000000,0
1772841000000000,68170.00000000,68170.00000000,68170.00000000,68170.00000000,0.02300000,1772841299999999,1567.91000000,2,0.00000000,0.00000000,0
1772841300000000,68170.00000000,68170.00000000,68170.00000000,68170.00000000,0.00000000,1772841599999999,0.00000000,0,0.00000000,0.00000000,0
1772841600000000,68187.44000000,68187.44000000,68187.44000000,68187.44000000,0.00030000,1772841899999999,20.45623200,1,0.00030000,20.45623200,0
1772841900000000,68187.44000000,68187.44000000,68187.44000000,68187.44000000,0.00000000,1772842199999999,0.00000000,0,0.00000000,0.00000000,0
1772842200000000,68262.95000000,68262.95000000,68262.95000000,68262.95000000,0.00116000,1772842499999999,79.18502200,1,0.00116000,79.18502200,0
1772842500000000,68262.95000000,68262.95000000,68262.95000000,68262.95000000,0.00000000,1772842799999999,0.00000000,0,0.00000000,0.00000000,0
1772842800000000,68262.95000000,68262.95000000,68262.95000000,68262.95000000,0.00000000,1772843099999999,0.00000000,0,0.00000000,0.00000000,0
1772843100000000,68273.97000000,68273.97000000,68273.97000000,68273.97000000,0.00141000,1772843399999999,96.26629770,1,0.00141000,96.26629770,0
1772843400000000,68273.97000000,68273.97000000,68273.97000000,68273.97000000,0.00000000,1772843699999999,0.00000000,0,0.00000000,0.00000000,0
1772843700000000,68273.97000000,68273.97000000,68273.97000000,68273.97000000,0.00000000,1772843999999999,0.00000000,0,0.00000000,0.00000000,0
1772844000000000,68273.97000000,68273.97000000,68273.97000000,68273.97000000,0.00000000,1772844299999999,0.00000000,0,0.00000000,0.00000000,0
1772844300000000,68273.97000000,68273.97000000,68273.97000000,68273.97000000,0.00000000,1772844599999999,0.00000000,0,0.00000000,0.00000000,0
1772844600000000,68273.97000000,68273.97000000,68273.97000000,68273.97000000,0.00000000,1772844899999999,0.00000000,0,0.00000000,0.00000000,0
1772844900000000,68273.97000000,68273.97000000,68273.97000000,68273.97000000,0.00000000,1772845199999999,0.00000000,0,0.00000000,0.00000000,0
1772845200000000,68273.97000000,68273.97000000,68273.97000000,68273.97000000,0.00000000,1772845499999999,0.00000000,0,0.00000000,0.00000000,0
1772845500000000,68347.14000000,68347.14000000,68347.14000000,68347.14000000,0.00032000,1772845799999999,21.87108480,1,0.00032000,21.87108480,0
1772845800000000,68347.14000000,68347.14000000,68347.14000000,68347.14000000,0.00000000,1772846099999999,0.00000000,0,0.00000000,0.00000000,0
1772846100000000,68347.14000000,68347.14000000,68347.14000000,68347.14000000,0.00000000,1772846399999999,0.00000000,0,0.00000000,0.00000000,0
1772846400000000,68347.14000000,68347.14000000,68347.14000000,68347.14000000,0.00000000,1772846699999999,0.00000000,0,0.00000000,0.00000000,0
1772846700000000,68347.14000000,68347.14000000,68347.14000000,68347.14000000,0.00000000,1772846999999999,0.00000000,0,0.00000000,0.00000000,0
1772847000000000,68249.76000000,68254.81000000,68249.76000000,68254.81000000,0.00850000,1772847299999999,580.14482950,4,0.00850000,580.14482950,0
1772847300000000,68242.22000000,68246.78000000,68242.22000000,68246.78000000,0.00283000,1772847599999999,193.12721540,2,0.00283000,193.12721540,0
1772847600000000,68246.78000000,68246.78000000,68246.78000000,68246.78000000,0.00000000,1772847899999999,0.00000000,0,0.00000000,0.00000000,0
1772847900000000,68292.10000000,68296.54000000,68292.10000000,68296.54000000,0.00484000,1772848199999999,330.54384280,2,0.00484000,330.54384280,0
1772848200000000,68296.54000000,68296.54000000,68296.54000000,68296.54000000,0.00000000,1772848499999999,0.00000000,0,0.00000000,0.00000000,0
1772848500000000,68296.54000000,68296.54000000,68296.54000000,68296.54000000,0.00000000,1772848799999999,0.00000000,0,0.00000000,0.00000000,0
1772848800000000,68296.54000000,68296.54000000,68296.54000000,68296.54000000,0.00000000,1772849099999999,0.00000000,0,0.00000000,0.00000000,0
1772849100000000,68296.54000000,68296.54000000,68296.54000000,68296.54000000,0.00000000,1772849399999999,0.00000000,0,0.00000000,0.00000000,0
1772849400000000,68296.54000000,68296.54000000,68296.54000000,68296.54000000,0.00000000,1772849699999999,0.00000000,0,0.00000000,0.00000000,0
1772849700000000,68296.54000000,68296.54000000,68296.54000000,68296.54000000,0.00000000,1772849999999999,0.00000000,0,0.00000000,0.00000000,0
1772850000000000,68296.54000000,68296.54000000,68296.54000000,68296.54000000,0.00000000,1772850299999999,0.00000000,0,0.00000000,0.00000000,0
1772850300000000,68296.54000000,68296.54000000,68296.54000000,68296.54000000,0.00000000,1772850599999999,0.00000000,0,0.00000000,0.00000000,0
1772850600000000,68296.54000000,68296.54000000,68296.54000000,68296.54000000,0.00000000,1772850899999999,0.00000000,0,0.00000000,0.00000000,0
1772850900000000,68296.54000000,68296.54000000,68296.54000000,68296.54000000,0.00000000,1772851199999999,0.00000000,0,0.00000000,0.00000000,0
1772851200000000,68296.54000000,68296.54000000,68296.54000000,68296.54000000,0.00000000,1772851499999999,0.00000000,0,0.00000000,0.00000000,0
1772851500000000,68296.54000000,68296.54000000,68296.54000000,68296.54000000,0.00000000,1772851799999999,0.00000000,0,0.00000000,0.00000000,0
1772851800000000,68231.59000000,68231.59000000,68231.59000000,68231.59000000,0.00009000,1772852099999999,6.14084310,2,0.00009000,6.14084310,0
1772852100000000,68231.59000000,68231.59000000,68231.59000000,68231.59000000,0.00000000,1772852399999999,0.00000000,0,0.00000000,0.00000000,0
1772852400000000,68231.59000000,68231.59000000,68231.59000000,68231.59000000,0.00000000,1772852699999999,0.00000000,0,0.00000000,0.00000000,0
1772852700000000,68231.59000000,68231.59000000,68231.59000000,68231.59000000,0.00000000,1772852999999999,0.00000000,0,0.00000000,0.00000000,0
1772853000000000,68409.62000000,68490.29000000,68409.62000000,68490.29000000,0.00031000,1772853299999999,21.22466940,3,0.00031000,21.22466940,0
1772853300000000,68501.97000000,68501.97000000,68501.97000000,68501.97000000,0.00010000,1772853599999999,6.85019700,1,0.00000000,0.00000000,0
1772853600000000,68355.10000000,68355.10000000,68355.10000000,68355.10000000,0.00424000,1772853899999999,289.82562400,1,0.00424000,289.82562400,0
1772853900000000,68291.48000000,68291.48000000,68291.48000000,68291.48000000,0.00015000,1772854199999999,10.24372200,1,0.00000000,0.00000000,0
1772854200000000,68231.59000000,68242.69000000,68231.59000000,68242.69000000,0.00130000,1772854499999999,88.70206600,2,0.00009000,6.14184210,0
1772854500000000,68242.69000000,68242.69000000,68242.69000000,68242.69000000,0.00000000,1772854799999999,0.00000000,0,0.00000000,0.00000000,0
1772854800000000,68242.69000000,68242.69000000,68242.69000000,68242.69000000,0.00000000,1772855099999999,0.00000000,0,0.00000000,0.00000000,0
1772855100000000,68201.30000000,68201.30000000,68201.30000000,68201.30000000,0.00071000,1772855399999999,48.42292300,1,0.00071000,48.42292300,0
1772855400000000,68201.30000000,68201.30000000,68201.30000000,68201.30000000,0.00000000,1772855699999999,0.00000000,0,0.00000000,0.00000000,0
1772855700000000,68201.30000000,68201.30000000,68201.30000000,68201.30000000,0.00000000,1772855999999999,0.00000000,0,0.00000000,0.00000000,0
1772856000000000,68113.39000000,68113.39000000,67843.38000000,67877.47000000,0.02454000,1772856299999999,1668.78016310,12,0.00136000,92.63421040,0
1772856300000000,67911.37000000,67911.37000000,67911.37000000,67911.37000000,0.00015000,1772856599999999,10.18670550,1,0.00000000,0.00000000,0
1772856600000000,67911.37000000,67911.37000000,67911.37000000,67911.37000000,0.00000000,1772856899999999,0.00000000,0,0.00000000,0.00000000,0
1772856900000000,68014.21000000,68014.21000000,68014.21000000,68014.21000000,0.00029000,1772857199999999,19.72412090,1,0.00029000,19.72412090,0
1772857200000000,68014.21000000,68014.21000000,68014.21000000,68014.21000000,0.00000000,1772857499999999,0.00000000,0,0.00000000,0.00000000,0
1772857500000000,68063.99000000,68073.50000000,68063.99000000,68073.50000000,0.00058000,1772857799999999,39.48177410,2,0.00058000,39.48177410,0
1772857800000000,68023.40000000,68023.40000000,68023.40000000,68023.40000000,0.00104000,1772858099999999,70.74433600,1,0.00000000,0.00000000,0
1772858100000000,67992.89000000,68026.45000000,67992.89000000,68026.45000000,0.00047000,1772858399999999,31.96195710,3,0.00030000,20.39786700,0
1772858400000000,68117.60000000,68150.26000000,68095.78000000,68150.26000000,0.00068000,1772858699999999,46.32965060,4,0.00039000,26.57860140,0
1772858700000000,68150.26000000,68150.26000000,68150.26000000,68150.26000000,0.00009000,1772858999999999,6.13352340,1,0.00009000,6.13352340,0
1772859000000000,68150.26000000,68150.26000000,68150.26000000,68150.26000000,0.00000000,1772859299999999,0.00000000,0,0.00000000,0.00000000,0
1772859300000000,68150.26000000,68150.26000000,68150.26000000,68150.26000000,0.00000000,1772859599999999,0.00000000,0,0.00000000,0.00000000,0
1772859600000000,68150.26000000,68150.26000000,68150.26000000,68150.26000000,0.00000000,1772859899999999,0.00000000,0,0.00000000,0.00000000,0
1772859900000000,68150.26000000,68150.26000000,68150.26000000,68150.26000000,0.00000000,1772860199999999,0.00000000,0,0.00000000,0.00000000,0
1772860200000000,68075.84000000,68075.84000000,68036.39000000,68036.39000000,0.00030000,1772860499999999,20.41683450,2,0.00000000,0.00000000,0
1772860500000000,68027.59000000,68027.59000000,67993.80000000,67993.80000000,0.00088000,1772860799999999,59.85921070,2,0.00073000,49.66014070,0
1772860800000000,67993.80000000,67993.80000000,67993.80000000,67993.80000000,0.00000000,1772861099999999,0.00000000,0,0.00000000,0.00000000,0
1772861100000000,68023.43000000,68023.66000000,68023.43000000,68023.66000000,0.00132000,1772861399999999,89.79116910,3,0.00132000,89.79116910,0
1772861400000000,68023.66000000,68023.66000000,68023.66000000,68023.66000000,0.00363000,1772861699999999,246.92588580,2,0.00000000,0.00000000,0
1772861700000000,68023.66000000,68023.66000000,68023.66000000,68023.66000000,0.00000000,1772861999999999,0.00000000,0,0.00000000,0.00000000,0
1772862000000000,68023.66000000,68023.66000000,68023.66000000,68023.66000000,0.00000000,1772862299999999,0.00000000,0,0.00000000,0.00000000,0
1772862300000000,68092.50000000,68092.50000000,68092.50000000,68092.50000000,0.00046000,1772862599999999,31.32255000,1,0.00046000,31.32255000,0
1772862600000000,68052.69000000,68052.69000000,68052.69000000,68052.69000000,0.00045000,1772862899999999,30.62371050,1,0.00000000,0.00000000,0
1772862900000000,67988.97000000,67988.97000000,67988.97000000,67988.97000000,0.00081000,1772863199999999,55.07106570,1,0.00000000,0.00000000,0
1772863200000000,68028.12000000,68040.30000000,68028.12000000,68040.30000000,0.00477000,1772863499999999,324.53987910,4,0.00477000,324.53987910,0
1772863500000000,68040.30000000,68040.30000000,68040.30000000,68040.30000000,0.00000000,1772863799999999,0.00000000,0,0.00000000,0.00000000,0
1772863800000000,67945.72000000,67945.72000000,67945.72000000,67945.72000000,0.00086000,1772864099999999,58.43331920,1,0.00000000,0.00000000,0
1772864100000000,67945.72000000,67945.72000000,67945.72000000,67945.72000000,0.00000000,1772864399999999,0.00000000,0,0.00000000,0.00000000,0
1772864400000000,67945.72000000,67945.72000000,67945.72000000,67945.72000000,0.00000000,1772864699999999,0.00000000,0,0.00000000,0.00000000,0
1772864700000000,67900.47000000,67900.47000000,67900.47000000,67900.47000000,0.01405000,1772864999999999,954.00160350,1,0.00000000,0.00000000,0
1772865000000000,67900.47000000,67900.47000000,67900.47000000,67900.47000000,0.00000000,1772865299999999,0.00000000,0,0.00000000,0.00000000,0
1772865300000000,67900.47000000,67900.47000000,67900.47000000,67900.47000000,0.00000000,1772865599999999,0.00000000,0,0.00000000,0.00000000,0
1772865600000000,67900.47000000,67900.47000000,67900.47000000,67900.47000000,0.53812000,1772865899999999,36538.60091640,28,0.53812000,36538.60091640,0
1772865900000000,67900.47000000,67900.47000000,67900.47000000,67900.47000000,0.00000000,1772866199999999,0.00000000,0,0.00000000,0.00000000,0
1772866200000000,67892.35000000,67892.35000000,67642.03000000,67642.03000000,0.00246000,1772866499999999,166.75888110,8,0.00000000,0.00000000,0
1772866500000000,67642.03000000,67642.03000000,67642.03000000,67642.03000000,0.00000000,1772866799999999,0.00000000,0,0.00000000,0.00000000,0
1772866800000000,67679.45000000,67679.45000000,67679.45000000,67679.45000000,0.00057000,1772867099999999,38.57728650,1,0.00057000,38.57728650,0
1772867100000000,67679.45000000,67679.45000000,67679.45000000,67679.45000000,0.00000000,1772867399999999,0.00000000,0,0.00000000,0.00000000,0
1772867400000000,67500.00000000,67599.00000000,67500.00000000,67599.00000000,0.00265000,1772867699999999,179.12943000,2,0.00257000,173.72943000,0
1772867700000000,67599.00000000,67599.00000000,67599.00000000,67599.00000000,0.00000000,1772867999999999,0.00000000,0,0.00000000,0.00000000,0
1772868000000000,67700.28000000,67700.28000000,67700.28000000,67700.28000000,0.00009000,1772868299999999,6.09302520,1,0.00009000,6.09302520,0
1772868300000000,67700.28000000,67700.28000000,67700.28000000,67700.28000000,0.00000000,1772868599999999,0.00000000,0,0.00000000,0.00000000,0
1772868600000000,67719.59000000,67719.59000000,67719.59000000,67719.59000000,0.00029000,1772868899999999,19.63868110,1,0.00029000,19.63868110,0
1772868900000000,67708.81000000,67708.81000000,67708.79000000,67708.79000000,0.00014000,1772869199999999,9.47923200,2,0.00014000,9.47923200,0
1772869200000000,67708.79000000,67708.79000000,67708.79000000,67708.79000000,0.00000000,1772869499999999,0.00000000,0,0.00000000,0.00000000,0
1772869500000000,67708.79000000,67708.79000000,67708.79000000,67708.79000000,0.00000000,1772869799999999,0.00000000,0,0.00000000,0.00000000,0
1772869800000000,67847.72000000,67847.72000000,67836.16000000,67836.16000000,0.00107000,1772870099999999,72.59370800,2,0.00107000,72.59370800,0
1772870100000000,67836.16000000,67836.16000000,67836.16000000,67836.16000000,0.00000000,1772870399999999,0.00000000,0,0.00000000,0.00000000,0
1772870400000000,67820.11000000,67820.11000000,67820.11000000,67820.11000000,0.00578000,1772870699999999,392.00023580,1,0.00578000,392.00023580,0
1772870700000000,67814.54000000,67814.55000000,67814.54000000,67814.55000000,0.00712000,1772870999999999,482.83955890,2,0.00712000,482.83955890,0
1772871000000000,67814.55000000,67814.55000000,67814.55000000,67814.55000000,0.00000000,1772871299999999,0.00000000,0,0.00000000,0.00000000,0
1772871300000000,67876.92000000,67876.92000000,67876.92000000,67876.92000000,0.00009000,1772871599999999,6.10892280,1,0.00009000,6.10892280,0
1772871600000000,67876.92000000,67876.92000000,67876.92000000,67876.92000000,0.00000000,1772871899999999,0.00000000,0,0.00000000,0.00000000,0
1772871900000000,67876.92000000,67876.92000000,67876.92000000,67876.92000000,0.00000000,1772872199999999,0.00000000,0,0.00000000,0.00000000,0
1772872200000000,67876.92000000,67876.92000000,67876.92000000,67876.92000000,0.00000000,1772872499999999,0.00000000,0,0.00000000,0.00000000,0
1772872500000000,67876.92000000,67876.92000000,67876.92000000,67876.92000000,0.00000000,1772872799999999,0.00000000,0,0.00000000,0.00000000,0
1772872800000000,67876.92000000,67876.92000000,67876.92000000,67876.92000000,0.00000000,1772873099999999,0.00000000,0,0.00000000,0.00000000,0
1772873100000000,67876.92000000,67876.92000000,67876.92000000,67876.92000000,0.00000000,1772873399999999,0.00000000,0,0.00000000,0.00000000,0
1772873400000000,67876.92000000,67876.92000000,67876.92000000,67876.92000000,0.00000000,1772873699999999,0.00000000,0,0.00000000,0.00000000,0
1772873700000000,67876.92000000,67876.92000000,67771.27000000,67771.27000000,0.00129000,1772873999999999,87.48410230,3,0.00073000,49.47302710,0
1772874000000000,67772.49000000,67772.49000000,67772.49000000,67772.49000000,0.00015000,1772874299999999,10.16587350,1,0.00000000,0.00000000,0
1772874300000000,67772.49000000,67772.49000000,67772.49000000,67772.49000000,0.00000000,1772874599999999,0.00000000,0,0.00000000,0.00000000,0
1772874600000000,67772.49000000,67772.49000000,67772.49000000,67772.49000000,0.00000000,1772874899999999,0.00000000,0,0.00000000,0.00000000,0
1772874900000000,68030.87000000,68031.28000000,67997.53000000,68014.96000000,0.02330000,1772875199999999,1585.05326830,9,0.00994000,676.18270950,0
1772875200000000,68014.96000000,68014.96000000,68014.96000000,68014.96000000,0.00000000,1772875499999999,0.00000000,0,0.00000000,0.00000000,0
1772875500000000,67978.59000000,67987.77000000,67978.59000000,67987.77000000,0.00338000,1772875799999999,229.79186940,2,0.00338000,229.79186940,0
1772875800000000,68007.21000000,68007.21000000,68007.21000000,68007.21000000,0.00042000,1772876099999999,28.56302820,1,0.00042000,28.56302820,0
1772876100000000,67999.86000000,68001.49000000,67999.86000000,68001.49000000,0.01544000,1772876399999999,1049.93483930,2,0.01544000,1049.93483930,0
1772876400000000,68001.49000000,68001.49000000,68001.49000000,68001.49000000,0.00000000,1772876699999999,0.00000000,0,0.00000000,0.00000000,0
1772876700000000,68001.49000000,68001.49000000,68001.49000000,68001.49000000,0.00000000,1772876999999999,0.00000000,0,0.00000000,0.00000000,0
1772877000000000,68001.49000000,68001.49000000,68001.49000000,68001.49000000,0.00000000,1772877299999999,0.00000000,0,0.00000000,0.00000000,0
1772877300000000,68053.28000000,68056.65000000,68053.28000000,68056.65000000,0.00687000,1772877599999999,467.53213340,3,0.00687000,467.53213340,0
1772877600000000,68028.90000000,68028.90000000,68016.01000000,68016.01000000,0.00167000,1772877899999999,113.60697400,2,0.00167000,113.60697400,0
1772877900000000,68059.00000000,68059.00000000,68036.25000000,68052.49000000,0.01633000,1772878199999999,1111.35463800,3,0.01633000,1111.35463800,0
1772878200000000,68052.49000000,68052.49000000,68052.49000000,68052.49000000,0.00000000,1772878499999999,0.00000000,0,0.00000000,0.00000000,0
1772878500000000,68040.00000000,68040.00000000,68040.00000000,68040.00000000,0.01413000,1772878799999999,961.40520000,2,0.00000000,0.00000000,0
1772878800000000,68040.00000000,68040.00000000,68040.00000000,68040.00000000,0.00000000,1772879099999999,0.00000000,0,0.00000000,0.00000000,0
1772879100000000,67968.38000000,67968.38000000,67950.85000000,67950.85000000,0.00016000,1772879399999999,10.87353840,2,0.00016000,10.87353840,0
1772879400000000,67999.97000000,67999.97000000,67934.99000000,67952.32000000,0.00029000,1772879699999999,19.70935390,4,0.00029000,19.70935390,0
1772879700000000,67968.61000000,67986.39000000,67968.61000000,67986.39000000,0.00015000,1772879999999999,10.19671390,2,0.00015000,10.19671390,0
1772880000000000,67986.39000000,67986.39000000,67986.39000000,67986.39000000,0.00000000,1772880299999999,0.00000000,0,0.00000000,0.00000000,0
1772880300000000,67981.87000000,67981.87000000,67967.12000000,67972.06000000,0.00922000,1772880599999999,626.68607550,5,0.00922000,626.68607550,0
1772880600000000,67972.06000000,67972.06000000,67928.69000000,67928.69000000,0.00221000,1772880899999999,150.19691920,3,0.00046000,31.24719740,0
1772880900000000,67892.38000000,67892.38000000,67892.38000000,67892.38000000,0.00349000,1772881199999999,236.94440620,1,0.00349000,236.94440620,0
1772881200000000,67899.35000000,67905.46000000,67899.35000000,67905.46000000,0.00163000,1772881499999999,110.68461670,2,0.00163000,110.68461670,0
1772881500000000,67905.46000000,67905.46000000,67905.46000000,67905.46000000,0.00000000,1772881799999999,0.00000000,0,0.00000000,0.00000000,0
1772881800000000,67928.69000000,68151.65000000,67928.69000000,68151.65000000,0.00029000,1772882099999999,19.72794280,3,0.00029000,19.72794280,0
1772882100000000,68151.65000000,68151.65000000,68151.65000000,68151.65000000,0.00000000,1772882399999999,0.00000000,0,0.00000000,0.00000000,0
1772882400000000,68151.65000000,68151.65000000,68151.65000000,68151.65000000,0.00000000,1772882699999999,0.00000000,0,0.00000000,0.00000000,0
1772882700000000,68155.17000000,68155.17000000,68155.17000000,68155.17000000,0.00029000,1772882999999999,19.76499930,1,0.00029000,19.76499930,0
1772883000000000,68155.17000000,68155.17000000,68155.17000000,68155.17000000,0.00000000,1772883299999999,0.00000000,0,0.00000000,0.00000000,0
1772883300000000,68155.17000000,68155.17000000,68155.17000000,68155.17000000,0.00000000,1772883599999999,0.00000000,0,0.00000000,0.00000000,0
1772883600000000,68099.36000000,68099.36000000,68099.36000000,68099.36000000,0.00353000,1772883899999999,240.39074080,1,0.00353000,240.39074080,0
1772883900000000,68102.99000000,68102.99000000,68102.99000000,68102.99000000,0.00114000,1772884199999999,77.63740860,1,0.00114000,77.63740860,0
1772884200000000,68102.99000000,68102.99000000,68102.99000000,68102.99000000,0.00000000,1772884499999999,0.00000000,0,0.00000000,0.00000000,0
1772884500000000,68051.56000000,68051.59000000,68051.56000000,68051.59000000,0.00283000,1772884799999999,192.58597780,2,0.00283000,192.58597780,0
1772884800000000,68038.14000000,68038.14000000,68038.14000000,68038.14000000,0.00327000,1772885099999999,222.48471780,1,0.00327000,222.48471780,0
1772885100000000,68038.14000000,68038.14000000,68038.14000000,68038.14000000,0.00000000,1772885399999999,0.00000000,0,0.00000000,0.00000000,0
1772885400000000,68038.14000000,68038.14000000,68038.14000000,68038.14000000,0.00000000,1772885699999999,0.00000000,0,0.00000000,0.00000000,0
1772885700000000,68038.14000000,68038.14000000,68038.14000000,68038.14000000,0.00000000,1772885999999999,0.00000000,0,0.00000000,0.00000000,0
1772886000000000,68038.14000000,68038.14000000,68038.14000000,68038.14000000,0.00000000,1772886299999999,0.00000000,0,0.00000000,0.00000000,0
1772886300000000,68038.14000000,68038.14000000,68038.14000000,68038.14000000,0.00000000,1772886599999999,0.00000000,0,0.00000000,0.00000000,0
1772886600000000,68038.14000000,68038.14000000,68038.14000000,68038.14000000,0.00000000,1772886899999999,0.00000000,0,0.00000000,0.00000000,0
1772886900000000,68038.81000000,68038.81000000,68038.81000000,68038.81000000,0.00072000,1772887199999999,48.98794320,1,0.00072000,48.98794320,0
1772887200000000,67991.26000000,67991.26000000,67991.26000000,67991.26000000,0.00355000,1772887499999999,241.36897300,1,0.00355000,241.36897300,0
1772887500000000,67991.26000000,67991.26000000,67991.26000000,67991.26000000,0.00000000,1772887799999999,0.00000000,0,0.00000000,0.00000000,0
1772887800000000,68011.48000000,68011.48000000,68011.48000000,68011.48000000,0.00027000,1772888099999999,18.36309960,1,0.00000000,0.00000000,0
1772888100000000,68033.13000000,68033.66000000,68033.13000000,68033.66000000,0.00029000,1772888399999999,19.72961830,2,0.00029000,19.72961830,0
1772888400000000,68064.72000000,68064.72000000,68064.72000000,68064.72000000,0.00073000,1772888699999999,49.68724560,1,0.00073000,49.68724560,0
1772888700000000,67991.27000000,67991.27000000,67991.26000000,67991.26000000,0.00189000,1772888999999999,128.50349310,3,0.00000000,0.00000000,0
1772889000000000,67991.26000000,67991.26000000,67991.26000000,67991.26000000,0.00000000,1772889299999999,0.00000000,0,0.00000000,0.00000000,0
1772889300000000,68085.39000000,68085.39000000,68085.39000000,68085.39000000,0.00044000,1772889599999999,29.95757160,1,0.00044000,29.95757160,0
1772889600000000,68015.41000000,68015.41000000,68015.41000000,68015.41000000,0.00445000,1772889899999999,302.66857450,1,0.00445000,302.66857450,0
1772889900000000,68023.03000000,68063.42000000,68023.03000000,68063.42000000,0.01394000,1772890199999999,948.77969670,3,0.01394000,948.77969670,0
1772890200000000,68063.42000000,68063.42000000,68063.42000000,68063.42000000,0.00000000,1772890499999999,0.00000000,0,0.00000000,0.00000000,0
1772890500000000,67991.26000000,67991.26000000,67896.10000000,67901.59000000,0.00182000,1772890799999999,123.65661920,3,0.00088000,59.75339920,0
1772890800000000,67938.85000000,67938.85000000,67931.77000000,67931.77000000,0.00366000,1772891099999999,248.63183580,5,0.00022000,14.94654700,0
1772891100000000,67904.71000000,67941.10000000,67904.71000000,67941.10000000,0.00171000,1772891399999999,116.13270180,2,0.00171000,116.13270180,0
1772891400000000,67940.40000000,67969.37000000,67940.40000000,67961.31000000,0.00348000,1772891699999999,236.49796400,4,0.00348000,236.49796400,0
1772891700000000,67941.10000000,67941.10000000,67941.10000000,67941.10000000,0.00028000,1772891999999999,19.02350800,1,0.00000000,0.00000000,0
1772892000000000,67941.10000000,67941.10000000,67941.10000000,67941.10000000,0.00000000,1772892299999999,0.00000000,0,0.00000000,0.00000000,0
1772892300000000,67772.49000000,67772.49000000,67772.49000000,67772.49000000,0.00071000,1772892599999999,48.11846790,1,0.00000000,0.00000000,0
1772892600000000,67729.36000000,67729.36000000,67700.00000000,67700.00000000,0.03720000,1772892899999999,2518.45233120,3,0.00042000,28.44633120,0
1772892900000000,67767.82000000,67767.82000000,67767.82000000,67767.82000000,0.00054000,1772893199999999,36.59462280,1,0.00054000,36.59462280,0
1772893200000000,67782.57000000,67782.57000000,67782.57000000,67782.57000000,0.00010000,1772893499999999,6.77825700,1,0.00010000,6.77825700,0
1772893500000000,67782.57000000,67782.57000000,67782.57000000,67782.57000000,0.00000000,1772893799999999,0.00000000,0,0.00000000,0.00000000,0
1772893800000000,67782.57000000,67782.57000000,67782.57000000,67782.57000000,0.00000000,1772894099999999,0.00000000,0,0.00000000,0.00000000,0
1772894100000000,67935.17000000,68033.34000000,67935.17000000,68033.34000000,0.00018000,1772894399999999,12.23716590,2,0.00018000,12.23716590,0
1772894400000000,68082.20000000,68082.20000000,68082.20000000,68082.20000000,0.00026000,1772894699999999,17.70137200,1,0.00026000,17.70137200,0
1772894700000000,68082.20000000,68082.20000000,68082.20000000,68082.20000000,0.00000000,1772894999999999,0.00000000,0,0.00000000,0.00000000,0
1772895000000000,68082.20000000,68082.20000000,68082.20000000,68082.20000000,0.00000000,1772895299999999,0.00000000,0,0.00000000,0.00000000,0
1772895300000000,68066.43000000,68066.43000000,68059.68000000,68059.68000000,0.01901000,1772895599999999,1293.81809430,2,0.01901000,1293.81809430,0
1772895600000000,68059.68000000,68059.68000000,68059.68000000,68059.68000000,0.00000000,1772895899999999,0.00000000,0,0.00000000,0.00000000,0
1772895900000000,68059.68000000,68059.68000000,68059.68000000,68059.68000000,0.00000000,1772896199999999,0.00000000,0,0.00000000,0.00000000,0
1772896200000000,68004.29000000,68004.29000000,67972.00000000,67972.00000000,0.00208000,1772896499999999,141.43213240,2,0.00208000,141.43213240,0
1772896500000000,67988.03000000,68005.74000000,67988.03000000,68005.74000000,0.00711000,1772896799999999,483.50770600,2,0.00711000,483.50770600,0
1772896800000000,67889.72000000,67889.72000000,67889.72000000,67889.72000000,0.00015000,1772897099999999,10.18345800,1,0.00000000,0.00000000,0
1772897100000000,67949.90000000,67949.90000000,67949.90000000,67949.90000000,0.00074000,1772897399999999,50.28292600,1,0.00074000,50.28292600,0
1772897400000000,67949.90000000,67949.90000000,67949.90000000,67949.90000000,0.00000000,1772897699999999,0.00000000,0,0.00000000,0.00000000,0
1772897700000000,67837.13000000,67837.13000000,67837.13000000,67837.13000000,0.00009000,1772897999999999,6.10534170,1,0.00000000,0.00000000,0
1772898000000000,67837.13000000,67837.13000000,67837.13000000,67837.13000000,0.00000000,1772898299999999,0.00000000,0,0.00000000,0.00000000,0
1772898300000000,67877.15000000,67877.15000000,67877.15000000,67877.15000000,0.00025000,1772898599999999,16.96928750,1,0.00025000,16.96928750,0
1772898600000000,67877.15000000,67877.15000000,67877.15000000,67877.15000000,0.00000000,1772898899999999,0.00000000,0,0.00000000,0.00000000,0
1772898900000000,67877.15000000,67877.15000000,67877.15000000,67877.15000000,0.00000000,1772899199999999,0.00000000,0,0.00000000,0.00000000,0
1772899200000000,67877.15000000,67877.15000000,67877.15000000,67877.15000000,0.00000000,1772899499999999,0.00000000,0,0.00000000,0.00000000,0
1772899500000000,67862.73000000,67863.97000000,67860.16000000,67860.16000000,0.00129000,1772899799999999,87.54295600,3,0.00129000,87.54295600,0
1772899800000000,67860.16000000,67860.16000000,67860.16000000,67860.16000000,0.00000000,1772900099999999,0.00000000,0,0.00000000,0.00000000,0
1772900100000000,67876.94000000,67876.94000000,67860.16000000,67860.16000000,0.00533000,1772900399999999,361.77821720,2,0.00498000,338.02716120,0
1772900400000000,67812.40000000,67855.90000000,67812.40000000,67855.90000000,0.00139000,1772900699999999,94.30645900,3,0.00139000,94.30645900,0
1772900700000000,67855.90000000,67855.90000000,67855.90000000,67855.90000000,0.00000000,1772900999999999,0.00000000,0,0.00000000,0.00000000,0
1772901000000000,67816.22000000,67816.22000000,67816.22000000,67816.22000000,0.00026000,1772901299999999,17.63221720,1,0.00026000,17.63221720,0
1772901300000000,67816.22000000,67816.22000000,67816.22000000,67816.22000000,0.00000000,1772901599999999,0.00000000,0,0.00000000,0.00000000,0
1772901600000000,67816.22000000,67816.22000000,67767.82000000,67801.06000000,0.00252000,1772901899999999,170.85699440,4,0.00030000,20.34031800,0
1772901900000000,67799.93000000,67806.62000000,67799.93000000,67806.62000000,0.00348000,1772902199999999,235.96208700,2,0.00348000,235.96208700,0
1772902200000000,67804.81000000,67833.30000000,67804.81000000,67833.30000000,0.00076000,1772902499999999,51.53222540,2,0.00076000,51.53222540,0
1772902500000000,67832.62000000,67832.80000000,67832.62000000,67832.80000000,0.00343000,1772902799999999,232.66637080,3,0.00343000,232.66637080,0
1772902800000000,67898.90000000,67898.90000000,67898.90000000,67898.90000000,0.00570000,1772903099999999,387.02373000,1,0.00570000,387.02373000,0
1772903100000000,67898.90000000,67898.90000000,67898.90000000,67898.90000000,0.00000000,1772903399999999,0.00000000,0,0.00000000,0.00000000,0
1772903400000000,67867.74000000,67867.74000000,67850.82000000,67850.82000000,0.00064000,1772903699999999,43.43163120,2,0.00064000,43.43163120,0
1772903700000000,67866.21000000,67866.82000000,67866.21000000,67866.82000000,0.00251000,1772903999999999,170.34507160,2,0.00251000,170.34507160,0
1772904000000000,67935.17000000,67955.04000000,67935.17000000,67955.04000000,0.00021000,1772904299999999,14.26877010,2,0.00021000,14.26877010,0
1772904300000000,67928.05000000,67928.05000000,67928.05000000,67928.05000000,0.00145000,1772904599999999,98.49567250,1,0.00145000,98.49567250,0
1772904600000000,67909.89000000,67909.89000000,67909.89000000,67909.89000000,0.00010000,1772904899999999,6.79098900,1,0.00010000,6.79098900,0
1772904900000000,67909.89000000,67909.89000000,67909.89000000,67909.89000000,0.00000000,1772905199999999,0.00000000,0,0.00000000,0.00000000,0
1772905200000000,67909.89000000,67909.89000000,67909.89000000,67909.89000000,0.00000000,1772905499999999,0.00000000,0,0.00000000,0.00000000,0
1772905500000000,67909.89000000,67909.89000000,67909.89000000,67909.89000000,0.00000000,1772905799999999,0.00000000,0,0.00000000,0.00000000,0
1772905800000000,67905.47000000,67905.47000000,67905.47000000,67905.47000000,0.01605000,1772906099999999,1089.88279350,1,0.01605000,1089.88279350,0
1772906100000000,67837.13000000,67837.13000000,67837.13000000,67837.13000000,0.00009000,1772906399999999,6.10534170,1,0.00000000,0.00000000,0
1772906400000000,67750.00000000,67750.00000000,67484.11000000,67484.11000000,0.01896000,1772906699999999,1280.90138590,10,0.00000000,0.00000000,0
1772906700000000,67484.11000000,67484.11000000,67484.11000000,67484.11000000,0.00000000,1772906999999999,0.00000000,0,0.00000000,0.00000000,0
1772907000000000,67641.50000000,67662.73000000,67641.50000000,67662.73000000,0.00042000,1772907299999999,28.41643590,2,0.00042000,28.41643590,0
1772907300000000,67662.73000000,67662.73000000,67662.73000000,67662.73000000,0.00011000,1772907599999999,7.44290030,1,0.00011000,7.44290030,0
1772907600000000,67683.48000000,67683.48000000,67683.48000000,67683.48000000,0.00048000,1772907899999999,32.48807040,1,0.00048000,32.48807040,0
1772907900000000,67683.48000000,67683.48000000,67654.62000000,67654.62000000,0.00213000,1772908199999999,144.11242140,2,0.00185000,125.16104700,0
1772908200000000,67603.37000000,67603.37000000,67603.37000000,67603.37000000,0.00021000,1772908499999999,14.19670770,1,0.00021000,14.19670770,0
1772908500000000,67544.95000000,67544.95000000,67544.95000000,67544.95000000,0.00036000,1772908799999999,24.31618200,1,0.00036000,24.31618200,0
1772908800000000,67641.50000000,67641.50000000,67641.50000000,67641.50000000,0.00009000,1772909099999999,6.08773500,1,0.00009000,6.08773500,0
1772909100000000,67680.17000000,67680.17000000,67680.17000000,67680.17000000,0.00029000,1772909399999999,19.62724930,1,0.00029000,19.62724930,0
1772909400000000,67610.55000000,67629.66000000,67610.55000000,67629.66000000,0.00037000,1772909699999999,25.01877000,2,0.00037000,25.01877000,0
1772909700000000,67623.63000000,67623.73000000,67623.63000000,67623.73000000,0.00086000,1772909999999999,58.15636580,3,0.00086000,58.15636580,0
1772910000000000,67559.30000000,67559.30000000,67559.30000000,67559.30000000,0.00443000,1772910299999999,299.28769900,1,0.00443000,299.28769900,0
1772910300000000,67568.42000000,67576.42000000,67568.42000000,67576.42000000,0.00358000,1772910599999999,241.91766360,2,0.00358000,241.91766360,0
1772910600000000,67576.42000000,67576.42000000,67576.42000000,67576.42000000,0.00000000,1772910899999999,0.00000000,0,0.00000000,0.00000000,0
1772910900000000,67446.42000000,67446.42000000,67310.38000000,67310.38000000,0.00050000,1772911199999999,33.67963650,4,0.00000000,0.00000000,0
1772911200000000,67446.42000000,67465.67000000,67406.89000000,67406.89000000,0.00115000,1772911499999999,77.54616880,3,0.00115000,77.54616880,0
1772911500000000,67349.10000000,67349.10000000,67251.91000000,67251.91000000,0.00019000,1772911799999999,12.78661000,2,0.00000000,0.00000000,0
1772911800000000,67286.14000000,67286.14000000,67251.91000000,67251.91000000,0.00041000,1772912099999999,27.58423670,2,0.00032000,21.53156480,0
1772912100000000,67250.54000000,67336.23000000,67250.54000000,67336.23000000,0.00112000,1772912399999999,75.38572920,2,0.00112000,75.38572920,0
1772912400000000,67358.06000000,67358.06000000,67251.91000000,67251.91000000,0.00338000,1772912699999999,227.62575180,4,0.00251000,169.03379310,0
1772912700000000,67289.52000000,67289.52000000,67227.02000000,67227.02000000,0.00058000,1772912999999999,39.00542160,2,0.00058000,39.00542160,0
1772913000000000,67200.00000000,67200.00000000,67026.74000000,67026.74000000,0.00407000,1772913299999999,273.33135950,5,0.00075000,50.27005500,0
1772913300000000,67000.00000000,67057.96000000,66961.19000000,67057.96000000,0.09176000,1772913599999999,6147.92665940,27,0.00019000,12.74054040,0
1772913600000000,67057.96000000,67057.96000000,67057.96000000,67057.96000000,0.00000000,1772913899999999,0.00000000,0,0.00000000,0.00000000,0
1772913900000000,67222.35000000,67222.35000000,67222.35000000,67222.35000000,0.00074000,1772914199999999,49.74453900,1,0.00074000,49.74453900,0
1772914200000000,67301.88000000,67301.88000000,67301.88000000,67301.88000000,0.00081000,1772914499999999,54.51452280,2,0.00046000,30.95886480,0
1772914500000000,67296.38000000,67296.38000000,67296.38000000,67296.38000000,0.00219000,1772914799999999,147.37907220,2,0.00074000,49.79932120,0
1772914800000000,67270.15000000,67270.15000000,67270.15000000,67270.15000000,0.01377000,1772915099999999,926.30996550,1,0.01377000,926.30996550,0
1772915100000000,67283.92000000,67303.74000000,67283.92000000,67303.74000000,0.00747000,1772915399999999,502.74427100,2,0.00747000,502.74427100,0
1772915400000000,67301.52000000,67301.52000000,67296.72000000,67296.72000000,0.00359000,1772915699999999,241.59877680,2,0.00359000,241.59877680,0
1772915700000000,67303.20000000,67455.21000000,67303.20000000,67420.24000000,0.06340000,1772915999999999,4275.08259110,12,0.06340000,4275.08259110,0
1772916000000000,67428.68000000,67428.68000000,67428.68000000,67428.68000000,0.00011000,1772916299999999,7.41715480,1,0.00011000,7.41715480,0
1772916300000000,67428.68000000,67428.68000000,67428.68000000,67428.68000000,0.00000000,1772916599999999,0.00000000,0,0.00000000,0.00000000,0
1772916600000000,67367.52000000,67403.06000000,67349.11000000,67403.06000000,0.00576000,1772916899999999,388.07361690,4,0.00433000,291.73806330,0
1772916900000000,67403.06000000,67403.06000000,67403.06000000,67403.06000000,0.00000000,1772917199999999,0.00000000,0,0.00000000,0.00000000,0
1772917200000000,67403.06000000,67403.06000000,67403.06000000,67403.06000000,0.00000000,1772917499999999,0.00000000,0,0.00000000,0.00000000,0
1772917500000000,67429.48000000,67429.48000000,67429.48000000,67429.48000000,0.00024000,1772917799999999,16.18307520,1,0.00024000,16.18307520,0
1772917800000000,67465.59000000,67465.59000000,67465.59000000,67465.59000000,0.00032000,1772918099999999,21.58898880,1,0.00032000,21.58898880,0
1772918100000000,67465.59000000,67465.59000000,67465.59000000,67465.59000000,0.00000000,1772918399999999,0.00000000,0,0.00000000,0.00000000,0
1772918400000000,67465.59000000,67465.59000000,67465.59000000,67465.59000000,0.00000000,1772918699999999,0.00000000,0,0.00000000,0.00000000,0
1772918700000000,67502.33000000,67508.61000000,67502.33000000,67508.61000000,0.08074000,1772918999999999,5450.63068360,18,0.00645000,435.41604670,0
1772919000000000,67411.31000000,67412.58000000,67411.31000000,67412.58000000,0.01000000,1772919299999999,674.12486020,2,0.01000000,674.12486020,0
1772919300000000,67349.10000000,67349.10000000,67349.10000000,67349.10000000,0.00009000,1772919599999999,6.06141900,1,0.00000000,0.00000000,0
1772919600000000,67403.70000000,67403.70000000,67403.70000000,67403.70000000,0.00080000,1772919899999999,53.92296000,1,0.00080000,53.92296000,0
1772919900000000,67349.10000000,67371.97000000,67336.74000000,67371.97000000,0.00180000,1772920199999999,121.23615740,3,0.00148000,99.68444540,0
1772920200000000,67359.42000000,67375.65000000,67359.42000000,67375.65000000,0.00300000,1772920499999999,202.11493980,2,0.00300000,202.11493980,0
1772920500000000,67375.65000000,67375.65000000,67375.65000000,67375.65000000,0.00000000,1772920799999999,0.00000000,0,0.00000000,0.00000000,0
1772920800000000,67446.42000000,67446.42000000,67446.42000000,67446.42000000,0.00009000,1772921099999999,6.07017780,1,0.00009000,6.07017780,0
1772921100000000,67446.42000000,67446.42000000,67446.42000000,67446.42000000,0.00000000,1772921399999999,0.00000000,0,0.00000000,0.00000000,0
1772921400000000,67423.45000000,67423.45000000,67375.65000000,67375.65000000,0.01118000,1772921699999999,753.74448620,4,0.01075000,724.77295670,0
1772921700000000,67406.93000000,67406.93000000,67389.54000000,67389.54000000,0.00416000,1772921999999999,280.35057260,2,0.00416000,280.35057260,0
1772922000000000,67349.10000000,67349.10000000,67334.74000000,67334.74000000,0.00082000,1772922299999999,55.21577920,2,0.00073000,49.15436020,0
1772922300000000,67334.74000000,67334.74000000,67334.74000000,67334.74000000,0.00000000,1772922599999999,0.00000000,0,0.00000000,0.00000000,0
1772922600000000,67251.91000000,67251.91000000,67251.91000000,67251.91000000,0.00009000,1772922899999999,6.05267190,1,0.00000000,0.00000000,0
1772922900000000,67154.86000000,67154.86000000,67154.86000000,67154.86000000,0.00009000,1772923199999999,6.04393740,1,0.00000000,0.00000000,0
1772923200000000,67262.67000000,67284.94000000,67262.67000000,67284.94000000,0.00239000,1772923499999999,160.79452680,2,0.00239000,160.79452680,0
1772923500000000,67284.94000000,67284.94000000,67284.94000000,67284.94000000,0.00028000,1772923799999999,18.83978320,1,0.00000000,0.00000000,0
1772923800000000,67302.55000000,67302.55000000,67302.55000000,67302.55000000,0.00158000,1772924099999999,106.33802900,1,0.00158000,106.33802900,0
1772924100000000,67273.66000000,67273.66000000,67273.66000000,67273.66000000,0.00074000,1772924399999999,49.78250840,1,0.00074000,49.78250840,0
1772924400000000,67251.91000000,67251.91000000,67251.91000000,67251.91000000,0.00009000,1772924699999999,6.05267190,1,0.00000000,0.00000000,0
1772924700000000,67251.91000000,67251.91000000,67251.91000000,67251.91000000,0.00000000,1772924999999999,0.00000000,0,0.00000000,0.00000000,0
1772925000000000,67251.91000000,67251.91000000,67251.91000000,67251.91000000,0.00000000,1772925299999999,0.00000000,0,0.00000000,0.00000000,0
1772925300000000,67251.91000000,67251.91000000,67251.91000000,67251.91000000,0.00000000,1772925599999999,0.00000000,0,0.00000000,0.00000000,0
1772925600000000,67425.67000000,67425.67000000,67425.67000000,67425.67000000,0.00172000,1772925899999999,115.97215240,1,0.00172000,115.97215240,0
1772925900000000,67425.67000000,67425.67000000,67425.67000000,67425.67000000,0.00000000,1772926199999999,0.00000000,0,0.00000000,0.00000000,0
1772926200000000,67393.59000000,67393.59000000,67393.59000000,67393.59000000,0.00043000,1772926499999999,28.97924370,1,0.00043000,28.97924370,0
1772926500000000,67346.98000000,67346.98000000,67346.98000000,67346.98000000,0.00015000,1772926799999999,10.10204700,1,0.00000000,0.00000000,0
1772926800000000,67346.98000000,67346.98000000,67346.98000000,67346.98000000,0.00000000,1772927099999999,0.00000000,0,0.00000000,0.00000000,0
1772927100000000,67346.98000000,67346.98000000,67346.98000000,67346.98000000,0.00000000,1772927399999999,0.00000000,0,0.00000000,0.00000000,0
1772927400000000,67287.00000000,67287.00000000,67287.00000000,67287.00000000,0.00075000,1772927699999999,50.46525000,1,0.00075000,50.46525000,0
1772927700000000,67287.00000000,67287.00000000,67287.00000000,67287.00000000,0.00000000,1772927999999999,0.00000000,0,0.00000000,0.00000000,0
1772928000000000,67346.98000000,67346.98000000,67346.98000000,67346.98000000,0.00102000,1772928299999999,68.69391960,1,0.00102000,68.69391960,0
1772928300000000,67346.98000000,67346.98000000,67346.98000000,67346.98000000,0.00000000,1772928599999999,0.00000000,0,0.00000000,0.00000000,0
1772928600000000,67446.42000000,67446.42000000,67433.13000000,67433.13000000,0.00024000,1772928899999999,16.18514730,2,0.00009000,6.07017780,0
1772928900000000,67433.13000000,67433.13000000,67433.13000000,67433.13000000,0.00000000,1772929199999999,0.00000000,0,0.00000000,0.00000000,0
1772929200000000,67442.06000000,67442.06000000,67397.08000000,67404.29000000,0.00208000,1772929499999999,140.21182890,3,0.00208000,140.21182890,0
1772929500000000,67404.29000000,67404.29000000,67404.29000000,67404.29000000,0.00000000,1772929799999999,0.00000000,0,0.00000000,0.00000000,0
1772929800000000,67404.29000000,67404.29000000,67404.29000000,67404.29000000,0.00000000,1772930099999999,0.00000000,0,0.00000000,0.00000000,0
1772930100000000,67349.10000000,67349.10000000,67343.24000000,67343.24000000,0.00046000,1772930399999999,30.97841780,2,0.00037000,24.91699880,0
1772930400000000,67343.24000000,67343.24000000,67341.82000000,67341.82000000,0.00180000,1772930699999999,121.21580140,2,0.00180000,121.21580140,0
1772930700000000,67251.91000000,67251.91000000,67200.00000000,67242.14000000,0.00186000,1772930999999999,125.06275440,4,0.00161000,108.25808250,0
1772931000000000,67228.71000000,67228.71000000,67216.46000000,67216.46000000,0.00133000,1772931299999999,89.40499680,2,0.00133000,89.40499680,0
1772931300000000,67232.51000000,67232.51000000,67232.51000000,67232.51000000,0.00432000,1772931599999999,290.44444320,2,0.00074000,49.75205740,0
1772931600000000,67232.51000000,67232.51000000,67232.51000000,67232.51000000,0.00000000,1772931899999999,0.00000000,0,0.00000000,0.00000000,0
1772931900000000,67200.00000000,67200.00000000,67200.00000000,67200.00000000,0.00050000,1772932199999999,33.60000000,1,0.00000000,0.00000000,0
1772932200000000,67253.12000000,67253.12000000,67253.12000000,67253.12000000,0.00015000,1772932499999999,10.08796800,1,0.00015000,10.08796800,0
1772932500000000,67253.12000000,67253.12000000,67253.12000000,67253.12000000,0.00000000,1772932799999999,0.00000000,0,0.00000000,0.00000000,0
1772932800000000,67253.12000000,67253.12000000,67253.12000000,67253.12000000,0.00000000,1772933099999999,0.00000000,0,0.00000000,0.00000000,0
1772933100000000,67263.33000000,67263.33000000,67263.33000000,67263.33000000,0.00015000,1772933399999999,10.08949950,1,0.00000000,0.00000000,0
1772933400000000,67154.86000000,67154.86000000,67142.47000000,67142.47000000,0.00040000,1772933699999999,26.85934840,3,0.00031000,20.81541100,0
1772933700000000,67142.47000000,67142.47000000,67142.47000000,67142.47000000,0.00000000,1772933999999999,0.00000000,0,0.00000000,0.00000000,0
1772934000000000,67142.47000000,67142.47000000,67142.47000000,67142.47000000,0.00000000,1772934299999999,0.00000000,0,0.00000000,0.00000000,0
1772934300000000,67360.94000000,67360.94000000,67360.94000000,67360.94000000,0.00152000,1772934599999999,102.38862880,1,0.00152000,102.38862880,0
1772934600000000,67360.94000000,67360.94000000,67360.94000000,67360.94000000,0.00000000,1772934899999999,0.00000000,0,0.00000000,0.00000000,0
1772934900000000,67360.94000000,67360.94000000,67360.94000000,67360.94000000,0.00000000,1772935199999999,0.00000000,0,0.00000000,0.00000000,0
1772935200000000,67360.94000000,67360.94000000,67360.94000000,67360.94000000,0.00000000,1772935499999999,0.00000000,0,0.00000000,0.00000000,0
1772935500000000,67360.94000000,67360.94000000,67360.94000000,67360.94000000,0.00000000,1772935799999999,0.00000000,0,0.00000000,0.00000000,0
1772935800000000,67266.31000000,67266.31000000,67229.93000000,67229.93000000,0.00020000,1772936099999999,13.45160220,3,0.00010000,6.72663100,0
1772936100000000,67229.93000000,67229.93000000,67229.93000000,67229.93000000,0.00000000,1772936399999999,0.00000000,0,0.00000000,0.00000000,0
1772936400000000,67303.09000000,67303.09000000,67303.09000000,67303.09000000,0.00011000,1772936699999999,7.40333990,1,0.00011000,7.40333990,0
1772936700000000,67251.91000000,67251.91000000,67251.91000000,67251.91000000,0.00009000,1772936999999999,6.05267190,1,0.00000000,0.00000000,0
1772937000000000,67154.86000000,67154.86000000,67154.86000000,67154.86000000,0.00009000,1772937299999999,6.04393740,1,0.00000000,0.00000000,0
1772937300000000,67154.86000000,67154.86000000,67154.86000000,67154.86000000,0.00000000,1772937599999999,0.00000000,0,0.00000000,0.00000000,0
1772937600000000,67251.91000000,67251.91000000,67251.91000000,67251.91000000,0.00009000,1772937899999999,6.05267190,1,0.00009000,6.05267190,0
1772937900000000,67251.91000000,67251.91000000,67154.86000000,67154.86000000,0.00018000,1772938199999999,12.09660930,2,0.00000000,0.00000000,0
1772938200000000,67057.96000000,67057.96000000,66879.02000000,66879.02000000,0.12722000,1772938499999999,8511.67275200,31,0.00000000,0.00000000,0
1772938500000000,67030.06000000,67030.06000000,66946.42000000,66946.42000000,0.00991000,1772938799999999,663.83233570,5,0.00446000,298.94625260,0
1772938800000000,66946.42000000,66946.42000000,66946.42000000,66946.42000000,0.00000000,1772939099999999,0.00000000,0,0.00000000,0.00000000,0
1772939100000000,66998.22000000,66998.22000000,66944.22000000,66944.22000000,0.00043000,1772939399999999,28.80113460,2,0.00000000,0.00000000,0
1772939400000000,66966.71000000,66966.71000000,66966.71000000,66966.71000000,0.00028000,1772939699999999,18.75067880,1,0.00028000,18.75067880,0
1772939700000000,66966.71000000,66966.71000000,66966.71000000,66966.71000000,0.00000000,1772939999999999,0.00000000,0,0.00000000,0.00000000,0
1772940000000000,66966.71000000,66966.71000000,66966.71000000,66966.71000000,0.00000000,1772940299999999,0.00000000,0,0.00000000,0.00000000,0
1772940300000000,67049.51000000,67049.51000000,67049.51000000,67049.51000000,0.00129000,1772940599999999,86.49386790,1,0.00129000,86.49386790,0
1772940600000000,66980.89000000,66992.72000000,66980.89000000,66992.72000000,0.00162000,1772940899999999,108.51791430,2,0.00162000,108.51791430,0
1772940900000000,66992.72000000,66992.72000000,66992.72000000,66992.72000000,0.00000000,1772941199999999,0.00000000,0,0.00000000,0.00000000,0
1772941200000000,66997.01000000,66997.01000000,66997.01000000,66997.01000000,0.00030000,1772941499999999,20.09910300,1,0.00030000,20.09910300,0
1772941500000000,67032.14000000,67032.14000000,67032.14000000,67032.14000000,0.00015000,1772941799999999,10.05482100,1,0.00000000,0.00000000,0
1772941800000000,67040.71000000,67040.71000000,67040.71000000,67040.71000000,0.00015000,1772942099999999,10.05610650,1,0.00000000,0.00000000,0
1772942100000000,67040.71000000,67040.71000000,67040.71000000,67040.71000000,0.00000000,1772942399999999,0.00000000,0,0.00000000,0.00000000,0
1772942400000000,66961.19000000,66961.19000000,66961.19000000,66961.19000000,0.00009000,1772942699999999,6.02650710,1,0.00000000,0.00000000,0
1772942700000000,67040.58000000,67060.30000000,66864.57000000,66981.71000000,0.00129000,1772942999999999,86.40875450,6,0.00007000,4.69284060,0
1772943000000000,66973.37000000,66973.37000000,66973.37000000,66973.37000000,0.00026000,1772943299999999,17.41307620,1,0.00026000,17.41307620,0
1772943300000000,67008.32000000,67008.32000000,67008.32000000,67008.32000000,0.00028000,1772943599999999,18.76232960,1,0.00028000,18.76232960,0
1772943600000000,67008.32000000,67008.32000000,67008.32000000,67008.32000000,0.00000000,1772943899999999,0.00000000,0,0.00000000,0.00000000,0
1772943900000000,67008.32000000,67008.32000000,67008.32000000,67008.32000000,0.00000000,1772944199999999,0.00000000,0,0.00000000,0.00000000,0
1772944200000000,67008.32000000,67008.32000000,67008.32000000,67008.32000000,0.00000000,1772944499999999,0.00000000,0,0.00000000,0.00000000,0
1772944500000000,66961.19000000,66964.39000000,66961.19000000,66964.39000000,0.00504000,1772944799999999,337.50023760,2,0.00000000,0.00000000,0
1772944800000000,66964.39000000,66964.39000000,66964.39000000,66964.39000000,0.00000000,1772945099999999,0.00000000,0,0.00000000,0.00000000,0
1772945100000000,66980.11000000,66980.11000000,66863.56000000,66863.56000000,0.00236000,1772945399999999,157.97239190,4,0.00194000,129.85633190,0
1772945400000000,66852.49000000,66852.49000000,66639.90000000,66639.90000000,0.00103000,1772945699999999,68.79379920,4,0.00039000,26.04937920,0
1772945700000000,66671.73000000,66671.73000000,66671.73000000,66671.73000000,0.00009000,1772945999999999,6.00045570,1,0.00009000,6.00045570,0
1772946000000000,66671.73000000,66671.73000000,66671.73000000,66671.73000000,0.00000000,1772946299999999,0.00000000,0,0.00000000,0.00000000,0
1772946300000000,66671.73000000,66671.73000000,66671.73000000,66671.73000000,0.00000000,1772946599999999,0.00000000,0,0.00000000,0.00000000,0
1772946600000000,66944.61000000,66944.61000000,66944.61000000,66944.61000000,0.00141000,1772946899999999,94.39190010,1,0.00141000,94.39190010,0
1772946900000000,66944.61000000,66944.61000000,66944.61000000,66944.61000000,0.00000000,1772947199999999,0.00000000,0,0.00000000,0.00000000,0
1772947200000000,66944.61000000,66944.61000000,66944.61000000,66944.61000000,0.00000000,1772947499999999,0.00000000,0,0.00000000,0.00000000,0
1772947500000000,67192.69000000,67192.69000000,67192.69000000,67192.69000000,0.00038000,1772947799999999,25.53322220,1,0.00038000,25.53322220,0
1772947800000000,67181.17000000,67181.17000000,67108.62000000,67108.62000000,0.00051000,1772948099999999,34.23677020,3,0.00013000,8.73355210,0
1772948100000000,67108.62000000,67108.62000000,67108.62000000,67108.62000000,0.00000000,1772948399999999,0.00000000,0,0.00000000,0.00000000,0
1772948400000000,67180.11000000,67180.11000000,67180.11000000,67180.11000000,0.00038000,1772948699999999,25.52844180,1,0.00038000,25.52844180,0
1772948700000000,67200.77000000,67214.88000000,67200.77000000,67214.88000000,0.00073000,1772948999999999,49.05825530,2,0.00073000,49.05825530,0
1772949000000000,67231.48000000,67233.69000000,67198.52000000,67233.69000000,0.00030000,1772949299999999,20.16636900,3,0.00020000,13.44651700,0
1772949300000000,67154.86000000,67154.86000000,67133.48000000,67133.48000000,0.00070000,1772949599999999,46.99536020,2,0.00000000,0.00000000,0
1772949600000000,67133.48000000,67133.48000000,67133.48000000,67133.48000000,0.00000000,1772949899999999,0.00000000,0,0.00000000,0.00000000,0
1772949900000000,67133.48000000,67133.48000000,67133.48000000,67133.48000000,0.00000000,1772950199999999,0.00000000,0,0.00000000,0.00000000,0
1772950200000000,67171.18000000,67171.18000000,67123.74000000,67123.74000000,0.00061000,1772950499999999,40.96520180,4,0.00037000,24.84954140,0
1772950500000000,67178.73000000,67178.73000000,67091.28000000,67091.28000000,0.00032000,1772950799999999,21.48486480,4,0.00016000,10.74730320,0
1772950800000000,67134.10000000,67134.10000000,67134.10000000,67134.10000000,0.00008000,1772951099999999,5.37072800,1,0.00008000,5.37072800,0
1772951100000000,67134.10000000,67134.10000000,67134.10000000,67134.10000000,0.00000000,1772951399999999,0.00000000,0,0.00000000,0.00000000,0
1772951400000000,67134.10000000,67134.10000000,67134.10000000,67134.10000000,0.00000000,1772951699999999,0.00000000,0,0.00000000,0.00000000,0
1772951700000000,67134.10000000,67134.10000000,67134.10000000,67134.10000000,0.00000000,1772951999999999,0.00000000,0,0.00000000,0.00000000,0
1772952000000000,67157.07000000,67157.07000000,67157.07000000,67157.07000000,0.00029000,1772952299999999,19.47555030,1,0.00029000,19.47555030,0
1772952300000000,67157.07000000,67157.07000000,67157.07000000,67157.07000000,0.00000000,1772952599999999,0.00000000,0,0.00000000,0.00000000,0
1772952600000000,67157.07000000,67157.07000000,67157.07000000,67157.07000000,0.00000000,1772952899999999,0.00000000,0,0.00000000,0.00000000,0
1772952900000000,67154.92000000,67154.92000000,67154.92000000,67154.92000000,0.00074000,1772953199999999,49.69464080,1,0.00074000,49.69464080,0
1772953200000000,67154.92000000,67154.92000000,67154.92000000,67154.92000000,0.00000000,1772953499999999,0.00000000,0,0.00000000,0.00000000,0
1772953500000000,67349.10000000,67349.10000000,67349.10000000,67349.10000000,0.00009000,1772953799999999,6.06141900,1,0.00009000,6.06141900,0
1772953800000000,67349.10000000,67349.10000000,67349.10000000,67349.10000000,0.00000000,1772954099999999,0.00000000,0,0.00000000,0.00000000,0
1772954100000000,67349.10000000,67349.10000000,67349.10000000,67349.10000000,0.00000000,1772954399999999,0.00000000,0,0.00000000,0.00000000,0
1772954400000000,67446.42000000,67446.42000000,67349.10000000,67349.10000000,0.00218000,1772954699999999,146.91945680,3,0.00209000,140.85803780,0
1772954700000000,67349.90000000,67349.90000000,67349.90000000,67349.90000000,0.00496000,1772954999999999,334.05550400,1,0.00496000,334.05550400,0
1772955000000000,67399.80000000,67399.80000000,67329.31000000,67363.02000000,0.00291000,1772955299999999,196.05403820,3,0.00291000,196.05403820,0
1772955300000000,67354.31000000,67360.83000000,67354.31000000,67360.83000000,0.00897000,1772955599999999,604.18802020,4,0.00897000,604.18802020,0
1772955600000000,67360.83000000,67360.83000000,67360.83000000,67360.83000000,0.00000000,1772955899999999,0.00000000,0,0.00000000,0.00000000,0
1772955900000000,67349.08000000,67349.08000000,67349.08000000,67349.08000000,0.00030000,1772956199999999,20.20472400,1,0.00030000,20.20472400,0
1772956200000000,67349.08000000,67349.08000000,67349.08000000,67349.08000000,0.00000000,1772956499999999,0.00000000,0,0.00000000,0.00000000,0
1772956500000000,67349.08000000,67349.08000000,67349.08000000,67349.08000000,0.00000000,1772956799999999,0.00000000,0,0.00000000,0.00000000,0
1772956800000000,67349.08000000,67349.08000000,67349.08000000,67349.08000000,0.00144000,1772957099999999,96.98267520,1,0.00000000,0.00000000,0
1772957100000000,67330.07000000,67330.07000000,67330.07000000,67330.07000000,0.00015000,1772957399999999,10.09951050,1,0.00000000,0.00000000,0
1772957400000000,67304.54000000,67304.54000000,67271.26000000,67271.26000000,0.00030000,1772957699999999,20.18637000,2,0.00000000,0.00000000,0
1772957700000000,67251.91000000,67252.40000000,67251.91000000,67252.40000000,0.00083000,1772957999999999,55.81944790,2,0.00074000,49.76677600,0
1772958000000000,67252.40000000,67252.40000000,67252.40000000,67252.40000000,0.00000000,1772958299999999,0.00000000,0,0.00000000,0.00000000,0
1772958300000000,67252.40000000,67252.40000000,67252.40000000,67252.40000000,0.00000000,1772958599999999,0.00000000,0,0.00000000,0.00000000,0
1772958600000000,67263.18000000,67278.17000000,67263.18000000,67278.17000000,0.00148000,1772958899999999,99.56059900,2,0.00148000,99.56059900,0
1772958900000000,67343.33000000,67343.33000000,67343.33000000,67343.33000000,0.00109000,1772959199999999,73.40422970,1,0.00109000,73.40422970,0
1772959200000000,67388.14000000,67491.10000000,67388.14000000,67491.10000000,0.00157000,1772959499999999,105.88081540,4,0.00157000,105.88081540,0
1772959500000000,67543.89000000,67543.89000000,67498.19000000,67498.19000000,0.00016000,1772959799999999,10.80382340,2,0.00016000,10.80382340,0
1772959800000000,67498.19000000,67498.19000000,67498.19000000,67498.19000000,0.00000000,1772960099999999,0.00000000,0,0.00000000,0.00000000,0
1772960100000000,67543.89000000,67543.89000000,67543.89000000,67543.89000000,0.00009000,1772960399999999,6.07895010,1,0.00009000,6.07895010,0
1772960400000000,67543.89000000,67543.89000000,67543.89000000,67543.89000000,0.00000000,1772960699999999,0.00000000,0,0.00000000,0.00000000,0
1772960700000000,67543.89000000,67543.89000000,67543.89000000,67543.89000000,0.00000000,1772960999999999,0.00000000,0,0.00000000,0.00000000,0
1772961000000000,67604.76000000,67750.14000000,67604.76000000,67750.14000000,0.00174000,1772961299999999,117.77738550,5,0.00174000,117.77738550,0
1772961300000000,67798.17000000,67822.33000000,67798.17000000,67822.33000000,0.00060000,1772961599999999,40.69146520,2,0.00060000,40.69146520,0
1772961600000000,67773.59000000,67773.59000000,67755.95000000,67764.02000000,0.00714000,1772961899999999,483.79685820,3,0.00714000,483.79685820,0
1772961900000000,67739.25000000,67739.25000000,67739.25000000,67739.25000000,0.00009000,1772962199999999,6.09653250,1,0.00000000,0.00000000,0
1772962200000000,67770.85000000,67790.06000000,67770.85000000,67790.06000000,0.00134000,1772962499999999,90.82050300,3,0.00124000,84.04341800,0
1772962500000000,67765.14000000,67765.14000000,67765.14000000,67765.14000000,0.00021000,1772962799999999,14.23067940,1,0.00021000,14.23067940,0
1772962800000000,67785.18000000,67785.18000000,67785.18000000,67785.18000000,0.00022000,1772963099999999,14.91273960,1,0.00022000,14.91273960,0
1772963100000000,67785.18000000,67785.18000000,67785.18000000,67785.18000000,0.00000000,1772963399999999,0.00000000,0,0.00000000,0.00000000,0
1772963400000000,67733.97000000,67744.28000000,67733.97000000,67744.28000000,0.03702000,1772963699999999,2507.89200840,2,0.03702000,2507.89200840,0
1772963700000000,67764.60000000,67764.60000000,67764.60000000,67764.60000000,0.00014000,1772963999999999,9.48704400,1,0.00014000,9.48704400,0
1772964000000000,67764.60000000,67764.60000000,67764.60000000,67764.60000000,0.00000000,1772964299999999,0.00000000,0,0.00000000,0.00000000,0
1772964300000000,67837.13000000,67837.13000000,67837.13000000,67837.13000000,0.00008000,1772964599999999,5.42697040,1,0.00008000,5.42697040,0
1772964600000000,67893.52000000,67910.22000000,67893.52000000,67910.22000000,0.00079000,1772964899999999,53.63671580,3,0.00079000,53.63671580,0
1772964900000000,67913.95000000,67935.17000000,67913.95000000,67935.17000000,0.00028000,1772965199999999,19.01781580,2,0.00028000,19.01781580,0
1772965200000000,68033.34000000,68095.74000000,68033.34000000,68095.74000000,0.00155000,1772965499999999,105.50162360,3,0.00155000,105.50162360,0
1772965500000000,68123.36000000,68195.11000000,68123.36000000,68195.11000000,0.00364000,1772965799999999,248.16747600,4,0.00364000,248.16747600,0
1772965800000000,68062.69000000,68062.69000000,68062.69000000,68062.69000000,0.00073000,1772966099999999,49.68576370,1,0.00073000,49.68576370,0
1772966100000000,68077.28000000,68077.28000000,68027.47000000,68027.47000000,0.00263000,1772966399999999,178.99567330,4,0.00101000,68.75805280,0
1772966400000000,67997.60000000,67997.60000000,67993.56000000,67993.56000000,0.00086000,1772966699999999,58.47579480,2,0.00086000,58.47579480,0
1772966700000000,67993.56000000,67993.56000000,67993.56000000,67993.56000000,0.00000000,1772966999999999,0.00000000,0,0.00000000,0.00000000,0
1772967000000000,67935.17000000,67935.17000000,67935.17000000,67935.17000000,0.00010000,1772967299999999,6.79351700,1,0.00000000,0.00000000,0
1772967300000000,67935.17000000,67935.17000000,67935.17000000,67935.17000000,0.00000000,1772967599999999,0.00000000,0,0.00000000,0.00000000,0
1772967600000000,67837.13000000,67837.13000000,67837.13000000,67837.13000000,0.00009000,1772967899999999,6.10534170,1,0.00000000,0.00000000,0
1772967900000000,67500.00000000,67500.00000000,67500.00000000,67500.00000000,0.00071000,1772968199999999,47.92500000,1,0.00000000,0.00000000,0
1772968200000000,67613.94000000,67629.67000000,67613.94000000,67629.67000000,0.00166000,1772968499999999,112.25943210,2,0.00166000,112.25943210,0
1772968500000000,67641.50000000,67686.50000000,67634.10000000,67634.10000000,0.00110000,1772968799999999,74.41546800,3,0.00110000,74.41546800,0
1772968800000000,67650.33000000,67729.04000000,67650.33000000,67729.04000000,0.00153000,1772969099999999,103.61028330,3,0.00153000,103.61028330,0
1772969100000000,67729.04000000,67729.04000000,67729.04000000,67729.04000000,0.00000000,1772969399999999,0.00000000,0,0.00000000,0.00000000,0
1772969400000000,67715.26000000,67770.76000000,67641.50000000,67641.50000000,0.00139000,1772969699999999,94.16624690,6,0.00121000,81.98197940,0
1772969700000000,67583.05000000,67583.05000000,67522.32000000,67522.32000000,0.00100000,1772969999999999,67.54843390,2,0.00043000,29.06071150,0
1772970000000000,67570.06000000,67570.06000000,67464.58000000,67464.58000000,0.00747000,1772970299999999,504.00682380,3,0.00044000,29.73082640,0
1772970300000000,67543.89000000,67552.87000000,67543.89000000,67552.87000000,0.00352000,1772970599999999,237.78448600,3,0.00352000,237.78448600,0
1772970600000000,67543.89000000,67543.89000000,67543.89000000,67543.89000000,0.00009000,1772970899999999,6.07895010,1,0.00009000,6.07895010,0
1772970900000000,67543.89000000,67543.89000000,67543.89000000,67543.89000000,0.00000000,1772971199999999,0.00000000,0,0.00000000,0.00000000,0
1772971200000000,67533.56000000,67626.59000000,67533.56000000,67626.59000000,0.00142000,1772971499999999,95.93637860,4,0.00142000,95.93637860,0
1772971500000000,67522.32000000,67522.32000000,67300.00000000,67300.00000000,0.01597000,1772971799999999,1075.51417170,15,0.00022000,14.84884060,0
1772971800000000,67251.91000000,67251.91000000,67057.96000000,67057.96000000,0.00189000,1772972099999999,126.94477580,8,0.00139000,93.37895970,0
1772972100000000,67019.73000000,67172.71000000,66961.19000000,67172.71000000,0.03747000,1772972399999999,2516.02732570,6,0.00010000,6.71727100,0
1772972400000000,67251.91000000,67251.91000000,67251.91000000,67251.91000000,0.00009000,1772972699999999,6.05267190,1,0.00009000,6.05267190,0
1772972700000000,67330.04000000,67330.04000000,67330.04000000,67330.04000000,0.00074000,1772972999999999,49.82422960,2,0.00074000,49.82422960,0
1772973000000000,67354.35000000,67373.06000000,67354.35000000,67373.06000000,0.00212000,1772973299999999,142.81704180,3,0.00212000,142.81704180,0
1772973300000000,67348.48000000,67348.48000000,67348.48000000,67348.48000000,0.00144000,1772973599999999,96.98181120,1,0.00144000,96.98181120,0
1772973600000000,67446.42000000,67446.42000000,67426.41000000,67429.49000000,0.00194000,1772973899999999,130.81347150,3,0.00194000,130.81347150,0
1772973900000000,67349.10000000,67349.10000000,67330.04000000,67337.02000000,0.00093000,1772974199999999,62.62811740,4,0.00022000,14.81414440,0
1772974200000000,67337.02000000,67337.02000000,67337.02000000,67337.02000000,0.00000000,1772974499999999,0.00000000,0,0.00000000,0.00000000,0
1772974500000000,67337.02000000,67337.02000000,67337.02000000,67337.02000000,0.00000000,1772974799999999,0.00000000,0,0.00000000,0.00000000,0
1772974800000000,67381.86000000,67382.07000000,67299.65000000,67311.53000000,0.01627000,1772975099999999,1095.66288130,6,0.01627000,1095.66288130,0
1772975100000000,67311.53000000,67311.53000000,67251.91000000,67275.60000000,0.00697000,1772975399999999,468.92204050,5,0.00647000,435.27164130,0
1772975400000000,67262.10000000,67262.10000000,67057.96000000,67057.96000000,0.00513000,1772975699999999,344.93818120,5,0.00000000,0.00000000,0
1772975700000000,67098.35000000,67101.81000000,67098.35000000,67101.81000000,0.02162000,1772975999999999,1450.71450390,4,0.02162000,1450.71450390,0
1772976000000000,67127.47000000,67127.47000000,67057.96000000,67057.96000000,0.00348000,1772976299999999,233.56745040,3,0.00000000,0.00000000,0
1772976300000000,66961.19000000,67161.40000000,66884.69000000,67161.40000000,0.00093000,1772976599999999,62.23455060,3,0.00075000,50.16351750,0
1772976600000000,67187.05000000,67187.05000000,67050.33000000,67050.41000000,0.01629000,1772976899999999,1093.81850340,8,0.01620000,1087.78328700,0
1772976900000000,67050.41000000,67050.41000000,67050.41000000,67050.41000000,0.00000000,1772977199999999,0.00000000,0,0.00000000,0.00000000,0
1772977200000000,67057.96000000,67067.71000000,66936.31000000,66954.46000000,0.00197000,1772977499999999,131.92377440,5,0.00179000,119.86205090,0
1772977500000000,67112.42000000,67149.60000000,67112.42000000,67149.60000000,0.00526000,1772977799999999,353.18329610,3,0.00526000,353.18329610,0
1772977800000000,67149.60000000,67149.60000000,67149.60000000,67149.60000000,0.00000000,1772978099999999,0.00000000,0,0.00000000,0.00000000,0
1772978100000000,67291.88000000,67292.29000000,67291.88000000,67292.29000000,0.00169000,1772978399999999,113.72370360,2,0.00169000,113.72370360,0
1772978400000000,67292.29000000,67292.29000000,67292.29000000,67292.29000000,0.00000000,1772978699999999,0.00000000,0,0.00000000,0.00000000,0
1772978700000000,67292.29000000,67292.29000000,67292.29000000,67292.29000000,0.00000000,1772978999999999,0.00000000,0,0.00000000,0.00000000,0
1772979000000000,67342.76000000,67342.76000000,67342.76000000,67342.76000000,0.00266000,1772979299999999,179.13174160,1,0.00266000,179.13174160,0
1772979300000000,67342.76000000,67342.76000000,67342.76000000,67342.76000000,0.00000000,1772979599999999,0.00000000,0,0.00000000,0.00000000,0
1772979600000000,67405.37000000,67405.37000000,67375.05000000,67375.05000000,0.00096000,1772979899999999,64.68671840,2,0.00096000,64.68671840,0
1772979900000000,67292.29000000,67292.29000000,67247.10000000,67247.10000000,0.06833000,1772980199999999,4596.70636430,12,0.00000000,0.00000000,0
1772980200000000,67320.59000000,67352.70000000,67320.59000000,67325.18000000,0.09758000,1772980499999999,6570.42937140,10,0.09758000,6570.42937140,0
1772980500000000,67300.61000000,67325.18000000,67266.80000000,67266.80000000,0.11801000,1772980799999999,7942.76311720,14,0.05569000,3748.40957940,0
1772980800000000,67266.80000000,67266.80000000,67137.68000000,67137.68000000,0.00089000,1772981099999999,59.83666930,4,0.00000000,0.00000000,0
1772981100000000,67182.00000000,67188.51000000,67182.00000000,67188.51000000,0.01065000,1772981399999999,715.49375520,3,0.01065000,715.49375520,0
1772981400000000,67334.43000000,67350.48000000,67334.43000000,67350.48000000,0.02872000,1772981699999999,1934.26028120,5,0.02872000,1934.26028120,0
1772981700000000,67334.20000000,67334.20000000,67333.87000000,67333.87000000,0.00316000,1772981999999999,212.77512490,2,0.00316000,212.77512490,0
1772982000000000,67251.91000000,67313.15000000,67251.91000000,67313.15000000,0.00083000,1772982299999999,55.86440290,2,0.00074000,49.81173100,0
1772982300000000,67313.15000000,67313.15000000,67313.15000000,67313.15000000,0.00000000,1772982599999999,0.00000000,0,0.00000000,0.00000000,0
1772982600000000,67389.07000000,67400.23000000,67340.93000000,67360.59000000,0.00512000,1772982899999999,345.00886560,5,0.00512000,345.00886560,0
1772982900000000,67360.59000000,67360.59000000,67360.59000000,67360.59000000,0.00000000,1772983199999999,0.00000000,0,0.00000000,0.00000000,0
1772983200000000,67319.34000000,67319.34000000,67229.29000000,67250.56000000,0.00564000,1772983499999999,379.41013500,7,0.00288000,193.68161280,0
1772983500000000,67250.56000000,67250.56000000,67250.56000000,67250.56000000,0.00000000,1772983799999999,0.00000000,0,0.00000000,0.00000000,0
1772983800000000,67181.52000000,67181.59000000,67181.52000000,67181.59000000,0.00347000,1772984099999999,233.12008230,2,0.00347000,233.12008230,0
1772984100000000,67181.59000000,67181.59000000,67181.59000000,67181.59000000,0.00000000,1772984399999999,0.00000000,0,0.00000000,0.00000000,0
1772984400000000,67181.59000000,67181.59000000,67181.59000000,67181.59000000,0.00000000,1772984699999999,0.00000000,0,0.00000000,0.00000000,0
1772984700000000,67231.16000000,67243.27000000,67231.16000000,67243.27000000,0.00705000,1772984999999999,474.05282600,3,0.00705000,474.05282600,0
1772985000000000,67212.17000000,67217.37000000,67148.94000000,67194.15000000,0.01481000,1772985299999999,995.39139320,9,0.01420000,954.41302900,0
1772985300000000,67194.15000000,67194.15000000,67194.15000000,67194.15000000,0.00000000,1772985599999999,0.00000000,0,0.00000000,0.00000000,0
1772985600000000,67194.15000000,67194.15000000,67194.15000000,67194.15000000,0.00000000,1772985899999999,0.00000000,0,0.00000000,0.00000000,0
1772985900000000,67242.81000000,67247.63000000,67242.81000000,67247.63000000,0.00517000,1772986199999999,347.66668030,2,0.00517000,347.66668030,0
1772986200000000,67247.63000000,67247.63000000,67247.63000000,67247.63000000,0.00000000,1772986499999999,0.00000000,0,0.00000000,0.00000000,0
1772986500000000,67247.63000000,67247.63000000,67247.63000000,67247.63000000,0.00000000,1772986799999999,0.00000000,0,0.00000000,0.00000000,0
1772986800000000,67150.75000000,67151.50000000,67136.67000000,67151.50000000,0.00508000,1772987099999999,341.09264460,4,0.00508000,341.09264460,0
1772987100000000,67151.50000000,67151.50000000,67151.50000000,67151.50000000,0.00000000,1772987399999999,0.00000000,0,0.00000000,0.00000000,0
1772987400000000,67057.96000000,67057.96000000,67057.96000000,67057.96000000,0.00009000,1772987699999999,6.03521640,1,0.00000000,0.00000000,0
1772987700000000,66961.19000000,66961.19000000,66852.15000000,66852.15000000,0.00596000,1772987999999999,398.76135290,5,0.00000000,0.00000000,0
1772988000000000,66852.15000000,66852.15000000,66852.15000000,66852.15000000,0.00000000,1772988299999999,0.00000000,0,0.00000000,0.00000000,0
1772988300000000,67001.88000000,67001.88000000,66963.43000000,66963.43000000,0.00181000,1772988599999999,121.20957580,2,0.00166000,111.15929380,0
1772988600000000,66946.15000000,66946.15000000,66946.15000000,66946.15000000,0.00151000,1772988899999999,101.08868650,2,0.00151000,101.08868650,0
1772988900000000,66864.57000000,66864.57000000,66852.15000000,66852.15000000,0.00163000,1772989199999999,108.97012230,2,0.00000000,0.00000000,0
1772989200000000,66909.65000000,66961.19000000,66909.65000000,66961.19000000,0.00030000,1772989499999999,20.07753360,2,0.00030000,20.07753360,0
1772989500000000,67151.50000000,67202.92000000,67144.57000000,67197.98000000,0.05624000,1772989799999999,3777.41455240,15,0.05624000,3777.41455240,0
1772989800000000,67084.25000000,67155.48000000,67084.25000000,67155.48000000,0.00403000,1772990099999999,270.51231910,3,0.00403000,270.51231910,0
1772990100000000,67178.60000000,67192.89000000,67178.60000000,67192.89000000,0.00773000,1772990399999999,519.38633110,4,0.00773000,519.38633110,0
1772990400000000,67158.69000000,67158.69000000,67158.69000000,67158.69000000,0.00074000,1772990699999999,49.69743060,1,0.00074000,49.69743060,0
1772990700000000,67149.34000000,67168.80000000,67122.74000000,67122.74000000,0.00997000,1772990999999999,669.59000700,7,0.00939000,630.65881780,0
1772991000000000,67055.16000000,67055.16000000,67055.16000000,67055.16000000,0.00015000,1772991299999999,10.05827400,1,0.00000000,0.00000000,0
1772991300000000,67055.16000000,67055.16000000,67055.16000000,67055.16000000,0.00000000,1772991599999999,0.00000000,0,0.00000000,0.00000000,0
1772991600000000,67108.24000000,67108.24000000,67108.24000000,67108.24000000,0.00087000,1772991899999999,58.38416880,1,0.00087000,58.38416880,0
1772991900000000,67108.24000000,67108.24000000,67108.24000000,67108.24000000,0.00000000,1772992199999999,0.00000000,0,0.00000000,0.00000000,0
1772992200000000,67089.91000000,67106.20000000,67089.91000000,67106.20000000,0.01262000,1772992499999999,846.69812180,2,0.00144000,96.63292800,0
1772992500000000,67021.37000000,67057.96000000,67021.37000000,67057.96000000,0.00159000,1772992799999999,106.59242640,3,0.00159000,106.59242640,0
1772992800000000,67055.14000000,67057.96000000,67055.14000000,67057.96000000,0.02982000,1772993099999999,1999.64065860,6,0.01063000,712.79840620,0
1772993100000000,67035.90000000,67035.90000000,67033.38000000,67033.38000000,0.00054000,1772993399999999,36.19827720,2,0.00054000,36.19827720,0
1772993400000000,66993.55000000,66997.67000000,66961.19000000,66961.19000000,0.00065000,1772993699999999,43.54338950,4,0.00056000,37.51688240,0
1772993700000000,66864.57000000,66864.57000000,66864.57000000,66864.57000000,0.00009000,1772993999999999,6.01781130,1,0.00000000,0.00000000,0
1772994000000000,66864.57000000,66864.57000000,66864.57000000,66864.57000000,0.00000000,1772994299999999,0.00000000,0,0.00000000,0.00000000,0
1772994300000000,66864.57000000,66864.57000000,66864.57000000,66864.57000000,0.00000000,1772994599999999,0.00000000,0,0.00000000,0.00000000,0
1772994600000000,67022.71000000,67022.71000000,67012.82000000,67012.82000000,0.00064000,1772994899999999,42.89028170,2,0.00064000,42.89028170,0
1772994900000000,67012.82000000,67012.82000000,67012.82000000,67012.82000000,0.00000000,1772995199999999,0.00000000,0,0.00000000,0.00000000,0
1772995200000000,66864.57000000,66864.57000000,66800.41000000,66800.41000000,0.00290000,1772995499999999,193.81422100,2,0.00000000,0.00000000,0
1772995500000000,66800.41000000,66800.41000000,66800.41000000,66800.41000000,0.00000000,1772995799999999,0.00000000,0,0.00000000,0.00000000,0
1772995800000000,66819.13000000,66832.55000000,66819.13000000,66832.55000000,0.01446000,1772996099999999,966.33915800,4,0.01446000,966.33915800,0
1772996100000000,66832.55000000,66832.55000000,66832.55000000,66832.55000000,0.00000000,1772996399999999,0.00000000,0,0.00000000,0.00000000,0
1772996400000000,66832.55000000,66832.55000000,66832.55000000,66832.55000000,0.01031000,1772996699999999,689.04359050,4,0.00000000,0.00000000,0
1772996700000000,66976.11000000,66992.06000000,66976.11000000,66992.06000000,0.00145000,1772996999999999,97.12652450,2,0.00145000,97.12652450,0
1772997000000000,66983.16000000,66983.16000000,66983.16000000,66983.16000000,0.00043000,1772997299999999,28.80275880,1,0.00043000,28.80275880,0
1772997300000000,67161.04000000,67161.04000000,67161.04000000,67161.04000000,0.00149000,1772997599999999,100.06994960,1,0.00149000,100.06994960,0
1772997600000000,67251.91000000,67251.91000000,67251.91000000,67251.91000000,0.00009000,1772997899999999,6.05267190,1,0.00009000,6.05267190,0
1772997900000000,67220.29000000,67283.88000000,67220.29000000,67283.88000000,0.00321000,1772998199999999,215.89025660,4,0.00321000,215.89025660,0
1772998200000000,67250.41000000,67264.01000000,67250.41000000,67264.01000000,0.00594000,1772998499999999,399.50765540,3,0.00594000,399.50765540,0
1772998500000000,67328.05000000,67328.05000000,67328.05000000,67328.05000000,0.00074000,1772998799999999,49.82275700,1,0.00074000,49.82275700,0
1772998800000000,67328.05000000,67328.05000000,67328.05000000,67328.05000000,0.00000000,1772999099999999,0.00000000,0,0.00000000,0.00000000,0
1772999100000000,67390.43000000,67475.81000000,67390.43000000,67475.81000000,0.00169000,1772999399999999,113.95804700,3,0.00169000,113.95804700,0
1772999400000000,67349.10000000,67349.10000000,67324.98000000,67324.98000000,0.00336000,1772999699999999,226.22352850,4,0.00020000,13.46499600,0
1772999700000000,67324.98000000,67324.98000000,67324.98000000,67324.98000000,0.00000000,1772999999999999,0.00000000,0,0.00000000,0.00000000,0
1773000000000000,67324.98000000,67324.98000000,67324.98000000,67324.98000000,0.00043000,1773000299999999,28.94974140,1,0.00000000,0.00000000,0
1773000300000000,67324.98000000,67324.98000000,67324.98000000,67324.98000000,0.00000000,1773000599999999,0.00000000,0,0.00000000,0.00000000,0
1773000600000000,67154.86000000,67154.86000000,67154.86000000,67154.86000000,0.00009000,1773000899999999,6.04393740,1,0.00000000,0.00000000,0
1773000900000000,67154.45000000,67154.45000000,67154.45000000,67154.45000000,0.00074000,1773001199999999,49.69429300,1,0.00074000,49.69429300,0
1773001200000000,67178.09000000,67178.09000000,67178.09000000,67178.09000000,0.00257000,1773001499999999,172.64769130,1,0.00000000,0.00000000,0
1773001500000000,67178.09000000,67178.09000000,67178.09000000,67178.09000000,0.00000000,1773001799999999,0.00000000,0,0.00000000,0.00000000,0
1773001800000000,67175.56000000,67239.06000000,67175.56000000,67239.06000000,0.00148000,1773002099999999,99.46681880,2,0.00148000,99.46681880,0
1773002100000000,67365.50000000,67496.87000000,67365.50000000,67496.49000000,0.00368000,1773002399999999,248.30044550,8,0.00225000,151.78046480,0
1773002400000000,67434.19000000,67434.19000000,67434.19000000,67434.19000000,0.00057000,1773002699999999,38.43748830,1,0.00057000,38.43748830,0
1773002700000000,67349.10000000,67349.10000000,67349.10000000,67349.10000000,0.00009000,1773002999999999,6.06141900,1,0.00000000,0.00000000,0
1773003000000000,67349.10000000,67349.10000000,67349.10000000,67349.10000000,0.00000000,1773003299999999,0.00000000,0,0.00000000,0.00000000,0
1773003300000000,67285.91000000,67310.95000000,67237.15000000,67237.15000000,0.00097000,1773003599999999,65.26910370,5,0.00067000,45.09257730,0
1773003600000000,67237.15000000,67237.15000000,67237.15000000,67237.15000000,0.00000000,1773003899999999,0.00000000,0,0.00000000,0.00000000,0
1773003900000000,67135.83000000,67135.83000000,67135.83000000,67135.83000000,0.00007000,1773004199999999,4.69950810,1,0.00000000,0.00000000,0
1773004200000000,66960.89000000,66960.89000000,66768.08000000,66768.08000000,0.00024000,1773004499999999,16.05326070,2,0.00000000,0.00000000,0
1773004500000000,66892.36000000,66892.37000000,66892.36000000,66892.37000000,0.00050000,1773004799999999,33.44618220,2,0.00050000,33.44618220,0
1773004800000000,66892.37000000,66892.37000000,66892.37000000,66892.37000000,0.00000000,1773005099999999,0.00000000,0,0.00000000,0.00000000,0
1773005100000000,66892.37000000,66892.37000000,66892.37000000,66892.37000000,0.00000000,1773005399999999,0.00000000,0,0.00000000,0.00000000,0
1773005400000000,66992.08000000,67047.46000000,66988.47000000,67047.46000000,0.10923000,1773005699999999,7319.44179980,11,0.10923000,7319.44179980,0
1773005700000000,67047.46000000,67047.46000000,67047.46000000,67047.46000000,0.00000000,1773005999999999,0.00000000,0,0.00000000,0.00000000,0
1773006000000000,67047.46000000,67047.46000000,67047.46000000,67047.46000000,0.00000000,1773006299999999,0.00000000,0,0.00000000,0.00000000,0
1773006300000000,67061.87000000,67309.23000000,67049.87000000,67049.87000000,0.09519000,1773006599999999,6398.49427170,16,0.09519000,6398.49427170,0
1773006600000000,66990.13000000,67018.62000000,66985.54000000,67018.62000000,0.05789000,1773006899999999,3878.43250290,6,0.05774000,3868.38398340,0
1773006900000000,67052.15000000,67052.15000000,67006.86000000,67012.42000000,0.01139000,1773007199999999,763.22136340,3,0.00095000,63.66974500,0
1773007200000000,66892.37000000,66892.37000000,65905.94000000,65905.94000000,1.33018000,1773007499999999,87802.00510850,154,0.00473000,312.64295420,0
1773007500000000,65791.29000000,66228.40000000,65791.29000000,66178.71000000,0.01152000,1773007799999999,761.90983070,13,0.01067000,705.68259320,0
1773007800000000,66009.71000000,66009.71000000,65702.26000000,65702.26000000,0.00485000,1773008099999999,318.89408550,7,0.00000000,0.00000000,0
1773008100000000,66178.02000000,66178.02000000,65905.10000000,65905.10000000,0.00801000,1773008399999999,528.61739120,4,0.00152000,100.38317120,0
1773008400000000,65772.56000000,65772.56000000,65752.69000000,65752.69000000,0.00275000,1773008699999999,180.84785620,3,0.00275000,180.84785620,0
1773008700000000,65700.22000000,65700.22000000,65677.13000000,65688.16000000,0.00988000,1773008999999999,648.96904120,5,0.00973000,639.11411020,0
1773009000000000,65885.83000000,66025.49000000,65781.91000000,66025.49000000,0.03454000,1773009299999999,2275.18442230,10,0.03444000,2268.59583930,0
1773009300000000,66073.97000000,66258.17000000,66056.35000000,66066.24000000,0.00616000,1773009599999999,407.09594580,12,0.00349000,230.70468830,0
1773009600000000,66081.01000000,66081.01000000,66076.68000000,66076.68000000,0.00744000,1773009899999999,491.64215150,2,0.00744000,491.64215150,0
1773009900000000,66174.41000000,66258.17000000,66174.05000000,66258.17000000,0.01772000,1773010199999999,1172.61743440,3,0.00010000,6.62581700,0
1773010200000000,66133.82000000,66133.82000000,66133.82000000,66133.82000000,0.00010000,1773010499999999,6.61338200,1,0.00000000,0.00000000,0
1773010500000000,66258.17000000,66266.49000000,66258.17000000,66266.49000000,0.00068000,1773010799999999,45.06038120,3,0.00068000,45.06038120,0
1773010800000000,66266.49000000,66266.49000000,66266.49000000,66266.49000000,0.00000000,1773011099999999,0.00000000,0,0.00000000,0.00000000,0
1773011100000000,66311.75000000,66499.64000000,66255.00000000,66255.00000000,2.27124000,1773011399999999,150540.25156220,154,1.47626000,97849.49109720,0
1773011400000000,66255.00000000,66341.56000000,66255.00000000,66341.56000000,0.00350000,1773011699999999,232.08120080,2,0.00218000,144.62460080,0
1773011700000000,66341.56000000,66341.56000000,66341.56000000,66341.56000000,0.00000000,1773011999999999,0.00000000,0,0.00000000,0.00000000,0
1773012000000000,66507.56000000,66507.56000000,66507.56000000,66507.56000000,0.00010000,1773012299999999,6.65075600,1,0.00010000,6.65075600,0
1773012300000000,66557.46000000,66557.46000000,66462.35000000,66462.35000000,0.00184000,1773012599999999,122.39439390,2,0.00184000,122.39439390,0
1773012600000000,66462.35000000,66462.35000000,66462.35000000,66462.35000000,0.00000000,1773012899999999,0.00000000,0,0.00000000,0.00000000,0
1773012900000000,66462.35000000,66462.35000000,66462.35000000,66462.35000000,0.02620000,1773013199999999,1741.31357000,2,0.00000000,0.00000000,0
1773013200000000,66462.35000000,66462.35000000,66462.35000000,66462.35000000,0.00000000,1773013499999999,0.00000000,0,0.00000000,0.00000000,0
1773013500000000,66133.82000000,66133.82000000,66044.09000000,66044.09000000,0.00055000,1773013799999999,36.35816150,3,0.00030000,19.83816600,0
1773013800000000,66068.27000000,66126.10000000,66045.53000000,66045.53000000,0.00076000,1773014099999999,50.21009930,3,0.00061000,40.29985880,0
1773014100000000,66077.30000000,66077.30000000,65975.87000000,65975.87000000,0.00069000,1773014399999999,45.54885180,4,0.00029000,19.13300230,0
1773014400000000,65994.77000000,66082.14000000,65994.77000000,66082.14000000,0.00082000,1773014699999999,54.15016790,5,0.00022000,14.51884940,0
1773014700000000,66258.17000000,66322.51000000,66258.17000000,66271.78000000,0.00745000,1773014999999999,494.08865600,3,0.00730000,484.14788900,0
1773015000000000,66388.45000000,66388.45000000,66388.45000000,66388.45000000,0.00050000,1773015299999999,33.19422500,2,0.00028000,18.58876600,0
1773015300000000,66388.45000000,66388.45000000,66388.45000000,66388.45000000,0.00000000,1773015599999999,0.00000000,0,0.00000000,0.00000000,0
1773015600000000,66212.98000000,66212.98000000,66133.82000000,66133.82000000,0.00228000,1773015899999999,150.95767840,2,0.00218000,144.34429640,0
1773015900000000,65885.83000000,66195.01000000,65885.83000000,66195.01000000,0.00085000,1773016199999999,56.23484050,2,0.00075000,49.64625750,0
1773016200000000,66258.17000000,66507.56000000,66258.17000000,66507.56000000,0.00437000,1773016499999999,289.93505620,3,0.00437000,289.93505620,0
1773016500000000,66757.89000000,66757.89000000,66757.89000000,66757.89000000,0.00009000,1773016799999999,6.00821010,1,0.00009000,6.00821010,0
1773016800000000,66757.89000000,66757.89000000,66757.89000000,66757.89000000,0.00000000,1773017099999999,0.00000000,0,0.00000000,0.00000000,0
1773017100000000,66432.54000000,66432.54000000,66432.54000000,66432.54000000,0.00393000,1773017399999999,261.07988220,1,0.00393000,261.07988220,0
1773017400000000,66415.98000000,66415.98000000,66382.75000000,66382.75000000,0.00462000,1773017699999999,306.83850460,3,0.00061000,40.51374780,0
1773017700000000,66424.40000000,66424.40000000,66424.40000000,66424.40000000,0.00059000,1773017999999999,39.19039600,1,0.00059000,39.19039600,0
1773018000000000,66379.40000000,66379.40000000,66379.40000000,66379.40000000,0.00015000,1773018299999999,9.95691000,1,0.00000000,0.00000000,0
1773018300000000,66379.40000000,66379.40000000,66379.40000000,66379.40000000,0.00000000,1773018599999999,0.00000000,0,0.00000000,0.00000000,0
1773018600000000,66382.75000000,66382.75000000,66382.75000000,66382.75000000,0.00010000,1773018899999999,6.63827500,1,0.00010000,6.63827500,0
1773018900000000,66426.89000000,66426.89000000,66382.75000000,66382.75000000,0.01151000,1773019199999999,764.50413090,3,0.00991000,658.29047990,0
1773019200000000,66306.34000000,66507.56000000,66306.34000000,66507.56000000,0.00025000,1773019499999999,16.59670700,2,0.00010000,6.65075600,0
1773019500000000,66591.92000000,66591.92000000,66591.92000000,66591.92000000,0.00007000,1773019799999999,4.66143440,1,0.00007000,4.66143440,0
1773019800000000,66656.80000000,66656.80000000,66656.80000000,66656.80000000,0.00075000,1773020099999999,49.99260000,1,0.00075000,49.99260000,0
1773020100000000,66656.80000000,66656.80000000,66656.80000000,66656.80000000,0.00000000,1773020399999999,0.00000000,0,0.00000000,0.00000000,0
1773020400000000,66656.80000000,66656.80000000,66656.80000000,66656.80000000,0.00000000,1773020699999999,0.00000000,0,0.00000000,0.00000000,0
1773020700000000,66525.38000000,66525.38000000,66525.38000000,66525.38000000,0.00015000,1773020999999999,9.97880700,1,0.00000000,0.00000000,0
1773021000000000,66501.21000000,66501.21000000,66434.19000000,66471.50000000,0.00045000,1773021299999999,29.91103500,3,0.00000000,0.00000000,0
1773021300000000,66440.22000000,66440.22000000,66221.55000000,66221.55000000,0.00183000,1773021599999999,121.33502720,11,0.00000000,0.00000000,0
1773021600000000,66168.15000000,66246.38000000,66168.15000000,66223.15000000,0.00106000,1773021899999999,70.19015700,7,0.00016000,10.59276000,0
1773021900000000,66168.55000000,66239.25000000,66098.03000000,66239.25000000,0.00296000,1773022199999999,195.93159720,10,0.00181000,119.83751170,0
1773022200000000,66356.78000000,66356.78000000,66191.32000000,66191.32000000,0.00075000,1773022499999999,49.70042400,5,0.00000000,0.00000000,0
1773022500000000,66090.34000000,66090.34000000,66008.39000000,66040.60000000,0.00100000,1773022799999999,66.04107500,7,0.00000000,0.00000000,0
1773022800000000,66057.30000000,66157.10000000,65975.89000000,66157.10000000,0.00367000,1773023099999999,242.69457650,6,0.00292000,193.17873200,0
1773023100000000,66123.22000000,66131.23000000,66085.57000000,66131.23000000,0.00060000,1773023399999999,39.67003200,4,0.00000000,0.00000000,0
1773023400000000,66167.34000000,66219.75000000,66131.23000000,66187.39000000,0.00117000,1773023699999999,77.40222810,5,0.00000000,0.00000000,0
1773023700000000,66295.30000000,66581.06000000,66263.33000000,66532.43000000,0.00170000,1773023999999999,112.99861050,12,0.00020000,13.28903100,0
1773024000000000,66474.91000000,66528.24000000,66474.91000000,66500.49000000,0.00544000,1773024299999999,361.67761220,4,0.00499000,331.75206620,0
1773024300000000,66590.08000000,66602.30000000,66590.08000000,66602.30000000,0.00030000,1773024599999999,19.97885700,2,0.00000000,0.00000000,0
1773024600000000,66684.04000000,66684.04000000,66624.56000000,66624.56000000,0.00150000,1773024899999999,99.97870050,10,0.00000000,0.00000000,0
1773024900000000,66671.39000000,66671.39000000,66587.28000000,66603.16000000,0.00075000,1773025199999999,49.96933650,5,0.00000000,0.00000000,0
1773025200000000,66605.52000000,66926.66000000,66605.52000000,66926.66000000,0.00219000,1773025499999999,146.30154060,15,0.00009000,6.00821010,0
1773025500000000,66858.65000000,67168.26000000,66825.54000000,67117.29000000,0.00249000,1773025799999999,166.83818280,17,0.00009000,6.03082530,0
1773025800000000,67261.39000000,67432.07000000,67261.39000000,67292.18000000,0.00294000,1773026099999999,198.00363210,20,0.00009000,6.05352510,0
1773026100000000,67487.91000000,67660.79000000,67387.85000000,67660.79000000,0.00194000,1773026399999999,130.94757650,14,0.00020000,13.51560500,0
1773026400000000,67659.96000000,67659.96000000,67118.24000000,67142.62000000,0.00200000,1773026699999999,134.63225300,16,0.00000000,0.00000000,0
1773026700000000,67138.67000000,67219.94000000,67138.67000000,67210.22000000,0.00113000,1773026999999999,75.92364910,7,0.00023000,15.45835060,0
1773027000000000,67242.01000000,67365.53000000,67181.55000000,67340.07000000,0.12413000,1773027299999999,8347.68270130,19,0.11212000,7539.99263720,0
1773027300000000,67315.21000000,67315.21000000,67163.17000000,67174.14000000,0.00180000,1773027599999999,121.02811500,12,0.00000000,0.00000000,0
1773027600000000,67110.02000000,67128.11000000,67090.74000000,67106.92000000,0.00060000,1773027899999999,40.26536850,4,0.00000000,0.00000000,0
1773027900000000,67110.59000000,67146.40000000,67069.55000000,67139.07000000,0.00108000,1773028199999999,72.48327450,7,0.00018000,12.07251900,0
1773028200000000,67137.83000000,67231.78000000,67078.62000000,67087.60000000,0.00150000,1773028499999999,100.71027450,10,0.00000000,0.00000000,0
1773028500000000,67087.60000000,67087.60000000,67087.60000000,67087.60000000,0.00000000,1773028799999999,0.00000000,0,0.00000000,0.00000000,0
1773028800000000,67228.63000000,67246.09000000,67228.63000000,67246.09000000,0.00045000,1773029099999999,30.25593300,3,0.00000000,0.00000000,0
1773029100000000,67261.38000000,67261.38000000,67235.72000000,67241.69000000,0.00045000,1773029399999999,30.26081850,3,0.00000000,0.00000000,0
1773029400000000,67207.00000000,67261.39000000,67178.41000000,67196.10000000,0.04724000,1773029699999999,3174.40035780,9,0.04620000,3104.50906630,0
1773029700000000,67248.03000000,67248.03000000,67225.37000000,67225.37000000,0.00030000,1773029999999999,20.17101000,2,0.00000000,0.00000000,0
1773030000000000,67261.39000000,67390.88000000,67261.39000000,67365.32000000,0.00180000,1773030299999999,121.24480040,12,0.00105000,70.72067840,0
1773030300000000,67431.57000000,67594.49000000,67431.57000000,67591.21000000,0.00125000,1773030599999999,84.43182810,10,0.00065000,43.89129510,0
1773030600000000,67560.54000000,67560.54000000,67485.07000000,67518.95000000,0.00481000,1773030899999999,324.79184870,21,0.00316000,213.38471720,0
1773030900000000,67511.41000000,67551.74000000,67493.15000000,67499.50000000,0.00257000,1773031199999999,173.53191660,20,0.00092000,62.12034210,0
1773031200000000,67527.55000000,67527.55000000,67417.05000000,67512.79000000,0.00298000,1773031499999999,201.01671070,20,0.00133000,89.69928670,0
1773031500000000,67520.13000000,67520.96000000,67440.30000000,67462.51000000,0.00119000,1773031799999999,80.29767510,9,0.00074000,49.92871110,0
1773031800000000,67489.61000000,67489.61000000,67380.37000000,67380.37000000,0.00410000,1773032099999999,276.48763310,12,0.00069000,46.51996910,0
1773032100000000,67359.20000000,67359.20000000,67105.91000000,67105.91000000,0.00240000,1773032399999999,161.32811760,18,0.00051000,34.26484920,0
1773032400000000,67171.37000000,67205.97000000,67122.32000000,67197.20000000,0.00144000,1773032699999999,96.70932870,11,0.00054000,36.26492970,0
1773032700000000,67235.84000000,67247.43000000,67153.43000000,67207.48000000,0.00111000,1773032999999999,74.58590080,9,0.00051000,34.26176530,0
1773033000000000,67179.84000000,67179.84000000,67143.73000000,67166.84000000,0.00106000,1773033299999999,71.19124270,8,0.00061000,40.96869370,0
1773033300000000,67154.11000000,67205.14000000,67145.20000000,67198.60000000,0.00085000,1773033599999999,57.09617410,7,0.00055000,36.94861060,0
1773033600000000,67187.49000000,67363.19000000,67187.49000000,67310.46000000,0.00160000,1773033899999999,107.69578480,12,0.00055000,37.01790130,0
1773033900000000,67338.96000000,67406.01000000,67338.31000000,67380.14000000,0.00082000,1773034199999999,55.24056270,7,0.00052000,35.02762920,0
1773034200000000,67365.98000000,67633.62000000,67365.98000000,67606.17000000,0.00156000,1773034499999999,105.34475730,12,0.00051000,34.45331880,0
1773034500000000,67561.48000000,67580.84000000,67525.88000000,67580.84000000,0.00192000,1773034799999999,129.67725030,8,0.00054000,36.47795730,0
1773034800000000,67573.62000000,67941.00000000,67573.62000000,67877.86000000,0.00141000,1773035099999999,95.59106440,12,0.00066000,44.73823690,0
1773035100000000,67881.51000000,68011.28000000,67838.05000000,68011.28000000,0.00085000,1773035399999999,57.70146170,7,0.00055000,37.34391020,0
1773035400000000,67991.76000000,68049.14000000,67879.82000000,67879.82000000,0.00324000,1773035699999999,220.38745500,11,0.00272000,185.04302220,0
1773035700000000,67849.58000000,67908.59000000,67849.58000000,67908.59000000,0.00047000,1773035999999999,31.90202280,5,0.00047000,31.90202280,0
1773036000000000,67878.65000000,67905.45000000,67765.58000000,67765.58000000,0.00396000,1773036299999999,268.70390880,14,0.00170000,115.35730740,0
1773036300000000,67717.22000000,67717.22000000,67641.55000000,67644.09000000,0.00253000,1773036599999999,171.19238530,10,0.00193000,130.60163980,0
1773036600000000,67623.43000000,67686.61000000,67622.66000000,67622.66000000,0.00100000,1773036899999999,67.64271870,8,0.00055000,37.21040370,0
1773036900000000,67619.17000000,67675.39000000,67567.04000000,67614.77000000,0.01036000,1773037199999999,700.46871440,9,0.01029000,695.73902160,0
1773037200000000,67536.33000000,67606.82000000,67536.33000000,67568.46000000,0.00057000,1773037499999999,38.51849980,5,0.00057000,38.51849980,0
1773037500000000,67619.93000000,67619.93000000,67507.82000000,67507.82000000,0.00229000,1773037799999999,154.64031350,8,0.00205000,138.42870500,0
1773037800000000,67524.82000000,67553.60000000,67471.51000000,67483.35000000,0.00055000,1773038099999999,37.13151380,5,0.00055000,37.13151380,0
1773038100000000,67438.56000000,67438.56000000,67387.59000000,67426.35000000,0.00095000,1773038399999999,64.04093170,8,0.00056000,37.75535770,0
1773038400000000,67385.25000000,67396.61000000,67304.73000000,67374.62000000,0.00089000,1773038699999999,59.95434150,7,0.00059000,39.75084450,0
1773038700000000,67325.45000000,67368.66000000,67294.76000000,67368.66000000,0.00053000,1773038999999999,35.67977080,5,0.00053000,35.67977080,0
1773039000000000,67345.41000000,67371.03000000,67307.63000000,67336.81000000,0.00224000,1773039299999999,150.78653190,7,0.00187000,125.88249050,0
1773039300000000,67311.12000000,67311.12000000,67208.28000000,67259.96000000,0.00125000,1773039599999999,84.09916830,9,0.00080000,53.83253880,0
1773039600000000,67264.35000000,67266.22000000,67135.16000000,67175.13000000,0.00149000,1773039899999999,100.13616040,8,0.00059000,39.65651500,0
1773039900000000,67152.84000000,67258.51000000,67135.80000000,67258.51000000,0.00088000,1773040199999999,59.12138500,8,0.00058000,38.96676850,0
1773040200000000,67241.44000000,67312.95000000,67194.78000000,67211.05000000,0.00062000,1773040499999999,41.69588170,6,0.00062000,41.69588170,0
1773040500000000,67256.16000000,67259.46000000,66921.25000000,66978.38000000,0.00906000,1773040799999999,607.13363810,17,0.00762000,510.55072880,0
1773040800000000,67070.26000000,67157.44000000,67040.62000000,67157.44000000,0.00102000,1773041099999999,68.43006610,8,0.00057000,38.24512210,0
1773041100000000,67175.86000000,67265.99000000,67163.07000000,67186.72000000,0.00643000,1773041399999999,431.93881550,12,0.00280000,188.12239490,0
1773041400000000,67256.91000000,67334.78000000,67249.88000000,67249.88000000,0.00588000,1773041699999999,395.67360910,8,0.00558000,375.49053160,0
1773041700000000,67344.61000000,67464.05000000,67329.87000000,67381.08000000,0.00128000,1773041999999999,86.22504320,6,0.00128000,86.22504320,0
1773042000000000,67402.91000000,67465.97000000,67402.91000000,67435.46000000,0.00051000,1773042299999999,34.38916250,5,0.00051000,34.38916250,0
1773042300000000,67416.75000000,67467.44000000,67416.75000000,67467.44000000,0.00053000,1773042599999999,35.74600730,5,0.00053000,35.74600730,0
1773042600000000,67478.04000000,67507.46000000,67423.98000000,67507.46000000,0.01258000,1773042899999999,849.07244910,9,0.00935000,631.15913690,0
1773042900000000,67507.46000000,67507.46000000,67507.46000000,67507.46000000,0.00000000,1773043199999999,0.00000000,0,0.00000000,0.00000000,0
1773043200000000,67499.41000000,67516.04000000,67475.56000000,67516.04000000,0.00920000,1773043499999999,620.86464380,5,0.00920000,620.86464380,0
1773043500000000,67516.04000000,67516.04000000,67516.04000000,67516.04000000,0.00000000,1773043799999999,0.00000000,0,0.00000000,0.00000000,0
1773043800000000,67516.04000000,67516.04000000,67516.04000000,67516.04000000,0.00000000,1773044099999999,0.00000000,0,0.00000000,0.00000000,0
1773044100000000,67533.56000000,67563.17000000,67398.76000000,67502.37000000,0.02452000,1773044399999999,1652.85947630,7,0.00114000,77.02201380,0
1773044400000000,67498.93000000,67759.25000000,67498.93000000,67701.48000000,0.02838000,1773044699999999,1915.88204890,6,0.02838000,1915.88204890,0
1773044700000000,67729.82000000,67835.80000000,67710.94000000,67804.52000000,0.00108000,1773044999999999,73.21355710,10,0.00078000,52.87294660,0
1773045000000000,67809.82000000,67828.10000000,67770.55000000,67813.35000000,0.00145000,1773045299999999,98.30737710,8,0.00130000,88.14179460,0
1773045300000000,67824.16000000,67824.16000000,67711.83000000,67727.23000000,0.00168000,1773045599999999,113.83366080,8,0.00153000,103.67498730,0
1773045600000000,67745.84000000,67804.01000000,67710.30000000,67787.97000000,0.06023000,1773045899999999,4079.68598650,13,0.05997000,4062.06061630,0
1773045900000000,67784.98000000,67850.10000000,67769.54000000,67769.54000000,0.00246000,1773046199999999,166.83185510,14,0.00216000,146.48502260,0
1773046200000000,67771.91000000,67928.99000000,67771.91000000,67928.99000000,0.00091000,1773046499999999,61.75025510,8,0.00091000,61.75025510,0
1773046500000000,67863.98000000,67874.30000000,67792.15000000,67794.67000000,0.00143000,1773046799999999,97.00326770,10,0.00113000,76.66480670,0
1773046800000000,67821.61000000,67821.61000000,67743.05000000,67783.94000000,0.00440000,1773047099999999,298.23438150,15,0.00078000,52.87975340,0
1773047100000000,67737.10000000,67748.01000000,67582.65000000,67676.50000000,0.00788000,1773047399999999,533.04117770,17,0.00189000,127.89233370,0
1773047400000000,67656.23000000,67790.89000000,67605.25000000,67775.23000000,0.00641000,1773047699999999,434.34727160,11,0.00641000,434.34727160,0
1773047700000000,67811.05000000,67927.95000000,67811.05000000,67845.35000000,0.00253000,1773047999999999,171.76972000,12,0.00081000,54.98528940,0
1773048000000000,67864.00000000,67953.15000000,67864.00000000,67953.15000000,0.00051000,1773048299999999,34.63632020,5,0.00051000,34.63632020,0
1773048300000000,67973.66000000,68028.62000000,67973.66000000,68003.81000000,0.00052000,1773048599999999,35.35902750,6,0.00052000,35.35902750,0
1773048600000000,67983.18000000,68199.74000000,67938.93000000,68179.36000000,0.00083000,1773048899999999,56.51233420,7,0.00053000,36.09459070,0
1773048900000000,68279.79000000,68363.36000000,68246.75000000,68291.78000000,0.00317000,1773049199999999,216.40734650,12,0.00215000,146.75266700,0
1773049200000000,68251.87000000,68423.61000000,68249.46000000,68375.48000000,0.00733000,1773049499999999,501.26092120,12,0.00718000,491.02314070,0
1773049500000000,68382.55000000,68436.71000000,68235.76000000,68251.13000000,0.00599000,1773049799999999,409.38655610,17,0.00524000,358.16654360,0
1773049800000000,68244.95000000,68244.95000000,68113.43000000,68113.43000000,0.07297000,1773050099999999,4975.82132810,22,0.07198000,4908.31763960,0
1773050100000000,68073.86000000,68096.73000000,68056.26000000,68056.49000000,0.00291000,1773050399999999,198.08484210,8,0.00071000,48.34867830,0
1773050400000000,68040.83000000,68040.83000000,67896.10000000,67992.05000000,0.00695000,1773050699999999,472.78364980,9,0.00611000,415.69563730,0
1773050700000000,68023.76000000,68041.17000000,67917.06000000,67917.06000000,0.00074000,1773050999999999,50.31802520,6,0.00022000,14.96704850,0
1773051000000000,68013.23000000,68013.23000000,68013.23000000,68013.23000000,0.00015000,1773051299999999,10.20198450,1,0.00000000,0.00000000,0
1773051300000000,67896.10000000,67907.35000000,67811.41000000,67872.97000000,0.00213000,1773051599999999,144.56305670,8,0.00137000,92.98512550,0
1773051600000000,67839.51000000,67892.15000000,67839.51000000,67891.22000000,0.00057000,1773051899999999,38.69043420,3,0.00042000,28.51450770,0
1773051900000000,67896.23000000,67896.23000000,67882.09000000,67882.09000000,0.00021000,1773052199999999,14.25735990,2,0.00000000,0.00000000,0
1773052200000000,67745.14000000,67793.71000000,67726.08000000,67781.00000000,0.00271000,1773052499999999,183.69640950,7,0.00233000,157.95452610,0
1773052500000000,67800.30000000,67800.30000000,67655.46000000,67655.46000000,0.00060000,1773052799999999,40.64124900,4,0.00000000,0.00000000,0
1773052800000000,67703.66000000,67703.66000000,67602.03000000,67602.03000000,0.00244000,1773053099999999,164.96622720,3,0.00214000,144.66834420,0
1773053100000000,67664.74000000,67665.75000000,67664.74000000,67665.75000000,0.00022000,1773053399999999,14.88636400,2,0.00010000,6.76647400,0
1773053400000000,67602.03000000,67659.75000000,67602.03000000,67659.75000000,0.01741000,1773053699999999,1176.96000030,8,0.00000000,0.00000000,0
1773053700000000,67659.75000000,67659.75000000,67659.75000000,67659.75000000,0.00000000,1773053999999999,0.00000000,0,0.00000000,0.00000000,0
1773054000000000,67659.75000000,67659.75000000,67659.75000000,67659.75000000,0.00000000,1773054299999999,0.00000000,0,0.00000000,0.00000000,0
1773054300000000,67659.75000000,67659.75000000,67659.75000000,67659.75000000,0.00000000,1773054599999999,0.00000000,0,0.00000000,0.00000000,0
1773054600000000,67659.75000000,67659.75000000,67659.75000000,67659.75000000,0.00000000,1773054899999999,0.00000000,0,0.00000000,0.00000000,0
1773054900000000,67646.41000000,67646.41000000,67510.29000000,67515.22000000,0.00105000,1773055199999999,70.93319040,7,0.00021000,14.17716090,0
1773055200000000,67412.08000000,67412.08000000,67370.97000000,67370.97000000,0.00054000,1773055499999999,36.39065700,4,0.00000000,0.00000000,0
1773055500000000,67370.97000000,67370.97000000,67370.97000000,67370.97000000,0.00000000,1773055799999999,0.00000000,0,0.00000000,0.00000000,0
1773055800000000,67510.33000000,67510.33000000,67510.33000000,67510.33000000,0.02148000,1773056099999999,1450.12188840,1,0.02148000,1450.12188840,0
1773056100000000,67618.44000000,67646.94000000,67618.44000000,67646.94000000,0.00068000,1773056399999999,45.98631960,3,0.00068000,45.98631960,0
1773056400000000,67643.03000000,67643.03000000,67606.18000000,67606.18000000,0.00084000,1773056699999999,56.80688230,4,0.00062000,41.93352270,0
1773056700000000,67606.18000000,67606.18000000,67606.18000000,67606.18000000,0.00000000,1773056999999999,0.00000000,0,0.00000000,0.00000000,0
1773057000000000,67614.61000000,67768.68000000,67614.61000000,67768.68000000,0.00716000,1773057299999999,484.33200620,6,0.00695000,470.11153490,0
1773057300000000,67768.81000000,67768.81000000,67767.61000000,67767.61000000,0.00385000,1773057599999999,260.90922060,3,0.00021000,14.23119810,0
1773057600000000,67784.72000000,67872.84000000,67784.72000000,67872.84000000,0.00156000,1773057899999999,105.77589630,4,0.00135000,91.52858910,0
1773057900000000,67839.33000000,67896.80000000,67839.33000000,67896.80000000,0.04906000,1773058199999999,3330.95546940,11,0.04885000,3316.70921010,0
1773058200000000,67830.48000000,67830.48000000,67830.48000000,67830.48000000,0.00026000,1773058499999999,17.63592480,1,0.00026000,17.63592480,0
1773058500000000,67936.01000000,67936.01000000,67936.01000000,67936.01000000,0.00015000,1773058799999999,10.19040150,1,0.00000000,0.00000000,0
1773058800000000,68023.76000000,68083.28000000,68023.76000000,68083.28000000,0.00077000,1773059099999999,52.39959590,5,0.00056000,38.11434380,0
1773059100000000,68055.64000000,68170.07000000,68002.02000000,68170.07000000,0.00417000,1773059399999999,283.80591370,7,0.00396000,269.52548950,0
1773059400000000,68124.74000000,68149.97000000,67977.43000000,67977.43000000,0.00069000,1773059699999999,46.96345170,4,0.00018000,12.26699460,0
1773059700000000,68064.66000000,68298.67000000,68064.66000000,68298.67000000,0.00994000,1773059999999999,678.25133810,11,0.00946000,645.48590450,0
1773060000000000,68294.24000000,68294.24000000,68135.82000000,68149.67000000,0.03009000,1773060299999999,2050.68453960,6,0.02952000,2011.77576540,0
1773060300000000,68137.12000000,68137.12000000,68119.74000000,68119.74000000,0.00018000,1773060599999999,12.26416020,2,0.00000000,0.00000000,0
1773060600000000,68119.74000000,68119.74000000,68119.74000000,68119.74000000,0.00000000,1773060899999999,0.00000000,0,0.00000000,0.00000000,0
1773060900000000,68119.74000000,68119.74000000,68119.74000000,68119.74000000,0.00000000,1773061199999999,0.00000000,0,0.00000000,0.00000000,0
1773061200000000,68250.01000000,68250.01000000,68250.01000000,68250.01000000,0.00018000,1773061499999999,12.28500180,1,0.00018000,12.28500180,0
1773061500000000,68279.79000000,68299.13000000,68279.79000000,68299.13000000,0.00162000,1773061799999999,110.64285000,2,0.00162000,110.64285000,0
1773061800000000,68408.17000000,68566.99000000,68408.17000000,68443.61000000,0.00443000,1773062099999999,303.44076070,10,0.00094000,64.38578330,0
1773062100000000,68466.93000000,68466.93000000,68270.66000000,68309.12000000,0.00899000,1773062399999999,615.02611190,16,0.00785000,537.07665360,0
1773062400000000,68270.24000000,68296.50000000,68197.00000000,68198.00000000,0.00077000,1773062699999999,52.54804020,7,0.00021000,14.34226500,0
1773062700000000,68300.00000000,68743.05000000,68300.00000000,68743.05000000,0.00518000,1773062999999999,355.54220500,12,0.00424000,291.02810980,0
1773063000000000,68783.92000000,68946.51000000,68749.22000000,68946.51000000,0.12021000,1773063299999999,8281.02464040,32,0.11938000,8223.90538860,0
1773063300000000,68980.86000000,68980.86000000,68726.91000000,68756.38000000,0.00407000,1773063599999999,280.07956570,24,0.00000000,0.00000000,0
1773063600000000,68798.38000000,69158.30000000,68759.48000000,69158.30000000,0.04322000,1773063899999999,2986.68264960,24,0.04184000,2891.55790330,0
1773063900000000,69198.10000000,69277.57000000,69055.14000000,69055.14000000,0.00563000,1773064199999999,389.71438080,17,0.00395000,273.50011060,0
1773064200000000,69009.45000000,69069.03000000,68847.18000000,68908.60000000,0.00277000,1773064499999999,191.03632580,9,0.00161000,111.03825460,0
1773064500000000,68864.74000000,69076.07000000,68864.74000000,69006.90000000,0.00128000,1773064799999999,88.33793330,9,0.00000000,0.00000000,0
1773064800000000,68954.01000000,69215.92000000,68954.01000000,69046.14000000,0.00501000,1773065099999999,346.41685010,10,0.00009000,6.22137600,0
1773065100000000,69044.12000000,69044.12000000,68723.38000000,68723.38000000,0.09013000,1773065399999999,6197.92317060,21,0.02244000,1543.42343260,0
1773065400000000,68759.80000000,68852.37000000,68739.54000000,68852.37000000,0.05371000,1773065699999999,3695.48372390,11,0.02930000,2016.85244330,0
1773065700000000,68946.51000000,69256.50000000,68946.51000000,69144.85000000,0.00356000,1773065999999999,246.28862690,7,0.00298000,206.15643390,0
1773066000000000,69045.72000000,69116.86000000,69034.74000000,69116.86000000,0.00042000,1773066299999999,29.00762480,3,0.00014000,9.66486360,0
1773066300000000,69244.24000000,69244.24000000,69082.52000000,69135.31000000,0.00254000,1773066599999999,175.67563200,9,0.00142000,98.21120440,0
1773066600000000,69217.86000000,69306.51000000,69156.84000000,69257.35000000,0.00240000,1773066899999999,166.12301780,9,0.00000000,0.00000000,0
1773066900000000,69263.03000000,69420.58000000,69232.74000000,69369.95000000,0.00246000,1773067199999999,170.54655050,18,0.00092000,63.79798410,0
1773067200000000,69390.70000000,69438.90000000,69283.76000000,69432.50000000,0.00230000,1773067499999999,159.55203150,19,0.00109000,75.62586580,0
1773067500000000,69408.93000000,69422.94000000,69212.41000000,69251.14000000,0.00216000,1773067799999999,149.75159610,18,0.00104000,72.09781430,0
1773067800000000,69245.43000000,69344.44000000,69226.63000000,69323.02000000,0.00145000,1773068099999999,100.46441290,13,0.00103000,71.37649110,0
1773068100000000,69305.77000000,69350.99000000,69126.40000000,69152.56000000,0.00177000,1773068399999999,122.54113140,15,0.00098000,67.82577420,0
1773068400000000,69171.67000000,69247.32000000,69104.20000000,69104.69000000,0.00159000,1773068699999999,109.99878610,14,0.00111000,76.80309090,0
1773068700000000,69234.73000000,69268.73000000,68959.62000000,68959.62000000,0.01504000,1773068999999999,1040.90942690,26,0.01385000,958.63073830,0
1773069000000000,69036.97000000,69136.07000000,69001.80000000,69126.85000000,0.01521000,1773069299999999,1051.16290960,24,0.01302000,899.85591570,0
1773069300000000,69190.49000000,69231.70000000,68959.26000000,68979.04000000,0.00383000,1773069599999999,264.80131380,32,0.00000000,0.00000000,0
1773069600000000,68979.04000000,69095.65000000,68968.18000000,69078.52000000,0.02925000,1773069899999999,2019.62813100,45,0.00879000,606.55279790,0
1773069900000000,69078.48000000,69126.17000000,69008.28000000,69057.96000000,0.02267000,1773070199999999,1565.70693440,39,0.01861000,1285.27187800,0
1773070200000000,69057.96000000,69141.18000000,68806.87000000,68806.87000000,0.01712000,1773070499999999,1178.61332300,25,0.00055000,37.90548730,0
1773070500000000,68902.59000000,68907.32000000,68596.12000000,68809.62000000,0.41733000,1773070799999999,28695.88042410,56,0.00534000,367.60479900,0
1773070800000000,68831.10000000,68831.10000000,68774.39000000,68774.39000000,0.00045000,1773071099999999,30.96187950,3,0.00000000,0.00000000,0
1773071100000000,68774.39000000,68774.39000000,68774.39000000,68774.39000000,0.00000000,1773071399999999,0.00000000,0,0.00000000,0.00000000,0
1773071400000000,68866.22000000,68866.22000000,68866.22000000,68866.22000000,0.00218000,1773071699999999,150.12835960,1,0.00218000,150.12835960,0
1773071700000000,69000.00000000,69066.11000000,68976.70000000,68976.70000000,0.15581000,1773071999999999,10751.20346520,23,0.15502000,10696.71187220,0
1773072000000000,68815.34000000,68815.34000000,68815.34000000,68815.34000000,0.00010000,1773072299999999,6.88153400,1,0.00010000,6.88153400,0
1773072300000000,68952.70000000,68952.70000000,68863.87000000,68863.87000000,0.00467000,1773072599999999,321.85805750,3,0.00009000,6.19774830,0
1773072600000000,68804.94000000,68804.94000000,68804.94000000,68804.94000000,0.00015000,1773072899999999,10.32074100,1,0.00000000,0.00000000,0
1773072900000000,68803.43000000,68813.22000000,68803.43000000,68805.72000000,0.01771000,1773073199999999,1218.64903320,5,0.00021000,14.44872030,0
1773073200000000,68806.06000000,68806.06000000,68806.06000000,68806.06000000,0.00015000,1773073499999999,10.32090900,1,0.00000000,0.00000000,0
1773073500000000,68946.51000000,68963.52000000,68946.51000000,68963.52000000,0.00060000,1773073799999999,41.37658110,2,0.00060000,41.37658110,0
1773073800000000,68963.52000000,68963.52000000,68715.42000000,68715.42000000,0.00060000,1773074099999999,41.29370940,4,0.00000000,0.00000000,0
1773074100000000,68895.45000000,68946.51000000,68895.45000000,68946.51000000,0.00024000,1773074399999999,16.53950340,2,0.00009000,6.20518590,0
1773074400000000,69091.78000000,69091.78000000,69091.78000000,69091.78000000,0.00014000,1773074699999999,9.67284920,1,0.00000000,0.00000000,0
1773074700000000,69091.78000000,69091.78000000,69091.78000000,69091.78000000,0.00000000,1773074999999999,0.00000000,0,0.00000000,0.00000000,0
1773075000000000,69010.38000000,69143.08000000,69010.38000000,69143.08000000,0.00163000,1773075299999999,112.67530600,4,0.00149000,103.00841800,0
1773075300000000,68933.27000000,68988.20000000,68933.27000000,68987.72000000,0.00145000,1773075599999999,100.02467180,3,0.00131000,90.37401400,0
1773075600000000,68975.83000000,68975.83000000,68975.83000000,68975.83000000,0.00144000,1773075899999999,99.32519520,1,0.00144000,99.32519520,0
1773075900000000,68985.19000000,68985.19000000,68985.19000000,68985.19000000,0.00130000,1773076199999999,89.68074700,1,0.00130000,89.68074700,0
1773076200000000,68985.19000000,68985.19000000,68975.38000000,68975.38000000,0.00118000,1773076499999999,81.40115080,2,0.00000000,0.00000000,0
1773076500000000,69040.33000000,69049.98000000,68969.39000000,68969.39000000,0.00168000,1773076799999999,115.93988560,4,0.00168000,115.93988560,0
1773076800000000,68767.08000000,68767.08000000,68767.08000000,68767.08000000,0.00009000,1773077099999999,6.18903720,1,0.00000000,0.00000000,0
1773077100000000,68718.57000000,68718.57000000,68714.05000000,68714.05000000,0.00041000,1773077399999999,28.17343850,2,0.00026000,17.86565300,0
1773077400000000,68637.78000000,68668.47000000,68637.78000000,68668.47000000,0.00300000,1773077699999999,205.91886420,2,0.00300000,205.91886420,0
1773077700000000,68569.03000000,68569.03000000,68531.07000000,68531.07000000,0.00233000,1773077999999999,159.76014590,2,0.00218000,149.48048540,0
1773078000000000,68439.23000000,68439.23000000,68396.45000000,68396.45000000,0.06657000,1773078299999999,4553.15939550,9,0.06504000,4448.50510800,0
1773078300000000,68519.63000000,68519.63000000,68519.63000000,68519.63000000,0.00060000,1773078599999999,41.11177800,1,0.00060000,41.11177800,0
1773078600000000,68588.12000000,68622.29000000,68588.12000000,68622.29000000,0.00163000,1773078899999999,111.85125740,3,0.00163000,111.85125740,0
1773078900000000,68622.29000000,68622.29000000,68622.29000000,68622.29000000,0.00000000,1773079199999999,0.00000000,0,0.00000000,0.00000000,0
1773079200000000,68622.29000000,68622.29000000,68490.57000000,68490.57000000,0.00043000,1773079499999999,29.47267590,3,0.00014000,9.59196980,0
1773079500000000,68408.77000000,68459.47000000,68278.12000000,68353.20000000,0.00074000,1773079799999999,50.60233990,6,0.00029000,19.80859240,0
1773079800000000,68396.75000000,68473.11000000,68396.75000000,68472.81000000,0.00096000,1773080099999999,65.69712290,7,0.00081000,55.43230790,0
1773080100000000,68454.48000000,68653.47000000,68449.66000000,68630.53000000,0.00310000,1773080399999999,212.61119550,8,0.00310000,212.61119550,0
1773080400000000,68607.76000000,68607.76000000,68511.78000000,68580.52000000,0.00747000,1773080699999999,512.19892260,7,0.00747000,512.19892260,0
1773080700000000,68581.40000000,68607.03000000,68558.57000000,68563.36000000,0.00417000,1773080999999999,285.95524920,7,0.00417000,285.95524920,0
1773081000000000,68604.20000000,68695.37000000,68604.20000000,68695.37000000,0.01226000,1773081299999999,841.76469050,11,0.01176000,807.45244050,0
1773081300000000,68632.52000000,68632.52000000,68515.38000000,68515.38000000,0.00061000,1773081599999999,41.83313560,6,0.00061000,41.83313560,0
1773081600000000,68545.29000000,68576.06000000,68516.67000000,68516.67000000,0.00052000,1773081899999999,35.64490180,5,0.00052000,35.64490180,0
1773081900000000,68520.43000000,68557.64000000,68506.35000000,68506.35000000,0.00110000,1773082199999999,75.37463740,7,0.00076000,52.07896960,0
1773082200000000,68434.27000000,68451.25000000,68404.19000000,68427.63000000,0.00483000,1773082499999999,330.52381490,8,0.00483000,330.52381490,0
1773082500000000,68469.69000000,68469.69000000,68365.03000000,68382.95000000,0.00063000,1773082799999999,43.09977980,6,0.00063000,43.09977980,0
1773082800000000,68389.00000000,68507.98000000,68389.00000000,68498.90000000,0.00785000,1773083099999999,537.24431510,10,0.00774000,529.70943610,0
1773083100000000,68498.90000000,68504.69000000,68442.56000000,68477.98000000,0.05714000,1773083399999999,3913.72494210,20,0.00731000,500.50568310,0
1773083400000000,68475.53000000,68475.53000000,68418.59000000,68418.59000000,0.01361000,1773083699999999,931.64594960,11,0.01361000,931.64594960,0
1773083700000000,68430.16000000,68695.37000000,68412.71000000,68695.37000000,0.01802000,1773083999999999,1233.95312040,19,0.01802000,1233.95312040,0
1773084000000000,68863.42000000,69009.27000000,68863.42000000,69009.27000000,0.00247000,1773084299999999,170.26845170,10,0.00133000,91.64615470,0
1773084300000000,69126.40000000,69353.23000000,69126.40000000,69353.23000000,0.00288000,1773084599999999,199.71688770,2,0.00288000,199.71688770,0
1773084600000000,69487.61000000,69487.61000000,69255.93000000,69255.93000000,0.00196000,1773084899999999,136.05229920,4,0.00063000,43.65208710,0
1773084900000000,69120.68000000,69120.68000000,69058.28000000,69116.97000000,0.00160000,1773085199999999,110.57676540,4,0.00146000,100.90860620,0
1773085200000000,68923.24000000,69051.78000000,68825.17000000,68825.17000000,0.01750000,1773085499999999,1206.47794200,10,0.00513000,353.64707160,0
1773085500000000,68974.80000000,68974.80000000,68936.69000000,68936.69000000,0.00515000,1773085799999999,355.20573820,3,0.00515000,355.20573820,0
1773085800000000,68865.89000000,68877.14000000,68865.89000000,68877.14000000,0.00194000,1773086099999999,133.61343910,2,0.00194000,133.61343910,0
1773086100000000,69065.04000000,69065.04000000,69012.58000000,69012.58000000,0.00056000,1773086399999999,38.66907800,2,0.00042000,29.00731680,0
1773086400000000,68987.22000000,69126.40000000,68987.22000000,69126.40000000,0.00022000,1773086699999999,15.18832280,2,0.00008000,5.53011200,0
1773086700000000,68983.55000000,69043.54000000,68983.55000000,68984.69000000,0.00582000,1773086999999999,401.49348040,4,0.00560000,386.30860960,0
1773087000000000,68932.12000000,69036.26000000,68932.12000000,68984.69000000,0.00208000,1773087299999999,143.49468330,5,0.00021000,14.49069930,0
1773087300000000,68994.46000000,69044.07000000,68994.46000000,69036.13000000,0.00649000,1773087599999999,448.03976150,3,0.00000000,0.00000000,0
1773087600000000,68958.79000000,68977.01000000,68958.79000000,68977.01000000,0.00540000,1773087899999999,372.38520100,3,0.00540000,372.38520100,0
1773087900000000,68959.49000000,69032.43000000,68959.49000000,69032.43000000,0.00851000,1773088199999999,587.00281030,3,0.00216000,149.11004880,0
1773088200000000,68942.35000000,68942.35000000,68844.11000000,68844.75000000,0.00775000,1773088499999999,533.58485480,6,0.00730000,502.59241580,0
1773088500000000,68894.59000000,68894.59000000,68894.59000000,68894.59000000,0.00015000,1773088799999999,10.33418850,1,0.00000000,0.00000000,0
1773088800000000,68894.59000000,68894.59000000,68894.59000000,68894.59000000,0.00000000,1773089099999999,0.00000000,0,0.00000000,0.00000000,0
1773089100000000,68881.74000000,68881.74000000,68881.74000000,68881.74000000,0.00141000,1773089399999999,97.12325340,1,0.00141000,97.12325340,0
1773089400000000,68860.48000000,68865.57000000,68789.07000000,68789.07000000,0.00717000,1773089699999999,493.72941550,3,0.00702000,483.41105500,0
1773089700000000,69041.59000000,69050.93000000,69041.59000000,69050.93000000,0.00672000,1773089999999999,463.97554960,2,0.00672000,463.97554960,0
1773090000000000,69050.93000000,69050.93000000,69050.93000000,69050.93000000,0.00000000,1773090299999999,0.00000000,0,0.00000000,0.00000000,0
1773090300000000,69079.39000000,69079.39000000,69079.39000000,69079.39000000,0.00014000,1773090599999999,9.67111460,1,0.00000000,0.00000000,0
1773090600000000,69044.42000000,69059.53000000,69026.61000000,69026.61000000,0.00196000,1773090899999999,135.31875090,4,0.00182000,125.65253210,0
1773090900000000,69005.25000000,69005.25000000,69000.61000000,69000.61000000,0.00028000,1773091199999999,19.32082040,2,0.00000000,0.00000000,0
1773091200000000,68960.87000000,68960.87000000,68864.29000000,68896.04000000,0.00650000,1773091499999999,448.13657000,5,0.00635000,437.80469300,0
1773091500000000,68873.97000000,68873.97000000,68873.97000000,68873.97000000,0.00082000,1773091799999999,56.47665540,1,0.00082000,56.47665540,0
1773091800000000,68832.70000000,68832.70000000,68832.70000000,68832.70000000,0.00015000,1773092099999999,10.32490500,1,0.00000000,0.00000000,0
1773092100000000,68832.70000000,68832.70000000,68832.70000000,68832.70000000,0.00000000,1773092399999999,0.00000000,0,0.00000000,0.00000000,0
1773092400000000,68832.70000000,69027.08000000,68726.66000000,68988.22000000,0.01190000,1773092699999999,820.58170960,8,0.00871000,601.03671540,0
1773092700000000,68988.74000000,68988.74000000,68929.52000000,68929.52000000,0.00377000,1773092999999999,260.07866680,2,0.00362000,249.73923880,0
1773093000000000,68929.52000000,68929.52000000,68929.52000000,68929.52000000,0.00000000,1773093299999999,0.00000000,0,0.00000000,0.00000000,0
1773093300000000,68941.90000000,68941.90000000,68941.90000000,68941.90000000,0.00014000,1773093599999999,9.65186600,1,0.00000000,0.00000000,0
1773093600000000,69043.42000000,69043.42000000,68843.08000000,68843.08000000,0.00525000,1773093899999999,362.44725300,3,0.00511000,352.80922180,0
1773093900000000,68843.08000000,68843.08000000,68843.08000000,68843.08000000,0.00000000,1773094199999999,0.00000000,0,0.00000000,0.00000000,0
1773094200000000,68767.08000000,68767.08000000,68706.98000000,68764.17000000,0.00500000,1773094499999999,343.58148580,3,0.00491000,337.39244860,0
1773094500000000,68804.84000000,68804.84000000,68804.84000000,68804.84000000,0.00010000,1773094799999999,6.88048400,1,0.00010000,6.88048400,0
1773094800000000,68804.84000000,68804.84000000,68804.84000000,68804.84000000,0.00000000,1773095099999999,0.00000000,0,0.00000000,0.00000000,0
1773095100000000,68851.06000000,68851.06000000,68836.21000000,68836.21000000,0.00030000,1773095399999999,20.65309050,2,0.00000000,0.00000000,0
1773095400000000,68836.21000000,68836.21000000,68836.21000000,68836.21000000,0.00000000,1773095699999999,0.00000000,0,0.00000000,0.00000000,0
1773095700000000,68827.86000000,68827.86000000,68673.42000000,68673.42000000,0.00342000,1773095999999999,234.98086620,5,0.00282000,193.73825820,0
1773096000000000,68634.35000000,68637.69000000,68623.00000000,68625.23000000,0.00058000,1773096299999999,39.80726430,5,0.00000000,0.00000000,0
1773096300000000,68690.89000000,68690.89000000,68668.05000000,68668.05000000,0.00030000,1773096599999999,20.60384100,2,0.00000000,0.00000000,0
1773096600000000,68742.87000000,68742.87000000,68672.77000000,68672.77000000,0.00030000,1773096899999999,20.61234600,2,0.00000000,0.00000000,0
1773096900000000,68681.38000000,68681.38000000,68645.61000000,68646.30000000,0.00128000,1773097199999999,87.87452730,3,0.00113000,77.57768580,0
1773097200000000,68613.25000000,68613.25000000,68613.25000000,68613.25000000,0.00015000,1773097499999999,10.29198750,1,0.00000000,0.00000000,0
1773097500000000,68613.25000000,68613.25000000,68613.25000000,68613.25000000,0.00000000,1773097799999999,0.00000000,0,0.00000000,0.00000000,0
1773097800000000,68685.57000000,68685.57000000,68621.58000000,68643.73000000,0.00223000,1773098099999999,153.07847140,3,0.00193000,132.48239890,0
1773098100000000,68643.73000000,68643.73000000,68643.73000000,68643.73000000,0.00000000,1773098399999999,0.00000000,0,0.00000000,0.00000000,0
1773098400000000,68553.59000000,68553.59000000,68553.59000000,68553.59000000,0.00015000,1773098699999999,10.28303850,1,0.00000000,0.00000000,0
1773098700000000,68553.59000000,68553.59000000,68553.59000000,68553.59000000,0.00000000,1773098999999999,0.00000000,0,0.00000000,0.00000000,0
1773099000000000,68568.47000000,68568.47000000,68568.47000000,68568.47000000,0.00015000,1773099299999999,10.28527050,1,0.00000000,0.00000000,0
1773099300000000,68629.21000000,68629.21000000,68611.46000000,68611.46000000,0.00023000,1773099599999999,15.78205580,2,0.00008000,5.49033680,0
1773099600000000,68559.14000000,68566.46000000,68547.95000000,68566.46000000,0.01615000,1773099899999999,1107.33942780,7,0.00215000,147.41176430,0
1773099900000000,68566.46000000,68566.46000000,68566.46000000,68566.46000000,0.00000000,1773100199999999,0.00000000,0,0.00000000,0.00000000,0
1773100200000000,68560.28000000,68560.28000000,68560.28000000,68560.28000000,0.00030000,1773100499999999,20.56808400,1,0.00030000,20.56808400,0
1773100500000000,68418.03000000,68442.59000000,68418.03000000,68442.59000000,0.00722000,1773100799999999,493.98186060,3,0.00500000,342.09015000,0
1773100800000000,68414.53000000,68414.53000000,68414.53000000,68414.53000000,0.00015000,1773101099999999,10.26217950,1,0.00000000,0.00000000,0
1773101100000000,68465.14000000,68465.14000000,68465.14000000,68465.14000000,0.00015000,1773101399999999,10.26977100,1,0.00000000,0.00000000,0
1773101400000000,68469.41000000,68469.41000000,68430.45000000,68430.45000000,0.00030000,1773101699999999,20.53497900,2,0.00000000,0.00000000,0
1773101700000000,68411.58000000,68588.12000000,68411.58000000,68588.12000000,0.00024000,1773101999999999,16.43466780,2,0.00009000,6.17293080,0
1773102000000000,68652.47000000,68652.47000000,68652.47000000,68652.47000000,0.00015000,1773102299999999,10.29787050,1,0.00000000,0.00000000,0
1773102300000000,68946.51000000,68946.51000000,68946.51000000,68946.51000000,0.00009000,1773102599999999,6.20518590,1,0.00009000,6.20518590,0
1773102600000000,68934.77000000,69043.42000000,68934.77000000,69043.42000000,0.06151000,1773102899999999,4246.84446670,8,0.06136000,4236.50425120,0
1773102900000000,69105.88000000,69169.59000000,69105.88000000,69152.46000000,0.00120000,1773103199999999,82.97648360,5,0.00092000,63.61791780,0
1773103200000000,69152.46000000,69152.46000000,69152.46000000,69152.46000000,0.00000000,1773103499999999,0.00000000,0,0.00000000,0.00000000,0
1773103500000000,69206.97000000,69206.97000000,69206.97000000,69206.97000000,0.00084000,1773103799999999,58.13385480,1,0.00084000,58.13385480,0
1773103800000000,69180.23000000,69180.23000000,69180.23000000,69180.23000000,0.00042000,1773104099999999,29.05569660,1,0.00042000,29.05569660,0
1773104100000000,69180.23000000,69180.23000000,69180.23000000,69180.23000000,0.00000000,1773104399999999,0.00000000,0,0.00000000,0.00000000,0
1773104400000000,69180.23000000,69180.23000000,69180.23000000,69180.23000000,0.00000000,1773104699999999,0.00000000,0,0.00000000,0.00000000,0
1773104700000000,69180.23000000,69180.23000000,69180.23000000,69180.23000000,0.00000000,1773104999999999,0.00000000,0,0.00000000,0.00000000,0
1773105000000000,69180.23000000,69180.23000000,69180.23000000,69180.23000000,0.00000000,1773105299999999,0.00000000,0,0.00000000,0.00000000,0
1773105300000000,69049.87000000,69049.87000000,69049.87000000,69049.87000000,0.00014000,1773105599999999,9.66698180,1,0.00000000,0.00000000,0
1773105600000000,68888.00000000,68912.70000000,68888.00000000,68912.70000000,0.00158000,1773105899999999,108.84625100,2,0.00013000,8.95865100,0
1773105900000000,69040.12000000,69040.12000000,69040.12000000,69040.12000000,0.00014000,1773106199999999,9.66561680,1,0.00000000,0.00000000,0
1773106200000000,68952.82000000,69039.56000000,68952.82000000,69009.61000000,0.00042000,1773106499999999,28.98027860,3,0.00000000,0.00000000,0
1773106500000000,68972.54000000,68972.54000000,68827.73000000,68827.73000000,0.00512000,1773106799999999,352.41970000,3,0.00000000,0.00000000,0
1773106800000000,68827.73000000,68827.73000000,68827.73000000,68827.73000000,0.00000000,1773107099999999,0.00000000,0,0.00000000,0.00000000,0
1773107100000000,68827.73000000,68827.73000000,68827.73000000,68827.73000000,0.00000000,1773107399999999,0.00000000,0,0.00000000,0.00000000,0
1773107400000000,69126.40000000,69126.40000000,69126.40000000,69126.40000000,0.00009000,1773107699999999,6.22137600,1,0.00009000,6.22137600,0
1773107700000000,69343.47000000,69343.47000000,69343.47000000,69343.47000000,0.00014000,1773107999999999,9.70808580,1,0.00000000,0.00000000,0
1773108000000000,69331.63000000,69331.63000000,69181.51000000,69181.51000000,0.00070000,1773108299999999,48.49128620,5,0.00000000,0.00000000,0
1773108300000000,69152.75000000,69152.75000000,69152.75000000,69152.75000000,0.00014000,1773108599999999,9.68138500,1,0.00000000,0.00000000,0
1773108600000000,69152.75000000,69152.75000000,69152.75000000,69152.75000000,0.00000000,1773108899999999,0.00000000,0,0.00000000,0.00000000,0
1773108900000000,69234.28000000,69234.28000000,69195.72000000,69195.72000000,0.00316000,1773109199999999,218.73230240,4,0.00243000,168.20333640,0
1773109200000000,69175.07000000,69175.07000000,69175.07000000,69175.07000000,0.00034000,1773109499999999,23.51952380,2,0.00000000,0.00000000,0
1773109500000000,69205.61000000,69205.61000000,69205.61000000,69205.61000000,0.00007000,1773109799999999,4.84439270,1,0.00000000,0.00000000,0
1773109800000000,69487.61000000,70011.63000000,69487.61000000,70011.63000000,0.03152000,1773110099999999,2205.57963290,14,0.03096000,2166.48872650,0
1773110100000000,70032.95000000,70187.09000000,70032.95000000,70039.89000000,0.00258000,1773110399999999,180.98306890,8,0.00153000,107.34230520,0
1773110400000000,70072.69000000,70403.83000000,70039.93000000,70296.81000000,0.00349000,1773110699999999,245.43787530,10,0.00265000,186.41751950,0
1773110700000000,70313.79000000,70562.00000000,70313.79000000,70562.00000000,0.03200000,1773110999999999,2252.66664430,9,0.03177000,2236.47876040,0
1773111000000000,70515.98000000,70515.98000000,70312.14000000,70323.31000000,0.00056000,1773111299999999,39.40875820,4,0.00000000,0.00000000,0
1773111300000000,70372.12000000,70372.12000000,70333.07000000,70333.07000000,0.00022000,1773111599999999,15.47639940,2,0.00000000,0.00000000,0
1773111600000000,70265.57000000,70350.10000000,70075.54000000,70075.54000000,0.00084000,1773111899999999,58.95995420,6,0.00000000,0.00000000,0
1773111900000000,70130.19000000,70155.80000000,70099.49000000,70155.80000000,0.04192000,1773112199999999,2940.16506550,5,0.04150000,2910.71414470,0
1773112200000000,70157.74000000,70157.74000000,70156.75000000,70156.75000000,0.01600000,1773112499999999,1122.52059280,2,0.00000000,0.00000000,0
1773112500000000,70156.75000000,70156.75000000,70153.16000000,70153.16000000,0.00022000,1773112799999999,15.43398240,2,0.00000000,0.00000000,0
1773112800000000,70153.16000000,70153.16000000,70153.16000000,70153.16000000,0.00000000,1773113099999999,0.00000000,0,0.00000000,0.00000000,0
1773113100000000,70198.33000000,70204.58000000,70153.16000000,70153.16000000,0.01953000,1773113399999999,1370.87264220,3,0.01597000,1121.12739260,0
1773113400000000,70139.22000000,70139.22000000,70139.22000000,70139.22000000,0.00142000,1773113699999999,99.59769240,1,0.00142000,99.59769240,0
1773113700000000,70139.22000000,70139.22000000,70139.22000000,70139.22000000,0.00000000,1773113999999999,0.00000000,0,0.00000000,0.00000000,0
1773114000000000,70057.96000000,70057.96000000,69907.90000000,69907.90000000,0.00028000,1773114299999999,19.59522040,2,0.00000000,0.00000000,0
1773114300000000,69785.26000000,69785.26000000,69487.61000000,69487.61000000,0.05854000,1773114599999999,4083.37360300,10,0.00000000,0.00000000,0
1773114600000000,69487.61000000,69487.61000000,69487.61000000,69487.61000000,0.00000000,1773114899999999,0.00000000,0,0.00000000,0.00000000,0
1773114900000000,69468.74000000,69468.74000000,69441.33000000,69441.33000000,0.00028000,1773115199999999,19.44740980,2,0.00000000,0.00000000,0
1773115200000000,69441.33000000,69441.33000000,69441.33000000,69441.33000000,0.00000000,1773115499999999,0.00000000,0,0.00000000,0.00000000,0
1773115500000000,69575.25000000,69575.25000000,69575.25000000,69575.25000000,0.00072000,1773115799999999,50.09418000,1,0.00072000,50.09418000,0
1773115800000000,69575.25000000,69575.25000000,69575.25000000,69575.25000000,0.00000000,1773116099999999,0.00000000,0,0.00000000,0.00000000,0
1773116100000000,69615.89000000,69615.89000000,69615.89000000,69615.89000000,0.00014000,1773116399999999,9.74622460,1,0.00000000,0.00000000,0
1773116400000000,69740.16000000,69740.16000000,69740.16000000,69740.16000000,0.00014000,1773116699999999,9.76362240,1,0.00000000,0.00000000,0
1773116700000000,69740.16000000,69740.16000000,69740.16000000,69740.16000000,0.00000000,1773116999999999,0.00000000,0,0.00000000,0.00000000,0
1773117000000000,69850.70000000,69850.70000000,69850.70000000,69850.70000000,0.00009000,1773117299999999,6.28656300,1,0.00009000,6.28656300,0
1773117300000000,69850.70000000,69850.70000000,69850.70000000,69850.70000000,0.00000000,1773117599999999,0.00000000,0,0.00000000,0.00000000,0
1773117600000000,69957.00000000,69957.00000000,69957.00000000,69957.00000000,0.00014000,1773117899999999,9.79398000,1,0.00000000,0.00000000,0
1773117900000000,69898.22000000,69898.22000000,69898.22000000,69898.22000000,0.00014000,1773118199999999,9.78575080,1,0.00000000,0.00000000,0
1773118200000000,69898.22000000,69898.22000000,69898.22000000,69898.22000000,0.00000000,1773118499999999,0.00000000,0,0.00000000,0.00000000,0
1773118500000000,70032.95000000,70032.95000000,70032.95000000,70032.95000000,0.00009000,1773118799999999,6.30296550,1,0.00009000,6.30296550,0
1773118800000000,70034.91000000,70034.91000000,70034.91000000,70034.91000000,0.00014000,1773119099999999,9.80488740,1,0.00000000,0.00000000,0
1773119100000000,70034.91000000,70034.91000000,70034.91000000,70034.91000000,0.00000000,1773119399999999,0.00000000,0,0.00000000,0.00000000,0
1773119400000000,70215.68000000,70346.82000000,70154.50000000,70154.50000000,0.00079000,1773119699999999,55.46702020,6,0.00023000,16.14762960,0
1773119700000000,70121.17000000,70121.17000000,70121.17000000,70121.17000000,0.00014000,1773119999999999,9.81696380,1,0.00000000,0.00000000,0
1773120000000000,70142.88000000,70142.88000000,70142.88000000,70142.88000000,0.00215000,1773120299999999,150.80719200,1,0.00215000,150.80719200,0
1773120300000000,70111.00000000,70111.00000000,70038.33000000,70038.33000000,0.00170000,1773120599999999,119.17295280,4,0.00000000,0.00000000,0
1773120600000000,70071.53000000,70113.42000000,70071.53000000,70085.75000000,0.00299000,1773120899999999,209.54783230,4,0.00000000,0.00000000,0
1773120900000000,70085.75000000,70085.75000000,69876.98000000,69937.29000000,0.45716000,1773121199999999,32023.53255330,47,0.00000000,0.00000000,0
1773121200000000,69937.29000000,69937.29000000,69937.29000000,69937.29000000,0.00000000,1773121499999999,0.00000000,0,0.00000000,0.00000000,0
1773121500000000,69932.63000000,69932.63000000,69932.63000000,69932.63000000,0.00153000,1773121799999999,106.99692390,1,0.00153000,106.99692390,0
1773121800000000,69932.63000000,69932.63000000,69932.63000000,69932.63000000,0.00000000,1773122099999999,0.00000000,0,0.00000000,0.00000000,0
1773122100000000,69941.01000000,69941.01000000,69941.01000000,69941.01000000,0.00077000,1773122399999999,53.85457770,1,0.00000000,0.00000000,0
1773122400000000,69936.34000000,69936.34000000,69891.65000000,69894.58000000,0.00306000,1773122699999999,213.87937730,4,0.00221000,154.46054650,0
1773122700000000,69886.48000000,69886.48000000,69886.48000000,69886.48000000,0.00055000,1773122999999999,38.43756400,1,0.00055000,38.43756400,0
1773123000000000,69848.22000000,69848.22000000,69848.22000000,69848.22000000,0.00014000,1773123299999999,9.77875080,1,0.00000000,0.00000000,0
1773123300000000,69848.22000000,69848.22000000,69848.22000000,69848.22000000,0.00000000,1773123599999999,0.00000000,0,0.00000000,0.00000000,0
1773123600000000,69848.22000000,69848.22000000,69848.22000000,69848.22000000,0.00000000,1773123899999999,0.00000000,0,0.00000000,0.00000000,0
1773123900000000,69847.40000000,69847.40000000,69846.20000000,69846.20000000,0.02976000,1773124199999999,2078.63426700,3,0.00000000,0.00000000,0
1773124200000000,69846.20000000,69846.20000000,69846.20000000,69846.20000000,0.00000000,1773124499999999,0.00000000,0,0.00000000,0.00000000,0
1773124500000000,69846.20000000,69846.20000000,69846.20000000,69846.20000000,0.00000000,1773124799999999,0.00000000,0,0.00000000,0.00000000,0
1773124800000000,69846.20000000,69846.20000000,69846.20000000,69846.20000000,0.00000000,1773125099999999,0.00000000,0,0.00000000,0.00000000,0
1773125100000000,69952.35000000,69952.35000000,69951.02000000,69951.02000000,0.00256000,1773125399999999,179.07736430,2,0.00256000,179.07736430,0
1773125400000000,69995.00000000,69995.00000000,69990.69000000,69990.69000000,0.00289000,1773125699999999,202.28494660,2,0.00000000,0.00000000,0
1773125700000000,69950.73000000,69950.73000000,69898.60000000,69898.60000000,0.00042000,1773125999999999,29.36900540,3,0.00000000,0.00000000,0
1773126000000000,69901.48000000,69920.12000000,69832.66000000,69832.66000000,0.00126000,1773126299999999,88.03450460,9,0.00000000,0.00000000,0
1773126300000000,69871.80000000,70224.66000000,69871.80000000,70224.66000000,0.01734000,1773126599999999,1214.96914700,9,0.01692000,1185.53715420,0
1773126600000000,70162.53000000,70398.88000000,70162.53000000,70398.88000000,0.00408000,1773126899999999,286.29621140,2,0.00394000,276.44036820,0
1773126900000000,70326.05000000,70398.89000000,70326.05000000,70398.89000000,0.01038000,1773127199999999,729.99095460,4,0.00009000,6.33590010,0
1773127200000000,70386.72000000,70466.44000000,70386.72000000,70466.44000000,0.00346000,1773127499999999,243.65045640,2,0.00346000,243.65045640,0
1773127500000000,70466.44000000,70466.44000000,70466.44000000,70466.44000000,0.00000000,1773127799999999,0.00000000,0,0.00000000,0.00000000,0
1773127800000000,70466.44000000,70466.44000000,70466.44000000,70466.44000000,0.00000000,1773128099999999,0.00000000,0,0.00000000,0.00000000,0
1773128100000000,70317.46000000,70317.46000000,70317.46000000,70317.46000000,0.00014000,1773128399999999,9.84444440,1,0.00000000,0.00000000,0
1773128400000000,70356.76000000,70364.93000000,70326.18000000,70326.18000000,0.00180000,1773128699999999,126.62574120,4,0.00138000,97.07903940,0
1773128700000000,70326.18000000,70326.18000000,70326.18000000,70326.18000000,0.00000000,1773128999999999,0.00000000,0,0.00000000,0.00000000,0
1773129000000000,70460.14000000,70460.14000000,70372.29000000,70372.72000000,0.01608000,1773129299999999,1131.60582170,7,0.01566000,1102.03223290,0
1773129300000000,70413.84000000,70413.84000000,70349.81000000,70349.81000000,0.00776000,1773129599999999,546.37746250,3,0.00776000,546.37746250,0
1773129600000000,70481.62000000,70486.56000000,70481.62000000,70486.56000000,0.01118000,1773129899999999,787.98831320,3,0.01104000,778.12019480,0
1773129900000000,70582.58000000,70929.54000000,70393.25000000,70929.54000000,0.01232000,1773130199999999,870.95745510,18,0.00856000,604.68413990,0
1773130200000000,70852.92000000,70896.80000000,70822.21000000,70896.80000000,0.00480000,1773130499999999,340.16193760,10,0.00246000,174.38300140,0
1773130500000000,70822.21000000,70822.21000000,70822.21000000,70822.21000000,0.00027000,1773130799999999,19.12199670,1,0.00000000,0.00000000,0
1773130800000000,70917.56000000,70928.08000000,70917.56000000,70920.62000000,0.01445000,1773131099999999,1024.77189300,5,0.01363000,966.61594020,0
1773131100000000,70920.62000000,70920.62000000,70920.62000000,70920.62000000,0.00000000,1773131399999999,0.00000000,0,0.00000000,0.00000000,0
1773131400000000,70951.39000000,71000.73000000,70951.39000000,71000.73000000,0.00038000,1773131699999999,26.97485000,2,0.00038000,26.97485000,0
1773131700000000,71000.73000000,71000.73000000,71000.73000000,71000.73000000,0.00000000,1773131999999999,0.00000000,0,0.00000000,0.00000000,0
1773132000000000,70952.06000000,71089.25000000,70931.91000000,70959.92000000,0.02196000,1773132299999999,1560.15906600,16,0.01828000,1298.81873410,0
1773132300000000,70959.92000000,70959.92000000,70959.92000000,70959.92000000,0.00000000,1773132599999999,0.00000000,0,0.00000000,0.00000000,0
1773132600000000,70766.74000000,70766.74000000,70725.19000000,70725.87000000,0.00291000,1773132899999999,205.81447080,3,0.00282000,199.44546420,0
1773132900000000,70688.78000000,70689.31000000,70674.91000000,70675.29000000,0.00294000,1773133199999999,207.79219240,4,0.00294000,207.79219240,0
1773133200000000,70712.00000000,70712.00000000,70701.33000000,70701.33000000,0.06481000,1773133499999999,4582.49690020,5,0.00000000,0.00000000,0
1773133500000000,70701.33000000,70701.33000000,70701.33000000,70701.33000000,0.00000000,1773133799999999,0.00000000,0,0.00000000,0.00000000,0
1773133800000000,70701.33000000,70701.33000000,70701.33000000,70701.33000000,0.00000000,1773134099999999,0.00000000,0,0.00000000,0.00000000,0
1773134100000000,70773.64000000,70773.64000000,70773.64000000,70773.64000000,0.00014000,1773134399999999,9.90830960,1,0.00000000,0.00000000,0
1773134400000000,70933.69000000,71136.51000000,70933.69000000,71136.51000000,0.00090000,1773134699999999,63.86422420,3,0.00090000,63.86422420,0
1773134700000000,71209.23000000,71232.77000000,71209.23000000,71232.77000000,0.00070000,1773134999999999,49.85470000,2,0.00035000,24.92323050,0
1773135000000000,71251.57000000,71251.57000000,71121.75000000,71140.92000000,0.00493000,1773135299999999,350.81233950,5,0.00269000,191.47814910,0
1773135300000000,71140.92000000,71140.92000000,71140.92000000,71140.92000000,0.00000000,1773135599999999,0.00000000,0,0.00000000,0.00000000,0
1773135600000000,71140.92000000,71140.92000000,71140.92000000,71140.92000000,0.00000000,1773135899999999,0.00000000,0,0.00000000,0.00000000,0
1773135900000000,71021.39000000,71021.39000000,70951.39000000,70951.39000000,0.00956000,1773136199999999,678.95065080,3,0.00933000,662.62956870,0
1773136200000000,71084.57000000,71084.57000000,71084.57000000,71084.57000000,0.00140000,1773136499999999,99.51839800,1,0.00140000,99.51839800,0
1773136500000000,71050.17000000,71050.17000000,71050.17000000,71050.17000000,0.00034000,1773136799999999,24.15705780,1,0.00034000,24.15705780,0
1773136800000000,71050.17000000,71050.17000000,71050.17000000,71050.17000000,0.00000000,1773137099999999,0.00000000,0,0.00000000,0.00000000,0
1773137100000000,71050.17000000,71050.17000000,71050.17000000,71050.17000000,0.00000000,1773137399999999,0.00000000,0,0.00000000,0.00000000,0
1773137400000000,70888.00000000,70888.00000000,70852.90000000,70852.90000000,0.00504000,1773137699999999,357.14810700,3,0.00000000,0.00000000,0
1773137700000000,70858.53000000,70858.53000000,70766.74000000,70766.74000000,0.00051000,1773137999999999,36.11356480,4,0.00000000,0.00000000,0
1773138000000000,70813.95000000,70813.95000000,70804.82000000,70804.82000000,0.00018000,1773138299999999,12.74614580,2,0.00000000,0.00000000,0
1773138300000000,70807.72000000,70811.41000000,70755.67000000,70755.67000000,0.00335000,1773138599999999,237.20968190,3,0.00321000,227.30388810,0
1773138600000000,70755.67000000,70755.67000000,70755.67000000,70755.67000000,0.00000000,1773138899999999,0.00000000,0,0.00000000,0.00000000,0
1773138900000000,70840.30000000,70840.30000000,70817.82000000,70817.82000000,0.02934000,1773139199999999,2078.05774620,4,0.00000000,0.00000000,0
1773139200000000,70817.82000000,70817.82000000,70817.82000000,70817.82000000,0.00000000,1773139499999999,0.00000000,0,0.00000000,0.00000000,0
1773139500000000,70817.82000000,70817.82000000,70817.82000000,70817.82000000,0.00000000,1773139799999999,0.00000000,0,0.00000000,0.00000000,0
1773139800000000,70817.82000000,70817.82000000,70817.82000000,70817.82000000,0.00000000,1773140099999999,0.00000000,0,0.00000000,0.00000000,0
1773140100000000,70789.63000000,70789.63000000,70789.63000000,70789.63000000,0.00014000,1773140399999999,9.91054820,1,0.00000000,0.00000000,0
1773140400000000,70789.63000000,70789.63000000,70789.63000000,70789.63000000,0.00000000,1773140699999999,0.00000000,0,0.00000000,0.00000000,0
1773140700000000,70764.18000000,70764.18000000,70764.18000000,70764.18000000,0.00014000,1773140999999999,9.90698520,1,0.00000000,0.00000000,0
1773141000000000,70738.57000000,70738.57000000,70738.57000000,70738.57000000,0.00012000,1773141299999999,8.48862840,1,0.00012000,8.48862840,0
1773141300000000,70627.05000000,70671.03000000,70587.60000000,70671.03000000,0.00038000,1773141599999999,26.83891320,3,0.00010000,7.06270500,0
1773141600000000,70671.03000000,70671.03000000,70671.03000000,70671.03000000,0.00000000,1773141899999999,0.00000000,0,0.00000000,0.00000000,0
1773141900000000,70765.83000000,70765.83000000,70623.25000000,70661.04000000,0.00248000,1773142199999999,175.45382070,5,0.00234000,165.55758050,0
1773142200000000,70668.34000000,70668.34000000,70602.75000000,70617.63000000,0.00045000,1773142499999999,31.78154170,5,0.00045000,31.78154170,0
1773142500000000,70644.42000000,70663.18000000,70615.66000000,70633.81000000,0.00329000,1773142799999999,232.33711360,6,0.00045000,31.78863920,0
1773142800000000,70633.64000000,70639.73000000,70578.08000000,70578.08000000,0.00607000,1773143099999999,428.72940240,8,0.00051000,36.01396790,0
1773143100000000,70583.45000000,70675.27000000,70561.74000000,70638.48000000,0.00355000,1773143399999999,250.85802190,7,0.00355000,250.85802190,0
1773143400000000,70656.58000000,70700.45000000,70656.58000000,70657.65000000,0.02192000,1773143699999999,1549.29903030,11,0.00044000,31.09960050,0
1773143700000000,70683.02000000,70683.02000000,70610.93000000,70627.37000000,0.00181000,1773143999999999,127.87823260,11,0.00181000,127.87823260,0
1773144000000000,70611.27000000,70611.27000000,70527.22000000,70527.22000000,0.00058000,1773144299999999,40.92755480,6,0.00044000,31.05299920,0
1773144300000000,70507.18000000,70507.18000000,70435.89000000,70435.89000000,0.00064000,1773144599999999,45.09765410,6,0.00050000,35.23455050,0
1773144600000000,70407.01000000,70443.91000000,70377.15000000,70431.22000000,0.00697000,1773144899999999,490.68439430,7,0.00683000,480.83159330,0
1773144900000000,70451.38000000,70473.75000000,70396.11000000,70473.75000000,0.00079000,1773145199999999,55.65085150,6,0.00079000,55.65085150,0
1773145200000000,70514.88000000,70550.74000000,70504.15000000,70504.15000000,0.00125000,1773145499999999,88.15404110,6,0.00125000,88.15404110,0
1773145500000000,70479.19000000,70490.41000000,70373.22000000,70373.22000000,0.00065000,1773145799999999,45.79038240,6,0.00051000,35.93173920,0
1773145800000000,70391.80000000,70391.80000000,70334.77000000,70374.08000000,0.00593000,1773146099999999,417.28042150,8,0.00593000,417.28042150,0
1773146100000000,70466.34000000,70483.19000000,70413.90000000,70463.54000000,0.00058000,1773146399999999,40.86423560,6,0.00058000,40.86423560,0
1773146400000000,70465.46000000,70465.71000000,70432.39000000,70464.41000000,0.00197000,1773146699999999,138.79878890,8,0.00183000,128.93786650,0
1773146700000000,70484.17000000,70521.17000000,70480.00000000,70499.51000000,0.00046000,1773146999999999,32.43032880,5,0.00046000,32.43032880,0
1773147000000000,70531.54000000,70590.04000000,70531.54000000,70590.04000000,0.00191000,1773147299999999,134.72923030,6,0.00191000,134.72923030,0
1773147300000000,70572.26000000,70572.26000000,70501.48000000,70516.98000000,0.00049000,1773147599999999,34.55852440,5,0.00049000,34.55852440,0
1773147600000000,70585.88000000,70617.81000000,70582.33000000,70617.81000000,0.00079000,1773147899999999,55.76878830,6,0.00079000,55.76878830,0
1773147900000000,70658.11000000,70746.40000000,70658.11000000,70736.63000000,0.00044000,1773148199999999,31.11228110,5,0.00044000,31.11228110,0
1773148200000000,70748.83000000,70748.83000000,70715.66000000,70715.66000000,0.00053000,1773148499999999,37.48576180,5,0.00053000,37.48576180,0
1773148500000000,70851.94000000,70851.94000000,70735.15000000,70735.15000000,0.00053000,1773148799999999,37.51719660,5,0.00053000,37.51719660,0
1773148800000000,70725.62000000,70876.68000000,70687.73000000,70876.68000000,0.00795000,1773149099999999,562.03611860,8,0.00795000,562.03611860,0
1773149100000000,70863.44000000,70909.73000000,70834.23000000,70869.34000000,0.01758000,1773149399999999,1246.51812680,15,0.00074000,52.44214400,0
1773149400000000,70855.69000000,70860.35000000,70271.07000000,70271.07000000,0.00248000,1773149699999999,175.40564600,12,0.00216000,152.86655060,0
1773149700000000,70159.64000000,70159.64000000,69768.05000000,69771.95000000,0.03470000,1773149999999999,2424.68507020,15,0.00057000,39.85807860,0
1773150000000000,69737.84000000,70018.95000000,69725.14000000,69905.67000000,0.00628000,1773150299999999,439.09744790,36,0.00411000,287.49054510,0
1773150300000000,69872.52000000,70176.16000000,69791.78000000,70134.50000000,0.00265000,1773150599999999,185.60404330,27,0.00079000,55.34549280,0
1773150600000000,70139.99000000,70282.34000000,70121.73000000,70200.00000000,0.01399000,1773150899999999,982.09415870,29,0.01231000,864.14792580,0
1773150900000000,70147.17000000,70177.61000000,69866.21000000,69907.49000000,0.00468000,1773151199999999,327.82737220,30,0.00309000,216.49411760,0
1773151200000000,69917.13000000,69999.18000000,69644.51000000,69999.18000000,0.26773000,1773151499999999,18656.79643840,35,0.26012000,18125.26407550,0
1773151500000000,70099.25000000,70099.25000000,69574.52000000,69574.52000000,0.00048000,1773151799999999,33.47367220,4,0.00029000,20.24274050,0
1773151800000000,69520.96000000,69574.52000000,69450.53000000,69522.07000000,0.30507000,1773152099999999,21213.05116180,31,0.17447000,12132.37823670,0
1773152100000000,69347.17000000,69566.11000000,69260.48000000,69559.88000000,0.03139000,1773152399999999,2178.87448990,9,0.00009000,6.24995550,0
1773152400000000,69559.88000000,69559.88000000,69559.88000000,69559.88000000,0.00000000,1773152699999999,0.00000000,0,0.00000000,0.00000000,0
1773152700000000,69836.39000000,69836.39000000,69811.98000000,69818.02000000,0.02872000,1773152999999999,2005.07362550,5,0.02872000,2005.07362550,0
1773153000000000,69960.07000000,69967.70000000,69835.35000000,69967.70000000,0.02196000,1773153299999999,1534.69106720,6,0.00734000,513.33666660,0
1773153300000000,69967.70000000,69967.70000000,69967.70000000,69967.70000000,0.00000000,1773153599999999,0.00000000,0,0.00000000,0.00000000,0
1773153600000000,70231.06000000,70393.42000000,70231.06000000,70381.82000000,0.00174000,1773153899999999,122.43239310,5,0.00089000,62.59961010,0
1773153900000000,70495.40000000,70627.95000000,70415.86000000,70617.31000000,0.00060000,1773154199999999,42.30396570,4,0.00046000,32.41754230,0
1773154200000000,70859.36000000,71027.09000000,70799.87000000,71027.09000000,0.02245000,1773154499999999,1589.78832030,6,0.00291000,206.21893200,0
1773154500000000,71166.53000000,71507.14000000,71166.53000000,71388.84000000,0.05140000,1773154799999999,3672.43057140,18,0.04991000,3566.09054440,0
1773154800000000,71431.54000000,71658.93000000,71410.89000000,71658.93000000,0.02568000,1773155099999999,1836.62885970,18,0.02442000,1746.51104450,0
1773155100000000,71763.87000000,71763.87000000,71194.41000000,71239.47000000,0.00674000,1773155399999999,481.51516980,15,0.00497000,355.09479600,0
1773155400000000,71139.86000000,71300.55000000,71139.86000000,71198.08000000,0.01805000,1773155699999999,1285.95401860,7,0.01763000,1256.04929200,0
1773155700000000,71187.78000000,71208.15000000,71187.78000000,71208.15000000,0.02888000,1773155999999999,2055.90593820,10,0.02860000,2035.97050800,0
1773156000000000,71292.47000000,71292.47000000,71150.00000000,71277.37000000,0.00089000,1773156299999999,63.41352830,4,0.00047000,33.50036390,0
1773156300000000,71322.12000000,71414.66000000,71301.21000000,71389.47000000,0.00833000,1773156599999999,594.65170780,5,0.00791000,564.68464620,0
1773156600000000,71424.17000000,71614.37000000,71269.80000000,71269.80000000,0.25981000,1773156899999999,18556.69756560,20,0.25851000,18463.83188750,0
1773156900000000,71361.93000000,71420.85000000,71136.51000000,71136.51000000,0.00093000,1773157199999999,66.29294470,7,0.00000000,0.00000000,0
1773157200000000,71106.43000000,71145.36000000,71071.07000000,71145.36000000,0.00492000,1773157499999999,349.76677300,6,0.00424000,301.41740240,0
1773157500000000,71152.42000000,71152.42000000,71071.36000000,71071.36000000,0.00488000,1773157799999999,347.16590380,7,0.00000000,0.00000000,0
1773157800000000,71110.13000000,71110.13000000,70987.14000000,70987.14000000,0.00056000,1773158099999999,39.79007060,3,0.00028000,19.91083640,0
1773158100000000,70963.52000000,70963.52000000,70963.52000000,70963.52000000,0.00307000,1773158399999999,217.85800640,1,0.00307000,217.85800640,0
1773158400000000,71281.77000000,71310.81000000,71169.01000000,71223.69000000,0.01879000,1773158699999999,1337.70237990,11,0.01865000,1327.72776070,0
1773158700000000,71159.43000000,71166.83000000,70982.81000000,71166.10000000,0.02038000,1773158999999999,1447.60077100,13,0.02038000,1447.60077100,0
1773159000000000,71166.83000000,71240.55000000,71108.38000000,71155.77000000,0.00212000,1773159299999999,150.89505700,13,0.00180000,128.12523300,0
1773159300000000,71206.79000000,71440.52000000,71206.79000000,71440.52000000,0.01281000,1773159599999999,913.14564990,13,0.00153000,109.13973630,0
1773159600000000,71489.42000000,71489.42000000,71457.35000000,71475.98000000,0.02952000,1773159899999999,2109.85085780,5,0.02797000,1999.04225680,0
1773159900000000,71645.16000000,71645.16000000,71508.22000000,71508.22000000,0.00079000,1773160199999999,56.58735180,2,0.00070000,50.15161200,0
1773160200000000,71385.05000000,71386.08000000,71301.93000000,71317.73000000,0.01547000,1773160499999999,1104.14209260,5,0.01347000,961.53823260,0
1773160500000000,71337.38000000,71337.38000000,71296.66000000,71296.66000000,0.00455000,1773160799999999,324.50310720,4,0.00421000,300.25654200,0
1773160800000000,71284.30000000,71418.80000000,71284.30000000,71418.80000000,0.00231000,1773161099999999,164.95859800,2,0.00217000,154.97879600,0
1773161100000000,71319.99000000,71319.99000000,71255.75000000,71256.58000000,0.00502000,1773161399999999,357.72367310,4,0.00488000,347.73887450,0
1773161400000000,71248.38000000,71339.14000000,71248.38000000,71339.14000000,0.00939000,1773161699999999,669.25857400,6,0.00939000,669.25857400,0
1773161700000000,71339.14000000,71339.14000000,71339.14000000,71339.14000000,0.00000000,1773161999999999,0.00000000,0,0.00000000,0.00000000,0
1773162000000000,71265.29000000,71305.11000000,71256.00000000,71265.29000000,0.00475000,1773162299999999,338.56235090,5,0.00420000,299.36644140,0
1773162300000000,71322.22000000,71453.13000000,71312.03000000,71312.03000000,0.02614000,1773162599999999,1864.90897250,9,0.02602000,1856.35152890,0
1773162600000000,71312.03000000,71312.03000000,71312.03000000,71312.03000000,0.00000000,1773162899999999,0.00000000,0,0.00000000,0.00000000,0
1773162900000000,71312.03000000,71312.03000000,71312.03000000,71312.03000000,0.00000000,1773163199999999,0.00000000,0,0.00000000,0.00000000,0
1773163200000000,71267.67000000,71273.06000000,71267.67000000,71273.06000000,0.01505000,1773163499999999,1072.57918810,3,0.01491000,1062.60095970,0
1773163500000000,71136.51000000,71136.51000000,71045.26000000,71045.26000000,0.00045000,1773163799999999,31.99050350,3,0.00022000,15.64188120,0
1773163800000000,71100.00000000,71123.99000000,71100.00000000,71115.71000000,0.00234000,1773164099999999,166.38099740,3,0.00234000,166.38099740,0
1773164100000000,71045.26000000,71045.26000000,70598.43000000,70673.51000000,0.02655000,1773164399999999,1879.57181330,11,0.00055000,38.93289870,0
1773164400000000,70582.58000000,70685.04000000,70546.74000000,70685.04000000,0.00636000,1773164699999999,448.70065620,10,0.00000000,0.00000000,0
1773164700000000,70685.04000000,70685.04000000,70685.04000000,70685.04000000,0.00000000,1773164999999999,0.00000000,0,0.00000000,0.00000000,0
1773165000000000,70685.04000000,70685.04000000,70685.04000000,70685.04000000,0.00000000,1773165299999999,0.00000000,0,0.00000000,0.00000000,0
1773165300000000,70837.19000000,71136.32000000,70800.00000000,70900.32000000,0.25610000,1773165599999999,18163.04225310,25,0.25610000,18163.04225310,0
1773165600000000,70900.32000000,70900.32000000,70900.32000000,70900.32000000,0.00020000,1773165899999999,14.18006400,1,0.00000000,0.00000000,0
1773165900000000,70876.10000000,70876.10000000,70763.65000000,70763.65000000,0.00166000,1773166199999999,117.62601720,4,0.00143000,101.35009960,0
1773166200000000,70582.58000000,70582.58000000,70486.70000000,70486.70000000,0.00023000,1773166499999999,16.22057020,2,0.00000000,0.00000000,0
1773166500000000,70474.46000000,70484.29000000,70212.20000000,70212.20000000,0.00181000,1773166799999999,127.49964020,4,0.00153000,107.83398440,0
1773166800000000,70212.20000000,70212.20000000,70212.20000000,70212.20000000,0.00071000,1773167099999999,49.85066200,1,0.00000000,0.00000000,0
1773167100000000,70387.49000000,70423.37000000,70366.87000000,70366.87000000,0.03235000,1773167399999999,2277.25831390,6,0.03222000,2268.10703410,0
1773167400000000,70338.90000000,70338.90000000,70338.90000000,70338.90000000,0.00028000,1773167699999999,19.69489200,1,0.00028000,19.69489200,0
1773167700000000,70212.20000000,70212.20000000,70193.07000000,70193.07000000,0.00066000,1773167999999999,46.32991310,2,0.00053000,37.20232710,0
1773168000000000,70032.95000000,70147.09000000,70025.61000000,70068.67000000,0.00713000,1773168299999999,499.55714200,7,0.00690000,483.45059110,0
1773168300000000,70068.67000000,70068.67000000,70068.67000000,70068.67000000,0.01287000,1773168599999999,901.78378290,4,0.01287000,901.78378290,0
1773168600000000,70033.06000000,70033.06000000,70033.06000000,70033.06000000,0.00029000,1773168899999999,20.30958740,1,0.00029000,20.30958740,0
1773168900000000,70033.06000000,70033.06000000,70033.06000000,70033.06000000,0.00000000,1773169199999999,0.00000000,0,0.00000000,0.00000000,0
1773169200000000,70033.06000000,70033.06000000,70033.06000000,70033.06000000,0.00000000,1773169499999999,0.00000000,0,0.00000000,0.00000000,0
1773169500000000,70033.06000000,70033.06000000,70033.06000000,70033.06000000,0.00000000,1773169799999999,0.00000000,0,0.00000000,0.00000000,0
1773169800000000,70096.79000000,70096.79000000,70096.79000000,70096.79000000,0.00071000,1773170099999999,49.76872090,1,0.00071000,49.76872090,0
1773170100000000,70096.79000000,70215.68000000,70096.79000000,70215.68000000,0.00042000,1773170399999999,29.45135190,2,0.00042000,29.45135190,0
1773170400000000,70113.14000000,70113.14000000,70107.95000000,70107.95000000,0.02296000,1773170699999999,1609.77052100,3,0.00000000,0.00000000,0
1773170700000000,70107.95000000,70107.95000000,70107.95000000,70107.95000000,0.00000000,1773170999999999,0.00000000,0,0.00000000,0.00000000,0
1773171000000000,69961.04000000,69961.04000000,69900.00000000,69900.00000000,0.00082000,1773171299999999,57.36072800,3,0.00070000,48.97272800,0
1773171300000000,69900.00000000,69924.49000000,69900.00000000,69924.49000000,0.02917000,1773171599999999,2039.01312270,7,0.02917000,2039.01312270,0
1773171600000000,70032.95000000,70032.95000000,70032.95000000,70032.95000000,0.00021000,1773171899999999,14.70691950,2,0.00009000,6.30296550,0
1773171900000000,70032.95000000,70032.95000000,70032.95000000,70032.95000000,0.00000000,1773172199999999,0.00000000,0,0.00000000,0.00000000,0
1773172200000000,69993.44000000,70017.44000000,69993.20000000,70017.44000000,0.00067000,1773172499999999,46.90229840,3,0.00067000,46.90229840,0
1773172500000000,70017.44000000,70017.44000000,70017.44000000,70017.44000000,0.00000000,1773172799999999,0.00000000,0,0.00000000,0.00000000,0
1773172800000000,70017.44000000,70017.44000000,70017.44000000,70017.44000000,0.00000000,1773173099999999,0.00000000,0,0.00000000,0.00000000,0
1773173100000000,70215.68000000,70215.68000000,70215.68000000,70215.68000000,0.00009000,1773173399999999,6.31941120,1,0.00009000,6.31941120,0
1773173400000000,70215.68000000,70215.68000000,70215.68000000,70215.68000000,0.00000000,1773173699999999,0.00000000,0,0.00000000,0.00000000,0
1773173700000000,70017.44000000,70017.44000000,70017.44000000,70017.44000000,0.00125000,1773173999999999,87.52180000,1,0.00000000,0.00000000,0
1773174000000000,70017.44000000,70017.44000000,70017.44000000,70017.44000000,0.00000000,1773174299999999,0.00000000,0,0.00000000,0.00000000,0
1773174300000000,70017.44000000,70017.44000000,70017.44000000,70017.44000000,0.00000000,1773174599999999,0.00000000,0,0.00000000,0.00000000,0
1773174600000000,70017.44000000,70017.44000000,70017.44000000,70017.44000000,0.00000000,1773174899999999,0.00000000,0,0.00000000,0.00000000,0
1773174900000000,70310.87000000,70312.43000000,70310.87000000,70312.43000000,0.06205000,1773175199999999,4362.86674310,3,0.06205000,4362.86674310,0
1773175200000000,70298.53000000,70298.76000000,70257.51000000,70278.64000000,0.00810000,1773175499999999,569.22041530,5,0.00810000,569.22041530,0
1773175500000000,70277.51000000,70277.51000000,70277.51000000,70277.51000000,0.00124000,1773175799999999,87.14411240,1,0.00124000,87.14411240,0
1773175800000000,70277.51000000,70277.51000000,70277.51000000,70277.51000000,0.00000000,1773176099999999,0.00000000,0,0.00000000,0.00000000,0
1773176100000000,70262.41000000,70267.60000000,70262.41000000,70267.60000000,0.00571000,1773176399999999,401.20183840,2,0.00571000,401.20183840,0
1773176400000000,70267.60000000,70267.60000000,70267.60000000,70267.60000000,0.00000000,1773176699999999,0.00000000,0,0.00000000,0.00000000,0
1773176700000000,70368.39000000,70368.39000000,70368.39000000,70368.39000000,0.00068000,1773176999999999,47.85050520,1,0.00068000,47.85050520,0
1773177000000000,70273.93000000,70273.93000000,70105.43000000,70106.21000000,0.00169000,1773177299999999,118.53042730,3,0.00169000,118.53042730,0
1773177300000000,70105.16000000,70108.52000000,70105.16000000,70108.52000000,0.00215000,1773177599999999,150.73093240,2,0.00215000,150.73093240,0
1773177600000000,69978.57000000,69978.57000000,69978.57000000,69978.57000000,0.00037000,1773177899999999,25.89207090,1,0.00037000,25.89207090,0
1773177900000000,69946.51000000,69946.51000000,69946.51000000,69946.51000000,0.00014000,1773178199999999,9.79251140,1,0.00000000,0.00000000,0
1773178200000000,69946.51000000,69946.51000000,69946.51000000,69946.51000000,0.00000000,1773178499999999,0.00000000,0,0.00000000,0.00000000,0
1773178500000000,70031.57000000,70041.93000000,69776.05000000,69776.05000000,0.01602000,1773178799999999,1119.78608740,13,0.00661000,461.99686210,0
1773178800000000,69775.32000000,69775.32000000,69588.73000000,69662.27000000,0.00134000,1773179099999999,93.30428980,6,0.00000000,0.00000000,0
1773179100000000,69681.14000000,69681.14000000,69681.14000000,69681.14000000,0.00014000,1773179399999999,9.75535960,1,0.00000000,0.00000000,0
1773179400000000,69631.07000000,69745.16000000,69631.07000000,69745.16000000,0.00406000,1773179699999999,283.14786950,3,0.00392000,273.39951970,0
1773179700000000,69745.16000000,69745.16000000,69745.16000000,69745.16000000,0.00000000,1773179999999999,0.00000000,0,0.00000000,0.00000000,0
1773180000000000,69745.16000000,69745.16000000,69745.16000000,69745.16000000,0.00000000,1773180299999999,0.00000000,0,0.00000000,0.00000000,0
1773180300000000,69625.22000000,69646.98000000,69625.22000000,69646.98000000,0.00452000,1773180599999999,314.77006560,3,0.00452000,314.77006560,0
1773180600000000,69617.82000000,69620.89000000,69487.61000000,69487.61000000,0.00876000,1773180899999999,609.65113220,9,0.00000000,0.00000000,0
1773180900000000,69498.13000000,69512.99000000,69487.61000000,69512.99000000,0.00291000,1773181199999999,202.24696510,3,0.00277000,192.51722690,0
1773181200000000,69512.99000000,69512.99000000,69512.99000000,69512.99000000,0.00000000,1773181499999999,0.00000000,0,0.00000000,0.00000000,0
1773181500000000,69512.99000000,69512.99000000,69512.99000000,69512.99000000,0.00000000,1773181799999999,0.00000000,0,0.00000000,0.00000000,0
1773181800000000,69512.99000000,69512.99000000,69512.99000000,69512.99000000,0.00000000,1773182099999999,0.00000000,0,0.00000000,0.00000000,0
1773182100000000,69512.99000000,69512.99000000,69512.99000000,69512.99000000,0.00000000,1773182399999999,0.00000000,0,0.00000000,0.00000000,0
1773182400000000,69630.90000000,69630.90000000,69630.90000000,69630.90000000,0.00014000,1773182699999999,9.74832600,1,0.00000000,0.00000000,0
1773182700000000,69660.72000000,69660.72000000,69660.72000000,69660.72000000,0.00010000,1773182999999999,6.96607200,1,0.00010000,6.96607200,0
1773183000000000,69725.78000000,69725.78000000,69725.78000000,69725.78000000,0.00011000,1773183299999999,7.66983580,1,0.00011000,7.66983580,0
1773183300000000,69725.78000000,69725.78000000,69725.78000000,69725.78000000,0.00000000,1773183599999999,0.00000000,0,0.00000000,0.00000000,0
1773183600000000,69827.62000000,69827.62000000,69765.77000000,69771.10000000,0.01362000,1773183899999999,950.38020460,4,0.01348000,940.60433780,0
1773183900000000,69771.10000000,69771.10000000,69771.10000000,69771.10000000,0.00000000,1773184199999999,0.00000000,0,0.00000000,0.00000000,0
1773184200000000,69814.14000000,69814.14000000,69814.14000000,69814.14000000,0.00028000,1773184499999999,19.54795920,1,0.00028000,19.54795920,0
1773184500000000,69817.97000000,69817.97000000,69817.97000000,69817.97000000,0.00014000,1773184799999999,9.77451580,1,0.00000000,0.00000000,0
1773184800000000,69773.60000000,69773.60000000,69773.60000000,69773.60000000,0.00014000,1773185099999999,9.76830400,1,0.00000000,0.00000000,0
1773185100000000,69773.60000000,69773.60000000,69773.60000000,69773.60000000,0.00000000,1773185399999999,0.00000000,0,0.00000000,0.00000000,0
1773185400000000,69850.70000000,69910.86000000,69841.40000000,69841.40000000,0.00719000,1773185699999999,502.63820180,5,0.00691000,483.07862820,0
1773185700000000,69870.36000000,69904.46000000,69870.36000000,69904.46000000,0.00194000,1773185999999999,135.56588940,2,0.00194000,135.56588940,0
1773186000000000,69904.46000000,69904.46000000,69904.46000000,69904.46000000,0.00000000,1773186299999999,0.00000000,0,0.00000000,0.00000000,0
1773186300000000,69904.46000000,69904.46000000,69904.46000000,69904.46000000,0.00027000,1773186599999999,18.87420420,1,0.00000000,0.00000000,0
1773186600000000,69904.46000000,69904.46000000,69904.46000000,69904.46000000,0.00000000,1773186899999999,0.00000000,0,0.00000000,0.00000000,0
1773186900000000,69904.46000000,69904.46000000,69904.46000000,69904.46000000,0.00000000,1773187199999999,0.00000000,0,0.00000000,0.00000000,0
1773187200000000,69935.23000000,69935.23000000,69809.89000000,69809.89000000,0.00035000,1773187499999999,24.45100910,2,0.00021000,14.66007690,0
1773187500000000,69809.89000000,69809.89000000,69809.89000000,69809.89000000,0.00000000,1773187799999999,0.00000000,0,0.00000000,0.00000000,0
1773187800000000,69927.09000000,70032.95000000,69927.09000000,70032.95000000,0.02523000,1773188099999999,1766.09275810,8,0.02509000,1756.30296550,0
1773188100000000,70019.43000000,70019.43000000,69917.38000000,69917.38000000,0.00587000,1773188399999999,410.77331660,10,0.00573000,400.97059640,0
1773188400000000,70044.84000000,70044.84000000,70044.84000000,70044.84000000,0.00020000,1773188699999999,14.00896800,1,0.00020000,14.00896800,0
1773188700000000,70027.02000000,70027.02000000,70027.02000000,70027.02000000,0.00880000,1773188999999999,616.23777600,1,0.00000000,0.00000000,0
1773189000000000,70000.00000000,70000.00000000,69892.67000000,69892.67000000,0.01645000,1773189299999999,1150.16422590,6,0.00143000,99.94651810,0
1773189300000000,69892.67000000,69892.67000000,69892.67000000,69892.67000000,0.00000000,1773189599999999,0.00000000,0,0.00000000,0.00000000,0
1773189600000000,69892.67000000,69892.67000000,69892.67000000,69892.67000000,0.00000000,1773189899999999,0.00000000,0,0.00000000,0.00000000,0
1773189900000000,69892.67000000,69892.67000000,69892.67000000,69892.67000000,0.00000000,1773190199999999,0.00000000,0,0.00000000,0.00000000,0
1773190200000000,70032.95000000,70080.47000000,70032.50000000,70032.50000000,0.00664000,1773190499999999,465.12089480,3,0.00228000,159.77919480,0
1773190500000000,70096.05000000,70096.05000000,70061.39000000,70061.39000000,0.00028000,1773190799999999,19.62204160,2,0.00000000,0.00000000,0
1773190800000000,70074.58000000,70075.66000000,70045.84000000,70045.84000000,0.04880000,1773191099999999,3419.64042680,3,0.04866000,3409.83400920,0
1773191100000000,70085.83000000,70085.83000000,70083.34000000,70083.34000000,0.00045000,1773191399999999,31.53785160,2,0.00031000,21.72583540,0
1773191400000000,70050.38000000,70050.38000000,70050.38000000,70050.38000000,0.00014000,1773191699999999,9.80705320,1,0.00000000,0.00000000,0
1773191700000000,70050.38000000,70050.38000000,70050.38000000,70050.38000000,0.00000000,1773191999999999,0.00000000,0,0.00000000,0.00000000,0
1773192000000000,70050.38000000,70050.38000000,70050.38000000,70050.38000000,0.00000000,1773192299999999,0.00000000,0,0.00000000,0.00000000,0
1773192300000000,70026.15000000,70026.15000000,70015.63000000,70018.38000000,0.00677000,1773192599999999,474.02730820,4,0.00677000,474.02730820,0
1773192600000000,70058.42000000,70058.42000000,70058.42000000,70058.42000000,0.00014000,1773192899999999,9.80817880,1,0.00000000,0.00000000,0
1773192900000000,69946.08000000,69946.72000000,69907.57000000,69907.57000000,0.00208000,1773193199999999,145.48287100,3,0.00194000,135.69581120,0
1773193200000000,69893.73000000,69893.73000000,69893.73000000,69893.73000000,0.00014000,1773193499999999,9.78512220,1,0.00000000,0.00000000,0
1773193500000000,69970.59000000,69970.59000000,69970.59000000,69970.59000000,0.00008000,1773193799999999,5.59764720,1,0.00008000,5.59764720,0
1773193800000000,69970.59000000,69970.59000000,69970.59000000,69970.59000000,0.00000000,1773194099999999,0.00000000,0,0.00000000,0.00000000,0
1773194100000000,70075.73000000,70075.73000000,70017.48000000,70017.48000000,0.00033000,1773194399999999,23.11864140,3,0.00000000,0.00000000,0
1773194400000000,70066.86000000,70079.63000000,70057.68000000,70079.63000000,0.00733000,1773194699999999,513.52715260,3,0.00000000,0.00000000,0
1773194700000000,70049.36000000,70055.39000000,70049.36000000,70055.39000000,0.00069000,1773194999999999,48.33520860,3,0.00055000,38.52745400,0
1773195000000000,70020.92000000,70020.92000000,70020.92000000,70020.92000000,0.00014000,1773195299999999,9.80292880,1,0.00000000,0.00000000,0
1773195300000000,69995.36000000,69995.36000000,69995.36000000,69995.36000000,0.00014000,1773195599999999,9.79935040,1,0.00000000,0.00000000,0
1773195600000000,69943.59000000,69980.48000000,69943.59000000,69980.48000000,0.00028000,1773195899999999,19.58936980,2,0.00000000,0.00000000,0
1773195900000000,69966.45000000,69966.45000000,69966.45000000,69966.45000000,0.00069000,1773196199999999,48.27685050,1,0.00069000,48.27685050,0
1773196200000000,69893.73000000,69893.73000000,69869.37000000,69869.37000000,0.00026000,1773196499999999,18.16895940,2,0.00000000,0.00000000,0
1773196500000000,69799.59000000,69799.59000000,69630.06000000,69677.06000000,0.00115000,1773196799999999,80.16820690,8,0.00036000,25.10255160,0
1773196800000000,69711.54000000,69711.54000000,69688.89000000,69688.89000000,0.00028000,1773197099999999,19.51606020,2,0.00000000,0.00000000,0
1773197100000000,69657.83000000,69657.83000000,69657.83000000,69657.83000000,0.00014000,1773197399999999,9.75209620,1,0.00000000,0.00000000,0
1773197400000000,69696.12000000,69765.99000000,69662.92000000,69753.88000000,0.00071000,1773197699999999,49.49507720,7,0.00000000,0.00000000,0
1773197700000000,69753.69000000,69770.76000000,69725.06000000,69725.06000000,0.00054000,1773197999999999,37.66565700,7,0.00000000,0.00000000,0
1773198000000000,69787.90000000,69836.39000000,69689.88000000,69689.88000000,0.00132000,1773198299999999,92.08480990,12,0.00036000,25.12097190,0
1773198300000000,69688.36000000,69788.99000000,69671.16000000,69687.33000000,0.01515000,1773198599999999,1057.14699190,14,0.01428000,996.49734460,0
1773198600000000,69697.38000000,69730.76000000,69656.22000000,69656.22000000,0.00094000,1773198899999999,65.50698920,8,0.00000000,0.00000000,0
1773198900000000,69669.00000000,69669.00000000,69648.12000000,69648.38000000,0.00050000,1773199199999999,34.82736080,6,0.00000000,0.00000000,0
1773199200000000,69575.44000000,69625.13000000,69528.93000000,69561.16000000,0.00203000,1773199499999999,141.30054750,8,0.00139000,96.77845070,0
1773199500000000,69515.87000000,69558.56000000,69489.98000000,69541.23000000,0.01037000,1773199799999999,721.17835710,10,0.00580000,403.35247810,0
1773199800000000,69509.78000000,69605.62000000,69509.78000000,69605.62000000,0.00222000,1773200099999999,154.41557400,8,0.00000000,0.00000000,0
1773200100000000,69590.01000000,69605.36000000,69549.94000000,69567.64000000,0.00070000,1773200399999999,48.70695890,6,0.00020000,13.92107200,0
1773200400000000,69589.33000000,69590.86000000,69549.41000000,69549.41000000,0.00052000,1773200699999999,36.17435690,6,0.00000000,0.00000000,0
1773200700000000,69541.77000000,69541.77000000,69490.45000000,69490.45000000,0.00053000,1773200999999999,36.84981410,5,0.00000000,0.00000000,0
1773201000000000,69543.81000000,69616.17000000,69543.81000000,69614.56000000,0.00050000,1773201299999999,34.79692800,5,0.00000000,0.00000000,0
1773201300000000,69538.24000000,69580.44000000,69527.86000000,69527.86000000,0.00122000,1773201599999999,84.86627390,6,0.00071000,49.40211240,0
1773201600000000,69529.84000000,69561.04000000,69510.93000000,69559.75000000,0.00115000,1773201899999999,79.98469300,6,0.00000000,0.00000000,0
1773201900000000,69548.82000000,69550.80000000,69511.96000000,69512.01000000,0.00192000,1773202199999999,133.52276950,6,0.00139000,96.67561200,0
1773202200000000,69522.93000000,69595.88000000,69522.93000000,69595.88000000,0.00052000,1773202499999999,36.17256010,5,0.00000000,0.00000000,0
1773202500000000,69628.31000000,69745.80000000,69628.31000000,69745.80000000,0.00119000,1773202799999999,82.94803450,7,0.00069000,48.12437100,0
1773202800000000,69719.25000000,69723.85000000,69719.13000000,69723.85000000,0.00050000,1773203099999999,34.86061100,5,0.00000000,0.00000000,0
1773203100000000,69779.56000000,69924.46000000,69779.56000000,69924.46000000,0.00521000,1773203399999999,364.22111460,8,0.00469000,327.89553840,0
1773203400000000,69967.70000000,69967.70000000,69967.70000000,69967.70000000,0.00009000,1773203699999999,6.29709300,1,0.00009000,6.29709300,0
1773203700000000,69967.70000000,69967.70000000,69967.70000000,69967.70000000,0.00000000,1773203999999999,0.00000000,0,0.00000000,0.00000000,0
1773204000000000,69967.70000000,69967.70000000,69966.12000000,69966.12000000,0.00296000,1773204299999999,207.10331760,2,0.00228000,159.52635600,0
1773204300000000,70029.52000000,70030.50000000,70029.52000000,70030.50000000,0.00227000,1773204599999999,158.96856860,2,0.00227000,158.96856860,0
1773204600000000,70036.12000000,70250.00000000,70028.43000000,70205.99000000,0.00060000,1773204899999999,42.10243260,6,0.00041000,28.79595430,0
1773204900000000,70194.93000000,70194.93000000,70151.22000000,70156.12000000,0.00052000,1773205199999999,36.48815970,5,0.00052000,36.48815970,0
1773205200000000,70193.25000000,70193.25000000,70082.97000000,70114.37000000,0.00068000,1773205499999999,47.68711560,7,0.00051000,35.77154550,0
1773205500000000,70121.12000000,70133.91000000,70028.43000000,70037.59000000,0.01573000,1773205799999999,1102.65486550,10,0.00053000,37.14917950,0
1773205800000000,70018.50000000,70049.99000000,69990.46000000,70019.49000000,0.00076000,1773206099999999,53.21622750,7,0.00058000,40.61794470,0
1773206100000000,70030.54000000,70030.54000000,69962.47000000,69976.06000000,0.00049000,1773206399999999,34.29634130,5,0.00049000,34.29634130,0
1773206400000000,69960.10000000,69974.84000000,69867.85000000,69971.03000000,0.05352000,1773206699999999,3739.50271340,11,0.00093000,65.05093190,0
1773206700000000,69957.91000000,69971.02000000,69941.46000000,69941.46000000,0.00105000,1773206999999999,73.46024160,7,0.00105000,73.46024160,0
1773207000000000,69923.16000000,69933.03000000,69886.55000000,69886.55000000,0.00343000,1773207299999999,239.72598020,7,0.00343000,239.72598020,0
1773207300000000,69914.60000000,69914.60000000,69800.52000000,69800.52000000,0.00057000,1773207599999999,39.81712040,6,0.00057000,39.81712040,0
1773207600000000,69761.13000000,69761.13000000,69443.95000000,69559.62000000,0.01763000,1773207899999999,1227.60347040,21,0.00131000,91.15906930,0
1773207900000000,69535.32000000,69567.17000000,69515.43000000,69540.25000000,0.00084000,1773208199999999,58.41157220,8,0.00084000,58.41157220,0
1773208200000000,69583.78000000,69631.20000000,69583.78000000,69620.16000000,0.00049000,1773208499999999,34.10439960,5,0.00049000,34.10439960,0
1773208500000000,69583.58000000,69593.78000000,69515.96000000,69515.96000000,0.00128000,1773208799999999,89.06117740,6,0.00128000,89.06117740,0
1773208800000000,69509.02000000,69584.32000000,69509.02000000,69584.32000000,0.00244000,1773209099999999,169.76649200,6,0.00244000,169.76649200,0
1773209100000000,69614.10000000,69644.33000000,69614.10000000,69644.33000000,0.00048000,1773209399999999,33.42111580,5,0.00048000,33.42111580,0
1773209400000000,69624.56000000,69719.40000000,69624.56000000,69719.40000000,0.00052000,1773209699999999,36.23210670,5,0.00052000,36.23210670,0
1773209700000000,69702.91000000,69816.66000000,69702.91000000,69816.66000000,0.05407000,1773209999999999,3771.15990260,7,0.05407000,3771.15990260,0
1773210000000000,69806.80000000,69806.80000000,69806.80000000,69806.80000000,0.00007000,1773210299999999,4.88647600,1,0.00007000,4.88647600,0
1773210300000000,69809.14000000,69809.81000000,69809.14000000,69809.81000000,0.00208000,1773210599999999,145.20361420,2,0.00208000,145.20361420,0
1773210600000000,69836.39000000,69938.61000000,69836.39000000,69938.61000000,0.00783000,1773210899999999,547.58302940,5,0.00783000,547.58302940,0
1773210900000000,69938.61000000,69938.61000000,69938.61000000,69938.61000000,0.00000000,1773211199999999,0.00000000,0,0.00000000,0.00000000,0
1773211200000000,69835.14000000,69835.38000000,69835.14000000,69835.38000000,0.00142000,1773211499999999,99.16593000,2,0.00142000,99.16593000,0
1773211500000000,69832.23000000,69832.23000000,69832.23000000,69832.23000000,0.00083000,1773211799999999,57.96075090,1,0.00083000,57.96075090,0
1773211800000000,69967.70000000,69967.70000000,69967.70000000,69967.70000000,0.00009000,1773212099999999,6.29709300,1,0.00009000,6.29709300,0
1773212100000000,69967.70000000,69967.70000000,69967.70000000,69967.70000000,0.00000000,1773212399999999,0.00000000,0,0.00000000,0.00000000,0
1773212400000000,69976.06000000,69976.06000000,69976.06000000,69976.06000000,0.00107000,1773212699999999,74.87438420,1,0.00107000,74.87438420,0
1773212700000000,69932.24000000,69932.24000000,69932.24000000,69932.24000000,0.00010000,1773212999999999,6.99322400,1,0.00010000,6.99322400,0
1773213000000000,69932.24000000,69932.24000000,69932.24000000,69932.24000000,0.00000000,1773213299999999,0.00000000,0,0.00000000,0.00000000,0
1773213300000000,69932.24000000,69932.24000000,69932.24000000,69932.24000000,0.00000000,1773213599999999,0.00000000,0,0.00000000,0.00000000,0
1773213600000000,69806.82000000,69807.69000000,69806.82000000,69807.69000000,0.00125000,1773213899999999,87.25929930,2,0.00125000,87.25929930,0
1773213900000000,69807.69000000,69807.69000000,69807.69000000,69807.69000000,0.00000000,1773214199999999,0.00000000,0,0.00000000,0.00000000,0
1773214200000000,69705.33000000,69705.33000000,69705.33000000,69705.33000000,0.00009000,1773214499999999,6.27347970,1,0.00000000,0.00000000,0
1773214500000000,69574.52000000,69574.52000000,69574.52000000,69574.52000000,0.00009000,1773214799999999,6.26170680,1,0.00000000,0.00000000,0
1773214800000000,69564.15000000,69564.15000000,69564.15000000,69564.15000000,0.00139000,1773215099999999,96.69416850,1,0.00139000,96.69416850,0
1773215100000000,69595.76000000,69595.76000000,69595.76000000,69595.76000000,0.00126000,1773215399999999,87.69065760,1,0.00126000,87.69065760,0
1773215400000000,69681.37000000,69709.71000000,69677.78000000,69702.53000000,0.06984000,1773215699999999,4866.48149240,7,0.00278000,193.78012240,0
1773215700000000,69702.53000000,69702.53000000,69702.53000000,69702.53000000,0.00000000,1773215999999999,0.00000000,0,0.00000000,0.00000000,0
1773216000000000,69702.53000000,69702.53000000,69702.53000000,69702.53000000,0.00000000,1773216299999999,0.00000000,0,0.00000000,0.00000000,0
1773216300000000,69702.53000000,69702.53000000,69702.53000000,69702.53000000,0.00034000,1773216599999999,23.69886020,1,0.00000000,0.00000000,0
1773216600000000,69634.55000000,69634.55000000,69634.55000000,69634.55000000,0.00020000,1773216899999999,13.92691000,1,0.00020000,13.92691000,0
1773216900000000,69594.89000000,69610.98000000,69550.13000000,69610.98000000,0.06273000,1773217199999999,4363.24433300,6,0.00625000,435.04400730,0
1773217200000000,69613.17000000,69613.17000000,69610.92000000,69613.08000000,0.01605000,1773217499999999,1117.27307070,4,0.01605000,1117.27307070,0
1773217500000000,69523.83000000,69523.83000000,69518.52000000,69519.78000000,0.02895000,1773217799999999,2012.66359120,4,0.00913000,634.70473020,0
1773217800000000,69519.78000000,69519.78000000,69519.78000000,69519.78000000,0.00000000,1773218099999999,0.00000000,0,0.00000000,0.00000000,0
1773218100000000,69625.59000000,69625.59000000,69625.59000000,69625.59000000,0.00019000,1773218399999999,13.22886210,1,0.00019000,13.22886210,0
1773218400000000,69625.59000000,69625.59000000,69625.59000000,69625.59000000,0.00000000,1773218699999999,0.00000000,0,0.00000000,0.00000000,0
1773218700000000,69625.59000000,69625.59000000,69625.59000000,69625.59000000,0.00119000,1773218999999999,82.85445210,1,0.00000000,0.00000000,0
1773219000000000,69574.52000000,69574.52000000,69574.52000000,69574.52000000,0.00009000,1773219299999999,6.26170680,1,0.00000000,0.00000000,0
1773219300000000,69610.09000000,69660.91000000,69610.09000000,69660.91000000,0.01535000,1773219599999999,1068.70620890,3,0.01535000,1068.70620890,0
1773219600000000,69569.21000000,69569.21000000,69569.21000000,69569.21000000,0.00069000,1773219899999999,48.00275490,1,0.00069000,48.00275490,0
1773219900000000,69569.21000000,69569.21000000,69569.21000000,69569.21000000,0.00000000,1773220199999999,0.00000000,0,0.00000000,0.00000000,0
1773220200000000,69569.21000000,69569.21000000,69555.39000000,69555.39000000,0.00198000,1773220499999999,137.74620660,3,0.00000000,0.00000000,0
1773220500000000,69614.87000000,69614.87000000,69585.85000000,69598.14000000,0.00347000,1773220799999999,241.51147160,3,0.00347000,241.51147160,0
1773220800000000,69635.13000000,69635.13000000,69591.47000000,69591.47000000,0.00167000,1773221099999999,116.28455470,2,0.00153000,106.54174890,0
1773221100000000,69605.44000000,69605.44000000,69557.69000000,69558.73000000,0.00173000,1773221399999999,120.34522730,3,0.00173000,120.34522730,0
1773221400000000,69558.73000000,69558.73000000,69558.73000000,69558.73000000,0.00000000,1773221699999999,0.00000000,0,0.00000000,0.00000000,0
1773221700000000,69551.18000000,69551.93000000,69363.68000000,69400.00000000,0.01481000,1773221999999999,1029.75806240,6,0.01316000,915.28321290,0
1773222000000000,69637.96000000,69637.96000000,69637.96000000,69637.96000000,0.00021000,1773222299999999,14.62397160,1,0.00021000,14.62397160,0
1773222300000000,69624.04000000,69705.22000000,69624.04000000,69705.22000000,0.02114000,1773222599999999,1472.11174280,4,0.02014000,1402.40652280,0
1773222600000000,69623.08000000,69636.59000000,69622.59000000,69622.59000000,0.00801000,1773222899999999,557.69098510,4,0.00100000,69.63659000,0
1773222900000000,69574.52000000,69574.52000000,69574.52000000,69574.52000000,0.00009000,1773223199999999,6.26170680,1,0.00000000,0.00000000,0
1773223200000000,69479.08000000,69503.88000000,69479.08000000,69503.88000000,0.00212000,1773223499999999,147.32664960,2,0.00212000,147.32664960,0
1773223500000000,69503.88000000,69503.88000000,69503.88000000,69503.88000000,0.00000000,1773223799999999,0.00000000,0,0.00000000,0.00000000,0
1773223800000000,69503.88000000,69503.88000000,69503.88000000,69503.88000000,0.00000000,1773224099999999,0.00000000,0,0.00000000,0.00000000,0
1773224100000000,69519.78000000,69519.78000000,69519.78000000,69519.78000000,0.00008000,1773224399999999,5.56158240,1,0.00008000,5.56158240,0
1773224400000000,69519.78000000,69519.78000000,69519.78000000,69519.78000000,0.00000000,1773224699999999,0.00000000,0,0.00000000,0.00000000,0
1773224700000000,69441.36000000,69484.93000000,69441.36000000,69484.93000000,0.00807000,1773224999999999,560.66838040,3,0.00692000,480.81081640,0
1773225000000000,69532.11000000,69534.50000000,69489.09000000,69534.50000000,0.00917000,1773225299999999,637.41914210,4,0.00473000,328.88758250,0
1773225300000000,69534.50000000,69534.50000000,69534.50000000,69534.50000000,0.00000000,1773225599999999,0.00000000,0,0.00000000,0.00000000,0
1773225600000000,69534.50000000,69534.50000000,69534.50000000,69534.50000000,0.00000000,1773225899999999,0.00000000,0,0.00000000,0.00000000,0
1773225900000000,69616.99000000,69616.99000000,69616.99000000,69616.99000000,0.00153000,1773226199999999,106.51399470,1,0.00153000,106.51399470,0
1773226200000000,69616.99000000,69616.99000000,69616.99000000,69616.99000000,0.00000000,1773226499999999,0.00000000,0,0.00000000,0.00000000,0
1773226500000000,69616.99000000,69616.99000000,69616.99000000,69616.99000000,0.00000000,1773226799999999,0.00000000,0,0.00000000,0.00000000,0
1773226800000000,69574.52000000,69574.52000000,69574.52000000,69574.52000000,0.00009000,1773227099999999,6.26170680,1,0.00000000,0.00000000,0
1773227100000000,69620.49000000,69620.49000000,69620.49000000,69620.49000000,0.00014000,1773227399999999,9.74686860,1,0.00000000,0.00000000,0
1773227400000000,69620.49000000,69620.49000000,69620.49000000,69620.49000000,0.02567000,1773227699999999,1787.15797830,6,0.00000000,0.00000000,0
1773227700000000,69620.49000000,69620.49000000,69620.49000000,69620.49000000,0.00000000,1773227999999999,0.00000000,0,0.00000000,0.00000000,0
1773228000000000,69565.94000000,69565.94000000,69565.94000000,69565.94000000,0.00069000,1773228299999999,48.00049860,1,0.00069000,48.00049860,0
1773228300000000,69565.94000000,69565.94000000,69565.94000000,69565.94000000,0.00000000,1773228599999999,0.00000000,0,0.00000000,0.00000000,0
1773228600000000,69565.94000000,69565.94000000,69565.94000000,69565.94000000,0.00000000,1773228899999999,0.00000000,0,0.00000000,0.00000000,0
1773228900000000,69515.52000000,69515.52000000,69515.52000000,69515.52000000,0.00848000,1773229199999999,589.49160960,1,0.00000000,0.00000000,0
1773229200000000,69515.52000000,69515.52000000,69515.52000000,69515.52000000,0.00000000,1773229499999999,0.00000000,0,0.00000000,0.00000000,0
1773229500000000,69515.52000000,69515.52000000,69515.52000000,69515.52000000,0.00000000,1773229799999999,0.00000000,0,0.00000000,0.00000000,0
1773229800000000,69442.43000000,69442.43000000,69385.06000000,69385.06000000,0.00155000,1773230099999999,107.58757570,2,0.00071000,49.30412530,0
1773230100000000,69333.00000000,69333.00000000,69153.82000000,69153.82000000,0.00210000,1773230399999999,145.44973710,6,0.00077000,53.30927910,0
1773230400000000,69237.62000000,69237.62000000,69237.62000000,69237.62000000,0.00072000,1773230699999999,49.85108640,1,0.00072000,49.85108640,0
1773230700000000,69053.71000000,69053.71000000,69000.00000000,69000.00000000,0.10020000,1773230999999999,6913.80537100,27,0.00000000,0.00000000,0
1773231000000000,69045.32000000,69214.73000000,69045.32000000,69214.73000000,0.00246000,1773231299999999,170.09601870,3,0.00246000,170.09601870,0
1773231300000000,69169.63000000,69238.64000000,69169.63000000,69238.64000000,0.01308000,1773231599999999,905.00460360,8,0.00987000,682.81639650,0
1773231600000000,69313.62000000,69389.81000000,69313.62000000,69368.06000000,0.01540000,1773231899999999,1068.28800650,4,0.00055000,38.15753840,0
1773231900000000,69411.93000000,69411.93000000,69411.93000000,69411.93000000,0.00204000,1773232199999999,141.60033720,1,0.00204000,141.60033720,0
1773232200000000,69443.95000000,69661.34000000,69443.95000000,69574.52000000,0.01101000,1773232499999999,766.88205300,6,0.00090000,62.66667510,0
1773232500000000,69574.52000000,69574.52000000,69574.52000000,69574.52000000,0.00000000,1773232799999999,0.00000000,0,0.00000000,0.00000000,0
1773232800000000,69574.52000000,69574.52000000,69574.52000000,69574.52000000,0.00000000,1773233099999999,0.00000000,0,0.00000000,0.00000000,0
1773233100000000,69207.21000000,69211.93000000,69207.21000000,69211.93000000,0.00112000,1773233399999999,77.51547360,2,0.00112000,77.51547360,0
1773233400000000,69276.06000000,69276.06000000,69276.06000000,69276.06000000,0.00080000,1773233699999999,55.42084800,1,0.00000000,0.00000000,0
1773233700000000,69276.06000000,69276.06000000,69276.06000000,69276.06000000,0.00000000,1773233999999999,0.00000000,0,0.00000000,0.00000000,0
1773234000000000,69393.78000000,69393.78000000,69377.92000000,69377.92000000,0.01073000,1773234299999999,744.59224600,2,0.01073000,744.59224600,0
1773234300000000,69377.92000000,69377.92000000,69377.92000000,69377.92000000,0.00000000,1773234599999999,0.00000000,0,0.00000000,0.00000000,0
1773234600000000,69674.49000000,69836.39000000,69674.49000000,69836.39000000,0.01525000,1773234899999999,1062.69522780,6,0.01525000,1062.69522780,0
1773234900000000,69838.83000000,69967.70000000,69838.83000000,69967.70000000,0.00286000,1773235199999999,199.75065210,2,0.00286000,199.75065210,0
1773235200000000,70093.02000000,70231.06000000,70093.02000000,70231.06000000,0.00089000,1773235499999999,62.39577210,3,0.00089000,62.39577210,0
1773235500000000,70231.06000000,70231.06000000,70231.06000000,70231.06000000,0.00000000,1773235799999999,0.00000000,0,0.00000000,0.00000000,0
1773235800000000,70271.74000000,70635.50000000,70261.79000000,70635.50000000,0.00476000,1773236099999999,334.93027670,9,0.00411000,289.12983450,0
1773236100000000,70708.91000000,71027.09000000,70612.47000000,71027.09000000,0.17790000,1773236399999999,12617.94159810,48,0.17572000,12463.63932620,0
1773236400000000,70996.40000000,70996.40000000,70739.86000000,70777.09000000,0.14897000,1773236699999999,10542.87848840,20,0.14382000,10177.59540220,0
1773236700000000,70466.30000000,70471.45000000,70231.06000000,70239.44000000,0.03102000,1773236999999999,2185.87008430,8,0.03056000,2153.53821410,0
1773237000000000,70227.04000000,70227.04000000,70055.36000000,70055.71000000,0.00455000,1773237299999999,318.78988180,4,0.00427000,299.13781170,0
1773237300000000,70004.44000000,70197.52000000,69836.39000000,70197.52000000,0.01536000,1773237599999999,1074.98905170,5,0.00050000,35.07807620,0
1773237600000000,70231.06000000,70756.66000000,70231.06000000,70356.77000000,0.01108000,1773237899999999,782.32948660,18,0.01055000,745.02682970,0
1773237900000000,70429.62000000,70471.06000000,70199.97000000,70210.52000000,0.00676000,1773238199999999,475.49925110,20,0.00392000,275.83904120,0
1773238200000000,70217.31000000,70244.43000000,70000.66000000,70209.24000000,0.00341000,1773238499999999,239.21231780,15,0.00169000,118.66161360,0
1773238500000000,70231.06000000,70499.91000000,70204.68000000,70499.91000000,0.00389000,1773238799999999,273.44934050,15,0.00267000,187.66740540,0
1773238800000000,70444.83000000,70543.16000000,70383.28000000,70523.81000000,0.01552000,1773239099999999,1093.97650240,14,0.01433000,1010.10718080,0
1773239100000000,70363.10000000,70627.95000000,70308.90000000,70627.95000000,0.00441000,1773239399999999,310.33148690,6,0.00432000,303.99880790,0
1773239400000000,70551.90000000,70551.90000000,70472.93000000,70485.65000000,0.00032000,1773239699999999,22.56063380,3,0.00032000,22.56063380,0
1773239700000000,70627.95000000,70976.34000000,70594.45000000,70786.66000000,0.00203000,1773239999999999,143.72298210,20,0.00119000,84.25571690,0
1773240000000000,70805.48000000,70890.30000000,70703.96000000,70868.38000000,0.02328000,1773240299999999,1647.88443670,26,0.00749000,530.71288410,0
1773240300000000,70835.50000000,70951.23000000,70628.14000000,70814.88000000,0.00506000,1773240599999999,358.19861630,27,0.00335000,237.18738950,0
1773240600000000,70786.40000000,70803.23000000,70663.09000000,70801.51000000,0.00334000,1773240899999999,236.28164290,23,0.00113000,79.96501550,0
1773240900000000,70712.94000000,70720.28000000,70542.42000000,70544.06000000,0.00356000,1773241199999999,251.58020010,23,0.00224000,158.32556210,0
1773241200000000,70578.03000000,70632.79000000,70300.36000000,70374.88000000,0.00435000,1773241499999999,306.76234640,11,0.00150000,105.87024000,0
1773241500000000,70374.88000000,70374.88000000,70374.88000000,70374.88000000,0.00000000,1773241799999999,0.00000000,0,0.00000000,0.00000000,0
1773241800000000,70233.36000000,70233.36000000,70050.56000000,70167.87000000,0.00085000,1773242099999999,59.61062420,7,0.00057000,39.98396260,0
1773242100000000,70095.51000000,70231.06000000,70076.89000000,70231.06000000,0.00898000,1773242399999999,630.46927270,14,0.00898000,630.46927270,0
1773242400000000,70261.95000000,70404.53000000,70237.58000000,70404.53000000,0.00266000,1773242699999999,187.05296780,12,0.00266000,187.05296780,0
1773242700000000,70433.34000000,70452.77000000,70271.38000000,70271.38000000,0.00242000,1773242999999999,170.22706830,11,0.00242000,170.22706830,0
1773243000000000,70099.25000000,70099.25000000,69800.33000000,70095.28000000,0.00133000,1773243299999999,93.03313240,12,0.00110000,76.94734750,0
1773243300000000,70050.10000000,70231.06000000,69989.10000000,70167.32000000,0.01885000,1773243599999999,1321.06932880,14,0.00148000,103.78552600,0
1773243600000000,70220.42000000,70262.80000000,70099.25000000,70099.25000000,0.00083000,1773243899999999,58.28213880,6,0.00074000,51.97320630,0
1773243900000000,69967.70000000,69982.73000000,69967.70000000,69982.73000000,0.01446000,1773244199999999,1011.93245880,4,0.01437000,1005.63536580,0
1773244200000000,70231.06000000,70231.06000000,70231.06000000,70231.06000000,0.00009000,1773244499999999,6.32079540,1,0.00009000,6.32079540,0
1773244500000000,70231.06000000,70231.06000000,70231.06000000,70231.06000000,0.00000000,1773244799999999,0.00000000,0,0.00000000,0.00000000,0
1773244800000000,70231.37000000,70364.77000000,70231.06000000,70231.06000000,0.00888000,1773245099999999,623.69466200,5,0.00032000,22.51672640,0
1773245100000000,70361.39000000,70361.39000000,70361.39000000,70361.39000000,0.00071000,1773245399999999,49.95658690,1,0.00071000,49.95658690,0
1773245400000000,70491.49000000,70491.49000000,70420.55000000,70420.75000000,0.00264000,1773245699999999,185.92738960,3,0.00264000,185.92738960,0
1773245700000000,70420.75000000,70490.96000000,70420.75000000,70457.80000000,0.00425000,1773245999999999,299.37537520,4,0.00142000,100.05471840,0
1773246000000000,70359.35000000,70495.40000000,70359.35000000,70495.40000000,0.00027000,1773246299999999,19.00926900,2,0.00027000,19.00926900,0
1773246300000000,70426.82000000,70426.82000000,70426.82000000,70426.82000000,0.00090000,1773246599999999,63.38413800,2,0.00090000,63.38413800,0
1773246600000000,70600.00000000,70627.95000000,70573.35000000,70573.35000000,0.00669000,1773246899999999,472.24825110,6,0.00029000,20.47651550,0
1773246900000000,70573.35000000,70573.35000000,70573.35000000,70573.35000000,0.00000000,1773247199999999,0.00000000,0,0.00000000,0.00000000,0
1773247200000000,70618.64000000,70618.64000000,70618.64000000,70618.64000000,0.00032000,1773247499999999,22.59796480,1,0.00000000,0.00000000,0
1773247500000000,70719.00000000,70774.69000000,70719.00000000,70774.69000000,0.00082000,1773247799999999,58.02410780,2,0.00062000,43.88030780,0
1773247800000000,70745.83000000,70745.83000000,70745.83000000,70745.83000000,0.00026000,1773248099999999,18.39391580,1,0.00026000,18.39391580,0
1773248100000000,70613.82000000,70621.84000000,70613.82000000,70621.84000000,0.01264000,1773248399999999,892.60063460,4,0.01264000,892.60063460,0
1773248400000000,70610.00000000,70893.79000000,70610.00000000,70893.79000000,0.00064000,1773248699999999,45.21594110,2,0.00064000,45.21594110,0
1773248700000000,70927.17000000,70927.17000000,70925.63000000,70925.63000000,0.01435000,1773248999999999,1017.80310310,2,0.00000000,0.00000000,0
1773249000000000,71000.00000000,71000.00000000,70910.09000000,70910.09000000,0.07337000,1773249299999999,5209.13423590,16,0.07337000,5209.13423590,0
1773249300000000,70943.69000000,70965.47000000,70943.69000000,70965.47000000,0.00782000,1773249599999999,554.78640760,2,0.00031000,21.99929570,0
1773249600000000,71000.00000000,71242.20000000,70966.19000000,71203.59000000,0.20338000,1773249899999999,14459.90337260,39,0.19019000,13520.21875460,0
1773249900000000,71294.43000000,71294.43000000,71285.86000000,71285.86000000,0.00079000,1773250199999999,56.31677210,2,0.00079000,56.31677210,0
1773250200000000,71160.63000000,71225.03000000,71027.09000000,71027.09000000,0.06136000,1773250499999999,4370.04909500,7,0.06118000,4357.25220020,0
1773250500000000,70760.74000000,70760.74000000,70679.06000000,70680.23000000,0.00692000,1773250799999999,489.11227300,3,0.00683000,482.74380640,0
1773250800000000,70760.74000000,70872.91000000,70760.74000000,70789.18000000,0.01437000,1773251099999999,1018.39332450,6,0.01437000,1018.39332450,0
1773251100000000,70888.97000000,70893.79000000,70879.74000000,70889.82000000,0.00165000,1773251399999999,116.96080000,4,0.00151000,107.03622520,0
1773251400000000,70774.95000000,70774.95000000,70774.95000000,70774.95000000,0.00197000,1773251699999999,139.42665150,1,0.00000000,0.00000000,0
1773251700000000,70760.74000000,70760.74000000,70760.74000000,70760.74000000,0.00009000,1773251999999999,6.36846660,1,0.00000000,0.00000000,0
1773252000000000,70879.58000000,70879.58000000,70879.58000000,70879.58000000,0.00071000,1773252299999999,50.32450180,1,0.00071000,50.32450180,0
1773252300000000,70879.58000000,70879.58000000,70879.58000000,70879.58000000,0.00000000,1773252599999999,0.00000000,0,0.00000000,0.00000000,0
1773252600000000,70879.58000000,70879.58000000,70879.58000000,70879.58000000,0.00000000,1773252899999999,0.00000000,0,0.00000000,0.00000000,0
1773252900000000,70879.58000000,70879.58000000,70879.58000000,70879.58000000,0.00000000,1773253199999999,0.00000000,0,0.00000000,0.00000000,0
1773253200000000,70771.38000000,70893.79000000,70760.74000000,70760.74000000,0.00225000,1773253499999999,159.23754510,4,0.00216000,152.86907850,0
1773253500000000,70842.58000000,70878.98000000,70648.32000000,70648.32000000,0.01695000,1773253799999999,1199.22899490,17,0.00178000,126.14449730,0
1773253800000000,70699.52000000,70699.52000000,70692.72000000,70692.72000000,0.00050000,1773254099999999,35.34731200,2,0.00000000,0.00000000,0
1773254100000000,70692.72000000,70692.72000000,70692.72000000,70692.72000000,0.00000000,1773254399999999,0.00000000,0,0.00000000,0.00000000,0
1773254400000000,70563.03000000,70582.97000000,70450.82000000,70474.47000000,0.01466000,1773254699999999,1034.30926180,9,0.00671000,473.59754160,0
1773254700000000,70627.95000000,70627.95000000,70627.95000000,70627.95000000,0.00009000,1773254999999999,6.35651550,1,0.00009000,6.35651550,0
1773255000000000,70627.95000000,70627.95000000,70627.95000000,70627.95000000,0.00000000,1773255299999999,0.00000000,0,0.00000000,0.00000000,0
1773255300000000,70627.95000000,70627.95000000,70627.95000000,70627.95000000,0.00000000,1773255599999999,0.00000000,0,0.00000000,0.00000000,0
1773255600000000,70659.20000000,70659.20000000,70610.40000000,70611.19000000,0.00511000,1773255899999999,360.86958260,5,0.00511000,360.86958260,0
1773255900000000,70474.47000000,70474.47000000,70474.43000000,70474.43000000,0.00127000,1773256199999999,89.50257130,2,0.00000000,0.00000000,0
1773256200000000,70442.61000000,70442.61000000,70442.61000000,70442.61000000,0.00283000,1773256499999999,199.35258630,1,0.00283000,199.35258630,0
1773256500000000,70442.61000000,70442.61000000,70442.61000000,70442.61000000,0.00000000,1773256799999999,0.00000000,0,0.00000000,0.00000000,0
1773256800000000,70551.54000000,70551.54000000,70546.59000000,70546.59000000,0.00160000,1773257099999999,112.88102850,2,0.00160000,112.88102850,0
1773257100000000,70564.46000000,70564.46000000,70564.46000000,70564.46000000,0.00213000,1773257399999999,150.30229980,1,0.00213000,150.30229980,0
1773257400000000,70564.46000000,70627.95000000,70564.46000000,70627.95000000,0.00079000,1773257699999999,55.75163750,2,0.00079000,55.75163750,0
1773257700000000,70627.95000000,70627.95000000,70627.95000000,70627.95000000,0.00000000,1773257999999999,0.00000000,0,0.00000000,0.00000000,0
1773258000000000,70667.07000000,70667.07000000,70667.07000000,70667.07000000,0.00191000,1773258299999999,134.97410370,2,0.00191000,134.97410370,0
1773258300000000,70667.07000000,70667.07000000,70667.07000000,70667.07000000,0.00027000,1773258599999999,19.08010890,1,0.00000000,0.00000000,0
1773258600000000,70722.37000000,70725.47000000,70721.83000000,70721.83000000,0.00137000,1773258899999999,96.89164690,3,0.00137000,96.89164690,0
1773258900000000,70721.83000000,70721.83000000,70721.83000000,70721.83000000,0.00000000,1773259199999999,0.00000000,0,0.00000000,0.00000000,0
1773259200000000,70545.54000000,70545.54000000,70545.54000000,70545.54000000,0.00042000,1773259499999999,29.62912680,1,0.00042000,29.62912680,0
1773259500000000,70545.54000000,70545.54000000,70545.54000000,70545.54000000,0.00000000,1773259799999999,0.00000000,0,0.00000000,0.00000000,0
1773259800000000,70497.37000000,70497.37000000,70497.37000000,70497.37000000,0.00019000,1773260099999999,13.39450030,1,0.00019000,13.39450030,0
1773260100000000,70497.37000000,70497.37000000,70497.37000000,70497.37000000,0.00000000,1773260399999999,0.00000000,0,0.00000000,0.00000000,0
1773260400000000,70497.37000000,70497.37000000,70497.37000000,70497.37000000,0.00000000,1773260699999999,0.00000000,0,0.00000000,0.00000000,0
1773260700000000,70459.08000000,70459.08000000,70459.08000000,70459.08000000,0.00042000,1773260999999999,29.59281360,1,0.00042000,29.59281360,0
1773261000000000,70467.99000000,70499.25000000,70467.99000000,70499.25000000,0.00190000,1773261299999999,133.89512040,2,0.00171000,120.50026290,0
1773261300000000,70547.69000000,70555.05000000,70527.88000000,70528.88000000,0.00706000,1773261599999999,498.02500360,6,0.00706000,498.02500360,0
1773261600000000,70528.88000000,70528.88000000,70528.88000000,70528.88000000,0.00000000,1773261899999999,0.00000000,0,0.00000000,0.00000000,0
1773261900000000,70528.88000000,70528.88000000,70528.88000000,70528.88000000,0.00000000,1773262199999999,0.00000000,0,0.00000000,0.00000000,0
1773262200000000,70514.83000000,70514.83000000,70514.83000000,70514.83000000,0.00071000,1773262499999999,50.06552930,1,0.00071000,50.06552930,0
1773262500000000,70625.28000000,70627.95000000,70594.14000000,70627.95000000,0.00562000,1773262799999999,396.86961150,5,0.00562000,396.86961150,0
1773262800000000,70663.61000000,70663.61000000,70663.61000000,70663.61000000,0.00169000,1773263099999999,119.42150090,1,0.00169000,119.42150090,0
1773263100000000,70663.61000000,70663.61000000,70663.61000000,70663.61000000,0.00000000,1773263399999999,0.00000000,0,0.00000000,0.00000000,0
1773263400000000,70663.61000000,70663.61000000,70663.61000000,70663.61000000,0.00000000,1773263699999999,0.00000000,0,0.00000000,0.00000000,0
1773263700000000,70663.61000000,70663.61000000,70663.61000000,70663.61000000,0.00000000,1773263999999999,0.00000000,0,0.00000000,0.00000000,0
1773264000000000,70598.51000000,70600.38000000,70598.51000000,70600.38000000,0.00137000,1773264299999999,96.72119290,2,0.00137000,96.72119290,0
1773264300000000,70600.38000000,70600.38000000,70600.38000000,70600.38000000,0.00000000,1773264599999999,0.00000000,0,0.00000000,0.00000000,0
1773264600000000,70600.38000000,70600.38000000,70600.38000000,70600.38000000,0.00000000,1773264899999999,0.00000000,0,0.00000000,0.00000000,0
1773264900000000,70600.38000000,70600.38000000,70600.38000000,70600.38000000,0.00000000,1773265199999999,0.00000000,0,0.00000000,0.00000000,0
1773265200000000,70584.20000000,70584.20000000,70584.20000000,70584.20000000,0.00014000,1773265499999999,9.88178800,1,0.00000000,0.00000000,0
1773265500000000,70584.20000000,70584.20000000,70584.20000000,70584.20000000,0.00000000,1773265799999999,0.00000000,0,0.00000000,0.00000000,0
1773265800000000,70759.62000000,70759.62000000,70759.62000000,70759.62000000,0.00071000,1773266099999999,50.23933020,1,0.00071000,50.23933020,0
1773266100000000,70759.62000000,70759.62000000,70759.62000000,70759.62000000,0.00000000,1773266399999999,0.00000000,0,0.00000000,0.00000000,0
1773266400000000,70759.62000000,70759.62000000,70759.62000000,70759.62000000,0.00000000,1773266699999999,0.00000000,0,0.00000000,0.00000000,0
1773266700000000,70721.12000000,70721.12000000,70721.12000000,70721.12000000,0.00021000,1773266999999999,14.85143520,1,0.00021000,14.85143520,0
1773267000000000,70707.32000000,70893.79000000,70707.32000000,70846.02000000,0.00076000,1773267299999999,53.80843850,3,0.00076000,53.80843850,0
1773267300000000,70846.02000000,70846.02000000,70846.02000000,70846.02000000,0.00000000,1773267599999999,0.00000000,0,0.00000000,0.00000000,0
1773267600000000,70760.74000000,70764.91000000,70759.09000000,70764.91000000,0.01005000,1773267899999999,711.15816120,3,0.00996000,704.78969460,0
1773267900000000,70601.13000000,70618.13000000,70601.13000000,70618.13000000,0.00091000,1773268199999999,64.25909830,2,0.00091000,64.25909830,0
1773268200000000,70472.26000000,70479.18000000,70415.83000000,70433.28000000,0.00107000,1773268499999999,75.39389140,5,0.00093000,65.53567520,0
1773268500000000,70363.10000000,70363.10000000,70363.10000000,70363.10000000,0.00009000,1773268799999999,6.33267900,1,0.00000000,0.00000000,0
1773268800000000,70357.01000000,70390.73000000,70357.01000000,70390.73000000,0.00327000,1773269099999999,230.15374590,4,0.00142000,99.93089540,0
1773269100000000,70404.33000000,70421.92000000,70386.17000000,70386.17000000,0.00138000,1773269399999999,97.16475570,3,0.00124000,87.31069190,0
1773269400000000,70471.45000000,70471.45000000,70449.58000000,70471.45000000,0.00364000,1773269699999999,256.51061050,3,0.00315000,221.98506750,0
1773269700000000,70373.54000000,70374.05000000,70373.54000000,70374.05000000,0.00071000,1773269999999999,49.96544800,2,0.00071000,49.96544800,0
1773270000000000,70387.65000000,70473.26000000,70387.65000000,70473.26000000,0.00164000,1773270299999999,115.46562810,3,0.00164000,115.46562810,0
1773270300000000,70473.26000000,70473.26000000,70473.26000000,70473.26000000,0.00000000,1773270599999999,0.00000000,0,0.00000000,0.00000000,0
1773270600000000,70493.06000000,70493.06000000,70493.06000000,70493.06000000,0.00071000,1773270899999999,50.05007260,1,0.00000000,0.00000000,0
1773270900000000,70458.37000000,70458.37000000,70458.37000000,70458.37000000,0.00071000,1773271199999999,50.02544270,1,0.00071000,50.02544270,0
1773271200000000,70458.37000000,70458.37000000,70458.37000000,70458.37000000,0.00000000,1773271499999999,0.00000000,0,0.00000000,0.00000000,0
1773271500000000,70458.37000000,70458.37000000,70458.37000000,70458.37000000,0.00000000,1773271799999999,0.00000000,0,0.00000000,0.00000000,0
1773271800000000,70352.15000000,70352.15000000,70352.15000000,70352.15000000,0.00143000,1773272099999999,100.60357450,1,0.00143000,100.60357450,0
1773272100000000,70352.15000000,70352.15000000,70352.15000000,70352.15000000,0.00000000,1773272399999999,0.00000000,0,0.00000000,0.00000000,0
1773272400000000,70420.80000000,70420.80000000,70261.29000000,70261.29000000,0.00082000,1773272699999999,57.72272460,2,0.00068000,47.88614400,0
1773272700000000,70181.76000000,70236.22000000,70181.76000000,70236.22000000,0.00078000,1773272999999999,54.78043940,2,0.00078000,54.78043940,0
1773273000000000,70230.13000000,70302.11000000,70190.41000000,70190.41000000,0.00057000,1773273299999999,40.03671670,7,0.00023000,16.16017730,0
1773273300000000,70185.86000000,70220.97000000,70185.86000000,70220.97000000,0.00032000,1773273599999999,22.46263510,2,0.00032000,22.46263510,0
1773273600000000,70220.97000000,70256.53000000,70212.85000000,70256.53000000,0.00080000,1773273899999999,56.18085530,8,0.00041000,28.79592620,0
1773273900000000,70192.64000000,70192.64000000,70192.64000000,70192.64000000,0.00014000,1773274199999999,9.82696960,1,0.00000000,0.00000000,0
1773274200000000,70192.64000000,70192.64000000,70192.64000000,70192.64000000,0.00000000,1773274499999999,0.00000000,0,0.00000000,0.00000000,0
1773274500000000,70312.97000000,70312.97000000,70243.71000000,70243.71000000,0.00056000,1773274799999999,39.35698620,4,0.00028000,19.67793520,0
1773274800000000,70235.90000000,70262.73000000,70235.90000000,70250.44000000,0.00042000,1773275099999999,29.50486980,3,0.00014000,9.83678220,0
1773275100000000,70372.77000000,70372.90000000,70288.72000000,70292.34000000,0.00146000,1773275399999999,102.66495230,7,0.00073000,51.34420790,0
1773275400000000,70235.90000000,70270.36000000,70161.34000000,70161.34000000,0.00175000,1773275699999999,122.89568240,7,0.00074000,51.98576640,0
1773275700000000,70161.34000000,70161.34000000,70161.34000000,70161.34000000,0.00000000,1773275999999999,0.00000000,0,0.00000000,0.00000000,0
1773276000000000,70161.34000000,70161.34000000,70161.34000000,70161.34000000,0.00000000,1773276299999999,0.00000000,0,0.00000000,0.00000000,0
1773276300000000,70161.34000000,70161.34000000,70161.34000000,70161.34000000,0.00000000,1773276599999999,0.00000000,0,0.00000000,0.00000000,0
1773276600000000,70282.85000000,70282.85000000,70238.87000000,70240.88000000,0.00233000,1773276899999999,163.66660360,3,0.00219000,153.82700460,0
1773276900000000,70221.26000000,70221.26000000,70221.26000000,70221.26000000,0.00027000,1773277199999999,18.95974020,1,0.00027000,18.95974020,0
1773277200000000,70128.89000000,70133.97000000,70000.00000000,70000.00000000,0.01511000,1773277499999999,1059.52462230,6,0.01416000,993.01700910,0
1773277500000000,70000.00000000,70000.00000000,70000.00000000,70000.00000000,0.00000000,1773277799999999,0.00000000,0,0.00000000,0.00000000,0
1773277800000000,69887.17000000,69887.17000000,69887.17000000,69887.17000000,0.00026000,1773278099999999,18.17066420,1,0.00000000,0.00000000,0
1773278100000000,69887.17000000,69887.17000000,69887.17000000,69887.17000000,0.00000000,1773278399999999,0.00000000,0,0.00000000,0.00000000,0
1773278400000000,69887.17000000,69887.17000000,69887.17000000,69887.17000000,0.00000000,1773278699999999,0.00000000,0,0.00000000,0.00000000,0
1773278700000000,69959.92000000,69959.92000000,69913.95000000,69913.95000000,0.00028000,1773278999999999,19.58234180,2,0.00000000,0.00000000,0
1773279000000000,69887.17000000,69887.17000000,69871.13000000,69872.29000000,0.00215000,1773279299999999,150.24646790,3,0.00071000,49.60894310,0
1773279300000000,69872.29000000,69872.29000000,69872.29000000,69872.29000000,0.00000000,1773279599999999,0.00000000,0,0.00000000,0.00000000,0
1773279600000000,69905.05000000,69967.70000000,69905.05000000,69967.70000000,0.00025000,1773279899999999,17.48190100,2,0.00009000,6.29709300,0
1773279900000000,70012.53000000,70013.26000000,69895.00000000,69895.00000000,0.00979000,1773280199999999,684.35729720,5,0.00083000,58.09809720,0
1773280200000000,69827.55000000,69827.55000000,69827.55000000,69827.55000000,0.00014000,1773280499999999,9.77585700,1,0.00000000,0.00000000,0
1773280500000000,69827.55000000,69827.55000000,69827.55000000,69827.55000000,0.00000000,1773280799999999,0.00000000,0,0.00000000,0.00000000,0
1773280800000000,69823.50000000,69828.12000000,69823.50000000,69828.12000000,0.04847000,1773281099999999,3384.52886770,3,0.04847000,3384.52886770,0
1773281100000000,69828.12000000,69828.12000000,69828.12000000,69828.12000000,0.00000000,1773281399999999,0.00000000,0,0.00000000,0.00000000,0
1773281400000000,69828.12000000,69828.12000000,69828.12000000,69828.12000000,0.00000000,1773281699999999,0.00000000,0,0.00000000,0.00000000,0
1773281700000000,69705.33000000,69705.33000000,69687.68000000,69687.68000000,0.00023000,1773281999999999,16.02975490,2,0.00000000,0.00000000,0
1773282000000000,69574.52000000,69574.52000000,69559.62000000,69559.62000000,0.00023000,1773282299999999,16.00005360,2,0.00000000,0.00000000,0
1773282300000000,69620.45000000,69675.90000000,69620.45000000,69675.90000000,0.00027000,1773282599999999,18.80417550,2,0.00012000,8.36110800,0
1773282600000000,69596.87000000,69596.87000000,69542.91000000,69542.91000000,0.00026000,1773282899999999,18.08817140,2,0.00013000,9.04057830,0
1773282900000000,69608.69000000,69608.69000000,69469.33000000,69480.17000000,0.08499000,1773283199999999,5906.26025140,17,0.02797000,1943.34281890,0
1773283200000000,69405.51000000,69405.51000000,69405.51000000,69405.51000000,0.00211000,1773283499999999,146.44562610,1,0.00211000,146.44562610,0
1773283500000000,69405.51000000,69405.51000000,69405.51000000,69405.51000000,0.00000000,1773283799999999,0.00000000,0,0.00000000,0.00000000,0
1773283800000000,69317.44000000,69317.44000000,69317.44000000,69317.44000000,0.00014000,1773284099999999,9.70444160,1,0.00000000,0.00000000,0
1773284100000000,69317.44000000,69317.44000000,69317.44000000,69317.44000000,0.00000000,1773284399999999,0.00000000,0,0.00000000,0.00000000,0
1773284400000000,69317.44000000,69317.44000000,69317.44000000,69317.44000000,0.00000000,1773284699999999,0.00000000,0,0.00000000,0.00000000,0
1773284700000000,69317.44000000,69317.44000000,69317.44000000,69317.44000000,0.00000000,1773284999999999,0.00000000,0,0.00000000,0.00000000,0
1773285000000000,69317.44000000,69317.44000000,69317.44000000,69317.44000000,0.00000000,1773285299999999,0.00000000,0,0.00000000,0.00000000,0
1773285300000000,69407.11000000,69407.11000000,69407.11000000,69407.11000000,0.00007000,1773285599999999,4.85849770,1,0.00007000,4.85849770,0
1773285600000000,69443.95000000,69443.95000000,69443.95000000,69443.95000000,0.00009000,1773285899999999,6.24995550,1,0.00009000,6.24995550,0
1773285900000000,69443.95000000,69443.95000000,69443.95000000,69443.95000000,0.00000000,1773286199999999,0.00000000,0,0.00000000,0.00000000,0
1773286200000000,69443.95000000,69443.95000000,69443.95000000,69443.95000000,0.00000000,1773286499999999,0.00000000,0,0.00000000,0.00000000,0
1773286500000000,69443.95000000,69443.95000000,69443.95000000,69443.95000000,0.00000000,1773286799999999,0.00000000,0,0.00000000,0.00000000,0
1773286800000000,69443.95000000,69443.95000000,69443.95000000,69443.95000000,0.00000000,1773287099999999,0.00000000,0,0.00000000,0.00000000,0
1773287100000000,69523.49000000,69523.49000000,69313.62000000,69313.62000000,0.00223000,1773287399999999,154.64979130,6,0.00000000,0.00000000,0
1773287400000000,69313.62000000,69313.62000000,69313.62000000,69313.62000000,0.00000000,1773287699999999,0.00000000,0,0.00000000,0.00000000,0
1773287700000000,69443.95000000,69443.95000000,69443.95000000,69443.95000000,0.00009000,1773287999999999,6.24995550,1,0.00009000,6.24995550,0
1773288000000000,69538.13000000,69543.19000000,69538.13000000,69543.19000000,0.01252000,1773288299999999,870.65664660,3,0.01252000,870.65664660,0
1773288300000000,69564.73000000,69564.73000000,69564.73000000,69564.73000000,0.00139000,1773288599999999,96.69497470,1,0.00139000,96.69497470,0
1773288600000000,69564.73000000,69564.73000000,69564.73000000,69564.73000000,0.00000000,1773288899999999,0.00000000,0,0.00000000,0.00000000,0
1773288900000000,69575.54000000,69575.54000000,69575.54000000,69575.54000000,0.00014000,1773289199999999,9.74057560,1,0.00000000,0.00000000,0
1773289200000000,69552.86000000,69552.86000000,69461.81000000,69461.81000000,0.00091000,1773289499999999,63.21998110,3,0.00008000,5.56422880,0
1773289500000000,69461.81000000,69461.81000000,69461.81000000,69461.81000000,0.00051000,1773289799999999,35.42552310,1,0.00000000,0.00000000,0
1773289800000000,69483.75000000,69484.91000000,69414.55000000,69414.55000000,0.00263000,1773290099999999,182.65373630,4,0.00132000,91.71868920,0
1773290100000000,69414.55000000,69414.55000000,69414.55000000,69414.55000000,0.00000000,1773290399999999,0.00000000,0,0.00000000,0.00000000,0
1773290400000000,69414.55000000,69414.55000000,69414.55000000,69414.55000000,0.00000000,1773290699999999,0.00000000,0,0.00000000,0.00000000,0
1773290700000000,69396.71000000,69396.71000000,69396.71000000,69396.71000000,0.00014000,1773290999999999,9.71553940,1,0.00014000,9.71553940,0
1773291000000000,69301.68000000,69301.68000000,69301.68000000,69301.68000000,0.00028000,1773291299999999,19.40447040,2,0.00000000,0.00000000,0
1773291300000000,69301.68000000,69301.68000000,69301.68000000,69301.68000000,0.00000000,1773291599999999,0.00000000,0,0.00000000,0.00000000,0
1773291600000000,69301.68000000,69301.68000000,69301.68000000,69301.68000000,0.00000000,1773291899999999,0.00000000,0,0.00000000,0.00000000,0
1773291900000000,69301.68000000,69301.68000000,69301.68000000,69301.68000000,0.00000000,1773292199999999,0.00000000,0,0.00000000,0.00000000,0
1773292200000000,69443.95000000,69475.22000000,69393.47000000,69393.47000000,0.00232000,1773292499999999,161.16530220,5,0.00218000,151.45021640,0
1773292500000000,69393.47000000,69393.47000000,69393.47000000,69393.47000000,0.00000000,1773292799999999,0.00000000,0,0.00000000,0.00000000,0
1773292800000000,69301.68000000,69301.68000000,69301.68000000,69301.68000000,0.00721000,1773293099999999,499.66511280,2,0.00000000,0.00000000,0
1773293100000000,69301.68000000,69301.68000000,69301.68000000,69301.68000000,0.00000000,1773293399999999,0.00000000,0,0.00000000,0.00000000,0
1773293400000000,69337.58000000,69337.58000000,69337.58000000,69337.58000000,0.00028000,1773293699999999,19.41452240,1,0.00028000,19.41452240,0
1773293700000000,69337.58000000,69337.58000000,69337.58000000,69337.58000000,0.00000000,1773293999999999,0.00000000,0,0.00000000,0.00000000,0
1773294000000000,69443.95000000,69443.95000000,69443.95000000,69443.95000000,0.00009000,1773294299999999,6.24995550,1,0.00009000,6.24995550,0
1773294300000000,69443.95000000,69443.95000000,69443.95000000,69443.95000000,0.00000000,1773294599999999,0.00000000,0,0.00000000,0.00000000,0
1773294600000000,69464.50000000,69465.22000000,69464.50000000,69465.22000000,0.00250000,1773294899999999,173.66144440,2,0.00250000,173.66144440,0
1773294900000000,69466.48000000,69466.48000000,69466.48000000,69466.48000000,0.00007000,1773295199999999,4.86265360,1,0.00007000,4.86265360,0
1773295200000000,69466.48000000,69466.48000000,69393.08000000,69436.91000000,0.01507000,1773295499999999,1045.91359170,5,0.00083000,57.62036290,0
1773295500000000,69436.91000000,69436.91000000,69436.91000000,69436.91000000,0.00000000,1773295799999999,0.00000000,0,0.00000000,0.00000000,0
1773295800000000,69436.91000000,69436.91000000,69436.91000000,69436.91000000,0.00000000,1773296099999999,0.00000000,0,0.00000000,0.00000000,0
1773296100000000,69474.91000000,69474.91000000,69474.91000000,69474.91000000,0.00035000,1773296399999999,24.31621850,1,0.00035000,24.31621850,0
1773296400000000,69495.78000000,69542.72000000,69455.49000000,69526.53000000,0.00084000,1773296699999999,58.39153790,7,0.00020000,13.90854400,0
1773296700000000,69449.03000000,69527.90000000,69415.36000000,69513.42000000,0.00066000,1773296999999999,45.85790300,7,0.00000000,0.00000000,0
1773297000000000,69531.88000000,69531.88000000,69494.94000000,69504.29000000,0.00051000,1773297299999999,35.45121490,5,0.00000000,0.00000000,0
1773297300000000,69493.45000000,69508.72000000,69467.20000000,69494.08000000,0.01307000,1773297599999999,908.29545470,13,0.01231000,855.49302400,0
1773297600000000,69389.09000000,69462.60000000,69389.09000000,69462.60000000,0.00049000,1773297899999999,34.02237510,5,0.00000000,0.00000000,0
1773297900000000,69467.06000000,69468.12000000,69440.09000000,69460.36000000,0.00054000,1773298199999999,37.50774700,5,0.00000000,0.00000000,0
1773298200000000,69474.22000000,69474.22000000,69414.20000000,69423.30000000,0.00051000,1773298499999999,35.41503960,5,0.00000000,0.00000000,0
1773298500000000,69458.59000000,69484.92000000,69446.95000000,69451.96000000,0.00053000,1773298799999999,36.81507170,5,0.00000000,0.00000000,0
1773298800000000,69479.96000000,69498.42000000,69473.50000000,69498.09000000,0.00050000,1773299099999999,34.74502410,5,0.00000000,0.00000000,0
1773299100000000,69497.45000000,69497.45000000,69410.29000000,69410.29000000,0.00062000,1773299399999999,43.07051290,6,0.00000000,0.00000000,0
1773299400000000,69436.25000000,69485.61000000,69436.25000000,69485.61000000,0.00162000,1773299699999999,112.52596480,6,0.00112000,77.79784320,0
1773299700000000,69491.48000000,69556.80000000,69491.48000000,69520.24000000,0.00052000,1773299999999999,36.15206600,5,0.00000000,0.00000000,0
1773300000000000,69520.24000000,69585.60000000,69504.84000000,69582.36000000,0.00051000,1773300299999999,35.46426640,6,0.00000000,0.00000000,0
1773300300000000,69582.27000000,69600.86000000,69563.42000000,69600.86000000,0.00062000,1773300599999999,43.14409420,6,0.00000000,0.00000000,0
1773300600000000,69739.75000000,69739.75000000,69739.75000000,69739.75000000,0.00111000,1773300899999999,77.41112250,1,0.00111000,77.41112250,0
1773300900000000,69685.52000000,69685.52000000,69685.52000000,69685.52000000,0.00010000,1773301199999999,6.96855200,1,0.00000000,0.00000000,0
1773301200000000,69696.51000000,69696.51000000,69696.51000000,69696.51000000,0.00014000,1773301499999999,9.75751140,1,0.00000000,0.00000000,0
1773301500000000,69751.03000000,69817.90000000,69751.03000000,69817.90000000,0.02183000,1773301799999999,1523.52444180,9,0.02183000,1523.52444180,0
1773301800000000,69817.90000000,69817.90000000,69817.90000000,69817.90000000,0.00000000,1773302099999999,0.00000000,0,0.00000000,0.00000000,0
1773302100000000,69828.77000000,69828.77000000,69828.77000000,69828.77000000,0.00014000,1773302399999999,9.77602780,1,0.00000000,0.00000000,0
1773302400000000,69836.39000000,69894.52000000,69806.80000000,69894.52000000,0.00526000,1773302699999999,367.62296850,4,0.00505000,352.96209430,0
1773302700000000,69894.52000000,69894.52000000,69894.52000000,69894.52000000,0.00000000,1773302999999999,0.00000000,0,0.00000000,0.00000000,0
1773303000000000,69894.52000000,69894.52000000,69894.52000000,69894.52000000,0.00000000,1773303299999999,0.00000000,0,0.00000000,0.00000000,0
1773303300000000,69797.51000000,69967.70000000,69797.51000000,69967.70000000,0.00081000,1773303599999999,56.55130020,2,0.00081000,56.55130020,0
1773303600000000,69984.67000000,69989.77000000,69967.70000000,69967.70000000,0.04588000,1773303899999999,3211.08740420,4,0.04490000,3142.51507100,0
1773303900000000,69889.84000000,69889.84000000,69816.04000000,69816.04000000,0.00062000,1773304199999999,43.31208000,3,0.00034000,23.75325680,0
1773304200000000,69813.31000000,69813.74000000,69813.31000000,69813.74000000,0.00166000,1773304499999999,115.89039130,2,0.00166000,115.89039130,0
1773304500000000,69813.74000000,69813.74000000,69813.74000000,69813.74000000,0.00000000,1773304799999999,0.00000000,0,0.00000000,0.00000000,0
1773304800000000,69813.74000000,69813.74000000,69754.75000000,69763.02000000,0.00950000,1773305099999999,662.83527780,3,0.00763000,532.29184260,0
1773305100000000,69763.02000000,69763.02000000,69763.02000000,69763.02000000,0.00000000,1773305399999999,0.00000000,0,0.00000000,0.00000000,0
1773305400000000,69763.02000000,69763.02000000,69763.02000000,69763.02000000,0.00000000,1773305699999999,0.00000000,0,0.00000000,0.00000000,0
1773305700000000,69847.98000000,69890.05000000,69847.98000000,69890.05000000,0.00288000,1773305999999999,201.19247280,3,0.00288000,201.19247280,0
1773306000000000,69878.40000000,69878.40000000,69878.40000000,69878.40000000,0.00014000,1773306299999999,9.78297600,1,0.00000000,0.00000000,0
1773306300000000,69878.40000000,69878.40000000,69878.40000000,69878.40000000,0.00000000,1773306599999999,0.00000000,0,0.00000000,0.00000000,0
1773306600000000,69878.40000000,69878.40000000,69878.40000000,69878.40000000,0.00000000,1773306899999999,0.00000000,0,0.00000000,0.00000000,0
1773306900000000,69733.60000000,69733.60000000,69632.41000000,69632.41000000,0.00163000,1773307199999999,113.64900670,4,0.00000000,0.00000000,0
1773307200000000,69632.41000000,69632.41000000,69632.41000000,69632.41000000,0.00000000,1773307499999999,0.00000000,0,0.00000000,0.00000000,0
1773307500000000,69717.35000000,69717.35000000,69681.48000000,69682.55000000,0.00042000,1773307799999999,29.27139320,3,0.00000000,0.00000000,0
1773307800000000,69812.59000000,69837.31000000,69812.59000000,69837.31000000,0.00331000,1773308099999999,231.15406930,4,0.00331000,231.15406930,0
1773308100000000,69837.31000000,69837.31000000,69837.31000000,69837.31000000,0.00000000,1773308399999999,0.00000000,0,0.00000000,0.00000000,0
1773308400000000,69967.70000000,70231.06000000,69967.70000000,70231.06000000,0.00109000,1773308699999999,76.44529170,5,0.00109000,76.44529170,0
1773308700000000,70298.76000000,70298.76000000,69889.83000000,69961.04000000,0.00107000,1773308999999999,74.97935390,8,0.00014000,9.84182640,0
1773309000000000,69965.31000000,69987.01000000,69965.31000000,69987.01000000,0.00039000,1773309299999999,27.29189590,2,0.00025000,17.49675250,0
1773309300000000,69968.18000000,69968.18000000,69968.18000000,69968.18000000,0.00014000,1773309599999999,9.79554520,1,0.00000000,0.00000000,0
1773309600000000,69968.18000000,69968.18000000,69968.18000000,69968.18000000,0.00000000,1773309899999999,0.00000000,0,0.00000000,0.00000000,0
1773309900000000,70019.14000000,70019.14000000,70019.14000000,70019.14000000,0.00044000,1773310199999999,30.80842160,1,0.00044000,30.80842160,0
1773310200000000,69904.34000000,69904.34000000,69904.34000000,69904.34000000,0.00024000,1773310499999999,16.77704160,1,0.00024000,16.77704160,0
1773310500000000,69904.34000000,69904.34000000,69904.34000000,69904.34000000,0.00000000,1773310799999999,0.00000000,0,0.00000000,0.00000000,0
1773310800000000,70099.25000000,70161.85000000,70099.25000000,70161.85000000,0.00260000,1773311099999999,182.41517600,2,0.00009000,6.30893250,0
1773311100000000,70161.85000000,70161.85000000,70161.85000000,70161.85000000,0.00000000,1773311399999999,0.00000000,0,0.00000000,0.00000000,0
1773311400000000,70161.85000000,70161.85000000,70161.85000000,70161.85000000,0.00000000,1773311699999999,0.00000000,0,0.00000000,0.00000000,0
1773311700000000,70231.06000000,70231.06000000,70231.06000000,70231.06000000,0.00009000,1773311999999999,6.32079540,1,0.00009000,6.32079540,0
1773312000000000,70433.95000000,70433.95000000,70433.95000000,70433.95000000,0.00020000,1773312299999999,14.08679000,1,0.00020000,14.08679000,0
1773312300000000,70384.30000000,70406.34000000,70384.30000000,70402.12000000,0.00230000,1773312599999999,161.90254300,4,0.00230000,161.90254300,0
1773312600000000,70384.86000000,70384.86000000,70279.69000000,70360.58000000,0.00430000,1773312899999999,302.62404340,5,0.00021000,14.77572180,0
1773312900000000,70397.56000000,70397.56000000,70397.56000000,70397.56000000,0.00014000,1773313199999999,9.85565840,1,0.00000000,0.00000000,0
1773313200000000,70396.13000000,70415.02000000,70396.13000000,70415.02000000,0.00028000,1773313499999999,19.71356100,2,0.00000000,0.00000000,0
1773313500000000,70438.39000000,70438.39000000,70438.39000000,70438.39000000,0.00014000,1773313799999999,9.86137460,1,0.00000000,0.00000000,0
1773313800000000,70495.40000000,70495.40000000,70474.79000000,70474.79000000,0.00047000,1773314099999999,33.12500620,2,0.00047000,33.12500620,0
1773314100000000,70474.79000000,70474.79000000,70474.79000000,70474.79000000,0.00000000,1773314399999999,0.00000000,0,0.00000000,0.00000000,0
1773314400000000,70474.79000000,70474.79000000,70474.79000000,70474.79000000,0.00000000,1773314699999999,0.00000000,0,0.00000000,0.00000000,0
1773314700000000,70537.41000000,70590.18000000,70418.93000000,70418.93000000,0.15972000,1773314999999999,11269.49863670,10,0.15950000,11254.00200330,0
1773315000000000,70607.02000000,70607.02000000,70502.32000000,70502.32000000,0.02924000,1773315299999999,2061.54139840,5,0.02910000,2051.66295360,0
1773315300000000,70600.85000000,70627.95000000,70600.85000000,70627.95000000,0.00033000,1773315599999999,23.30071950,2,0.00009000,6.35651550,0
1773315600000000,70753.01000000,70756.74000000,70722.01000000,70722.01000000,0.01427000,1773315899999999,1009.69292240,3,0.01413000,999.79184100,0
1773315900000000,70760.74000000,70760.74000000,70609.57000000,70609.57000000,0.00035000,1773316199999999,24.72916040,3,0.00009000,6.36846660,0
1773316200000000,70585.69000000,70585.69000000,70469.87000000,70469.87000000,0.00037000,1773316499999999,26.09236440,3,0.00000000,0.00000000,0
1773316500000000,70450.37000000,70465.62000000,70397.19000000,70441.32000000,0.06274000,1773316799999999,4419.05593340,43,0.04288000,3020.29275000,0
1773316800000000,70450.37000000,70450.37000000,70319.01000000,70330.08000000,0.00988000,1773317099999999,695.13330520,16,0.00092000,64.81294920,0
1773317100000000,70297.33000000,70297.33000000,70293.59000000,70293.59000000,0.00158000,1773317399999999,111.06439580,2,0.00144000,101.22276960,0
1773317400000000,70364.06000000,70364.06000000,70364.06000000,70364.06000000,0.00028000,1773317699999999,19.70193680,1,0.00028000,19.70193680,0
1773317700000000,70380.62000000,70430.65000000,70380.62000000,70411.72000000,0.00797000,1773317999999999,561.10540140,3,0.00427000,300.52524740,0
1773318000000000,70406.08000000,70449.32000000,70397.03000000,70397.03000000,0.00432000,1773318299999999,304.25616250,7,0.00335000,235.95689450,0
1773318300000000,70425.20000000,70425.20000000,70425.20000000,70425.20000000,0.00014000,1773318599999999,9.85952800,1,0.00000000,0.00000000,0
1773318600000000,70437.07000000,70437.07000000,70300.73000000,70300.73000000,0.00283000,1773318899999999,198.97622810,4,0.00000000,0.00000000,0
1773318900000000,70333.66000000,70340.97000000,70285.91000000,70333.00000000,0.00138000,1773319199999999,97.05363860,6,0.00065000,45.71806320,0
1773319200000000,70489.24000000,70489.24000000,70489.24000000,70489.24000000,0.00075000,1773319499999999,52.86693000,1,0.00075000,52.86693000,0
1773319500000000,70491.61000000,70576.27000000,70491.61000000,70576.27000000,0.00282000,1773319799999999,198.79620000,3,0.00282000,198.79620000,0
1773319800000000,70599.41000000,70599.41000000,70358.87000000,70358.87000000,0.00278000,1773320099999999,196.13301770,6,0.00027000,19.06184070,0
1773320100000000,70400.19000000,70400.49000000,70400.19000000,70400.49000000,0.00137000,1773320399999999,96.44848530,2,0.00137000,96.44848530,0
1773320400000000,70423.89000000,70423.89000000,70423.89000000,70423.89000000,0.00014000,1773320699999999,9.85934460,1,0.00000000,0.00000000,0
1773320700000000,70469.80000000,70469.80000000,70469.80000000,70469.80000000,0.00014000,1773320999999999,9.86577200,1,0.00000000,0.00000000,0
1773321000000000,70455.23000000,70459.67000000,70455.23000000,70459.67000000,0.00051000,1773321299999999,35.93323290,2,0.00051000,35.93323290,0
1773321300000000,70439.91000000,70448.40000000,70192.63000000,70247.37000000,0.01260000,1773321599999999,886.31977840,13,0.00747000,526.16635990,0
1773321600000000,70224.52000000,70224.52000000,70020.77000000,70021.42000000,0.00976000,1773321899999999,683.62307090,11,0.00892000,624.73468050,0
1773321900000000,70119.21000000,70163.92000000,70106.14000000,70106.14000000,0.01016000,1773322199999999,712.46879920,7,0.00974000,683.01430140,0
1773322200000000,70108.21000000,70330.89000000,69958.75000000,70330.89000000,0.00380000,1773322499999999,266.29909800,13,0.00131000,91.71905240,0
1773322500000000,70424.89000000,70424.89000000,70298.52000000,70298.52000000,0.00042000,1773322799999999,29.54695660,3,0.00000000,0.00000000,0
1773322800000000,70359.19000000,70363.10000000,70069.72000000,70069.72000000,0.00628000,1773323099999999,441.68235290,11,0.00521000,366.57183940,0
1773323100000000,70064.58000000,70064.58000000,69774.38000000,70044.21000000,0.00519000,1773323399999999,362.96306830,14,0.00104000,72.84441780,0
1773323400000000,70047.86000000,70065.20000000,69925.82000000,69928.62000000,0.00079000,1773323699999999,55.29683360,6,0.00000000,0.00000000,0
1773323700000000,69824.91000000,69917.03000000,69662.40000000,69917.03000000,0.15001000,1773323999999999,10471.55928370,20,0.14918000,10413.63888580,0
1773324000000000,70026.87000000,70319.28000000,70026.87000000,70313.93000000,0.00306000,1773324299999999,215.04946430,8,0.00250000,175.71538210,0
1773324300000000,70294.59000000,70320.89000000,70187.50000000,70223.76000000,0.14548000,1773324599999999,10228.62340350,9,0.14520000,10208.96268690,0
1773324600000000,70330.89000000,70390.77000000,70330.89000000,70364.42000000,0.01452000,1773324899999999,1022.06490220,7,0.00009000,6.32978010,0
1773324900000000,70432.53000000,70624.09000000,70197.97000000,70197.97000000,0.01068000,1773325199999999,752.42810070,20,0.00905000,637.59085680,0
1773325200000000,70170.31000000,70183.49000000,70170.20000000,70170.20000000,0.00375000,1773325499999999,263.14012600,3,0.00347000,243.49059400,0
1773325500000000,70263.82000000,70263.82000000,69964.44000000,69964.44000000,0.00736000,1773325799999999,515.60636130,11,0.00396000,277.37230230,0
1773325800000000,69937.38000000,69982.67000000,69681.70000000,69681.70000000,0.01435000,1773326099999999,1003.18327590,19,0.00000000,0.00000000,0
1773326100000000,69833.79000000,69833.79000000,69606.71000000,69606.71000000,0.00065000,1773326399999999,45.33249480,5,0.00000000,0.00000000,0
1773326400000000,69563.94000000,69563.94000000,69485.31000000,69485.31000000,0.00066000,1773326699999999,45.88656890,5,0.00000000,0.00000000,0
1773326700000000,69623.54000000,69670.52000000,69422.75000000,69485.84000000,0.00097000,1773326999999999,67.45507850,8,0.00009000,6.26611860,0
1773327000000000,69443.98000000,69509.63000000,69409.98000000,69464.26000000,0.01315000,1773327299999999,913.46883180,9,0.01292000,897.49862710,0
1773327300000000,69484.47000000,69531.52000000,69450.41000000,69523.07000000,0.00983000,1773327599999999,682.96408620,7,0.00941000,653.77536440,0
1773327600000000,69548.72000000,69623.54000000,69548.72000000,69623.54000000,0.00023000,1773327899999999,16.00293940,2,0.00009000,6.26611860,0
1773327900000000,69709.91000000,69709.91000000,69709.91000000,69709.91000000,0.00014000,1773328199999999,9.75938740,1,0.00000000,0.00000000,0
1773328200000000,69523.08000000,69733.47000000,69523.08000000,69733.47000000,0.00290000,1773328499999999,202.19823420,3,0.00281000,195.94115700,0
1773328500000000,69733.49000000,69740.39000000,69724.16000000,69740.39000000,0.00425000,1773328799999999,296.36794180,4,0.00021000,14.64548190,0
1773328800000000,69740.39000000,69740.39000000,69740.39000000,69740.39000000,0.00000000,1773329099999999,0.00000000,0,0.00000000,0.00000000,0
1773329100000000,70026.87000000,70374.39000000,70025.16000000,70374.39000000,0.00108000,1773329399999999,75.69902640,5,0.00108000,75.69902640,0
1773329400000000,70282.67000000,70295.60000000,70212.85000000,70231.61000000,0.00291000,1773329699999999,204.44260780,5,0.00268000,188.29216190,0
1773329700000000,70301.94000000,70478.89000000,70301.94000000,70478.89000000,0.00557000,1773329999999999,392.07215990,5,0.00557000,392.07215990,0
1773330000000000,70465.25000000,70465.25000000,70285.98000000,70407.07000000,0.00698000,1773330299999999,490.88274030,4,0.00684000,481.02575050,0
1773330300000000,70378.91000000,70432.53000000,70313.83000000,70432.53000000,0.00044000,1773330599999999,30.96228450,4,0.00016000,11.26530090,0
1773330600000000,70410.29000000,70410.29000000,70286.07000000,70286.07000000,0.00147000,1773330899999999,103.38814180,5,0.00000000,0.00000000,0
1773330900000000,70288.99000000,70310.41000000,70254.18000000,70254.18000000,0.00206000,1773331199999999,144.76728290,3,0.00192000,134.92682430,0
1773331200000000,70254.18000000,70254.18000000,70254.18000000,70254.18000000,0.00000000,1773331499999999,0.00000000,0,0.00000000,0.00000000,0
1773331500000000,70481.88000000,70481.88000000,70026.87000000,70026.87000000,0.00032000,1773331799999999,22.49052840,3,0.00000000,0.00000000,0
1773331800000000,70026.87000000,70026.87000000,70026.87000000,70026.87000000,0.00000000,1773332099999999,0.00000000,0,0.00000000,0.00000000,0
1773332100000000,70089.03000000,70290.78000000,70089.03000000,70290.78000000,0.00291000,1773332399999999,204.48028290,6,0.00277000,194.66781870,0
1773332400000000,70290.78000000,70559.16000000,70290.78000000,70399.98000000,0.00782000,1773332699999999,551.53073160,11,0.00726000,512.07777540,0
1773332700000000,70281.25000000,70281.25000000,70094.03000000,70094.03000000,0.00081000,1773332999999999,56.86214200,6,0.00000000,0.00000000,0
1773333000000000,70135.01000000,70289.92000000,70108.21000000,70289.92000000,0.00298000,1773333299999999,209.02026520,4,0.00270000,189.36452700,0
1773333300000000,70330.89000000,70337.08000000,70330.89000000,70330.89000000,0.00061000,1773333599999999,42.90376180,3,0.00040000,28.13427490,0
1773333600000000,70432.53000000,70452.62000000,70386.23000000,70386.23000000,0.00037000,1773333899999999,26.05636670,3,0.00009000,6.33892770,0
1773333900000000,70450.32000000,70495.83000000,70379.82000000,70495.83000000,0.01137000,1773334199999999,800.91010600,8,0.00349000,245.88220140,0
1773334200000000,70467.37000000,70467.37000000,70445.39000000,70445.39000000,0.00076000,1773334499999999,53.55188320,3,0.00062000,43.68647240,0
1773334500000000,70454.10000000,70454.10000000,70361.20000000,70403.06000000,0.01012000,1773334799999999,712.41382550,10,0.00966000,680.03255210,0
1773334800000000,70427.22000000,70475.59000000,70341.12000000,70475.59000000,0.00212000,1773335099999999,149.30466790,14,0.00109000,76.78615900,0
1773335100000000,70503.34000000,70534.31000000,70381.30000000,70381.30000000,0.00089000,1773335399999999,62.73071290,7,0.00051000,35.94581820,0
1773335400000000,70455.95000000,70483.29000000,70427.52000000,70427.52000000,0.08159000,1773335699999999,5749.59039530,12,0.08117000,5719.99895730,0
1773335700000000,70427.52000000,70440.64000000,70330.89000000,70330.89000000,0.00186000,1773335999999999,130.96869100,7,0.00023000,16.20134720,0
1773336000000000,70229.41000000,70432.53000000,70226.26000000,70432.53000000,0.00112000,1773336299999999,78.75412510,6,0.00089000,62.60180180,0
1773336300000000,70432.53000000,70432.53000000,70432.53000000,70432.53000000,0.00000000,1773336599999999,0.00000000,0,0.00000000,0.00000000,0
1773336600000000,70321.01000000,70321.01000000,70321.01000000,70321.01000000,0.00014000,1773336899999999,9.84494140,1,0.00000000,0.00000000,0
1773336900000000,70321.01000000,70321.01000000,70321.01000000,70321.01000000,0.00000000,1773337199999999,0.00000000,0,0.00000000,0.00000000,0
1773337200000000,70408.34000000,70408.34000000,70408.34000000,70408.34000000,0.00014000,1773337499999999,9.85716760,1,0.00000000,0.00000000,0
1773337500000000,70349.11000000,70349.11000000,70229.41000000,70330.89000000,0.03236000,1773337799999999,2276.08405180,6,0.03213000,2259.91701590,0
1773337800000000,70347.65000000,70347.65000000,70347.65000000,70347.65000000,0.00344000,1773338099999999,241.99591600,1,0.00344000,241.99591600,0
1773338100000000,70229.41000000,70294.28000000,70128.06000000,70294.28000000,0.00028000,1773338399999999,19.66160030,3,0.00010000,7.02942800,0
1773338400000000,70294.28000000,70294.28000000,70294.28000000,70294.28000000,0.00000000,1773338699999999,0.00000000,0,0.00000000,0.00000000,0
1773338700000000,70294.28000000,70294.28000000,70294.28000000,70294.28000000,0.00000000,1773338999999999,0.00000000,0,0.00000000,0.00000000,0
1773339000000000,70239.41000000,70239.41000000,70239.41000000,70239.41000000,0.00031000,1773339299999999,21.77421710,1,0.00031000,21.77421710,0
1773339300000000,70239.41000000,70239.41000000,70239.41000000,70239.41000000,0.00000000,1773339599999999,0.00000000,0,0.00000000,0.00000000,0
1773339600000000,69977.46000000,69977.46000000,69925.82000000,69925.82000000,0.00340000,1773339899999999,237.85219900,3,0.00000000,0.00000000,0
1773339900000000,69925.82000000,69925.82000000,69925.82000000,69925.82000000,0.00000000,1773340199999999,0.00000000,0,0.00000000,0.00000000,0
1773340200000000,70041.98000000,70059.54000000,70041.98000000,70059.54000000,0.00591000,1773340499999999,413.99277400,3,0.00591000,413.99277400,0
1773340500000000,70047.29000000,70047.29000000,69828.66000000,69828.66000000,0.23309000,1773340799999999,16314.78802870,19,0.00000000,0.00000000,0
1773340800000000,69925.82000000,69925.82000000,69925.82000000,69925.82000000,0.00009000,1773341099999999,6.29332380,1,0.00000000,0.00000000,0
1773341100000000,69925.82000000,69925.82000000,69925.82000000,69925.82000000,0.00000000,1773341399999999,0.00000000,0,0.00000000,0.00000000,0
1773341400000000,69853.39000000,69853.39000000,69853.39000000,69853.39000000,0.00346000,1773341699999999,241.69272940,1,0.00346000,241.69272940,0
1773341700000000,69929.56000000,69929.56000000,69929.56000000,69929.56000000,0.00057000,1773341999999999,39.85984920,1,0.00057000,39.85984920,0
1773342000000000,69824.91000000,69925.82000000,69824.91000000,69875.30000000,0.00177000,1773342299999999,123.67929270,3,0.00168000,117.39505080,0
1773342300000000,69915.48000000,69918.05000000,69915.48000000,69918.05000000,0.00239000,1773342599999999,167.09863970,2,0.00239000,167.09863970,0
1773342600000000,69824.91000000,69824.91000000,69824.91000000,69824.91000000,0.00009000,1773342899999999,6.28424190,1,0.00000000,0.00000000,0
1773342900000000,70003.73000000,70090.73000000,69948.11000000,70090.73000000,0.00082000,1773343199999999,57.41910440,4,0.00043000,30.10368650,0
1773343200000000,70090.73000000,70128.06000000,70049.36000000,70128.06000000,0.00343000,1773343499999999,240.36285110,3,0.00009000,6.31152540,0
1773343500000000,70126.21000000,70126.21000000,70126.21000000,70126.21000000,0.00071000,1773343799999999,49.78960910,1,0.00071000,49.78960910,0
1773343800000000,70248.12000000,70330.89000000,70248.12000000,70330.89000000,0.00108000,1773344099999999,75.89776410,3,0.00108000,75.89776410,0
1773344100000000,70293.10000000,70333.18000000,70293.10000000,70333.18000000,0.00345000,1773344399999999,242.51736950,3,0.00345000,242.51736950,0
1773344400000000,70317.56000000,70317.57000000,70317.56000000,70317.57000000,0.00302000,1773344699999999,212.35904620,2,0.00302000,212.35904620,0
1773344700000000,70432.53000000,70432.68000000,70432.53000000,70432.68000000,0.00278000,1773344999999999,195.80283690,3,0.00278000,195.80283690,0
1773345000000000,70432.68000000,70432.68000000,70432.68000000,70432.68000000,0.00000000,1773345299999999,0.00000000,0,0.00000000,0.00000000,0
1773345300000000,70534.31000000,70534.31000000,70517.57000000,70531.09000000,0.00353000,1773345599999999,248.96944970,6,0.00339000,239.09464630,0
1773345600000000,70476.49000000,70519.75000000,70476.49000000,70519.75000000,0.00088000,1773345899999999,62.03766830,3,0.00088000,62.03766830,0
1773345900000000,70534.31000000,70534.31000000,70534.31000000,70534.31000000,0.00013000,1773346199999999,9.16946030,1,0.00013000,9.16946030,0
1773346200000000,70534.31000000,70534.31000000,70534.31000000,70534.31000000,0.00000000,1773346499999999,0.00000000,0,0.00000000,0.00000000,0
1773346500000000,70406.17000000,70406.17000000,70355.50000000,70355.50000000,0.00280000,1773346799999999,197.08744300,3,0.00000000,0.00000000,0
1773346800000000,70355.50000000,70355.50000000,70355.50000000,70355.50000000,0.00000000,1773347099999999,0.00000000,0,0.00000000,0.00000000,0
1773347100000000,70382.68000000,70382.68000000,70357.72000000,70357.77000000,0.00564000,1773347399999999,396.82124720,3,0.00550000,386.96767200,0
1773347400000000,70357.77000000,70357.77000000,70357.77000000,70357.77000000,0.00000000,1773347699999999,0.00000000,0,0.00000000,0.00000000,0
1773347700000000,70259.20000000,70272.88000000,70229.41000000,70229.41000000,0.00284000,1773347999999999,199.54452200,4,0.00275000,193.22387510,0
1773348000000000,70166.03000000,70166.03000000,70166.03000000,70166.03000000,0.00053000,1773348299999999,37.18799590,1,0.00053000,37.18799590,0
1773348300000000,70147.53000000,70260.87000000,70147.53000000,70260.87000000,0.01973000,1773348599999999,1384.75688710,5,0.01959000,1374.93623290,0
1773348600000000,70260.87000000,70260.87000000,70240.03000000,70240.03000000,0.00479000,1773348899999999,336.45662090,2,0.00479000,336.45662090,0
1773348900000000,70186.86000000,70186.86000000,70186.86000000,70186.86000000,0.00027000,1773349199999999,18.95045220,1,0.00027000,18.95045220,0
1773349200000000,70186.86000000,70186.86000000,70186.86000000,70186.86000000,0.00000000,1773349499999999,0.00000000,0,0.00000000,0.00000000,0
1773349500000000,70330.89000000,70330.89000000,70330.89000000,70330.89000000,0.00009000,1773349799999999,6.32978010,1,0.00009000,6.32978010,0
1773349800000000,70432.53000000,70432.53000000,70432.53000000,70432.53000000,0.00009000,1773350099999999,6.33892770,1,0.00009000,6.33892770,0
1773350100000000,70364.19000000,70364.19000000,70358.87000000,70358.87000000,0.00819000,1773350399999999,576.24643370,2,0.00819000,576.24643370,0
1773350400000000,70349.94000000,70349.94000000,70338.33000000,70338.33000000,0.00159000,1773350699999999,111.83875740,2,0.00159000,111.83875740,0
1773350700000000,70326.34000000,70326.35000000,70326.34000000,70326.34000000,0.01209000,1773350999999999,850.24555370,3,0.01044000,734.20709270,0
1773351000000000,70326.34000000,70326.34000000,70326.34000000,70326.34000000,0.00000000,1773351299999999,0.00000000,0,0.00000000,0.00000000,0
1773351300000000,70252.57000000,70252.57000000,70252.57000000,70252.57000000,0.00597000,1773351599999999,419.40784290,2,0.00000000,0.00000000,0
1773351600000000,70252.57000000,70252.57000000,70252.57000000,70252.57000000,0.00000000,1773351899999999,0.00000000,0,0.00000000,0.00000000,0
1773351900000000,70252.57000000,70252.57000000,70252.57000000,70252.57000000,0.00000000,1773352199999999,0.00000000,0,0.00000000,0.00000000,0
1773352200000000,70252.57000000,70252.57000000,70252.57000000,70252.57000000,0.00000000,1773352499999999,0.00000000,0,0.00000000,0.00000000,0
1773352500000000,70341.64000000,70341.64000000,70341.64000000,70341.64000000,0.00339000,1773352799999999,238.45815960,1,0.00000000,0.00000000,0
1773352800000000,70249.25000000,70277.73000000,70249.25000000,70267.04000000,0.01360000,1773353099999999,955.39538830,4,0.00000000,0.00000000,0
1773353100000000,70267.04000000,70267.04000000,70267.04000000,70267.04000000,0.00000000,1773353399999999,0.00000000,0,0.00000000,0.00000000,0
1773353400000000,70229.41000000,70229.41000000,70213.47000000,70213.47000000,0.00819000,1773353699999999,575.04975390,3,0.00000000,0.00000000,0
1773353700000000,70128.06000000,70128.06000000,70102.91000000,70102.91000000,0.00014000,1773353999999999,9.81667090,2,0.00000000,0.00000000,0
1773354000000000,70102.91000000,70102.91000000,70102.91000000,70102.91000000,0.00000000,1773354299999999,0.00000000,0,0.00000000,0.00000000,0
1773354300000000,70102.91000000,70102.91000000,70102.91000000,70102.91000000,0.00000000,1773354599999999,0.00000000,0,0.00000000,0.00000000,0
1773354600000000,70102.91000000,70102.91000000,70102.91000000,70102.91000000,0.00000000,1773354899999999,0.00000000,0,0.00000000,0.00000000,0
1773354900000000,70130.57000000,70130.57000000,70124.88000000,70124.88000000,0.00032000,1773355199999999,22.44098580,2,0.00000000,0.00000000,0
1773355200000000,70112.93000000,70114.25000000,70112.93000000,70114.25000000,0.00057000,1773355499999999,39.96487170,2,0.00057000,39.96487170,0
1773355500000000,70111.00000000,70111.00000000,70111.00000000,70111.00000000,0.00071000,1773355799999999,49.77881000,1,0.00000000,0.00000000,0
1773355800000000,70100.91000000,70100.91000000,70100.91000000,70100.91000000,0.00010000,1773356099999999,7.01009100,1,0.00010000,7.01009100,0
1773356100000000,70100.91000000,70100.91000000,70100.91000000,70100.91000000,0.00000000,1773356399999999,0.00000000,0,0.00000000,0.00000000,0
1773356400000000,70330.89000000,70405.31000000,70330.89000000,70405.31000000,0.00077000,1773356699999999,54.20539090,2,0.00077000,54.20539090,0
1773356700000000,70426.34000000,70461.07000000,70426.34000000,70439.32000000,0.03772000,1773356999999999,2657.65257420,9,0.03772000,2657.65257420,0
1773357000000000,70420.76000000,70420.76000000,70420.76000000,70420.76000000,0.00047000,1773357299999999,33.09775720,1,0.00047000,33.09775720,0
1773357300000000,70534.31000000,70603.05000000,70534.31000000,70603.05000000,0.00023000,1773357599999999,16.23251490,2,0.00009000,6.34808790,0
1773357600000000,70636.24000000,70636.24000000,70636.24000000,70636.24000000,0.00009000,1773357899999999,6.35726160,1,0.00000000,0.00000000,0
1773357900000000,70577.50000000,70577.50000000,70577.50000000,70577.50000000,0.00031000,1773358199999999,21.87902500,1,0.00031000,21.87902500,0
1773358200000000,70577.50000000,70577.50000000,70577.50000000,70577.50000000,0.00000000,1773358499999999,0.00000000,0,0.00000000,0.00000000,0
1773358500000000,70512.97000000,70523.22000000,70512.97000000,70523.22000000,0.00933000,1773358799999999,657.94871390,3,0.00933000,657.94871390,0
1773358800000000,70523.22000000,70523.22000000,70523.22000000,70523.22000000,0.00000000,1773359099999999,0.00000000,0,0.00000000,0.00000000,0
1773359100000000,70534.31000000,70534.31000000,70534.31000000,70534.31000000,0.00009000,1773359399999999,6.34808790,1,0.00000000,0.00000000,0
1773359400000000,70534.31000000,70534.31000000,70534.31000000,70534.31000000,0.00000000,1773359699999999,0.00000000,0,0.00000000,0.00000000,0
1773359700000000,70534.31000000,70534.31000000,70534.31000000,70534.31000000,0.00000000,1773359999999999,0.00000000,0,0.00000000,0.00000000,0
1773360000000000,70455.08000000,70455.08000000,70455.08000000,70455.08000000,0.00014000,1773360299999999,9.86371120,1,0.00000000,0.00000000,0
1773360300000000,70534.31000000,70564.44000000,70534.31000000,70564.44000000,0.00019000,1773360599999999,13.40453190,2,0.00019000,13.40453190,0
1773360600000000,70757.45000000,71050.39000000,70757.45000000,71050.39000000,0.04095000,1773360899999999,2903.65687770,15,0.04095000,2903.65687770,0
1773360900000000,71250.92000000,71663.40000000,71250.92000000,71303.22000000,0.10039000,1773361199999999,7170.94410940,49,0.04591000,3280.81250570,0
1773361200000000,71560.26000000,71719.88000000,71560.26000000,71632.47000000,0.01788000,1773361499999999,1280.84867390,17,0.00047000,33.68718990,0
1773361500000000,71567.82000000,71567.82000000,71299.05000000,71454.47000000,0.39308000,1773361799999999,28070.75930360,23,0.00000000,0.00000000,0
1773361800000000,71685.60000000,71981.00000000,71685.60000000,71940.35000000,0.03613000,1773362099999999,2596.69668400,20,0.03304000,2374.40100250,0
1773362100000000,71900.61000000,71900.61000000,71719.72000000,71719.72000000,0.02628000,1773362399999999,1886.07276730,13,0.01612000,1156.26337940,0
1773362400000000,71750.92000000,71750.92000000,71697.33000000,71697.33000000,0.00423000,1773362699999999,303.33891060,4,0.00054000,38.74549680,0
1773362700000000,71514.34000000,71514.34000000,71334.98000000,71334.98000000,0.01951000,1773362999999999,1391.86502780,8,0.00000000,0.00000000,0
1773363000000000,71437.46000000,71437.46000000,71297.67000000,71297.67000000,0.00250000,1773363299999999,178.36871630,5,0.00076000,54.19881030,0
1773363300000000,71297.67000000,71297.67000000,71297.67000000,71297.67000000,0.00000000,1773363599999999,0.00000000,0,0.00000000,0.00000000,0
1773363600000000,71557.80000000,71604.85000000,71557.80000000,71604.85000000,0.01205000,1773363899999999,862.49535850,4,0.01192000,853.18672800,0
1773363900000000,71632.07000000,71632.07000000,71604.85000000,71604.85000000,0.03008000,1773364199999999,2153.87814140,5,0.02994000,2143.85247540,0
1773364200000000,71649.50000000,71649.50000000,71642.64000000,71642.64000000,0.00022000,1773364499999999,15.76220400,2,0.00010000,7.16426400,0
1773364500000000,71618.06000000,71625.56000000,71618.06000000,71625.56000000,0.00540000,1773364799999999,386.73947400,2,0.00540000,386.73947400,0
1773364800000000,71664.50000000,71664.50000000,71501.25000000,71501.25000000,0.00055000,1773365099999999,39.39262000,2,0.00041000,29.38244500,0
1773365100000000,71513.61000000,71513.61000000,71513.61000000,71513.61000000,0.00014000,1773365399999999,10.01190540,1,0.00000000,0.00000000,0
1773365400000000,71513.61000000,71513.61000000,71513.61000000,71513.61000000,0.00000000,1773365699999999,0.00000000,0,0.00000000,0.00000000,0
1773365700000000,71337.25000000,71337.25000000,71312.15000000,71312.15000000,0.00423000,1773365999999999,301.65390850,3,0.00000000,0.00000000,0
1773366000000000,71612.63000000,71663.17000000,71612.63000000,71663.17000000,0.01340000,1773366299999999,959.61631760,4,0.01326000,949.58347380,0
1773366300000000,71599.45000000,71600.08000000,71599.45000000,71600.08000000,0.00540000,1773366599999999,386.63916720,3,0.00540000,386.63916720,0
1773366600000000,71600.00000000,71684.83000000,71571.36000000,71684.83000000,0.01967000,1773366899999999,1408.84276290,5,0.00000000,0.00000000,0
1773366900000000,71666.70000000,71666.70000000,71666.70000000,71666.70000000,0.00014000,1773367199999999,10.03333800,1,0.00000000,0.00000000,0
1773367200000000,71666.70000000,71666.70000000,71535.99000000,71535.99000000,0.04440000,1773367499999999,3177.78919190,9,0.00071000,50.88335700,0
1773367500000000,71527.99000000,71527.99000000,71527.99000000,71527.99000000,0.00014000,1773367799999999,10.01391860,1,0.00000000,0.00000000,0
1773367800000000,71586.70000000,71609.88000000,71586.70000000,71609.88000000,0.00028000,1773368099999999,20.04752120,2,0.00000000,0.00000000,0
1773368100000000,71531.00000000,71531.00000000,71486.15000000,71529.98000000,0.05743000,1773368399999999,4108.01767400,8,0.00135000,96.56547300,0
1773368400000000,71503.06000000,71503.06000000,71503.06000000,71503.06000000,0.00014000,1773368699999999,10.01042840,1,0.00000000,0.00000000,0
1773368700000000,71503.06000000,71503.06000000,71503.06000000,71503.06000000,0.00000000,1773368999999999,0.00000000,0,0.00000000,0.00000000,0
1773369000000000,71503.06000000,71503.06000000,71503.06000000,71503.06000000,0.00000000,1773369299999999,0.00000000,0,0.00000000,0.00000000,0
1773369300000000,71348.71000000,71412.75000000,71185.05000000,71185.05000000,0.00522000,1773369599999999,372.18808530,12,0.00203000,144.96641220,0
1773369600000000,71290.38000000,71290.38000000,71180.46000000,71180.46000000,0.00028000,1773369899999999,19.94591760,2,0.00000000,0.00000000,0
1773369900000000,71192.53000000,71256.08000000,71160.63000000,71256.08000000,0.00415000,1773370199999999,295.52378850,4,0.00204000,145.36240320,0
1773370200000000,71262.60000000,71262.60000000,71104.13000000,71104.58000000,0.00598000,1773370499999999,425.32798140,8,0.00366000,260.26499880,0
1773370500000000,71122.51000000,71162.26000000,71122.51000000,71148.91000000,0.00899000,1773370799999999,639.63967340,7,0.00731000,520.10763560,0
1773370800000000,71220.00000000,71220.00000000,71159.49000000,71159.49000000,0.00157000,1773371099999999,111.80315560,3,0.00129000,91.87380000,0
1773371100000000,71234.51000000,71234.51000000,71234.51000000,71234.51000000,0.00014000,1773371399999999,9.97283140,1,0.00000000,0.00000000,0
1773371400000000,71205.10000000,71205.10000000,71168.07000000,71168.07000000,0.16070000,1773371699999999,11439.75991320,11,0.00000000,0.00000000,0
1773371700000000,71168.07000000,71168.07000000,71168.07000000,71168.07000000,0.00000000,1773371999999999,0.00000000,0,0.00000000,0.00000000,0
1773372000000000,71266.67000000,71266.67000000,71266.67000000,71266.67000000,0.00014000,1773372299999999,9.97733380,1,0.00000000,0.00000000,0
1773372300000000,71266.67000000,71266.67000000,71266.67000000,71266.67000000,0.00000000,1773372599999999,0.00000000,0,0.00000000,0.00000000,0
1773372600000000,71048.17000000,71048.17000000,71027.09000000,71027.09000000,0.00023000,1773372899999999,16.33918190,2,0.00000000,0.00000000,0
1773372900000000,71027.09000000,71027.09000000,71027.09000000,71027.09000000,0.00000000,1773373199999999,0.00000000,0,0.00000000,0.00000000,0
1773373200000000,71057.24000000,71057.24000000,71057.24000000,71057.24000000,0.00833000,1773373499999999,591.90680920,1,0.00833000,591.90680920,0
1773373500000000,71226.80000000,71226.80000000,71168.62000000,71168.62000000,0.00295000,1773373799999999,210.11091480,2,0.00281000,200.14730800,0
1773373800000000,71290.15000000,71428.48000000,71290.15000000,71428.48000000,0.00425000,1773374099999999,302.99597240,3,0.00425000,302.99597240,0
1773374100000000,71428.48000000,71428.48000000,71428.48000000,71428.48000000,0.00000000,1773374399999999,0.00000000,0,0.00000000,0.00000000,0
1773374400000000,71411.11000000,71411.11000000,71411.11000000,71411.11000000,0.00070000,1773374699999999,49.98777700,1,0.00070000,49.98777700,0
1773374700000000,71380.98000000,71405.77000000,71380.98000000,71384.93000000,0.00478000,1773374999999999,341.21738150,4,0.00140000,99.93337200,0
1773375000000000,71458.88000000,71458.88000000,71458.88000000,71458.88000000,0.00135000,1773375299999999,96.46948800,1,0.00135000,96.46948800,0
1773375300000000,71458.88000000,71458.88000000,71458.88000000,71458.88000000,0.00000000,1773375599999999,0.00000000,0,0.00000000,0.00000000,0
1773375600000000,71353.39000000,71353.39000000,71262.13000000,71262.13000000,0.00023000,1773375899999999,16.39850330,2,0.00009000,6.42180510,0
1773375900000000,71284.91000000,71284.91000000,71284.91000000,71284.91000000,0.00014000,1773376199999999,9.97988740,1,0.00000000,0.00000000,0
1773376200000000,71337.01000000,71337.01000000,71302.26000000,71302.26000000,0.00028000,1773376499999999,19.96949780,2,0.00000000,0.00000000,0
1773376500000000,71302.26000000,71302.26000000,71302.26000000,71302.26000000,0.00000000,1773376799999999,0.00000000,0,0.00000000,0.00000000,0
1773376800000000,71302.26000000,71302.26000000,71302.26000000,71302.26000000,0.00000000,1773377099999999,0.00000000,0,0.00000000,0.00000000,0
1773377100000000,71375.68000000,71375.68000000,71375.68000000,71375.68000000,0.00014000,1773377399999999,9.99259520,1,0.00000000,0.00000000,0
1773377400000000,71375.68000000,71375.68000000,71375.68000000,71375.68000000,0.00000000,1773377699999999,0.00000000,0,0.00000000,0.00000000,0
1773377700000000,71306.59000000,71306.59000000,71293.66000000,71293.66000000,0.00016000,1773377999999999,11.40879580,2,0.00000000,0.00000000,0
1773378000000000,71388.89000000,71388.89000000,71388.89000000,71388.89000000,0.00070000,1773378299999999,49.97222300,1,0.00070000,49.97222300,0
1773378300000000,71388.89000000,71388.89000000,71388.89000000,71388.89000000,0.00000000,1773378599999999,0.00000000,0,0.00000000,0.00000000,0
1773378600000000,71351.79000000,71351.79000000,71282.09000000,71282.09000000,0.00028000,1773378899999999,19.96874320,2,0.00000000,0.00000000,0
1773378900000000,71282.09000000,71282.09000000,71282.09000000,71282.09000000,0.00000000,1773379199999999,0.00000000,0,0.00000000,0.00000000,0
1773379200000000,71401.25000000,71411.62000000,71381.26000000,71381.26000000,0.00042000,1773379499999999,29.98717820,3,0.00000000,0.00000000,0
1773379500000000,71381.26000000,71381.26000000,71381.26000000,71381.26000000,0.00000000,1773379799999999,0.00000000,0,0.00000000,0.00000000,0
1773379800000000,71428.48000000,71562.78000000,71428.48000000,71562.78000000,0.01415000,1773380099999999,1012.41964800,6,0.01415000,1012.41964800,0
1773380100000000,71554.74000000,71584.29000000,71554.74000000,71584.29000000,0.00041000,1773380399999999,29.34542190,2,0.00027000,19.32775830,0
1773380400000000,71584.29000000,71584.29000000,71584.29000000,71584.29000000,0.00000000,1773380699999999,0.00000000,0,0.00000000,0.00000000,0
1773380700000000,71584.29000000,71584.29000000,71520.78000000,71520.78000000,0.00284000,1773380999999999,203.29049220,3,0.00000000,0.00000000,0
1773381000000000,71520.78000000,71520.78000000,71520.78000000,71520.78000000,0.00000000,1773381299999999,0.00000000,0,0.00000000,0.00000000,0
1773381300000000,71603.81000000,71603.81000000,71603.81000000,71603.81000000,0.00014000,1773381599999999,10.02453340,1,0.00000000,0.00000000,0
1773381600000000,71500.07000000,71500.74000000,71500.07000000,71500.74000000,0.01391000,1773381899999999,994.56742090,2,0.01391000,994.56742090,0
1773381900000000,71500.74000000,71500.74000000,71500.74000000,71500.74000000,0.00000000,1773382199999999,0.00000000,0,0.00000000,0.00000000,0
1773382200000000,71512.70000000,71512.70000000,71512.70000000,71512.70000000,0.00014000,1773382499999999,10.01177800,1,0.00000000,0.00000000,0
1773382500000000,71475.83000000,71475.83000000,71475.83000000,71475.83000000,0.00014000,1773382799999999,10.00661620,1,0.00000000,0.00000000,0
1773382800000000,71475.83000000,71475.83000000,71475.83000000,71475.83000000,0.00000000,1773383099999999,0.00000000,0,0.00000000,0.00000000,0
1773383100000000,71352.98000000,71352.98000000,71294.43000000,71294.43000000,0.00144000,1773383399999999,102.74302170,2,0.00135000,96.32652300,0
1773383400000000,71273.25000000,71273.25000000,71273.25000000,71273.25000000,0.00014000,1773383699999999,9.97825500,1,0.00000000,0.00000000,0
1773383700000000,71237.29000000,71272.41000000,71237.29000000,71259.80000000,0.00152000,1773383999999999,108.31328490,3,0.00138000,98.33514750,0
1773384000000000,71321.85000000,71321.85000000,71270.68000000,71270.68000000,0.00116000,1773384299999999,82.72618220,2,0.00102000,72.74828700,0
1773384300000000,71270.68000000,71270.68000000,71270.68000000,71270.68000000,0.00000000,1773384599999999,0.00000000,0,0.00000000,0.00000000,0
1773384600000000,71270.68000000,71270.68000000,71270.68000000,71270.68000000,0.00000000,1773384899999999,0.00000000,0,0.00000000,0.00000000,0
1773384900000000,71270.68000000,71270.68000000,71270.68000000,71270.68000000,0.00000000,1773385199999999,0.00000000,0,0.00000000,0.00000000,0
1773385200000000,71443.83000000,71443.83000000,71443.83000000,71443.83000000,0.00014000,1773385499999999,10.00213620,1,0.00000000,0.00000000,0
1773385500000000,71414.75000000,71461.86000000,71414.75000000,71461.86000000,0.01480000,1773385799999999,1057.56439190,5,0.01480000,1057.56439190,0
1773385800000000,71475.78000000,71475.78000000,71475.78000000,71475.78000000,0.00405000,1773386099999999,289.47690900,1,0.00405000,289.47690900,0
1773386100000000,71475.78000000,71475.78000000,71475.78000000,71475.78000000,0.00000000,1773386399999999,0.00000000,0,0.00000000,0.00000000,0
1773386400000000,71475.78000000,71475.78000000,71475.78000000,71475.78000000,0.00000000,1773386699999999,0.00000000,0,0.00000000,0.00000000,0
1773386700000000,71530.80000000,71530.80000000,71530.80000000,71530.80000000,0.00014000,1773386999999999,10.01431200,1,0.00000000,0.00000000,0
1773387000000000,71546.58000000,71570.13000000,71428.48000000,71428.48000000,0.03167000,1773387299999999,2266.54467940,8,0.03107000,2223.65588600,0
1773387300000000,71427.46000000,71527.32000000,71427.46000000,71527.32000000,0.00770000,1773387599999999,550.69970370,4,0.00756000,540.68657610,0
1773387600000000,71486.60000000,71587.61000000,71486.60000000,71587.61000000,0.00647000,1773387899999999,462.65219940,4,0.00619000,442.62528620,0
1773387900000000,71587.61000000,71587.61000000,71587.61000000,71587.61000000,0.00000000,1773388199999999,0.00000000,0,0.00000000,0.00000000,0
1773388200000000,71666.70000000,71690.19000000,71617.60000000,71617.60000000,1.57189000,1773388499999999,112688.27557860,299,0.08907000,6384.63435120,0
1773388500000000,71617.60000000,71670.95000000,71552.89000000,71662.17000000,0.04448000,1773388799999999,3185.09711030,10,0.02801000,2005.55655430,0
1773388800000000,71625.71000000,71625.71000000,71514.16000000,71514.16000000,0.00042000,1773389099999999,30.05638720,3,0.00000000,0.00000000,0
1773389100000000,71494.50000000,71540.26000000,71487.06000000,71540.26000000,0.01667000,1773389399999999,1191.76851800,6,0.01625000,1161.73386580,0
1773389400000000,71417.52000000,71417.52000000,71417.52000000,71417.52000000,0.00013000,1773389699999999,9.28427760,1,0.00013000,9.28427760,0
1773389700000000,71522.41000000,71522.41000000,71522.41000000,71522.41000000,0.00135000,1773389999999999,96.55525350,1,0.00135000,96.55525350,0
1773390000000000,71540.95000000,71588.02000000,71540.95000000,71579.15000000,0.00177000,1773390299999999,126.69637400,3,0.00163000,116.67529300,0
1773390300000000,71561.10000000,71561.10000000,71543.60000000,71543.60000000,0.00416000,1773390599999999,297.68122600,2,0.00416000,297.68122600,0
1773390600000000,71669.69000000,71685.26000000,71669.69000000,71685.26000000,0.00028000,1773390899999999,20.06969300,2,0.00000000,0.00000000,0
1773390900000000,71796.90000000,72132.13000000,71779.52000000,72017.30000000,1.03216000,1773391199999999,74244.68495670,105,0.49695000,35735.88746040,0
1773391200000000,72036.39000000,72064.42000000,71951.08000000,71978.97000000,0.00959000,1773391499999999,690.62187770,17,0.00468000,337.11136720,0
1773391500000000,71961.03000000,71961.03000000,71811.81000000,71826.58000000,0.00112000,1773391799999999,80.50572740,8,0.00000000,0.00000000,0
1773391800000000,71841.33000000,71841.33000000,71821.61000000,71821.61000000,0.00028000,1773392099999999,20.11281160,2,0.00000000,0.00000000,0
1773392100000000,71800.57000000,71827.65000000,71800.57000000,71827.65000000,0.00028000,1773392399999999,20.10795080,2,0.00000000,0.00000000,0
1773392400000000,71877.95000000,71983.13000000,71832.14000000,71832.14000000,0.00312000,1773392699999999,224.42940600,9,0.00233000,167.62986820,0
1773392700000000,71879.47000000,71893.70000000,71848.67000000,71869.82000000,0.00716000,1773392999999999,514.46502600,7,0.00646000,464.14996820,0
1773393000000000,71837.06000000,71837.06000000,71787.05000000,71787.05000000,0.00042000,1773393299999999,30.16101340,3,0.00000000,0.00000000,0
1773393300000000,71712.76000000,71712.76000000,71619.03000000,71619.03000000,0.00051000,1773393599999999,36.55088090,4,0.00000000,0.00000000,0
1773393600000000,71713.81000000,71713.81000000,71713.81000000,71713.81000000,0.00023000,1773393899999999,16.49417630,1,0.00023000,16.49417630,0
1773393900000000,71730.06000000,71823.29000000,71730.06000000,71809.92000000,0.00426000,1773394199999999,305.61026020,4,0.00398000,285.50161080,0
1773394200000000,71809.92000000,71876.65000000,71809.92000000,71876.65000000,0.02049000,1773394499999999,1472.45363790,9,0.02021000,1452.34073530,0
1773394500000000,71893.93000000,71893.93000000,71834.74000000,71839.99000000,0.01292000,1773394799999999,928.15912830,5,0.01264000,908.03356690,0
1773394800000000,71833.72000000,71894.42000000,71805.37000000,71894.42000000,0.00070000,1773395099999999,50.28019500,3,0.00000000,0.00000000,0
1773395100000000,71967.20000000,71967.20000000,71967.20000000,71967.20000000,0.00009000,1773395399999999,6.47704800,1,0.00009000,6.47704800,0
1773395400000000,72074.81000000,72074.81000000,72053.02000000,72053.02000000,0.00042000,1773395699999999,30.26787400,3,0.00000000,0.00000000,0
1773395700000000,72050.41000000,72057.72000000,72020.37000000,72020.37000000,0.04187000,1773395999999999,3016.94297940,5,0.04173000,3006.86012760,0
1773396000000000,72102.51000000,72259.53000000,72102.51000000,72151.48000000,0.05358000,1773396299999999,3866.80878710,30,0.05146000,3713.77594810,0
1773396300000000,72177.36000000,72177.36000000,72177.36000000,72177.36000000,0.00014000,1773396599999999,10.10483040,1,0.00000000,0.00000000,0
1773396600000000,72201.41000000,72237.61000000,72201.41000000,72212.19000000,0.00592000,1773396899999999,427.44532910,6,0.00535000,386.27875840,0
1773396900000000,72301.27000000,72493.56000000,72301.27000000,72421.11000000,0.03747000,1773397199999999,2712.53491810,18,0.03428000,2481.41631060,0
1773397200000000,72466.51000000,72466.51000000,72359.68000000,72379.17000000,0.00112000,1773397499999999,81.06708180,5,0.00070000,50.65215040,0
1773397500000000,72295.29000000,72369.26000000,72295.29000000,72369.26000000,0.08506000,1773397799999999,6149.97119580,11,0.08492000,6139.84985520,0
1773397800000000,72399.32000000,72430.72000000,72399.32000000,72430.72000000,0.00294000,1773398099999999,212.93874850,4,0.00266000,192.66551510,0
1773398100000000,72493.99000000,72531.45000000,72493.99000000,72503.73000000,0.00149000,1773398399999999,108.06037220,5,0.00107000,77.60628980,0
1773398400000000,72540.50000000,72540.50000000,72540.50000000,72540.50000000,0.00031000,1773398699999999,22.48755500,1,0.00031000,22.48755500,0
1773398700000000,72473.27000000,72552.18000000,72444.87000000,72531.63000000,0.00440000,1773398999999999,318.78857380,4,0.00000000,0.00000000,0
1773399000000000,72547.90000000,72555.98000000,72483.79000000,72483.79000000,0.00857000,1773399299999999,621.52607140,5,0.00829000,601.21152820,0
1773399300000000,72427.04000000,72503.41000000,72427.04000000,72455.87000000,0.00896000,1773399599999999,649.00391490,6,0.00882000,638.86009310,0
1773399600000000,72535.51000000,72535.51000000,72529.22000000,72529.22000000,0.01372000,1773399899999999,995.18474410,3,0.01372000,995.18474410,0
1773399900000000,72433.93000000,72433.93000000,72369.27000000,72369.27000000,0.00084000,1773400199999999,60.82704300,2,0.00084000,60.82704300,0
1773400200000000,72348.86000000,72348.86000000,72272.98000000,72272.98000000,0.01891000,1773400499999999,1366.84100700,6,0.00000000,0.00000000,0
1773400500000000,72299.97000000,72419.24000000,72299.97000000,72407.41000000,0.00816000,1773400799999999,590.52512820,3,0.00482000,349.04322840,0
1773400800000000,72403.16000000,72403.16000000,72333.78000000,72344.62000000,0.00054000,1773401099999999,39.07277280,3,0.00026000,18.80960120,0
1773401100000000,72372.87000000,72372.87000000,72371.45000000,72371.45000000,0.00084000,1773401399999999,60.79221680,2,0.00070000,50.66001500,0
1773401400000000,72342.51000000,72342.51000000,72311.49000000,72311.49000000,0.00736000,1773401699999999,532.21690920,2,0.00722000,522.08895780,0
1773401700000000,72336.67000000,72336.67000000,72336.67000000,72336.67000000,0.00014000,1773401999999999,10.12713380,1,0.00000000,0.00000000,0
1773402000000000,72314.87000000,72314.87000000,72303.51000000,72303.51000000,0.00021000,1773402299999999,15.18453230,2,0.00007000,5.06204090,0
1773402300000000,72278.12000000,72278.12000000,72278.12000000,72278.12000000,0.00187000,1773402599999999,135.16008440,3,0.00026000,18.79231120,0
1773402600000000,72268.20000000,72268.20000000,72238.08000000,72260.22000000,0.06780000,1773402899999999,4898.28897200,13,0.02606000,1882.53460560,0
1773402900000000,72311.31000000,72315.53000000,72269.12000000,72279.83000000,0.00493000,1773403199999999,356.45570580,6,0.00442000,319.59423220,0
1773403200000000,72245.97000000,72408.96000000,72245.97000000,72408.96000000,0.00428000,1773403499999999,309.87915210,3,0.00414000,299.76471630,0
1773403500000000,72395.82000000,72448.30000000,72395.82000000,72416.40000000,0.00438000,1773403799999999,317.31018980,4,0.00410000,297.03647900,0
1773403800000000,72416.40000000,72416.40000000,72416.40000000,72416.40000000,0.01296000,1773404099999999,938.51654400,3,0.00000000,0.00000000,0
1773404100000000,72390.58000000,72390.58000000,72358.89000000,72358.89000000,0.00799000,1773404399999999,578.31000270,6,0.00771000,558.04530650,0
1773404400000000,72472.36000000,72472.36000000,72442.65000000,72442.65000000,0.00207000,1773404699999999,149.99755960,3,0.00193000,139.85382880,0
1773404700000000,72443.62000000,72443.62000000,72405.09000000,72405.09000000,0.00054000,1773404999999999,39.10375750,2,0.00054000,39.10375750,0
1773405000000000,72405.75000000,72618.42000000,72403.28000000,72435.89000000,0.03570000,1773405299999999,2587.81615610,20,0.02735000,1983.15815170,0
1773405300000000,72408.64000000,72408.64000000,72403.59000000,72403.59000000,0.00028000,1773405599999999,20.27371220,2,0.00000000,0.00000000,0
1773405600000000,72411.73000000,72411.73000000,72366.02000000,72366.02000000,0.00115000,1773405899999999,83.26379170,4,0.00087000,62.98906310,0
1773405900000000,72358.89000000,72877.29000000,72358.89000000,72785.07000000,0.05670000,1773406199999999,4124.18004520,26,0.03744000,2723.99861050,0
1773406200000000,72746.02000000,72759.16000000,72746.02000000,72759.16000000,0.01442000,1773406499999999,1049.08303680,4,0.01442000,1049.08303680,0
1773406500000000,72759.16000000,72759.16000000,72759.16000000,72759.16000000,0.00000000,1773406799999999,0.00000000,0,0.00000000,0.00000000,0
1773406800000000,72813.85000000,72852.14000000,72773.29000000,72807.46000000,0.03547000,1773407099999999,2582.34689970,15,0.03093000,2251.92471070,0
1773407100000000,72921.33000000,72921.33000000,72837.03000000,72857.66000000,0.00161000,1773407399999999,117.28230850,3,0.00133000,96.87324990,0
1773407400000000,72749.85000000,72894.69000000,72749.85000000,72849.22000000,0.03870000,1773407699999999,2817.07070240,9,0.03828000,2786.48863620,0
1773407700000000,72822.88000000,73259.17000000,72746.09000000,73259.17000000,0.05194000,1773407999999999,3790.91533040,25,0.04986000,3639.00741620,0
1773408000000000,73249.02000000,73249.02000000,73048.51000000,73174.03000000,0.00867000,1773408299999999,633.97434020,12,0.00727000,531.60621280,0
1773408300000000,73180.01000000,73180.01000000,73036.56000000,73036.56000000,0.00478000,1773408599999999,349.27288520,6,0.00408000,298.11136080,0
1773408600000000,73115.17000000,73301.24000000,73097.75000000,73097.75000000,0.00098000,1773408899999999,71.75123060,7,0.00000000,0.00000000,0
1773408900000000,72824.55000000,72960.75000000,72791.57000000,72960.75000000,0.00051000,1773409199999999,37.15418450,4,0.00000000,0.00000000,0
1773409200000000,72950.10000000,73277.61000000,72950.10000000,73277.61000000,0.00519000,1773409499999999,379.96103070,10,0.00463000,339.05182250,0
1773409500000000,73286.18000000,73347.78000000,73276.53000000,73333.54000000,0.07739000,1773409799999999,5672.08556160,7,0.00000000,0.00000000,0
1773409800000000,73459.51000000,73484.38000000,73325.52000000,73328.44000000,0.00396000,1773410099999999,290.50744320,7,0.00068000,49.95012760,0
1773410100000000,73500.00000000,73587.58000000,73401.61000000,73401.61000000,0.01848000,1773410399999999,1358.13596240,11,0.00666000,489.51126020,0
1773410400000000,73522.66000000,73522.66000000,73356.86000000,73356.86000000,0.00599000,1773410699999999,439.62729990,3,0.00599000,439.62729990,0
1773410700000000,73497.36000000,73587.59000000,73396.08000000,73396.08000000,0.01468000,1773410999999999,1079.94864900,6,0.01459000,1073.34300180,0
1773411000000000,73472.11000000,73497.45000000,73439.99000000,73497.45000000,0.03014000,1773411299999999,2214.38591420,7,0.03014000,2214.38591420,0
1773411300000000,73525.74000000,73525.74000000,73372.20000000,73459.32000000,0.00627000,1773411599999999,460.54778020,7,0.00576000,423.11563800,0
1773411600000000,73656.60000000,73868.81000000,73608.70000000,73868.81000000,0.16053000,1773411899999999,11840.91183370,26,0.16039000,11830.58339250,0
1773411900000000,73854.51000000,73854.51000000,73760.91000000,73785.81000000,0.08954000,1773412199999999,6606.61210970,22,0.06741000,4973.96422880,0
1773412200000000,73801.46000000,73929.98000000,73783.47000000,73790.82000000,0.10360000,1773412499999999,7650.80806890,26,0.10360000,7650.80806890,0
1773412500000000,73685.47000000,73685.47000000,73437.56000000,73550.31000000,0.02975000,1773412799999999,2185.93485790,9,0.00799000,587.66187810,0
1773412800000000,73508.89000000,73580.93000000,73014.56000000,73014.56000000,0.18750000,1773413099999999,13784.86396490,32,0.17745000,13049.64672080,0
1773413100000000,72956.12000000,73003.17000000,72783.14000000,72793.01000000,0.01592000,1773413399999999,1161.11015040,15,0.01281000,934.34409910,0
1773413400000000,72635.03000000,72693.92000000,72536.32000000,72596.56000000,0.03619000,1773413699999999,2629.74853840,12,0.03382000,2457.70687910,0
1773413700000000,72683.77000000,72733.78000000,72413.67000000,72413.67000000,0.00655000,1773413999999999,475.13021090,7,0.00332000,241.20899680,0
1773414000000000,72435.70000000,72472.85000000,72257.47000000,72366.88000000,0.00430000,1773414299999999,311.32094850,12,0.00331000,239.69053800,0
1773414300000000,72367.30000000,72444.26000000,72367.30000000,72444.26000000,0.00155000,1773414599999999,112.18547660,2,0.00155000,112.18547660,0
1773414600000000,72635.03000000,72668.17000000,72587.73000000,72587.73000000,0.01805000,1773414899999999,1310.46817290,9,0.01805000,1310.46817290,0
1773414900000000,72816.85000000,72862.05000000,72661.49000000,72683.83000000,0.02346000,1773415199999999,1709.10444180,8,0.02287000,1666.22850390,0
1773415200000000,72787.26000000,72787.26000000,72663.61000000,72663.61000000,0.00580000,1773415499999999,421.70230930,6,0.00000000,0.00000000,0
1773415500000000,72515.75000000,72516.79000000,72495.63000000,72495.63000000,0.00200000,1773415799999999,145.02528320,3,0.00200000,145.02528320,0
1773415800000000,72446.00000000,72570.64000000,72403.52000000,72570.64000000,0.01978000,1773416099999999,1432.85388110,7,0.00360000,261.24728670,0
1773416100000000,72523.14000000,72523.14000000,72391.14000000,72391.14000000,0.00581000,1773416399999999,420.75129420,4,0.00567000,410.61211620,0
1773416400000000,72356.81000000,72356.81000000,71960.27000000,72005.22000000,0.00911000,1773416699999999,657.86091610,8,0.00676000,488.44382860,0
1773416700000000,72034.82000000,72223.63000000,72001.91000000,72190.77000000,0.03761000,1773416999999999,2711.28603430,9,0.00319000,230.03972090,0
1773417000000000,72190.77000000,72190.77000000,72190.77000000,72190.77000000,0.00000000,1773417299999999,0.00000000,0,0.00000000,0.00000000,0
1773417300000000,71823.54000000,71823.54000000,71789.70000000,71789.70000000,0.00752000,1773417599999999,539.95189300,4,0.00676000,485.37034980,0
1773417600000000,71694.80000000,71694.80000000,71683.83000000,71683.83000000,0.00166000,1773417899999999,118.99614510,2,0.00000000,0.00000000,0
1773417900000000,71683.83000000,71718.46000000,71681.37000000,71718.46000000,0.00409000,1773418199999999,293.30208410,5,0.00368000,263.91205820,0
1773418200000000,71748.90000000,71845.02000000,71748.90000000,71822.12000000,0.07916000,1773418499999999,5685.83992630,8,0.07916000,5685.83992630,0
1773418500000000,71508.22000000,71508.22000000,71500.00000000,71500.00000000,0.09809000,1773418799999999,7013.43573980,21,0.00000000,0.00000000,0
1773418800000000,71357.77000000,71357.77000000,71322.12000000,71322.12000000,0.00113000,1773419099999999,80.61942480,5,0.00000000,0.00000000,0
1773419100000000,71322.12000000,71410.47000000,71246.15000000,71410.47000000,0.13876000,1773419399999999,9899.87970030,17,0.00640000,456.91198400,0
1773419400000000,71659.25000000,71659.25000000,71659.25000000,71659.25000000,0.00021000,1773419699999999,15.04844250,1,0.00021000,15.04844250,0
1773419700000000,71675.79000000,71728.17000000,71675.79000000,71728.17000000,0.02629000,1773419999999999,1884.63051390,11,0.02629000,1884.63051390,0
1773420000000000,71852.33000000,71852.33000000,71851.89000000,71851.89000000,0.02142000,1773420299999999,1539.07175040,3,0.00000000,0.00000000,0
1773420300000000,71881.87000000,71881.87000000,71881.87000000,71881.87000000,0.00009000,1773420599999999,6.46936830,1,0.00009000,6.46936830,0
1773420600000000,72053.17000000,72069.42000000,72053.17000000,72069.42000000,0.00078000,1773420899999999,56.20293510,2,0.00078000,56.20293510,0
1773420900000000,71966.18000000,71966.18000000,71966.18000000,71966.18000000,0.00080000,1773421199999999,57.57294400,1,0.00080000,57.57294400,0
1773421200000000,71960.09000000,71960.09000000,71933.40000000,71946.24000000,0.00698000,1773421499999999,502.22409070,3,0.00698000,502.22409070,0
1773421500000000,72014.66000000,72014.66000000,72014.66000000,72014.66000000,0.00022000,1773421799999999,15.84322520,1,0.00022000,15.84322520,0
1773421800000000,72118.04000000,72128.85000000,72081.39000000,72081.39000000,0.01392000,1773422099999999,1004.00474530,6,0.01341000,967.24032230,0
1773422100000000,72081.39000000,72081.39000000,72039.31000000,72039.31000000,0.05294000,1773422399999999,3815.80802770,8,0.00000000,0.00000000,0
1773422400000000,71956.61000000,71956.61000000,71956.61000000,71956.61000000,0.00416000,1773422699999999,299.33949760,1,0.00416000,299.33949760,0
1773422700000000,71831.19000000,71831.19000000,71627.71000000,71627.71000000,0.00069000,1773422999999999,49.50986360,5,0.00032000,22.97308560,0
1773423000000000,71691.02000000,71691.02000000,71691.02000000,71691.02000000,0.00203000,1773423299999999,145.53277060,1,0.00203000,145.53277060,0
1773423300000000,71581.92000000,71581.92000000,71462.31000000,71462.31000000,0.01354000,1773423599999999,967.64088840,4,0.00031000,22.19039520,0
1773423600000000,71136.51000000,71136.51000000,71136.51000000,71136.51000000,0.00011000,1773423899999999,7.82501610,1,0.00000000,0.00000000,0
1773423900000000,71263.59000000,71286.15000000,71122.97000000,71178.05000000,0.00225000,1773424199999999,160.25884690,6,0.00185000,131.80965890,0
1773424200000000,71033.63000000,71057.06000000,71033.63000000,71057.06000000,0.00088000,1773424499999999,62.51381180,2,0.00088000,62.51381180,0
1773424500000000,71202.35000000,71202.35000000,70766.99000000,70879.48000000,0.32766000,1773424799999999,23225.97431640,38,0.00068000,48.41759800,0
1773424800000000,71116.11000000,71116.11000000,71116.11000000,71116.11000000,0.00162000,1773425099999999,115.20809820,1,0.00162000,115.20809820,0
1773425100000000,71116.11000000,71116.11000000,71116.11000000,71116.11000000,0.00000000,1773425399999999,0.00000000,0,0.00000000,0.00000000,0
1773425400000000,71014.64000000,71190.87000000,71014.64000000,71190.87000000,0.00140000,1773425699999999,99.54385700,2,0.00140000,99.54385700,0
1773425700000000,71178.94000000,71178.94000000,71160.17000000,71160.17000000,0.02372000,1773425999999999,1688.35757620,6,0.01377000,980.12712320,0
1773426000000000,70873.23000000,70873.23000000,70873.23000000,70873.23000000,0.00040000,1773426299999999,28.34929200,1,0.00000000,0.00000000,0
1773426300000000,71002.43000000,71136.51000000,70989.98000000,71136.51000000,0.00270000,1773426599999999,191.78501100,5,0.00254000,180.42487120,0
1773426600000000,71290.47000000,71290.47000000,71290.47000000,71290.47000000,0.00088000,1773426899999999,62.73561360,1,0.00088000,62.73561360,0
1773426900000000,71266.13000000,71276.97000000,71234.66000000,71234.66000000,0.02142000,1773427199999999,1526.57813360,6,0.02128000,1516.59935780,0
1773427200000000,71270.00000000,71270.00000000,71248.91000000,71248.91000000,0.25583000,1773427499999999,18232.98933700,11,0.25583000,18232.98933700,0
1773427500000000,71162.19000000,71162.19000000,71098.44000000,71098.44000000,0.01347000,1773427799999999,957.88596180,2,0.01347000,957.88596180,0
1773427800000000,71100.00000000,71100.00000000,71100.00000000,71100.00000000,0.00070000,1773428099999999,49.77000000,1,0.00000000,0.00000000,0
1773428100000000,71100.00000000,71100.00000000,71100.00000000,71100.00000000,0.00000000,1773428399999999,0.00000000,0,0.00000000,0.00000000,0
1773428400000000,71130.10000000,71130.10000000,71067.12000000,71067.12000000,0.00304000,1773428699999999,216.11184420,6,0.00020000,14.22602000,0
1773428700000000,71067.12000000,71067.12000000,71067.12000000,71067.12000000,0.00000000,1773428999999999,0.00000000,0,0.00000000,0.00000000,0
1773429000000000,71067.12000000,71067.12000000,71067.12000000,71067.12000000,0.00000000,1773429299999999,0.00000000,0,0.00000000,0.00000000,0
1773429300000000,71303.38000000,71303.38000000,71303.38000000,71303.38000000,0.00020000,1773429599999999,14.26067600,1,0.00020000,14.26067600,0
1773429600000000,71159.31000000,71168.45000000,71159.31000000,71168.45000000,0.01359000,1773429899999999,967.16288190,3,0.01359000,967.16288190,0
1773429900000000,71089.82000000,71089.82000000,71089.82000000,71089.82000000,0.00036000,1773430199999999,25.59233520,1,0.00036000,25.59233520,0
1773430200000000,71169.74000000,71232.88000000,71169.74000000,71232.88000000,0.01894000,1773430499999999,1348.30945920,5,0.01894000,1348.30945920,0
1773430500000000,71169.12000000,71170.58000000,71148.76000000,71170.58000000,0.00592000,1773430799999999,421.31423370,4,0.00592000,421.31423370,0
1773430800000000,71170.58000000,71170.58000000,71170.58000000,71170.58000000,0.00000000,1773431099999999,0.00000000,0,0.00000000,0.00000000,0
1773431100000000,71169.17000000,71169.17000000,71169.17000000,71169.17000000,0.00070000,1773431399999999,49.81841900,1,0.00070000,49.81841900,0
1773431400000000,71169.17000000,71169.17000000,71169.17000000,71169.17000000,0.03934000,1773431699999999,2799.79514780,2,0.00000000,0.00000000,0
1773431700000000,71169.17000000,71169.17000000,71169.17000000,71169.17000000,0.00000000,1773431999999999,0.00000000,0,0.00000000,0.00000000,0
1773432000000000,71169.17000000,71169.17000000,71169.17000000,71169.17000000,0.00000000,1773432299999999,0.00000000,0,0.00000000,0.00000000,0
1773432300000000,71169.17000000,71169.17000000,71169.17000000,71169.17000000,0.00000000,1773432599999999,0.00000000,0,0.00000000,0.00000000,0
1773432600000000,71322.12000000,71322.12000000,71322.12000000,71322.12000000,0.00009000,1773432899999999,6.41899080,1,0.00009000,6.41899080,0
1773432900000000,71411.45000000,71437.34000000,71411.45000000,71437.34000000,0.00306000,1773433199999999,218.52835740,2,0.00306000,218.52835740,0
1773433200000000,71437.34000000,71437.34000000,71437.34000000,71437.34000000,0.00000000,1773433499999999,0.00000000,0,0.00000000,0.00000000,0
1773433500000000,71326.57000000,71326.57000000,71326.57000000,71326.57000000,0.00081000,1773433799999999,57.77452170,1,0.00081000,57.77452170,0
1773433800000000,71326.47000000,71326.47000000,71326.47000000,71326.47000000,0.00317000,1773434099999999,226.10490990,4,0.00070000,49.92852900,0
1773434100000000,71326.47000000,71326.47000000,71326.47000000,71326.47000000,0.00000000,1773434399999999,0.00000000,0,0.00000000,0.00000000,0
1773434400000000,71326.47000000,71326.47000000,71316.73000000,71316.73000000,0.00079000,1773434699999999,56.34109330,2,0.00070000,49.92171100,0
1773434700000000,71316.73000000,71316.73000000,71316.73000000,71316.73000000,0.00000000,1773434999999999,0.00000000,0,0.00000000,0.00000000,0
1773435000000000,71431.78000000,71431.78000000,71431.78000000,71431.78000000,0.00040000,1773435299999999,28.57271200,1,0.00040000,28.57271200,0
1773435300000000,71405.13000000,71405.43000000,71405.13000000,71405.43000000,0.00596000,1773435599999999,425.57465580,2,0.00596000,425.57465580,0
1773435600000000,71389.22000000,71389.22000000,71389.22000000,71389.22000000,0.00280000,1773435899999999,199.88981600,1,0.00280000,199.88981600,0
1773435900000000,71494.18000000,71513.74000000,71494.18000000,71500.86000000,0.00360000,1773436199999999,257.43293840,3,0.00360000,257.43293840,0
1773436200000000,71500.86000000,71500.86000000,71500.86000000,71500.86000000,0.00000000,1773436499999999,0.00000000,0,0.00000000,0.00000000,0
1773436500000000,71445.86000000,71445.86000000,71445.86000000,71445.86000000,0.00105000,1773436799999999,75.01815300,2,0.00105000,75.01815300,0
1773436800000000,71413.31000000,71413.31000000,71413.31000000,71413.31000000,0.00257000,1773437099999999,183.53220670,1,0.00257000,183.53220670,0
1773437100000000,71196.75000000,71196.75000000,71196.75000000,71196.75000000,0.00014000,1773437399999999,9.96754500,1,0.00000000,0.00000000,0
1773437400000000,71192.59000000,71192.59000000,71192.59000000,71192.59000000,0.00022000,1773437699999999,15.66236980,1,0.00000000,0.00000000,0
1773437700000000,71192.59000000,71192.59000000,71136.51000000,71136.51000000,0.00041000,1773437999999999,29.18391470,2,0.00000000,0.00000000,0
1773438000000000,71101.33000000,71124.79000000,71101.33000000,71124.79000000,0.00136000,1773438299999999,96.71329020,3,0.00136000,96.71329020,0
1773438300000000,71162.40000000,71241.31000000,71162.40000000,71168.68000000,0.02032000,1773438599999999,1446.35956800,13,0.00178000,126.74544680,0
1773438600000000,71168.68000000,71168.68000000,71168.68000000,71168.68000000,0.00000000,1773438899999999,0.00000000,0,0.00000000,0.00000000,0
1773438900000000,71168.68000000,71168.68000000,71168.68000000,71168.68000000,0.00000000,1773439199999999,0.00000000,0,0.00000000,0.00000000,0
1773439200000000,71147.63000000,71147.63000000,70766.74000000,70766.74000000,0.01310000,1773439499999999,930.28665030,15,0.00147000,104.38938790,0
1773439500000000,70766.74000000,70766.74000000,70766.74000000,70766.74000000,0.00000000,1773439799999999,0.00000000,0,0.00000000,0.00000000,0
1773439800000000,70872.49000000,70872.49000000,70872.49000000,70872.49000000,0.00325000,1773440099999999,230.33559250,1,0.00325000,230.33559250,0
1773440100000000,70821.25000000,70832.37000000,70699.88000000,70832.37000000,0.00336000,1773440399999999,237.94474340,3,0.00322000,228.04676020,0
1773440400000000,70695.54000000,70723.76000000,70694.54000000,70723.76000000,0.02214000,1773440699999999,1565.19320960,3,0.00020000,14.14475200,0
1773440700000000,70705.89000000,70705.89000000,70649.73000000,70649.73000000,0.00397000,1773440999999999,280.65536250,3,0.00314000,222.01608660,0
1773441000000000,70649.38000000,70727.67000000,70600.00000000,70727.67000000,0.00289000,1773441299999999,204.20362560,6,0.00110000,77.80043700,0
1773441300000000,70688.24000000,70688.24000000,70688.24000000,70688.24000000,0.00014000,1773441599999999,9.89635360,1,0.00000000,0.00000000,0
1773441600000000,70739.21000000,70790.58000000,70739.21000000,70787.14000000,0.00884000,1773441899999999,625.74828900,3,0.00884000,625.74828900,0
1773441900000000,70733.97000000,70742.84000000,70733.97000000,70742.84000000,0.00109000,1773442199999999,77.10251090,2,0.00081000,57.29451570,0
1773442200000000,70731.34000000,70773.87000000,70719.06000000,70773.87000000,0.00231000,1773442499999999,163.44496280,4,0.00081000,57.32683470,0
1773442500000000,70831.82000000,70831.82000000,70831.82000000,70831.82000000,0.00273000,1773442799999999,193.37086860,1,0.00273000,193.37086860,0
1773442800000000,70831.82000000,70831.82000000,70831.82000000,70831.82000000,0.00000000,1773443099999999,0.00000000,0,0.00000000,0.00000000,0
1773443100000000,70791.37000000,70791.37000000,70791.37000000,70791.37000000,0.00164000,1773443399999999,116.09784680,1,0.00000000,0.00000000,0
1773443400000000,70791.37000000,70815.39000000,70791.37000000,70815.39000000,0.00559000,1773443699999999,395.85119210,3,0.00559000,395.85119210,0
1773443700000000,70836.41000000,70836.41000000,70836.41000000,70836.41000000,0.00172000,1773443999999999,121.83862520,1,0.00000000,0.00000000,0
1773444000000000,70836.41000000,70836.41000000,70836.41000000,70836.41000000,0.00000000,1773444299999999,0.00000000,0,0.00000000,0.00000000,0
1773444300000000,70951.39000000,70971.66000000,70951.39000000,70971.66000000,0.00021000,1773444599999999,14.90222430,2,0.00021000,14.90222430,0
1773444600000000,70922.59000000,70922.59000000,70906.35000000,70906.35000000,0.00147000,1773444899999999,104.25442090,2,0.00136000,96.45472240,0
1773444900000000,70906.35000000,70906.35000000,70906.35000000,70906.35000000,0.00000000,1773445199999999,0.00000000,0,0.00000000,0.00000000,0
1773445200000000,70950.17000000,70950.17000000,70950.17000000,70950.17000000,0.00068000,1773445499999999,48.24611560,1,0.00068000,48.24611560,0
1773445500000000,71000.58000000,71000.58000000,70950.17000000,70950.17000000,0.00253000,1773445799999999,179.61859790,3,0.00218000,154.78126440,0
1773445800000000,70952.57000000,70952.57000000,70926.22000000,70926.22000000,0.00103000,1773446099999999,73.05980360,2,0.00022000,15.60956540,0
1773446100000000,70926.22000000,70926.22000000,70926.22000000,70926.22000000,0.00000000,1773446399999999,0.00000000,0,0.00000000,0.00000000,0
1773446400000000,70908.39000000,70908.39000000,70834.00000000,70876.42000000,0.04242000,1773446699999999,3006.51106680,6,0.04214000,2986.66713220,0
1773446700000000,70876.42000000,70876.42000000,70876.42000000,70876.42000000,0.00000000,1773446999999999,0.00000000,0,0.00000000,0.00000000,0
1773447000000000,70861.34000000,70861.71000000,70861.34000000,70861.71000000,0.02470000,1773447299999999,1750.28336380,2,0.02470000,1750.28336380,0
1773447300000000,70904.69000000,70904.69000000,70904.69000000,70904.69000000,0.00120000,1773447599999999,85.08562800,1,0.00120000,85.08562800,0
1773447600000000,70904.69000000,70904.69000000,70904.69000000,70904.69000000,0.00000000,1773447899999999,0.00000000,0,0.00000000,0.00000000,0
1773447900000000,70904.69000000,70904.69000000,70860.33000000,70860.33000000,0.00075000,1773448199999999,53.15925070,4,0.00000000,0.00000000,0
1773448200000000,70944.22000000,70944.22000000,70944.22000000,70944.22000000,0.00041000,1773448499999999,29.08713020,1,0.00041000,29.08713020,0
1773448500000000,70955.16000000,70955.16000000,70955.16000000,70955.16000000,0.00177000,1773448799999999,125.59063320,1,0.00177000,125.59063320,0
1773448800000000,70830.80000000,70830.80000000,70629.24000000,70636.71000000,0.03708000,1773449099999999,2621.05310580,10,0.00593000,420.02664400,0
1773449100000000,70636.71000000,70636.71000000,70636.71000000,70636.71000000,0.00000000,1773449399999999,0.00000000,0,0.00000000,0.00000000,0
1773449400000000,70611.18000000,70638.80000000,70611.18000000,70638.80000000,0.00232000,1773449699999999,163.87665820,3,0.00218000,153.99109300,0
1773449700000000,70699.76000000,70727.87000000,70699.76000000,70727.87000000,0.10008000,1773449999999999,7076.99106670,4,0.10008000,7076.99106670,0
1773450000000000,70727.87000000,70727.87000000,70727.87000000,70727.87000000,0.00000000,1773450299999999,0.00000000,0,0.00000000,0.00000000,0
1773450300000000,70727.87000000,70727.87000000,70727.87000000,70727.87000000,0.00000000,1773450599999999,0.00000000,0,0.00000000,0.00000000,0
1773450600000000,70766.20000000,70766.20000000,70766.20000000,70766.20000000,0.00137000,1773450899999999,96.94969400,1,0.00137000,96.94969400,0
1773450900000000,70763.86000000,70768.12000000,70763.86000000,70768.12000000,0.00239000,1773451199999999,169.13241740,3,0.00239000,169.13241740,0
1773451200000000,70813.43000000,70813.43000000,70813.43000000,70813.43000000,0.00025000,1773451499999999,17.70335750,1,0.00025000,17.70335750,0
1773451500000000,70813.43000000,70813.43000000,70813.43000000,70813.43000000,0.00000000,1773451799999999,0.00000000,0,0.00000000,0.00000000,0
1773451800000000,70813.43000000,70813.43000000,70813.43000000,70813.43000000,0.00000000,1773452099999999,0.00000000,0,0.00000000,0.00000000,0
1773452100000000,70667.74000000,70725.31000000,70535.32000000,70725.31000000,0.02756000,1773452399999999,1944.90516830,13,0.00000000,0.00000000,0
1773452400000000,70712.27000000,70712.27000000,70699.68000000,70699.68000000,0.00135000,1773452699999999,95.44633060,2,0.00000000,0.00000000,0
1773452700000000,70892.12000000,70892.12000000,70892.12000000,70892.12000000,0.00134000,1773452999999999,94.99544080,1,0.00134000,94.99544080,0
1773453000000000,70912.64000000,70912.64000000,70888.82000000,70888.82000000,0.00049000,1773453299999999,34.74266780,2,0.00049000,34.74266780,0
1773453300000000,70888.82000000,70888.82000000,70888.82000000,70888.82000000,0.00000000,1773453599999999,0.00000000,0,0.00000000,0.00000000,0
1773453600000000,70888.82000000,70888.82000000,70888.82000000,70888.82000000,0.00000000,1773453899999999,0.00000000,0,0.00000000,0.00000000,0
1773453900000000,70888.82000000,70888.82000000,70888.82000000,70888.82000000,0.00000000,1773454199999999,0.00000000,0,0.00000000,0.00000000,0
1773454200000000,70847.63000000,70847.63000000,70847.63000000,70847.63000000,0.00021000,1773454499999999,14.87800230,1,0.00021000,14.87800230,0
1773454500000000,70847.63000000,70847.63000000,70847.63000000,70847.63000000,0.00000000,1773454799999999,0.00000000,0,0.00000000,0.00000000,0
1773454800000000,70847.63000000,70847.63000000,70847.63000000,70847.63000000,0.00000000,1773455099999999,0.00000000,0,0.00000000,0.00000000,0
1773455100000000,70847.63000000,70847.63000000,70847.63000000,70847.63000000,0.00000000,1773455399999999,0.00000000,0,0.00000000,0.00000000,0
1773455400000000,70847.63000000,70847.63000000,70847.63000000,70847.63000000,0.00000000,1773455699999999,0.00000000,0,0.00000000,0.00000000,0
1773455700000000,70847.63000000,70847.63000000,70847.63000000,70847.63000000,0.00000000,1773455999999999,0.00000000,0,0.00000000,0.00000000,0
1773456000000000,70847.63000000,70847.63000000,70847.63000000,70847.63000000,0.00000000,1773456299999999,0.00000000,0,0.00000000,0.00000000,0
1773456300000000,70847.63000000,70847.63000000,70847.63000000,70847.63000000,0.00000000,1773456599999999,0.00000000,0,0.00000000,0.00000000,0
1773456600000000,70860.02000000,70860.02000000,70860.02000000,70860.02000000,0.00131000,1773456899999999,92.82662620,1,0.00131000,92.82662620,0
1773456900000000,70832.60000000,70832.60000000,70832.60000000,70832.60000000,0.00071000,1773457199999999,50.29114600,1,0.00071000,50.29114600,0
1773457200000000,70832.60000000,70832.60000000,70832.60000000,70832.60000000,0.00000000,1773457499999999,0.00000000,0,0.00000000,0.00000000,0
1773457500000000,70951.39000000,70951.39000000,70951.39000000,70951.39000000,0.00009000,1773457799999999,6.38562510,1,0.00009000,6.38562510,0
1773457800000000,71013.15000000,71013.15000000,71013.15000000,71013.15000000,0.00045000,1773458099999999,31.95591750,1,0.00045000,31.95591750,0
1773458100000000,71013.15000000,71013.15000000,71013.15000000,71013.15000000,0.00000000,1773458399999999,0.00000000,0,0.00000000,0.00000000,0
1773458400000000,71013.15000000,71013.15000000,71013.15000000,71013.15000000,0.00000000,1773458699999999,0.00000000,0,0.00000000,0.00000000,0
1773458700000000,71043.09000000,71043.09000000,71043.09000000,71043.09000000,0.00018000,1773458999999999,12.78775620,1,0.00000000,0.00000000,0
1773459000000000,71136.51000000,71150.15000000,71136.51000000,71150.15000000,0.00192000,1773459299999999,136.60706040,2,0.00009000,6.40228590,0
1773459300000000,71125.23000000,71125.23000000,71125.23000000,71125.23000000,0.00018000,1773459599999999,12.80254140,1,0.00018000,12.80254140,0
1773459600000000,71125.23000000,71125.23000000,71125.23000000,71125.23000000,0.00000000,1773459899999999,0.00000000,0,0.00000000,0.00000000,0
1773459900000000,71125.23000000,71125.23000000,71125.23000000,71125.23000000,0.00000000,1773460199999999,0.00000000,0,0.00000000,0.00000000,0
1773460200000000,71125.23000000,71125.23000000,71125.23000000,71125.23000000,0.00000000,1773460499999999,0.00000000,0,0.00000000,0.00000000,0
1773460500000000,71125.23000000,71125.23000000,71125.23000000,71125.23000000,0.00000000,1773460799999999,0.00000000,0,0.00000000,0.00000000,0
1773460800000000,71125.23000000,71125.23000000,71125.23000000,71125.23000000,0.00000000,1773461099999999,0.00000000,0,0.00000000,0.00000000,0
1773461100000000,71172.95000000,71172.95000000,71172.95000000,71172.95000000,0.00070000,1773461399999999,49.82106500,1,0.00070000,49.82106500,0
1773461400000000,71172.95000000,71172.95000000,71172.95000000,71172.95000000,0.00000000,1773461699999999,0.00000000,0,0.00000000,0.00000000,0
1773461700000000,71172.95000000,71172.95000000,71172.95000000,71172.95000000,0.00027000,1773461999999999,19.21669650,1,0.00000000,0.00000000,0
1773462000000000,71172.95000000,71172.95000000,71172.95000000,71172.95000000,0.00000000,1773462299999999,0.00000000,0,0.00000000,0.00000000,0
1773462300000000,71172.83000000,71172.95000000,71172.83000000,71172.95000000,0.00108000,1773462599999999,76.86668880,2,0.00108000,76.86668880,0
1773462600000000,71177.87000000,71177.87000000,71177.87000000,71177.87000000,0.00339000,1773462899999999,241.29297930,1,0.00339000,241.29297930,0
1773462900000000,71177.87000000,71177.87000000,71177.87000000,71177.87000000,0.00000000,1773463199999999,0.00000000,0,0.00000000,0.00000000,0
1773463200000000,71177.87000000,71177.87000000,71177.87000000,71177.87000000,0.00000000,1773463499999999,0.00000000,0,0.00000000,0.00000000,0
1773463500000000,71306.93000000,71581.61000000,71306.93000000,71581.61000000,0.38658000,1773463799999999,27622.34469170,21,0.38658000,27622.34469170,0
1773463800000000,71581.61000000,71581.61000000,71581.61000000,71581.61000000,0.00000000,1773464099999999,0.00000000,0,0.00000000,0.00000000,0
1773464100000000,71581.61000000,71581.61000000,71581.61000000,71581.61000000,0.00000000,1773464399999999,0.00000000,0,0.00000000,0.00000000,0
1773464400000000,71052.51000000,71052.51000000,71052.51000000,71052.51000000,0.00010000,1773464699999999,7.10525100,1,0.00000000,0.00000000,0
1773464700000000,71086.26000000,71086.26000000,71086.26000000,71086.26000000,0.00070000,1773464999999999,49.76038200,1,0.00070000,49.76038200,0
1773465000000000,71086.26000000,71086.26000000,71086.26000000,71086.26000000,0.00000000,1773465299999999,0.00000000,0,0.00000000,0.00000000,0
1773465300000000,71134.52000000,71134.52000000,71134.52000000,71134.52000000,0.00028000,1773465599999999,19.91766560,1,0.00028000,19.91766560,0
1773465600000000,71107.97000000,71107.97000000,71107.97000000,71107.97000000,0.00124000,1773465899999999,88.17388280,1,0.00000000,0.00000000,0
1773465900000000,71107.97000000,71107.97000000,71107.97000000,71107.97000000,0.00000000,1773466199999999,0.00000000,0,0.00000000,0.00000000,0
1773466200000000,71107.97000000,71107.97000000,71052.51000000,71052.51000000,0.00104000,1773466499999999,73.93565080,2,0.00000000,0.00000000,0
1773466500000000,71052.51000000,71052.51000000,71052.51000000,71052.51000000,0.00000000,1773466799999999,0.00000000,0,0.00000000,0.00000000,0
1773466800000000,71052.51000000,71052.51000000,71052.51000000,71052.51000000,0.00000000,1773467099999999,0.00000000,0,0.00000000,0.00000000,0
1773467100000000,71052.51000000,71052.51000000,71052.51000000,71052.51000000,0.00000000,1773467399999999,0.00000000,0,0.00000000,0.00000000,0
1773467400000000,71052.51000000,71052.51000000,71052.51000000,71052.51000000,0.00000000,1773467699999999,0.00000000,0,0.00000000,0.00000000,0
1773467700000000,71052.51000000,71052.51000000,71052.51000000,71052.51000000,0.00000000,1773467999999999,0.00000000,0,0.00000000,0.00000000,0
1773468000000000,71052.51000000,71052.51000000,71052.51000000,71052.51000000,0.00000000,1773468299999999,0.00000000,0,0.00000000,0.00000000,0
1773468300000000,70930.50000000,70930.50000000,70929.54000000,70929.54000000,0.01891000,1773468599999999,1341.28948620,2,0.00000000,0.00000000,0
1773468600000000,70958.71000000,70958.71000000,70958.71000000,70958.71000000,0.00214000,1773468899999999,151.85163940,1,0.00214000,151.85163940,0
1773468900000000,70914.04000000,70914.04000000,70848.05000000,70848.05000000,0.00173000,1773469199999999,122.67535010,2,0.00009000,6.37632450,0
1773469200000000,70843.95000000,70843.95000000,70843.95000000,70843.95000000,0.00112000,1773469499999999,79.34522400,1,0.00112000,79.34522400,0
1773469500000000,70766.74000000,70766.74000000,70741.24000000,70741.24000000,0.00038000,1773469799999999,26.88575120,3,0.00015000,10.61118600,0
1773469800000000,70741.24000000,70741.24000000,70741.24000000,70741.24000000,0.00000000,1773470099999999,0.00000000,0,0.00000000,0.00000000,0
1773470100000000,70734.52000000,70734.52000000,70582.58000000,70582.58000000,0.00285000,1773470399999999,201.32666740,4,0.00076000,53.75823520,0
1773470400000000,70497.57000000,70497.57000000,70398.89000000,70398.89000000,0.01638000,1773470699999999,1153.17674480,8,0.00000000,0.00000000,0
1773470700000000,70631.15000000,70631.15000000,70631.15000000,70631.15000000,0.00071000,1773470999999999,50.14811650,1,0.00071000,50.14811650,0
1773471000000000,70631.15000000,70631.15000000,70631.15000000,70631.15000000,0.00000000,1773471299999999,0.00000000,0,0.00000000,0.00000000,0
1773471300000000,70631.15000000,70631.15000000,70631.15000000,70631.15000000,0.00000000,1773471599999999,0.00000000,0,0.00000000,0.00000000,0
1773471600000000,70631.15000000,70631.15000000,70631.15000000,70631.15000000,0.00000000,1773471899999999,0.00000000,0,0.00000000,0.00000000,0
1773471900000000,70631.15000000,70631.15000000,70631.15000000,70631.15000000,0.00000000,1773472199999999,0.00000000,0,0.00000000,0.00000000,0
1773472200000000,70631.15000000,70631.15000000,70631.15000000,70631.15000000,0.00000000,1773472499999999,0.00000000,0,0.00000000,0.00000000,0
1773472500000000,70631.15000000,70631.15000000,70631.15000000,70631.15000000,0.00000000,1773472799999999,0.00000000,0,0.00000000,0.00000000,0
1773472800000000,70631.15000000,70631.15000000,70631.15000000,70631.15000000,0.00000000,1773473099999999,0.00000000,0,0.00000000,0.00000000,0
1773473100000000,70687.33000000,70687.33000000,70687.33000000,70687.33000000,0.00058000,1773473399999999,40.99865140,1,0.00058000,40.99865140,0
1773473400000000,70687.33000000,70687.33000000,70687.33000000,70687.33000000,0.00000000,1773473699999999,0.00000000,0,0.00000000,0.00000000,0
1773473700000000,70582.58000000,70610.37000000,70582.58000000,70610.37000000,0.00018000,1773473999999999,12.70736550,2,0.00009000,6.35493330,0
1773474000000000,70610.59000000,70610.59000000,70610.59000000,70610.59000000,0.00028000,1773474299999999,19.77096520,1,0.00028000,19.77096520,0
1773474300000000,70610.59000000,70610.59000000,70610.59000000,70610.59000000,0.00000000,1773474599999999,0.00000000,0,0.00000000,0.00000000,0
1773474600000000,70610.59000000,70610.59000000,70610.59000000,70610.59000000,0.00000000,1773474899999999,0.00000000,0,0.00000000,0.00000000,0
1773474900000000,70599.51000000,70616.47000000,70599.51000000,70608.00000000,0.02324000,1773475199999999,1640.88434260,9,0.02124000,1499.66834260,0
1773475200000000,70608.00000000,70608.00000000,70608.00000000,70608.00000000,0.00000000,1773475499999999,0.00000000,0,0.00000000,0.00000000,0
1773475500000000,70608.00000000,70608.00000000,70608.00000000,70608.00000000,0.00000000,1773475799999999,0.00000000,0,0.00000000,0.00000000,0
1773475800000000,70692.47000000,70698.06000000,70692.47000000,70698.06000000,0.00711000,1773476099999999,502.65271350,3,0.00711000,502.65271350,0
1773476100000000,70698.06000000,70698.06000000,70698.06000000,70698.06000000,0.00000000,1773476399999999,0.00000000,0,0.00000000,0.00000000,0
1773476400000000,70698.06000000,70698.06000000,70698.06000000,70698.06000000,0.00000000,1773476699999999,0.00000000,0,0.00000000,0.00000000,0
1773476700000000,70698.06000000,70698.06000000,70698.06000000,70698.06000000,0.00000000,1773476999999999,0.00000000,0,0.00000000,0.00000000,0
1773477000000000,70682.01000000,70682.01000000,70682.01000000,70682.01000000,0.00125000,1773477299999999,88.35251250,1,0.00125000,88.35251250,0
1773477300000000,70667.87000000,70675.98000000,70667.87000000,70675.98000000,0.01450000,1773477599999999,1024.80057460,2,0.01436000,1014.90707280,0
1773477600000000,70617.01000000,70629.23000000,70617.01000000,70622.14000000,0.00890000,1773477899999999,628.58836550,4,0.00890000,628.58836550,0
1773477900000000,70622.14000000,70622.14000000,70622.14000000,70622.14000000,0.00000000,1773478199999999,0.00000000,0,0.00000000,0.00000000,0
1773478200000000,70622.14000000,70622.14000000,70622.14000000,70622.14000000,0.00000000,1773478499999999,0.00000000,0,0.00000000,0.00000000,0
1773478500000000,70622.14000000,70622.14000000,70622.14000000,70622.14000000,0.00000000,1773478799999999,0.00000000,0,0.00000000,0.00000000,0
1773478800000000,70574.22000000,70574.22000000,70574.22000000,70574.22000000,0.00021000,1773479099999999,14.82058620,1,0.00000000,0.00000000,0
1773479100000000,70574.22000000,70574.22000000,70574.22000000,70574.22000000,0.00000000,1773479399999999,0.00000000,0,0.00000000,0.00000000,0
1773479400000000,70574.22000000,70574.22000000,70574.22000000,70574.22000000,0.00000000,1773479699999999,0.00000000,0,0.00000000,0.00000000,0
1773479700000000,70709.12000000,70710.36000000,70709.12000000,70710.36000000,0.00273000,1773479999999999,193.03899760,2,0.00273000,193.03899760,0
1773480000000000,70719.17000000,70719.17000000,70692.82000000,70692.82000000,0.00042000,1773480299999999,29.69599090,2,0.00042000,29.69599090,0
1773480300000000,70688.48000000,70688.48000000,70688.48000000,70688.48000000,0.00410000,1773480599999999,289.82276800,1,0.00410000,289.82276800,0
1773480600000000,70688.48000000,70688.48000000,70688.48000000,70688.48000000,0.00000000,1773480899999999,0.00000000,0,0.00000000,0.00000000,0
1773480900000000,70688.48000000,70688.48000000,70688.48000000,70688.48000000,0.00000000,1773481199999999,0.00000000,0,0.00000000,0.00000000,0
1773481200000000,70621.44000000,70621.44000000,70621.44000000,70621.44000000,0.00017000,1773481499999999,12.00564480,1,0.00017000,12.00564480,0
1773481500000000,70574.22000000,70574.22000000,70433.94000000,70433.94000000,0.01063000,1773481799999999,750.05187940,4,0.00000000,0.00000000,0
1773481800000000,70489.65000000,70489.65000000,70489.65000000,70489.65000000,0.00025000,1773482099999999,17.62241250,1,0.00025000,17.62241250,0
1773482100000000,70489.65000000,70489.65000000,70489.65000000,70489.65000000,0.00000000,1773482399999999,0.00000000,0,0.00000000,0.00000000,0
1773482400000000,70484.74000000,70484.74000000,70484.74000000,70484.74000000,0.00012000,1773482699999999,8.45816880,1,0.00000000,0.00000000,0
1773482700000000,70484.74000000,70484.74000000,70484.74000000,70484.74000000,0.00000000,1773482999999999,0.00000000,0,0.00000000,0.00000000,0
1773483000000000,70484.74000000,70484.74000000,70484.74000000,70484.74000000,0.00000000,1773483299999999,0.00000000,0,0.00000000,0.00000000,0
1773483300000000,70550.62000000,70550.62000000,70480.04000000,70480.04000000,0.00093000,1773483599999999,65.57099440,6,0.00040000,28.20613200,0
1773483600000000,70480.04000000,70480.04000000,70480.04000000,70480.04000000,0.00000000,1773483899999999,0.00000000,0,0.00000000,0.00000000,0
1773483900000000,70466.12000000,70466.12000000,70466.12000000,70466.12000000,0.00439000,1773484199999999,309.34626680,1,0.00439000,309.34626680,0
1773484200000000,70466.12000000,70466.12000000,70466.12000000,70466.12000000,0.00000000,1773484499999999,0.00000000,0,0.00000000,0.00000000,0
1773484500000000,70470.03000000,70478.58000000,70470.03000000,70478.58000000,0.03754000,1773484799999999,2645.72339970,4,0.02107000,1484.94118710,0
1773484800000000,70516.69000000,70516.69000000,70516.69000000,70516.69000000,0.00014000,1773485099999999,9.87233660,1,0.00000000,0.00000000,0
1773485100000000,70516.69000000,70516.69000000,70516.69000000,70516.69000000,0.00000000,1773485399999999,0.00000000,0,0.00000000,0.00000000,0
1773485400000000,70516.69000000,70516.69000000,70516.69000000,70516.69000000,0.00000000,1773485699999999,0.00000000,0,0.00000000,0.00000000,0
1773485700000000,70516.69000000,70516.69000000,70516.69000000,70516.69000000,0.00000000,1773485999999999,0.00000000,0,0.00000000,0.00000000,0
1773486000000000,70608.38000000,70621.44000000,70608.38000000,70621.44000000,0.00063000,1773486299999999,44.48615260,2,0.00022000,15.53671680,0
1773486300000000,70621.44000000,70621.44000000,70621.44000000,70621.44000000,0.00000000,1773486599999999,0.00000000,0,0.00000000,0.00000000,0
1773486600000000,70621.44000000,70621.44000000,70621.44000000,70621.44000000,0.00000000,1773486899999999,0.00000000,0,0.00000000,0.00000000,0
1773486900000000,70703.73000000,70703.73000000,70703.73000000,70703.73000000,0.00038000,1773487199999999,26.86741740,1,0.00038000,26.86741740,0
1773487200000000,70703.73000000,70703.73000000,70703.73000000,70703.73000000,0.00000000,1773487499999999,0.00000000,0,0.00000000,0.00000000,0
1773487500000000,70691.99000000,70691.99000000,70691.99000000,70691.99000000,0.00014000,1773487799999999,9.89687860,1,0.00000000,0.00000000,0
1773487800000000,70691.99000000,70691.99000000,70691.99000000,70691.99000000,0.00000000,1773488099999999,0.00000000,0,0.00000000,0.00000000,0
1773488100000000,70691.99000000,70691.99000000,70691.99000000,70691.99000000,0.00000000,1773488399999999,0.00000000,0,0.00000000,0.00000000,0
1773488400000000,70691.99000000,70691.99000000,70691.99000000,70691.99000000,0.00000000,1773488699999999,0.00000000,0,0.00000000,0.00000000,0
1773488700000000,70691.99000000,70691.99000000,70691.99000000,70691.99000000,0.00000000,1773488999999999,0.00000000,0,0.00000000,0.00000000,0
1773489000000000,70691.99000000,70691.99000000,70691.99000000,70691.99000000,0.00000000,1773489299999999,0.00000000,0,0.00000000,0.00000000,0
1773489300000000,70725.66000000,70726.48000000,70725.66000000,70726.48000000,0.00288000,1773489599999999,203.69213120,2,0.00288000,203.69213120,0
1773489600000000,70726.48000000,70726.48000000,70726.48000000,70726.48000000,0.00000000,1773489899999999,0.00000000,0,0.00000000,0.00000000,0
1773489900000000,70726.48000000,70726.48000000,70726.48000000,70726.48000000,0.00000000,1773490199999999,0.00000000,0,0.00000000,0.00000000,0
1773490200000000,70726.48000000,70726.48000000,70726.48000000,70726.48000000,0.00000000,1773490499999999,0.00000000,0,0.00000000,0.00000000,0
1773490500000000,70767.91000000,70767.91000000,70718.93000000,70718.93000000,0.00065000,1773490799999999,45.98469290,3,0.00033000,23.35341030,0
1773490800000000,70770.40000000,70780.79000000,70770.40000000,70780.79000000,0.01278000,1773491099999999,904.47260430,5,0.01278000,904.47260430,0
1773491100000000,70780.79000000,70780.79000000,70780.79000000,70780.79000000,0.00000000,1773491399999999,0.00000000,0,0.00000000,0.00000000,0
1773491400000000,70780.79000000,70780.79000000,70780.79000000,70780.79000000,0.00000000,1773491699999999,0.00000000,0,0.00000000,0.00000000,0
1773491700000000,70780.79000000,70780.79000000,70780.79000000,70780.79000000,0.00000000,1773491999999999,0.00000000,0,0.00000000,0.00000000,0
1773492000000000,70780.79000000,70780.79000000,70780.79000000,70780.79000000,0.00000000,1773492299999999,0.00000000,0,0.00000000,0.00000000,0
1773492300000000,70780.79000000,70780.79000000,70780.79000000,70780.79000000,0.00000000,1773492599999999,0.00000000,0,0.00000000,0.00000000,0
1773492600000000,70757.70000000,70757.70000000,70757.70000000,70757.70000000,0.00164000,1773492899999999,116.04262800,1,0.00164000,116.04262800,0
1773492900000000,70762.80000000,70762.80000000,70762.80000000,70762.80000000,0.00071000,1773493199999999,50.24158800,1,0.00071000,50.24158800,0
1773493200000000,70771.19000000,70771.19000000,70771.19000000,70771.19000000,0.00071000,1773493499999999,50.24754490,1,0.00071000,50.24754490,0
1773493500000000,70771.19000000,70771.19000000,70771.19000000,70771.19000000,0.00000000,1773493799999999,0.00000000,0,0.00000000,0.00000000,0
1773493800000000,70771.19000000,70771.19000000,70771.19000000,70771.19000000,0.00000000,1773494099999999,0.00000000,0,0.00000000,0.00000000,0
1773494100000000,70847.08000000,70869.29000000,70847.08000000,70869.29000000,0.00399000,1773494399999999,282.73688650,4,0.00399000,282.73688650,0
1773494400000000,70869.29000000,70869.29000000,70869.29000000,70869.29000000,0.00000000,1773494699999999,0.00000000,0,0.00000000,0.00000000,0
1773494700000000,70869.29000000,70869.29000000,70869.29000000,70869.29000000,0.00000000,1773494999999999,0.00000000,0,0.00000000,0.00000000,0
1773495000000000,70869.29000000,70869.29000000,70869.29000000,70869.29000000,0.00000000,1773495299999999,0.00000000,0,0.00000000,0.00000000,0
1773495300000000,70869.29000000,70869.29000000,70869.29000000,70869.29000000,0.00000000,1773495599999999,0.00000000,0,0.00000000,0.00000000,0
1773495600000000,70903.38000000,70903.38000000,70903.38000000,70903.38000000,0.00036000,1773495899999999,25.52521680,1,0.00036000,25.52521680,0
1773495900000000,70903.38000000,70903.38000000,70903.38000000,70903.38000000,0.00000000,1773496199999999,0.00000000,0,0.00000000,0.00000000,0
1773496200000000,70903.38000000,70903.38000000,70903.38000000,70903.38000000,0.00000000,1773496499999999,0.00000000,0,0.00000000,0.00000000,0
1773496500000000,70903.38000000,70903.38000000,70903.38000000,70903.38000000,0.00000000,1773496799999999,0.00000000,0,0.00000000,0.00000000,0
1773496800000000,70903.38000000,70903.38000000,70903.38000000,70903.38000000,0.00000000,1773497099999999,0.00000000,0,0.00000000,0.00000000,0
1773497100000000,70920.13000000,70920.13000000,70920.13000000,70920.13000000,0.00135000,1773497399999999,95.74217550,1,0.00135000,95.74217550,0
1773497400000000,70771.19000000,70771.19000000,70766.46000000,70766.46000000,0.01644000,1773497699999999,1163.47155240,3,0.00144000,101.90370240,0
1773497700000000,70766.46000000,70766.46000000,70766.46000000,70766.46000000,0.00000000,1773497999999999,0.00000000,0,0.00000000,0.00000000,0
1773498000000000,70807.48000000,70820.57000000,70807.48000000,70820.57000000,0.00096000,1773498299999999,67.97647730,3,0.00096000,67.97647730,0
1773498300000000,70820.57000000,70820.57000000,70820.57000000,70820.57000000,0.00000000,1773498599999999,0.00000000,0,0.00000000,0.00000000,0
1773498600000000,70845.92000000,70845.92000000,70845.92000000,70845.92000000,0.00014000,1773498899999999,9.91842880,1,0.00014000,9.91842880,0
1773498900000000,70845.92000000,70845.92000000,70845.92000000,70845.92000000,0.00000000,1773499199999999,0.00000000,0,0.00000000,0.00000000,0
1773499200000000,70673.34000000,70673.34000000,70621.44000000,70621.44000000,0.00783000,1773499499999999,553.22537520,2,0.00000000,0.00000000,0
1773499500000000,70621.44000000,70621.44000000,70621.44000000,70621.44000000,0.00000000,1773499799999999,0.00000000,0,0.00000000,0.00000000,0
1773499800000000,70621.44000000,70621.44000000,70621.44000000,70621.44000000,0.00000000,1773500099999999,0.00000000,0,0.00000000,0.00000000,0
1773500100000000,70621.44000000,70621.44000000,70621.44000000,70621.44000000,0.00000000,1773500399999999,0.00000000,0,0.00000000,0.00000000,0
1773500400000000,70631.17000000,70672.24000000,70631.17000000,70672.24000000,0.00455000,1773500699999999,321.53375880,4,0.00455000,321.53375880,0
1773500700000000,70672.24000000,70672.24000000,70672.24000000,70672.24000000,0.00000000,1773500999999999,0.00000000,0,0.00000000,0.00000000,0
1773501000000000,70692.50000000,70692.50000000,70692.24000000,70692.24000000,0.00026000,1773501299999999,18.38003180,2,0.00026000,18.38003180,0
1773501300000000,70692.24000000,70692.24000000,70692.24000000,70692.24000000,0.00000000,1773501599999999,0.00000000,0,0.00000000,0.00000000,0
1773501600000000,70743.04000000,70743.04000000,70743.04000000,70743.04000000,0.00041000,1773501899999999,29.00464640,2,0.00041000,29.00464640,0
1773501900000000,70722.57000000,70722.57000000,70722.57000000,70722.57000000,0.00037000,1773502199999999,26.16735090,1,0.00037000,26.16735090,0
1773502200000000,70722.57000000,70722.57000000,70722.57000000,70722.57000000,0.00000000,1773502499999999,0.00000000,0,0.00000000,0.00000000,0
1773502500000000,70722.57000000,70722.57000000,70722.57000000,70722.57000000,0.00000000,1773502799999999,0.00000000,0,0.00000000,0.00000000,0
1773502800000000,70722.57000000,70722.57000000,70722.57000000,70722.57000000,0.00000000,1773503099999999,0.00000000,0,0.00000000,0.00000000,0
1773503100000000,70577.11000000,70577.11000000,70577.11000000,70577.11000000,0.00009000,1773503399999999,6.35193990,1,0.00009000,6.35193990,0
1773503400000000,70577.11000000,70577.11000000,70577.11000000,70577.11000000,0.00000000,1773503699999999,0.00000000,0,0.00000000,0.00000000,0
1773503700000000,70577.11000000,70577.11000000,70577.11000000,70577.11000000,0.00000000,1773503999999999,0.00000000,0,0.00000000,0.00000000,0
1773504000000000,70577.11000000,70577.11000000,70577.11000000,70577.11000000,0.00000000,1773504299999999,0.00000000,0,0.00000000,0.00000000,0
1773504300000000,70577.11000000,70577.11000000,70577.11000000,70577.11000000,0.00000000,1773504599999999,0.00000000,0,0.00000000,0.00000000,0
1773504600000000,70656.41000000,70656.41000000,70618.58000000,70619.33000000,0.00182000,1773504899999999,128.54100760,3,0.00182000,128.54100760,0
1773504900000000,70619.33000000,70619.33000000,70619.33000000,70619.33000000,0.00000000,1773505199999999,0.00000000,0,0.00000000,0.00000000,0
1773505200000000,70635.38000000,70635.38000000,70635.38000000,70635.38000000,0.00027000,1773505499999999,19.07155260,1,0.00027000,19.07155260,0
1773505500000000,70635.38000000,70635.38000000,70635.38000000,70635.38000000,0.00000000,1773505799999999,0.00000000,0,0.00000000,0.00000000,0
1773505800000000,70694.93000000,70694.93000000,70694.93000000,70694.93000000,0.00164000,1773506099999999,115.93968520,1,0.00164000,115.93968520,0
1773506100000000,70694.93000000,70694.93000000,70694.93000000,70694.93000000,0.00097000,1773506399999999,68.57408210,1,0.00000000,0.00000000,0
1773506400000000,70694.93000000,70694.93000000,70694.93000000,70694.93000000,0.00000000,1773506699999999,0.00000000,0,0.00000000,0.00000000,0
1773506700000000,70694.93000000,70694.93000000,70694.93000000,70694.93000000,0.00000000,1773506999999999,0.00000000,0,0.00000000,0.00000000,0
1773507000000000,70694.93000000,70694.93000000,70694.93000000,70694.93000000,0.00000000,1773507299999999,0.00000000,0,0.00000000,0.00000000,0
1773507300000000,70694.93000000,70694.93000000,70694.93000000,70694.93000000,0.00000000,1773507599999999,0.00000000,0,0.00000000,0.00000000,0
1773507600000000,70662.56000000,70662.56000000,70662.56000000,70662.56000000,0.00021000,1773507899999999,14.83913760,1,0.00000000,0.00000000,0
1773507900000000,70676.90000000,70677.54000000,70676.90000000,70677.54000000,0.00274000,1773508199999999,193.65632520,2,0.00274000,193.65632520,0
1773508200000000,70692.32000000,70692.32000000,70692.32000000,70692.32000000,0.00062000,1773508499999999,43.82923840,1,0.00062000,43.82923840,0
1773508500000000,70692.32000000,70692.32000000,70692.32000000,70692.32000000,0.00000000,1773508799999999,0.00000000,0,0.00000000,0.00000000,0
1773508800000000,70691.00000000,70731.37000000,70691.00000000,70731.37000000,0.00186000,1773509099999999,131.55415770,4,0.00171000,120.95050770,0
1773509100000000,70731.37000000,70731.37000000,70731.37000000,70731.37000000,0.00000000,1773509399999999,0.00000000,0,0.00000000,0.00000000,0
1773509400000000,70731.37000000,70731.37000000,70731.37000000,70731.37000000,0.00000000,1773509699999999,0.00000000,0,0.00000000,0.00000000,0
1773509700000000,70676.07000000,70676.07000000,70676.07000000,70676.07000000,0.00047000,1773509999999999,33.21775290,1,0.00047000,33.21775290,0
1773510000000000,70676.07000000,70676.62000000,70676.07000000,70676.07000000,0.00652000,1773510299999999,460.80807540,5,0.00018000,12.72179160,0
1773510300000000,70659.25000000,70693.53000000,70659.25000000,70693.53000000,0.00100000,1773510599999999,70.68722640,3,0.00082000,57.96856140,0
1773510600000000,70650.05000000,70650.05000000,70636.24000000,70636.24000000,0.00070000,1773510899999999,49.45165410,3,0.00061000,43.09439250,0
1773510900000000,70638.79000000,70639.36000000,70638.79000000,70639.36000000,0.00300000,1773511199999999,211.91767530,3,0.00300000,211.91767530,0
1773511200000000,70617.68000000,70617.68000000,70617.68000000,70617.68000000,0.00124000,1773511499999999,87.56592320,1,0.00124000,87.56592320,0
1773511500000000,70618.57000000,70618.57000000,70618.57000000,70618.57000000,0.00123000,1773511799999999,86.86084110,1,0.00123000,86.86084110,0
1773511800000000,70617.34000000,70617.79000000,70617.34000000,70617.79000000,0.00974000,1773512099999999,687.81296810,4,0.00290000,204.79036250,0
1773512100000000,70617.79000000,70617.79000000,70617.79000000,70617.79000000,0.00150000,1773512399999999,105.92668500,1,0.00150000,105.92668500,0
1773512400000000,70612.88000000,70612.88000000,70612.88000000,70612.88000000,0.00026000,1773512699999999,18.35934880,1,0.00026000,18.35934880,0
1773512700000000,70624.97000000,70624.97000000,70624.97000000,70624.97000000,0.00069000,1773512999999999,48.73122930,1,0.00069000,48.73122930,0
1773513000000000,70670.41000000,70670.41000000,70670.41000000,70670.41000000,0.00133000,1773513299999999,93.99164530,2,0.00133000,93.99164530,0
1773513300000000,70653.90000000,70678.17000000,70653.90000000,70678.17000000,0.00176000,1773513599999999,124.38726670,3,0.00151000,106.72379170,0
1773513600000000,70685.33000000,70685.33000000,70685.33000000,70685.33000000,0.00150000,1773513899999999,106.02799500,1,0.00150000,106.02799500,0
1773513900000000,70685.33000000,70685.33000000,70685.33000000,70685.33000000,0.00000000,1773514199999999,0.00000000,0,0.00000000,0.00000000,0
1773514200000000,70707.34000000,70707.34000000,70707.34000000,70707.34000000,0.00046000,1773514499999999,32.52537640,1,0.00046000,32.52537640,0
1773514500000000,70663.86000000,70663.86000000,70663.86000000,70663.86000000,0.00017000,1773514799999999,12.01285620,1,0.00000000,0.00000000,0
1773514800000000,70663.86000000,70663.86000000,70663.86000000,70663.86000000,0.00000000,1773515099999999,0.00000000,0,0.00000000,0.00000000,0
1773515100000000,70663.86000000,70663.86000000,70663.86000000,70663.86000000,0.00000000,1773515399999999,0.00000000,0,0.00000000,0.00000000,0
1773515400000000,70663.86000000,70663.86000000,70663.86000000,70663.86000000,0.00000000,1773515699999999,0.00000000,0,0.00000000,0.00000000,0
1773515700000000,70724.25000000,70725.10000000,70724.25000000,70725.10000000,0.00068000,1773515999999999,48.09292350,2,0.00068000,48.09292350,0
1773516000000000,70703.28000000,70703.28000000,70703.28000000,70703.28000000,0.00014000,1773516299999999,9.89845920,1,0.00014000,9.89845920,0
1773516300000000,70703.28000000,70703.28000000,70703.28000000,70703.28000000,0.00000000,1773516599999999,0.00000000,0,0.00000000,0.00000000,0
1773516600000000,70703.28000000,70703.28000000,70703.28000000,70703.28000000,0.00000000,1773516899999999,0.00000000,0,0.00000000,0.00000000,0
1773516900000000,70703.28000000,70703.28000000,70703.28000000,70703.28000000,0.00026000,1773517199999999,18.38285280,1,0.00000000,0.00000000,0
1773517200000000,70703.28000000,70703.28000000,70703.28000000,70703.28000000,0.00000000,1773517499999999,0.00000000,0,0.00000000,0.00000000,0
1773517500000000,70758.54000000,70758.54000000,70758.54000000,70758.54000000,0.00008000,1773517799999999,5.66068320,1,0.00008000,5.66068320,0
1773517800000000,70750.68000000,70755.36000000,70750.68000000,70755.36000000,0.00547000,1773518099999999,387.00865320,2,0.00547000,387.00865320,0
1773518100000000,70755.36000000,70755.36000000,70755.36000000,70755.36000000,0.00000000,1773518399999999,0.00000000,0,0.00000000,0.00000000,0
1773518400000000,70744.09000000,70744.09000000,70744.09000000,70744.09000000,0.00164000,1773518699999999,116.02030760,1,0.00164000,116.02030760,0
1773518700000000,70695.88000000,70695.88000000,70695.88000000,70695.88000000,0.00020000,1773518999999999,14.13917600,1,0.00020000,14.13917600,0
1773519000000000,70695.88000000,70695.88000000,70695.88000000,70695.88000000,0.00000000,1773519299999999,0.00000000,0,0.00000000,0.00000000,0
1773519300000000,70756.33000000,70756.56000000,70756.33000000,70756.56000000,0.00199000,1773519599999999,140.80539110,2,0.00199000,140.80539110,0
1773519600000000,70756.56000000,70756.56000000,70756.56000000,70756.56000000,0.00000000,1773519899999999,0.00000000,0,0.00000000,0.00000000,0
1773519900000000,70756.56000000,70756.56000000,70756.56000000,70756.56000000,0.00000000,1773520199999999,0.00000000,0,0.00000000,0.00000000,0
1773520200000000,70756.56000000,70756.56000000,70756.56000000,70756.56000000,0.00000000,1773520499999999,0.00000000,0,0.00000000,0.00000000,0
1773520500000000,70756.56000000,70756.56000000,70756.56000000,70756.56000000,0.00000000,1773520799999999,0.00000000,0,0.00000000,0.00000000,0
1773520800000000,70840.54000000,70840.54000000,70840.54000000,70840.54000000,0.00009000,1773521099999999,6.37564860,1,0.00009000,6.37564860,0
1773521100000000,70828.69000000,70828.69000000,70828.69000000,70828.69000000,0.00086000,1773521399999999,60.91267340,1,0.00086000,60.91267340,0
1773521400000000,70828.69000000,70828.69000000,70828.69000000,70828.69000000,0.00000000,1773521699999999,0.00000000,0,0.00000000,0.00000000,0
1773521700000000,70828.69000000,70828.69000000,70828.69000000,70828.69000000,0.00000000,1773521999999999,0.00000000,0,0.00000000,0.00000000,0
1773522000000000,70819.73000000,70819.73000000,70762.82000000,70787.29000000,0.01191000,1773522299999999,843.42629280,4,0.01164000,824.31862480,0
1773522300000000,70756.56000000,70756.56000000,70738.32000000,70738.32000000,0.00029000,1773522599999999,20.51776080,2,0.00000000,0.00000000,0
1773522600000000,70702.22000000,70702.22000000,70651.69000000,70651.69000000,0.00094000,1773522899999999,66.44959500,3,0.00068000,48.07750960,0
1773522900000000,70740.41000000,70740.41000000,70740.41000000,70740.41000000,0.00068000,1773523199999999,48.10347880,1,0.00068000,48.10347880,0
1773523200000000,70723.81000000,70724.33000000,70723.81000000,70724.33000000,0.00684000,1773523499999999,483.75428720,2,0.00684000,483.75428720,0
1773523500000000,70724.33000000,70724.33000000,70724.33000000,70724.33000000,0.00000000,1773523799999999,0.00000000,0,0.00000000,0.00000000,0
1773523800000000,70724.33000000,70724.33000000,70724.33000000,70724.33000000,0.00000000,1773524099999999,0.00000000,0,0.00000000,0.00000000,0
1773524100000000,70730.69000000,70730.69000000,70730.69000000,70730.69000000,0.00014000,1773524399999999,9.90229660,1,0.00014000,9.90229660,0
1773524400000000,70730.69000000,70730.69000000,70730.69000000,70730.69000000,0.00000000,1773524699999999,0.00000000,0,0.00000000,0.00000000,0
1773524700000000,70730.69000000,70730.69000000,70730.69000000,70730.69000000,0.00000000,1773524999999999,0.00000000,0,0.00000000,0.00000000,0
1773525000000000,70730.69000000,70730.69000000,70730.69000000,70730.69000000,0.00000000,1773525299999999,0.00000000,0,0.00000000,0.00000000,0
1773525300000000,70730.69000000,70730.69000000,70730.69000000,70730.69000000,0.00000000,1773525599999999,0.00000000,0,0.00000000,0.00000000,0
1773525600000000,70730.69000000,70730.69000000,70730.69000000,70730.69000000,0.00000000,1773525899999999,0.00000000,0,0.00000000,0.00000000,0
1773525900000000,70730.69000000,70730.69000000,70730.69000000,70730.69000000,0.00000000,1773526199999999,0.00000000,0,0.00000000,0.00000000,0
1773526200000000,70790.79000000,70790.79000000,70790.79000000,70790.79000000,0.00030000,1773526499999999,21.23723700,1,0.00030000,21.23723700,0
1773526500000000,70790.79000000,70790.79000000,70790.79000000,70790.79000000,0.00000000,1773526799999999,0.00000000,0,0.00000000,0.00000000,0
1773526800000000,70756.02000000,70756.02000000,70756.02000000,70756.02000000,0.02732000,1773527099999999,1933.05446640,1,0.02732000,1933.05446640,0
1773527100000000,70756.02000000,70756.02000000,70756.02000000,70756.02000000,0.00000000,1773527399999999,0.00000000,0,0.00000000,0.00000000,0
1773527400000000,70756.02000000,70756.02000000,70756.02000000,70756.02000000,0.00000000,1773527699999999,0.00000000,0,0.00000000,0.00000000,0
1773527700000000,70756.02000000,70756.02000000,70756.02000000,70756.02000000,0.00117000,1773527999999999,82.78454340,1,0.00117000,82.78454340,0
1773528000000000,70750.24000000,70750.24000000,70750.24000000,70750.24000000,0.00074000,1773528299999999,52.35517760,1,0.00000000,0.00000000,0
1773528300000000,70780.14000000,70780.14000000,70738.32000000,70738.32000000,0.00792000,1773528599999999,560.57494500,6,0.00074000,52.37730360,0
1773528600000000,70751.97000000,70751.97000000,70751.97000000,70751.97000000,0.00014000,1773528899999999,9.90527580,1,0.00014000,9.90527580,0
1773528900000000,70738.38000000,70738.38000000,70738.38000000,70738.38000000,0.00262000,1773529199999999,185.33455560,1,0.00262000,185.33455560,0
1773529200000000,70738.38000000,70738.38000000,70738.38000000,70738.38000000,0.00000000,1773529499999999,0.00000000,0,0.00000000,0.00000000,0
1773529500000000,71045.43000000,71073.96000000,71045.43000000,71048.61000000,0.01598000,1773529799999999,1135.68911180,7,0.01458000,1036.22105780,0
1773529800000000,71033.33000000,71033.33000000,71033.33000000,71033.33000000,0.00034000,1773530099999999,24.15133220,1,0.00034000,24.15133220,0
1773530100000000,70953.99000000,70953.99000000,70942.91000000,70942.91000000,0.00090000,1773530399999999,63.85759380,2,0.00081000,57.47273190,0
1773530400000000,70942.91000000,70942.91000000,70942.91000000,70942.91000000,0.00000000,1773530699999999,0.00000000,0,0.00000000,0.00000000,0
1773530700000000,71045.43000000,71045.43000000,71045.43000000,71045.43000000,0.00009000,1773530999999999,6.39408870,1,0.00009000,6.39408870,0
1773531000000000,71045.43000000,71045.43000000,71045.43000000,71045.43000000,0.00000000,1773531299999999,0.00000000,0,0.00000000,0.00000000,0
1773531300000000,71045.43000000,71045.43000000,71045.43000000,71045.43000000,0.00000000,1773531599999999,0.00000000,0,0.00000000,0.00000000,0
1773531600000000,71045.43000000,71045.43000000,71045.43000000,71045.43000000,0.00000000,1773531899999999,0.00000000,0,0.00000000,0.00000000,0
1773531900000000,71211.91000000,71212.60000000,71211.91000000,71212.60000000,0.00435000,1773532199999999,309.77407860,2,0.00435000,309.77407860,0
1773532200000000,71212.60000000,71212.60000000,71212.60000000,71212.60000000,0.00000000,1773532499999999,0.00000000,0,0.00000000,0.00000000,0
1773532500000000,71212.60000000,71212.60000000,71212.60000000,71212.60000000,0.00000000,1773532799999999,0.00000000,0,0.00000000,0.00000000,0
1773532800000000,71168.24000000,71183.77000000,71134.94000000,71142.10000000,0.01541000,1773533099999999,1096.84351850,5,0.01527000,1086.88462690,0
1773533100000000,71147.52000000,71147.52000000,71147.52000000,71147.52000000,0.00014000,1773533399999999,9.96065280,1,0.00000000,0.00000000,0
1773533400000000,71147.52000000,71147.52000000,71147.52000000,71147.52000000,0.00000000,1773533699999999,0.00000000,0,0.00000000,0.00000000,0
1773533700000000,71134.53000000,71134.53000000,71133.98000000,71133.98000000,0.01391000,1773533999999999,989.47382680,2,0.01391000,989.47382680,0
1773534000000000,71068.81000000,71068.81000000,71045.43000000,71045.43000000,0.00062000,1773534299999999,44.05307640,2,0.00021000,14.92445010,0
1773534300000000,71045.43000000,71045.43000000,71045.43000000,71045.43000000,0.00000000,1773534599999999,0.00000000,0,0.00000000,0.00000000,0
1773534600000000,71045.43000000,71045.43000000,71045.43000000,71045.43000000,0.00000000,1773534899999999,0.00000000,0,0.00000000,0.00000000,0
1773534900000000,71045.43000000,71045.43000000,71045.43000000,71045.43000000,0.00000000,1773535199999999,0.00000000,0,0.00000000,0.00000000,0
1773535200000000,71045.43000000,71045.43000000,71045.43000000,71045.43000000,0.00000000,1773535499999999,0.00000000,0,0.00000000,0.00000000,0
1773535500000000,71033.50000000,71033.50000000,71033.50000000,71033.50000000,0.00046000,1773535799999999,32.67541000,1,0.00046000,32.67541000,0
1773535800000000,71033.50000000,71033.50000000,71033.50000000,71033.50000000,0.00000000,1773536099999999,0.00000000,0,0.00000000,0.00000000,0
1773536100000000,71032.33000000,71051.15000000,71032.33000000,71051.15000000,0.00131000,1773536399999999,93.05385790,2,0.00131000,93.05385790,0
1773536400000000,71051.15000000,71051.15000000,71051.15000000,71051.15000000,0.00000000,1773536699999999,0.00000000,0,0.00000000,0.00000000,0
1773536700000000,71051.15000000,71051.15000000,71051.15000000,71051.15000000,0.00000000,1773536999999999,0.00000000,0,0.00000000,0.00000000,0
1773537000000000,70942.91000000,70989.54000000,70939.64000000,70989.54000000,0.00052000,1773537299999999,36.90337810,3,0.00029000,20.58696660,0
1773537300000000,70989.54000000,70989.54000000,70989.54000000,70989.54000000,0.00000000,1773537599999999,0.00000000,0,0.00000000,0.00000000,0
1773537600000000,70989.54000000,70989.54000000,70989.54000000,70989.54000000,0.00000000,1773537899999999,0.00000000,0,0.00000000,0.00000000,0
1773537900000000,70989.54000000,70989.54000000,70989.54000000,70989.54000000,0.00000000,1773538199999999,0.00000000,0,0.00000000,0.00000000,0
1773538200000000,70920.85000000,70920.85000000,70901.45000000,70901.45000000,0.04361000,1773538499999999,3092.85516450,8,0.00016000,11.34423200,0
1773538500000000,70901.45000000,70901.45000000,70901.45000000,70901.45000000,0.00000000,1773538799999999,0.00000000,0,0.00000000,0.00000000,0
1773538800000000,70901.45000000,70901.45000000,70901.45000000,70901.45000000,0.00000000,1773539099999999,0.00000000,0,0.00000000,0.00000000,0
1773539100000000,70902.17000000,70902.17000000,70902.17000000,70902.17000000,0.00627000,1773539399999999,444.55660590,1,0.00000000,0.00000000,0
1773539400000000,70902.17000000,70902.17000000,70902.17000000,70902.17000000,0.00000000,1773539699999999,0.00000000,0,0.00000000,0.00000000,0
1773539700000000,70902.17000000,70902.17000000,70902.17000000,70902.17000000,0.00000000,1773539999999999,0.00000000,0,0.00000000,0.00000000,0
1773540000000000,71045.43000000,71380.02000000,71045.43000000,71304.52000000,0.02851000,1773540299999999,2033.66095220,11,0.02837000,2023.66774940,0
1773540300000000,71304.52000000,71304.52000000,71304.52000000,71304.52000000,0.00000000,1773540599999999,0.00000000,0,0.00000000,0.00000000,0
1773540600000000,71304.52000000,71304.52000000,71304.52000000,71304.52000000,0.00000000,1773540899999999,0.00000000,0,0.00000000,0.00000000,0
1773540900000000,71304.52000000,71304.52000000,71304.52000000,71304.52000000,0.00000000,1773541199999999,0.00000000,0,0.00000000,0.00000000,0
1773541200000000,71304.52000000,71304.52000000,71304.52000000,71304.52000000,0.00000000,1773541499999999,0.00000000,0,0.00000000,0.00000000,0
1773541500000000,71304.52000000,71304.52000000,71304.52000000,71304.52000000,0.00000000,1773541799999999,0.00000000,0,0.00000000,0.00000000,0
1773541800000000,71304.52000000,71304.52000000,71304.52000000,71304.52000000,0.00000000,1773542099999999,0.00000000,0,0.00000000,0.00000000,0
1773542100000000,71298.37000000,71299.44000000,71298.37000000,71299.44000000,0.01402000,1773542399999999,999.61646890,2,0.01402000,999.61646890,0
1773542400000000,71299.44000000,71299.44000000,71299.44000000,71299.44000000,0.00000000,1773542699999999,0.00000000,0,0.00000000,0.00000000,0
1773542700000000,71450.72000000,71560.26000000,71450.72000000,71546.21000000,0.01092000,1773542999999999,781.15562430,6,0.01078000,771.13915490,0
1773543000000000,71465.81000000,71465.81000000,71456.99000000,71456.99000000,0.00023000,1773543299999999,16.43634250,2,0.00000000,0.00000000,0
1773543300000000,71431.23000000,71431.23000000,71431.23000000,71431.23000000,0.00020000,1773543599999999,14.28624600,1,0.00000000,0.00000000,0
1773543600000000,71517.33000000,71517.33000000,71517.33000000,71517.33000000,0.00033000,1773543899999999,23.60071890,2,0.00033000,23.60071890,0
1773543900000000,71517.33000000,71517.33000000,71517.33000000,71517.33000000,0.00000000,1773544199999999,0.00000000,0,0.00000000,0.00000000,0
1773544200000000,71517.33000000,71517.33000000,71517.33000000,71517.33000000,0.00000000,1773544499999999,0.00000000,0,0.00000000,0.00000000,0
1773544500000000,71437.60000000,71437.60000000,71437.60000000,71437.60000000,0.00006000,1773544799999999,4.28625600,1,0.00006000,4.28625600,0
1773544800000000,71396.46000000,71396.46000000,71396.46000000,71396.46000000,0.00018000,1773545099999999,12.85136280,1,0.00018000,12.85136280,0
1773545100000000,71396.46000000,71396.46000000,71396.46000000,71396.46000000,0.00000000,1773545399999999,0.00000000,0,0.00000000,0.00000000,0
1773545400000000,71353.88000000,71353.88000000,71264.24000000,71353.88000000,0.00071000,1773545699999999,50.62469440,4,0.00018000,12.84369840,0
1773545700000000,71353.88000000,71353.88000000,71353.88000000,71353.88000000,0.00000000,1773545999999999,0.00000000,0,0.00000000,0.00000000,0
1773546000000000,71353.89000000,71353.89000000,71353.88000000,71353.88000000,0.00040000,1773546299999999,28.54155340,3,0.00000000,0.00000000,0
1773546300000000,71353.88000000,71353.88000000,71353.88000000,71353.88000000,0.00000000,1773546599999999,0.00000000,0,0.00000000,0.00000000,0
1773546600000000,71343.57000000,71343.94000000,71343.57000000,71343.94000000,0.00184000,1773546899999999,131.27227610,2,0.00184000,131.27227610,0
1773546900000000,71343.94000000,71343.94000000,71343.94000000,71343.94000000,0.00000000,1773547199999999,0.00000000,0,0.00000000,0.00000000,0
1773547200000000,71468.47000000,71468.47000000,71468.47000000,71468.47000000,0.00202000,1773547499999999,144.36630940,1,0.00202000,144.36630940,0
1773547500000000,71560.26000000,71618.64000000,71560.26000000,71618.64000000,0.00131000,1773547799999999,93.81516420,2,0.00131000,93.81516420,0
1773547800000000,71618.64000000,71618.64000000,71618.64000000,71618.64000000,0.00000000,1773548099999999,0.00000000,0,0.00000000,0.00000000,0
1773548100000000,71618.64000000,71618.64000000,71618.64000000,71618.64000000,0.00000000,1773548399999999,0.00000000,0,0.00000000,0.00000000,0
1773548400000000,71618.64000000,71618.64000000,71618.64000000,71618.64000000,0.00000000,1773548699999999,0.00000000,0,0.00000000,0.00000000,0
1773548700000000,71618.64000000,71618.64000000,71618.64000000,71618.64000000,0.00000000,1773548999999999,0.00000000,0,0.00000000,0.00000000,0
1773549000000000,71618.64000000,71618.64000000,71618.64000000,71618.64000000,0.00000000,1773549299999999,0.00000000,0,0.00000000,0.00000000,0
1773549300000000,71618.64000000,71618.64000000,71618.64000000,71618.64000000,0.00000000,1773549599999999,0.00000000,0,0.00000000,0.00000000,0
1773549600000000,71544.02000000,71579.58000000,71544.02000000,71579.58000000,0.00164000,1773549899999999,117.36144580,3,0.00164000,117.36144580,0
1773549900000000,71579.58000000,71579.58000000,71579.58000000,71579.58000000,0.00000000,1773550199999999,0.00000000,0,0.00000000,0.00000000,0
1773550200000000,71579.58000000,71579.58000000,71579.58000000,71579.58000000,0.00000000,1773550499999999,0.00000000,0,0.00000000,0.00000000,0
1773550500000000,71579.58000000,71579.58000000,71579.58000000,71579.58000000,0.00000000,1773550799999999,0.00000000,0,0.00000000,0.00000000,0
1773550800000000,71579.58000000,71579.58000000,71579.58000000,71579.58000000,0.00000000,1773551099999999,0.00000000,0,0.00000000,0.00000000,0
1773551100000000,71519.91000000,71519.91000000,71519.91000000,71519.91000000,0.00020000,1773551399999999,14.30398200,1,0.00020000,14.30398200,0
1773551400000000,71519.91000000,71537.03000000,71519.91000000,71537.03000000,0.00250000,1773551699999999,178.83897980,2,0.00229000,163.81979870,0
1773551700000000,71618.64000000,71783.25000000,71618.64000000,71711.20000000,0.00192000,1773551999999999,137.77056320,5,0.00038000,27.23444520,0
1773552000000000,71691.55000000,71691.55000000,71656.46000000,71656.46000000,0.00020000,1773552299999999,14.33620460,2,0.00000000,0.00000000,0
1773552300000000,71656.46000000,71656.46000000,71656.46000000,71656.46000000,0.00000000,1773552599999999,0.00000000,0,0.00000000,0.00000000,0
1773552600000000,71656.46000000,71656.46000000,71656.46000000,71656.46000000,0.00000000,1773552899999999,0.00000000,0,0.00000000,0.00000000,0
1773552900000000,71656.46000000,71656.46000000,71656.46000000,71656.46000000,0.00000000,1773553199999999,0.00000000,0,0.00000000,0.00000000,0
1773553200000000,71656.46000000,71656.46000000,71656.46000000,71656.46000000,0.00000000,1773553499999999,0.00000000,0,0.00000000,0.00000000,0
1773553500000000,71648.27000000,71648.27000000,71648.27000000,71648.27000000,0.00014000,1773553799999999,10.03075780,1,0.00000000,0.00000000,0
1773553800000000,71570.82000000,71570.82000000,71570.82000000,71570.82000000,0.00013000,1773554099999999,9.30420660,1,0.00013000,9.30420660,0
1773554100000000,71570.82000000,71570.82000000,71570.82000000,71570.82000000,0.00000000,1773554399999999,0.00000000,0,0.00000000,0.00000000,0
1773554400000000,71570.82000000,71570.82000000,71570.82000000,71570.82000000,0.00000000,1773554699999999,0.00000000,0,0.00000000,0.00000000,0
1773554700000000,71570.82000000,71570.82000000,71570.82000000,71570.82000000,0.00000000,1773554999999999,0.00000000,0,0.00000000,0.00000000,0
1773555000000000,71574.26000000,71574.26000000,71574.26000000,71574.26000000,0.00006000,1773555299999999,4.29445560,1,0.00006000,4.29445560,0
1773555300000000,71574.26000000,71574.26000000,71574.26000000,71574.26000000,0.00000000,1773555599999999,0.00000000,0,0.00000000,0.00000000,0
1773555600000000,71574.26000000,71574.26000000,71574.26000000,71574.26000000,0.00000000,1773555899999999,0.00000000,0,0.00000000,0.00000000,0
1773555900000000,71574.26000000,71574.26000000,71574.26000000,71574.26000000,0.00000000,1773556199999999,0.00000000,0,0.00000000,0.00000000,0
1773556200000000,71456.99000000,71456.99000000,71440.17000000,71440.17000000,0.00023000,1773556499999999,16.43275290,2,0.00000000,0.00000000,0
1773556500000000,71440.17000000,71440.17000000,71440.17000000,71440.17000000,0.00000000,1773556799999999,0.00000000,0,0.00000000,0.00000000,0
1773556800000000,71440.17000000,71440.17000000,71440.17000000,71440.17000000,0.00000000,1773557099999999,0.00000000,0,0.00000000,0.00000000,0
1773557100000000,71440.17000000,71440.17000000,71440.17000000,71440.17000000,0.00000000,1773557399999999,0.00000000,0,0.00000000,0.00000000,0
1773557400000000,71440.17000000,71440.17000000,71440.17000000,71440.17000000,0.00000000,1773557699999999,0.00000000,0,0.00000000,0.00000000,0
1773557700000000,71440.17000000,71440.17000000,71440.17000000,71440.17000000,0.00000000,1773557999999999,0.00000000,0,0.00000000,0.00000000,0
1773558000000000,71440.17000000,71440.17000000,71440.17000000,71440.17000000,0.00000000,1773558299999999,0.00000000,0,0.00000000,0.00000000,0
1773558300000000,71440.17000000,71440.17000000,71440.17000000,71440.17000000,0.00000000,1773558599999999,0.00000000,0,0.00000000,0.00000000,0
1773558600000000,71560.26000000,71560.26000000,71560.26000000,71560.26000000,0.00009000,1773558899999999,6.44042340,1,0.00009000,6.44042340,0
1773558900000000,71663.67000000,71683.12000000,71663.67000000,71683.12000000,0.00323000,1773559199999999,231.53441910,3,0.00323000,231.53441910,0
1773559200000000,71683.12000000,71683.12000000,71683.12000000,71683.12000000,0.00000000,1773559499999999,0.00000000,0,0.00000000,0.00000000,0
1773559500000000,71577.95000000,71577.95000000,71577.95000000,71577.95000000,0.00020000,1773559799999999,14.31559000,1,0.00000000,0.00000000,0
1773559800000000,71556.51000000,71556.51000000,71551.61000000,71551.62000000,0.00109000,1773560099999999,77.99194780,3,0.00095000,67.97403640,0
1773560100000000,71551.62000000,71551.62000000,71551.62000000,71551.62000000,0.00000000,1773560399999999,0.00000000,0,0.00000000,0.00000000,0
1773560400000000,71488.60000000,71488.60000000,71488.60000000,71488.60000000,0.00148000,1773560699999999,105.80312800,1,0.00148000,105.80312800,0
1773560700000000,71484.21000000,71484.21000000,71447.39000000,71447.39000000,0.00042000,1773560999999999,30.01650000,3,0.00021000,15.01168410,0
1773561000000000,71450.59000000,71450.59000000,71450.59000000,71450.59000000,0.00277000,1773561299999999,197.91813430,1,0.00277000,197.91813430,0
1773561300000000,71450.59000000,71450.59000000,71450.59000000,71450.59000000,0.00000000,1773561599999999,0.00000000,0,0.00000000,0.00000000,0
1773561600000000,71450.59000000,71450.59000000,71450.59000000,71450.59000000,0.00000000,1773561899999999,0.00000000,0,0.00000000,0.00000000,0
1773561900000000,71450.59000000,71450.59000000,71450.59000000,71450.59000000,0.00000000,1773562199999999,0.00000000,0,0.00000000,0.00000000,0
1773562200000000,71546.72000000,71597.03000000,71546.72000000,71597.03000000,0.01325000,1773562499999999,948.50008090,6,0.01325000,948.50008090,0
1773562500000000,71619.42000000,71619.42000000,71619.42000000,71619.42000000,0.00014000,1773562799999999,10.02671880,1,0.00000000,0.00000000,0
1773562800000000,71662.47000000,71662.47000000,71662.47000000,71662.47000000,0.00020000,1773563099999999,14.33249400,1,0.00020000,14.33249400,0
1773563100000000,71662.47000000,71662.47000000,71662.47000000,71662.47000000,0.00000000,1773563399999999,0.00000000,0,0.00000000,0.00000000,0
1773563400000000,71587.35000000,71587.35000000,71587.35000000,71587.35000000,0.00135000,1773563699999999,96.64292250,1,0.00135000,96.64292250,0
1773563700000000,71587.35000000,71587.35000000,71587.35000000,71587.35000000,0.00000000,1773563999999999,0.00000000,0,0.00000000,0.00000000,0
1773564000000000,71587.35000000,71587.35000000,71587.35000000,71587.35000000,0.00000000,1773564299999999,0.00000000,0,0.00000000,0.00000000,0
1773564300000000,71663.67000000,71671.01000000,71663.67000000,71671.01000000,0.00173000,1773564599999999,123.99018670,2,0.00173000,123.99018670,0
1773564600000000,71671.01000000,71671.01000000,71671.01000000,71671.01000000,0.00000000,1773564899999999,0.00000000,0,0.00000000,0.00000000,0
1773564900000000,71671.01000000,71671.01000000,71671.01000000,71671.01000000,0.00000000,1773565199999999,0.00000000,0,0.00000000,0.00000000,0
1773565200000000,71767.23000000,71898.09000000,71767.23000000,71870.56000000,0.01586000,1773565499999999,1139.81984370,8,0.01327000,953.61087600,0
1773565500000000,71893.01000000,71893.01000000,71893.01000000,71893.01000000,0.00502000,1773565799999999,360.90291020,1,0.00000000,0.00000000,0
1773565800000000,71875.82000000,71875.82000000,71846.05000000,71846.05000000,0.00293000,1773566099999999,210.51309430,3,0.00000000,0.00000000,0
1773566100000000,71846.05000000,71846.05000000,71846.05000000,71846.05000000,0.00000000,1773566399999999,0.00000000,0,0.00000000,0.00000000,0
1773566400000000,71846.05000000,71846.05000000,71846.05000000,71846.05000000,0.00000000,1773566699999999,0.00000000,0,0.00000000,0.00000000,0
1773566700000000,71865.54000000,71865.54000000,71865.54000000,71865.54000000,0.00040000,1773566999999999,28.74621600,1,0.00040000,28.74621600,0
1773567000000000,71886.82000000,71888.21000000,71816.27000000,71888.21000000,0.01313000,1773567299999999,943.16080750,3,0.00299000,214.94382970,0
1773567300000000,71888.21000000,71888.21000000,71888.21000000,71888.21000000,0.00000000,1773567599999999,0.00000000,0,0.00000000,0.00000000,0
1773567600000000,71888.21000000,71888.21000000,71888.21000000,71888.21000000,0.00000000,1773567899999999,0.00000000,0,0.00000000,0.00000000,0
1773567900000000,71766.67000000,71766.67000000,71743.79000000,71743.79000000,0.10000000,1773568199999999,7175.79260180,6,0.00000000,0.00000000,0
1773568200000000,71743.79000000,71743.79000000,71743.79000000,71743.79000000,0.00000000,1773568499999999,0.00000000,0,0.00000000,0.00000000,0
1773568500000000,71813.57000000,71813.57000000,71813.57000000,71813.57000000,0.00632000,1773568799999999,453.86176240,1,0.00632000,453.86176240,0
1773568800000000,71813.57000000,71813.57000000,71813.57000000,71813.57000000,0.00000000,1773569099999999,0.00000000,0,0.00000000,0.00000000,0
1773569100000000,71743.79000000,71743.79000000,71743.79000000,71743.79000000,0.00155000,1773569399999999,111.20287450,3,0.00129000,92.54948910,0
1773569400000000,71824.58000000,71824.58000000,71824.58000000,71824.58000000,0.00019000,1773569699999999,13.64667020,1,0.00019000,13.64667020,0
1773569700000000,71824.58000000,71824.58000000,71824.58000000,71824.58000000,0.00000000,1773569999999999,0.00000000,0,0.00000000,0.00000000,0
1773570000000000,71824.58000000,71824.58000000,71824.58000000,71824.58000000,0.00000000,1773570299999999,0.00000000,0,0.00000000,0.00000000,0
1773570300000000,71824.58000000,71824.58000000,71824.58000000,71824.58000000,0.00000000,1773570599999999,0.00000000,0,0.00000000,0.00000000,0
1773570600000000,71824.58000000,71824.58000000,71824.58000000,71824.58000000,0.00000000,1773570899999999,0.00000000,0,0.00000000,0.00000000,0
1773570900000000,71879.32000000,71887.75000000,71879.32000000,71887.75000000,0.00135000,1773571199999999,97.04256150,2,0.00135000,97.04256150,0
1773571200000000,71823.17000000,71859.36000000,71823.17000000,71859.36000000,0.01087000,1773571499999999,781.01063500,2,0.00809000,581.34222240,0
1773571500000000,71859.36000000,71859.36000000,71859.36000000,71859.36000000,0.00000000,1773571799999999,0.00000000,0,0.00000000,0.00000000,0
1773571800000000,71859.36000000,71859.36000000,71859.36000000,71859.36000000,0.00000000,1773572099999999,0.00000000,0,0.00000000,0.00000000,0
1773572100000000,71859.36000000,71859.36000000,71859.36000000,71859.36000000,0.00000000,1773572399999999,0.00000000,0,0.00000000,0.00000000,0
1773572400000000,71773.61000000,71773.61000000,71773.61000000,71773.61000000,0.00014000,1773572699999999,10.04830540,1,0.00000000,0.00000000,0
1773572700000000,71756.90000000,71756.90000000,71743.79000000,71743.79000000,0.00067000,1773572999999999,48.07371440,2,0.00041000,29.42032900,0
1773573000000000,71743.79000000,71746.36000000,71731.61000000,71732.73000000,0.01401000,1773573299999999,1004.98852900,4,0.01357000,973.42126140,0
1773573300000000,71826.93000000,71826.93000000,71826.93000000,71826.93000000,0.00148000,1773573599999999,106.30385640,1,0.00148000,106.30385640,0
1773573600000000,71826.93000000,71826.93000000,71826.93000000,71826.93000000,0.00000000,1773573899999999,0.00000000,0,0.00000000,0.00000000,0
1773573900000000,71826.93000000,71826.93000000,71826.93000000,71826.93000000,0.00000000,1773574199999999,0.00000000,0,0.00000000,0.00000000,0
1773574200000000,71762.26000000,71762.26000000,71762.26000000,71762.26000000,0.00133000,1773574499999999,95.44380580,1,0.00133000,95.44380580,0
1773574500000000,71746.01000000,71746.01000000,71746.01000000,71746.01000000,0.00026000,1773574799999999,18.65396260,1,0.00026000,18.65396260,0
1773574800000000,71727.82000000,71735.23000000,71727.82000000,71735.23000000,0.00432000,1773575099999999,309.86936940,2,0.00432000,309.86936940,0
1773575100000000,71735.23000000,71735.23000000,71735.23000000,71735.23000000,0.00000000,1773575399999999,0.00000000,0,0.00000000,0.00000000,0
1773575400000000,71799.41000000,71799.41000000,71799.41000000,71799.41000000,0.00026000,1773575699999999,18.66784660,1,0.00000000,0.00000000,0
1773575700000000,71874.90000000,71874.90000000,71874.90000000,71874.90000000,0.00027000,1773575999999999,19.40622300,1,0.00027000,19.40622300,0
1773576000000000,71853.86000000,71853.86000000,71755.52000000,71755.52000000,0.00112000,1773576299999999,80.40627720,3,0.00040000,28.74154400,0
1773576300000000,71773.32000000,71775.70000000,71732.21000000,71732.21000000,0.00946000,1773576599999999,678.97709400,7,0.00902000,647.41090500,0
1773576600000000,71712.35000000,71712.35000000,71712.35000000,71712.35000000,0.00016000,1773576899999999,11.47397600,1,0.00000000,0.00000000,0
1773576900000000,71757.89000000,71762.97000000,71757.89000000,71762.97000000,0.00465000,1773577199999999,333.69648970,4,0.00046000,33.00964540,0
1773577200000000,71742.95000000,71742.95000000,71742.95000000,71742.95000000,0.00014000,1773577499999999,10.04401300,1,0.00000000,0.00000000,0
1773577500000000,71742.95000000,71742.95000000,71742.95000000,71742.95000000,0.00000000,1773577799999999,0.00000000,0,0.00000000,0.00000000,0
1773577800000000,71742.95000000,71742.95000000,71742.95000000,71742.95000000,0.00000000,1773578099999999,0.00000000,0,0.00000000,0.00000000,0
1773578100000000,71735.10000000,71741.75000000,71735.10000000,71741.75000000,0.00544000,1773578399999999,390.25561230,4,0.00544000,390.25561230,0
1773578400000000,71740.78000000,71743.75000000,71657.85000000,71657.85000000,0.01422000,1773578699999999,1020.16915990,3,0.01408000,1010.13706090,0
1773578700000000,71675.97000000,71675.97000000,71675.97000000,71675.97000000,0.00026000,1773578999999999,18.63575220,1,0.00026000,18.63575220,0
1773579000000000,71634.36000000,71645.30000000,71634.36000000,71645.30000000,0.00309000,1773579299999999,221.38244540,2,0.00295000,211.35363500,0
1773579300000000,71666.25000000,71666.25000000,71666.25000000,71666.25000000,0.00010000,1773579599999999,7.16662500,1,0.00010000,7.16662500,0
1773579600000000,71633.22000000,71633.22000000,71633.22000000,71633.22000000,0.00014000,1773579899999999,10.02865080,1,0.00000000,0.00000000,0
1773579900000000,71645.30000000,71645.30000000,71450.59000000,71450.59000000,0.00364000,1773580199999999,260.48714190,7,0.00000000,0.00000000,0
1773580200000000,71426.10000000,71432.07000000,71300.49000000,71432.07000000,0.00581000,1773580499999999,414.70101990,8,0.00019000,13.57117940,0
1773580500000000,71443.34000000,71443.34000000,71313.33000000,71313.33000000,0.00065000,1773580799999999,46.40081900,5,0.00000000,0.00000000,0
1773580800000000,71432.10000000,71432.10000000,71432.10000000,71432.10000000,0.00149000,1773581099999999,106.43382900,1,0.00149000,106.43382900,0
1773581100000000,71521.16000000,71521.16000000,71521.16000000,71521.16000000,0.00014000,1773581399999999,10.01296240,1,0.00000000,0.00000000,0
1773581400000000,71560.26000000,71560.26000000,71456.99000000,71456.99000000,0.00018000,1773581699999999,12.87155250,2,0.00009000,6.44042340,0
1773581700000000,71426.15000000,71426.15000000,71313.33000000,71313.33000000,0.02079000,1773581999999999,1482.69079440,10,0.00048000,34.25401920,0
1773582000000000,71385.96000000,71385.96000000,71324.99000000,71374.21000000,0.00608000,1773582299999999,433.93388830,7,0.00561000,400.41114300,0
1773582300000000,71524.80000000,71525.28000000,71524.80000000,71525.28000000,0.01352000,1773582599999999,967.02108000,2,0.01352000,967.02108000,0
1773582600000000,71525.28000000,71525.28000000,71525.28000000,71525.28000000,0.00000000,1773582899999999,0.00000000,0,0.00000000,0.00000000,0
1773582900000000,71560.26000000,71560.26000000,71560.26000000,71560.26000000,0.00009000,1773583199999999,6.44042340,2,0.00009000,6.44042340,0
1773583200000000,71560.26000000,71560.26000000,71560.26000000,71560.26000000,0.00000000,1773583499999999,0.00000000,0,0.00000000,0.00000000,0
1773583500000000,71593.14000000,71593.14000000,71593.14000000,71593.14000000,0.00027000,1773583799999999,19.33014780,1,0.00027000,19.33014780,0
1773583800000000,71593.14000000,71593.14000000,71593.14000000,71593.14000000,0.00000000,1773584099999999,0.00000000,0,0.00000000,0.00000000,0
1773584100000000,71531.60000000,71531.60000000,71488.17000000,71488.17000000,0.00041000,1773584399999999,29.32187580,2,0.00027000,19.31353200,0
1773584400000000,71512.47000000,71512.47000000,71456.99000000,71456.99000000,0.00214000,1773584699999999,152.97831360,3,0.00205000,146.54718450,0
1773584700000000,71456.99000000,71456.99000000,71456.99000000,71456.99000000,0.00000000,1773584999999999,0.00000000,0,0.00000000,0.00000000,0
1773585000000000,71475.10000000,71475.10000000,71475.10000000,71475.10000000,0.00135000,1773585299999999,96.49138500,1,0.00135000,96.49138500,0
1773585300000000,71475.10000000,71475.10000000,71475.10000000,71475.10000000,0.00000000,1773585599999999,0.00000000,0,0.00000000,0.00000000,0
1773585600000000,71475.10000000,71475.10000000,71475.10000000,71475.10000000,0.00000000,1773585899999999,0.00000000,0,0.00000000,0.00000000,0
1773585900000000,71475.10000000,71475.10000000,71475.10000000,71475.10000000,0.00000000,1773586199999999,0.00000000,0,0.00000000,0.00000000,0
1773586200000000,71475.10000000,71475.10000000,71475.10000000,71475.10000000,0.00000000,1773586499999999,0.00000000,0,0.00000000,0.00000000,0
1773586500000000,71475.10000000,71475.10000000,71475.10000000,71475.10000000,0.00000000,1773586799999999,0.00000000,0,0.00000000,0.00000000,0
1773586800000000,71475.10000000,71475.10000000,71475.10000000,71475.10000000,0.00000000,1773587099999999,0.00000000,0,0.00000000,0.00000000,0
1773587100000000,71475.10000000,71475.10000000,71475.10000000,71475.10000000,0.00000000,1773587399999999,0.00000000,0,0.00000000,0.00000000,0
1773587400000000,71475.10000000,71475.10000000,71475.10000000,71475.10000000,0.00000000,1773587699999999,0.00000000,0,0.00000000,0.00000000,0
1773587700000000,71475.10000000,71475.10000000,71475.10000000,71475.10000000,0.00000000,1773587999999999,0.00000000,0,0.00000000,0.00000000,0
1773588000000000,71546.01000000,71568.82000000,71546.01000000,71568.82000000,0.00155000,1773588299999999,110.92710900,2,0.00155000,110.92710900,0
1773588300000000,71568.82000000,71568.82000000,71568.82000000,71568.82000000,0.00000000,1773588599999999,0.00000000,0,0.00000000,0.00000000,0
1773588600000000,71456.99000000,71456.99000000,71439.90000000,71439.90000000,0.00023000,1773588899999999,16.43271510,2,0.00000000,0.00000000,0
1773588900000000,71576.76000000,71576.76000000,71576.76000000,71576.76000000,0.00831000,1773589199999999,594.80287560,1,0.00831000,594.80287560,0
1773589200000000,71576.76000000,71576.76000000,71576.76000000,71576.76000000,0.00000000,1773589499999999,0.00000000,0,0.00000000,0.00000000,0
1773589500000000,71576.76000000,71576.76000000,71576.76000000,71576.76000000,0.00000000,1773589799999999,0.00000000,0,0.00000000,0.00000000,0
1773589800000000,71537.46000000,71537.46000000,71537.46000000,71537.46000000,0.00135000,1773590099999999,96.57557100,1,0.00135000,96.57557100,0
1773590100000000,71537.46000000,71537.46000000,71537.46000000,71537.46000000,0.00000000,1773590399999999,0.00000000,0,0.00000000,0.00000000,0
1773590400000000,71524.46000000,71556.69000000,71524.46000000,71556.69000000,0.00348000,1773590699999999,248.92510340,3,0.00348000,248.92510340,0
1773590700000000,71556.69000000,71556.69000000,71556.69000000,71556.69000000,0.00000000,1773590999999999,0.00000000,0,0.00000000,0.00000000,0
1773591000000000,71592.90000000,71601.54000000,71592.90000000,71601.54000000,0.00743000,1773591299999999,531.99339420,2,0.00743000,531.99339420,0
1773591300000000,71537.75000000,71537.75000000,71419.69000000,71488.58000000,0.01655000,1773591599999999,1183.16935530,9,0.01532000,1095.21979080,0
1773591600000000,71488.58000000,71488.58000000,71488.58000000,71488.58000000,0.00000000,1773591899999999,0.00000000,0,0.00000000,0.00000000,0
1773591900000000,71488.58000000,71488.58000000,71488.58000000,71488.58000000,0.00000000,1773592199999999,0.00000000,0,0.00000000,0.00000000,0
1773592200000000,71380.56000000,71385.76000000,71380.56000000,71385.76000000,0.02475000,1773592499999999,1766.77156000,10,0.01074000,766.65706240,0
1773592500000000,71440.91000000,71442.05000000,71440.91000000,71442.05000000,0.00309000,1773592799999999,220.75513650,2,0.00309000,220.75513650,0
1773592800000000,71442.05000000,71442.05000000,71442.05000000,71442.05000000,0.00000000,1773593099999999,0.00000000,0,0.00000000,0.00000000,0
1773593100000000,71442.05000000,71442.05000000,71442.05000000,71442.05000000,0.00000000,1773593399999999,0.00000000,0,0.00000000,0.00000000,0
1773593400000000,71442.05000000,71442.05000000,71442.05000000,71442.05000000,0.00000000,1773593699999999,0.00000000,0,0.00000000,0.00000000,0
1773593700000000,71442.05000000,71442.05000000,71442.05000000,71442.05000000,0.00000000,1773593999999999,0.00000000,0,0.00000000,0.00000000,0
1773594000000000,71469.23000000,71474.35000000,71469.23000000,71474.35000000,0.00271000,1773594299999999,193.69190450,2,0.00271000,193.69190450,0
1773594300000000,71474.35000000,71474.35000000,71474.35000000,71474.35000000,0.00000000,1773594599999999,0.00000000,0,0.00000000,0.00000000,0
1773594600000000,71524.26000000,71524.26000000,71505.64000000,71505.64000000,0.00039000,1773594899999999,27.89204080,2,0.00039000,27.89204080,0
1773594900000000,71505.64000000,71505.64000000,71505.64000000,71505.64000000,0.00000000,1773595199999999,0.00000000,0,0.00000000,0.00000000,0
1773595200000000,71505.64000000,71505.64000000,71505.64000000,71505.64000000,0.00000000,1773595499999999,0.00000000,0,0.00000000,0.00000000,0
1773595500000000,71505.64000000,71505.64000000,71505.64000000,71505.64000000,0.00000000,1773595799999999,0.00000000,0,0.00000000,0.00000000,0
1773595800000000,71560.26000000,71572.66000000,71560.26000000,71572.66000000,0.00540000,1773596099999999,386.49124800,2,0.00540000,386.49124800,0
1773596100000000,71572.66000000,71572.66000000,71572.66000000,71572.66000000,0.00000000,1773596399999999,0.00000000,0,0.00000000,0.00000000,0
1773596400000000,71572.66000000,71572.66000000,71572.66000000,71572.66000000,0.00000000,1773596699999999,0.00000000,0,0.00000000,0.00000000,0
1773596700000000,71585.81000000,71585.81000000,71585.81000000,71585.81000000,0.00070000,1773596999999999,50.11006700,1,0.00070000,50.11006700,0
1773597000000000,71595.21000000,71974.80000000,71595.21000000,71974.80000000,0.01367000,1773597299999999,983.54459420,8,0.01367000,983.54459420,0
1773597300000000,71883.12000000,71883.12000000,71850.07000000,71852.02000000,0.02896000,1773597599999999,2081.71397750,4,0.02887000,2075.24559290,0
1773597600000000,71825.39000000,71825.39000000,71825.39000000,71825.39000000,0.00343000,1773597899999999,246.36108770,1,0.00343000,246.36108770,0
1773597900000000,71825.39000000,71825.39000000,71825.39000000,71825.39000000,0.00000000,1773598199999999,0.00000000,0,0.00000000,0.00000000,0
1773598200000000,71763.08000000,71763.08000000,71763.08000000,71763.08000000,0.00021000,1773598499999999,15.07024680,1,0.00021000,15.07024680,0
1773598500000000,71763.08000000,71763.08000000,71763.08000000,71763.08000000,0.00000000,1773598799999999,0.00000000,0,0.00000000,0.00000000,0
1773598800000000,71796.64000000,71797.52000000,71796.64000000,71797.52000000,0.00674000,1773599099999999,483.91090240,2,0.00674000,483.91090240,0
1773599100000000,71797.52000000,71797.52000000,71797.52000000,71797.52000000,0.00000000,1773599399999999,0.00000000,0,0.00000000,0.00000000,0
1773599400000000,71797.52000000,71797.52000000,71797.52000000,71797.52000000,0.00000000,1773599699999999,0.00000000,0,0.00000000,0.00000000,0
1773599700000000,71797.52000000,71797.52000000,71797.52000000,71797.52000000,0.00000000,1773599999999999,0.00000000,0,0.00000000,0.00000000,0
1773600000000000,71797.52000000,71797.52000000,71797.52000000,71797.52000000,0.00000000,1773600299999999,0.00000000,0,0.00000000,0.00000000,0
1773600300000000,71691.96000000,71691.96000000,71500.00000000,71500.00000000,0.00051000,1773600599999999,36.49187440,2,0.00000000,0.00000000,0
1773600600000000,71456.99000000,71456.99000000,71456.99000000,71456.99000000,0.00009000,1773600899999999,6.43112910,1,0.00000000,0.00000000,0
1773600900000000,71401.89000000,71417.67000000,71401.89000000,71417.67000000,0.00871000,1773601199999999,622.01060130,4,0.00871000,622.01060130,0
1773601200000000,71431.12000000,71435.72000000,71431.12000000,71435.72000000,0.00270000,1773601499999999,192.87322400,2,0.00270000,192.87322400,0
1773601500000000,71491.60000000,71506.35000000,71435.72000000,71435.72000000,0.00237000,1773601799999999,169.35024800,3,0.00082000,58.62488200,0
1773601800000000,71437.06000000,71437.06000000,71434.35000000,71434.35000000,0.00076000,1773602099999999,54.29064800,2,0.00076000,54.29064800,0
1773602100000000,71434.35000000,71434.35000000,71434.35000000,71434.35000000,0.00000000,1773602399999999,0.00000000,0,0.00000000,0.00000000,0
1773602400000000,71434.35000000,71434.35000000,71434.35000000,71434.35000000,0.00000000,1773602699999999,0.00000000,0,0.00000000,0.00000000,0
1773602700000000,71434.35000000,71434.35000000,71434.35000000,71434.35000000,0.00000000,1773602999999999,0.00000000,0,0.00000000,0.00000000,0
1773603000000000,71560.26000000,71560.26000000,71560.26000000,71560.26000000,0.00009000,1773603299999999,6.44042340,1,0.00009000,6.44042340,0
1773603300000000,71557.11000000,71557.11000000,71557.11000000,71557.11000000,0.00368000,1773603599999999,263.33016480,1,0.00368000,263.33016480,0
1773603600000000,71540.99000000,71540.99000000,71540.99000000,71540.99000000,0.00070000,1773603899999999,50.07869300,1,0.00070000,50.07869300,0
1773603900000000,71540.99000000,71540.99000000,71540.99000000,71540.99000000,0.00000000,1773604199999999,0.00000000,0,0.00000000,0.00000000,0
1773604200000000,71540.99000000,71540.99000000,71540.99000000,71540.99000000,0.00000000,1773604499999999,0.00000000,0,0.00000000,0.00000000,0
1773604500000000,71540.99000000,71540.99000000,71540.99000000,71540.99000000,0.00000000,1773604799999999,0.00000000,0,0.00000000,0.00000000,0
1773604800000000,71552.37000000,71552.37000000,71552.37000000,71552.37000000,0.00054000,1773605099999999,38.63827980,1,0.00054000,38.63827980,0
1773605100000000,71552.37000000,71562.94000000,71552.37000000,71562.94000000,0.01362000,1773605399999999,974.66019270,3,0.01352000,967.50495570,0
1773605400000000,71569.98000000,71569.98000000,71569.98000000,71569.98000000,0.00135000,1773605699999999,96.61947300,2,0.00135000,96.61947300,0
1773605700000000,71578.43000000,71585.85000000,71552.37000000,71552.37000000,0.00874000,1773605999999999,625.65178700,3,0.00864000,618.49655000,0
1773606000000000,71552.37000000,71552.37000000,71552.37000000,71552.37000000,0.00000000,1773606299999999,0.00000000,0,0.00000000,0.00000000,0
1773606300000000,71552.37000000,71552.37000000,71552.37000000,71552.37000000,0.00000000,1773606599999999,0.00000000,0,0.00000000,0.00000000,0
1773606600000000,71663.67000000,71663.67000000,71663.67000000,71663.67000000,0.00009000,1773606899999999,6.44973030,1,0.00009000,6.44973030,0
1773606900000000,71767.23000000,71767.23000000,71767.23000000,71767.23000000,0.00009000,1773607199999999,6.45905070,1,0.00009000,6.45905070,0
1773607200000000,71905.25000000,71905.25000000,71831.31000000,71834.83000000,0.00269000,1773607499999999,193.28577260,4,0.00140000,100.61559200,0
1773607500000000,71834.83000000,71834.83000000,71834.83000000,71834.83000000,0.00000000,1773607799999999,0.00000000,0,0.00000000,0.00000000,0
1773607800000000,71800.40000000,71843.39000000,71800.40000000,71843.39000000,0.01515000,1773608099999999,1088.36741800,5,0.01489000,1069.69931400,0
1773608100000000,71843.39000000,71843.39000000,71843.39000000,71843.39000000,0.00000000,1773608399999999,0.00000000,0,0.00000000,0.00000000,0
1773608400000000,71843.39000000,71843.39000000,71843.39000000,71843.39000000,0.00000000,1773608699999999,0.00000000,0,0.00000000,0.00000000,0
1773608700000000,71843.39000000,71843.39000000,71843.39000000,71843.39000000,0.00000000,1773608999999999,0.00000000,0,0.00000000,0.00000000,0
1773609000000000,71642.87000000,71688.48000000,71642.87000000,71688.48000000,0.00151000,1773609299999999,108.19259230,2,0.00026000,18.63900480,0
1773609300000000,71688.48000000,71688.48000000,71688.48000000,71688.48000000,0.00000000,1773609599999999,0.00000000,0,0.00000000,0.00000000,0
1773609600000000,71755.47000000,71756.87000000,71755.47000000,71756.87000000,0.00179000,1773609899999999,128.44341130,2,0.00179000,128.44341130,0
1773609900000000,71767.23000000,71767.23000000,71767.23000000,71767.23000000,0.00009000,1773610199999999,6.45905070,1,0.00009000,6.45905070,0
1773610200000000,71767.23000000,71767.23000000,71767.23000000,71767.23000000,0.00000000,1773610499999999,0.00000000,0,0.00000000,0.00000000,0
1773610500000000,72078.81000000,72277.69000000,72078.81000000,72218.30000000,0.03492000,1773610799999999,2520.99115720,12,0.03492000,2520.99115720,0
1773610800000000,72087.51000000,72149.66000000,72077.10000000,72149.66000000,0.00697000,1773611099999999,502.46881880,3,0.00124000,89.46557840,0
1773611100000000,72149.66000000,72149.66000000,72149.66000000,72149.66000000,0.00000000,1773611399999999,0.00000000,0,0.00000000,0.00000000,0
1773611400000000,72149.66000000,72149.66000000,72149.66000000,72149.66000000,0.00000000,1773611699999999,0.00000000,0,0.00000000,0.00000000,0
1773611700000000,72079.00000000,72079.00000000,72079.00000000,72079.00000000,0.00121000,1773611999999999,87.21559000,1,0.00121000,87.21559000,0
1773612000000000,72025.14000000,72287.29000000,72025.14000000,72182.97000000,0.00076000,1773612299999999,54.81190130,4,0.00036000,25.98764060,0
1773612300000000,72174.90000000,72182.97000000,72026.12000000,72026.12000000,0.08169000,1773612599999999,5896.18328250,8,0.01041000,750.98118090,0
1773612600000000,71974.80000000,71974.80000000,71870.94000000,71870.94000000,0.00018000,1773612899999999,12.94611660,2,0.00000000,0.00000000,0
1773612900000000,71870.94000000,71870.94000000,71870.94000000,71870.94000000,0.00000000,1773613199999999,0.00000000,0,0.00000000,0.00000000,0
1773613200000000,71870.94000000,71870.94000000,71870.94000000,71870.94000000,0.00000000,1773613499999999,0.00000000,0,0.00000000,0.00000000,0
1773613500000000,71870.94000000,71870.94000000,71870.94000000,71870.94000000,0.00000000,1773613799999999,0.00000000,0,0.00000000,0.00000000,0
1773613800000000,72078.81000000,72263.65000000,72078.81000000,72158.79000000,0.00048000,1773614099999999,34.65108640,4,0.00029000,20.93982290,0
1773614100000000,72287.29000000,72287.29000000,72287.29000000,72287.29000000,0.00009000,1773614399999999,6.50585610,2,0.00009000,6.50585610,0
1773614400000000,72362.33000000,72441.41000000,72362.33000000,72422.89000000,0.01698000,1773614699999999,1229.30739420,6,0.01684000,1219.16818960,0
1773614700000000,72502.84000000,72502.84000000,72502.84000000,72502.84000000,0.00014000,1773614999999999,10.15039760,1,0.00000000,0.00000000,0
1773615000000000,72661.15000000,73092.26000000,72600.00000000,72811.11000000,0.33781000,1773615299999999,24634.70334890,34,0.33630000,24524.84103050,0
1773615300000000,72794.41000000,72794.41000000,72794.41000000,72794.41000000,0.00009000,1773615599999999,6.55149690,1,0.00009000,6.55149690,0
1773615600000000,72811.89000000,72958.92000000,72811.89000000,72958.92000000,0.00164000,1773615899999999,119.58750410,8,0.00009000,6.56277750,0
1773615900000000,73064.21000000,73187.75000000,73056.86000000,73067.27000000,0.04141000,1773616199999999,3028.58673300,17,0.04104000,3001.54677400,0
1773616200000000,72903.35000000,72903.35000000,72903.35000000,72903.35000000,0.00014000,1773616499999999,10.20646900,1,0.00000000,0.00000000,0
1773616500000000,72850.87000000,72850.87000000,72850.87000000,72850.87000000,0.00014000,1773616799999999,10.19912180,1,0.00000000,0.00000000,0
1773616800000000,72951.82000000,72951.82000000,72487.70000000,72487.70000000,0.00341000,1773617099999999,248.00471340,9,0.00000000,0.00000000,0
1773617100000000,72487.70000000,72487.70000000,72487.70000000,72487.70000000,0.00000000,1773617399999999,0.00000000,0,0.00000000,0.00000000,0
1773617400000000,72531.64000000,72531.64000000,72531.64000000,72531.64000000,0.00014000,1773617699999999,10.15442960,1,0.00000000,0.00000000,0
1773617700000000,72556.18000000,72556.49000000,72501.96000000,72501.96000000,0.00220000,1773617999999999,159.56952480,3,0.00120000,87.06756480,0
1773618000000000,72605.88000000,72724.62000000,72571.44000000,72724.62000000,0.01370000,1773618299999999,996.27164630,5,0.01356000,986.11164470,0
1773618300000000,72724.62000000,72724.62000000,72724.62000000,72724.62000000,0.00000000,1773618599999999,0.00000000,0,0.00000000,0.00000000,0
1773618600000000,72691.23000000,72691.23000000,72691.23000000,72691.23000000,0.00375000,1773618899999999,272.59211250,1,0.00375000,272.59211250,0
1773618900000000,72691.23000000,72691.23000000,72691.23000000,72691.23000000,0.00000000,1773619199999999,0.00000000,0,0.00000000,0.00000000,0
1773619200000000,72919.75000000,73000.00000000,72919.75000000,73000.00000000,0.05207000,1773619499999999,3799.78469320,8,0.05207000,3799.78469320,0
1773619500000000,72974.15000000,72974.15000000,72974.15000000,72974.15000000,0.00060000,1773619799999999,43.78449000,1,0.00060000,43.78449000,0
1773619800000000,72872.86000000,72878.19000000,72821.28000000,72821.28000000,0.01724000,1773620099999999,1256.38242610,3,0.01724000,1256.38242610,0
1773620100000000,72887.54000000,72887.54000000,72887.54000000,72887.54000000,0.00424000,1773620399999999,309.04316960,1,0.00424000,309.04316960,0
1773620400000000,72887.54000000,72887.54000000,72887.54000000,72887.54000000,0.00000000,1773620699999999,0.00000000,0,0.00000000,0.00000000,0
1773620700000000,72557.99000000,72557.99000000,72557.99000000,72557.99000000,0.01326000,1773620999999999,962.11894740,1,0.01326000,962.11894740,0
1773621000000000,72557.99000000,72557.99000000,72557.99000000,72557.99000000,0.00000000,1773621299999999,0.00000000,0,0.00000000,0.00000000,0
1773621300000000,72667.72000000,72667.72000000,72667.72000000,72667.72000000,0.00014000,1773621599999999,10.17348080,1,0.00000000,0.00000000,0
1773621600000000,72557.99000000,72557.99000000,72519.35000000,72519.35000000,0.00280000,1773621899999999,203.15696240,2,0.00000000,0.00000000,0
1773621900000000,72620.00000000,72666.32000000,72620.00000000,72666.32000000,0.00040000,1773622199999999,29.05453670,3,0.00040000,29.05453670,0
1773622200000000,72666.32000000,72666.32000000,72666.32000000,72666.32000000,0.00000000,1773622499999999,0.00000000,0,0.00000000,0.00000000,0
1773622500000000,72638.81000000,72638.81000000,72638.81000000,72638.81000000,0.00026000,1773622799999999,18.88609060,1,0.00026000,18.88609060,0
1773622800000000,72452.15000000,72452.15000000,72452.15000000,72452.15000000,0.00014000,1773623099999999,10.14330100,1,0.00000000,0.00000000,0
1773623100000000,72427.16000000,72427.16000000,72128.59000000,72128.59000000,0.38639000,1773623399999999,27918.21640870,23,0.00020000,14.48543200,0
1773623400000000,72128.59000000,72128.59000000,72128.59000000,72128.59000000,0.00000000,1773623699999999,0.00000000,0,0.00000000,0.00000000,0
1773623700000000,72128.59000000,72128.59000000,72128.59000000,72128.59000000,0.00000000,1773623999999999,0.00000000,0,0.00000000,0.00000000,0
1773624000000000,72509.98000000,72509.98000000,72509.98000000,72509.98000000,0.00009000,1773624299999999,6.52589820,1,0.00009000,6.52589820,0
1773624300000000,72646.31000000,72646.31000000,72595.01000000,72595.01000000,0.00023000,1773624599999999,16.70146930,2,0.00009000,6.53816790,0
1773624600000000,72595.01000000,72595.01000000,72595.01000000,72595.01000000,0.00000000,1773624899999999,0.00000000,0,0.00000000,0.00000000,0
1773624900000000,72674.52000000,72674.52000000,72674.52000000,72674.52000000,0.00014000,1773625199999999,10.17443280,1,0.00014000,10.17443280,0
1773625200000000,72674.52000000,72674.52000000,72674.52000000,72674.52000000,0.00000000,1773625499999999,0.00000000,0,0.00000000,0.00000000,0
1773625500000000,72674.52000000,72674.52000000,72674.52000000,72674.52000000,0.00000000,1773625799999999,0.00000000,0,0.00000000,0.00000000,0
1773625800000000,72782.90000000,72782.90000000,72782.90000000,72782.90000000,0.00009000,1773626099999999,6.55046100,1,0.00009000,6.55046100,0
1773626100000000,72782.90000000,72782.90000000,72782.90000000,72782.90000000,0.00000000,1773626399999999,0.00000000,0,0.00000000,0.00000000,0
1773626400000000,72756.52000000,72756.52000000,72756.52000000,72756.52000000,0.00014000,1773626699999999,10.18591280,1,0.00000000,0.00000000,0
1773626700000000,72756.52000000,72756.52000000,72756.52000000,72756.52000000,0.00000000,1773626999999999,0.00000000,0,0.00000000,0.00000000,0
1773627000000000,72750.69000000,72750.69000000,72750.69000000,72750.69000000,0.00436000,1773627299999999,317.19300840,1,0.00000000,0.00000000,0
1773627300000000,72750.69000000,72750.69000000,72750.69000000,72750.69000000,0.00000000,1773627599999999,0.00000000,0,0.00000000,0.00000000,0
1773627600000000,72601.13000000,72601.13000000,72569.51000000,72569.51000000,0.00023000,1773627899999999,16.69383310,2,0.00000000,0.00000000,0
1773627900000000,72496.36000000,72496.36000000,72496.36000000,72496.36000000,0.00009000,1773628199999999,6.52467240,1,0.00000000,0.00000000,0
1773628200000000,72496.36000000,72496.36000000,72496.36000000,72496.36000000,0.00000000,1773628499999999,0.00000000,0,0.00000000,0.00000000,0
1773628500000000,72496.36000000,72496.36000000,72496.36000000,72496.36000000,0.00000000,1773628799999999,0.00000000,0,0.00000000,0.00000000,0
1773628800000000,72496.36000000,72496.36000000,72496.36000000,72496.36000000,0.00000000,1773629099999999,0.00000000,0,0.00000000,0.00000000,0
1773629100000000,72447.31000000,72447.31000000,72447.31000000,72447.31000000,0.00277000,1773629399999999,200.67904870,1,0.00277000,200.67904870,0
1773629400000000,72555.26000000,72555.26000000,72555.26000000,72555.26000000,0.00013000,1773629699999999,9.43218380,1,0.00013000,9.43218380,0
1773629700000000,72559.17000000,72568.14000000,72549.70000000,72568.14000000,0.00036000,1773629999999999,26.12179940,3,0.00000000,0.00000000,0
1773630000000000,72496.36000000,72496.36000000,72486.43000000,72486.43000000,0.00023000,1773630299999999,16.67277260,2,0.00000000,0.00000000,0
1773630300000000,72486.43000000,72486.43000000,72486.43000000,72486.43000000,0.00000000,1773630599999999,0.00000000,0,0.00000000,0.00000000,0
1773630600000000,72546.34000000,72546.34000000,72527.17000000,72527.17000000,0.00035000,1773630899999999,25.38719330,2,0.00000000,0.00000000,0
1773630900000000,72573.20000000,72574.06000000,72573.20000000,72574.06000000,0.03597000,1773631199999999,2610.48294400,2,0.03597000,2610.48294400,0
1773631200000000,72706.04000000,72706.04000000,72706.04000000,72706.04000000,0.00009000,1773631499999999,6.54354360,1,0.00009000,6.54354360,0
1773631500000000,72820.92000000,72820.92000000,72820.92000000,72820.92000000,0.00348000,1773631799999999,253.41680160,2,0.00348000,253.41680160,0
1773631800000000,73000.00000000,73718.74000000,73000.00000000,73706.78000000,1.04994000,1773632099999999,76967.73257410,51,1.04876000,76881.09658310,0
1773632100000000,73768.11000000,74066.25000000,73697.20000000,73900.53000000,0.81064000,1773632399999999,59983.87555960,39,0.80898000,59861.14838180,0
1773632400000000,74106.28000000,74281.62000000,73719.48000000,73719.48000000,0.04654000,1773632699999999,3447.34588070,36,0.01544000,1143.65292410,0
1773632700000000,73863.09000000,73863.09000000,73592.31000000,73598.27000000,0.00121000,1773632999999999,89.16896500,9,0.00000000,0.00000000,0
1773633000000000,73702.18000000,73721.06000000,73678.33000000,73721.06000000,0.00907000,1773633299999999,668.32363820,3,0.00663000,488.49031900,0
1773633300000000,73702.73000000,73702.73000000,73631.43000000,73631.43000000,0.00028000,1773633599999999,20.62678240,2,0.00000000,0.00000000,0
1773633600000000,73623.58000000,73623.58000000,73623.58000000,73623.58000000,0.00014000,1773633899999999,10.30730120,1,0.00000000,0.00000000,0
1773633900000000,73735.56000000,73735.56000000,73735.56000000,73735.56000000,0.00014000,1773634199999999,10.32297840,1,0.00000000,0.00000000,0
1773634200000000,73625.22000000,73625.22000000,73625.22000000,73625.22000000,0.00014000,1773634499999999,10.30753080,1,0.00000000,0.00000000,0
1773634500000000,73625.22000000,73625.22000000,73625.22000000,73625.22000000,0.00000000,1773634799999999,0.00000000,0,0.00000000,0.00000000,0
1773634800000000,73884.92000000,74023.83000000,73882.06000000,73882.06000000,0.22922000,1773635099999999,16944.57013780,20,0.17757000,13125.19165950,0
1773635100000000,73623.58000000,73669.25000000,73619.58000000,73619.58000000,0.00036000,1773635399999999,26.50865580,3,0.00010000,7.36692500,0
1773635400000000,73659.12000000,73765.68000000,73638.80000000,73765.68000000,0.00040000,1773635699999999,29.48210300,4,0.00020000,14.74165500,0
1773635700000000,73766.32000000,73766.32000000,73656.87000000,73656.87000000,0.00034000,1773635999999999,25.06254640,3,0.00010000,7.37663200,0
1773636000000000,73656.87000000,73656.87000000,73656.87000000,73656.87000000,0.00000000,1773636299999999,0.00000000,0,0.00000000,0.00000000,0
1773636300000000,73655.15000000,73914.09000000,73655.15000000,73914.09000000,0.04032000,1773636599999999,2970.67128930,5,0.00385000,284.46796880,0
1773636600000000,74057.57000000,74390.45000000,74057.57000000,74384.83000000,0.00524000,1773636899999999,388.30107750,5,0.00511000,378.63031900,0
1773636900000000,74439.67000000,74439.67000000,73853.62000000,73853.62000000,0.00230000,1773637199999999,170.10647450,8,0.00000000,0.00000000,0
1773637200000000,73815.65000000,73815.65000000,73815.65000000,73815.65000000,0.00014000,1773637499999999,10.33419100,1,0.00000000,0.00000000,0
1773637500000000,73791.89000000,73848.06000000,73760.71000000,73848.06000000,0.00034000,1773637799999999,25.08824760,3,0.00000000,0.00000000,0
1773637800000000,74045.53000000,74045.53000000,74045.53000000,74045.53000000,0.00014000,1773638099999999,10.36637420,1,0.00000000,0.00000000,0
1773638100000000,73879.04000000,73879.04000000,73879.04000000,73879.04000000,0.00014000,1773638399999999,10.34306560,1,0.00000000,0.00000000,0
1773638400000000,73949.62000000,73949.62000000,73902.30000000,73902.99000000,0.01059000,1773638699999999,782.78967720,4,0.00874000,645.98288020,0
1773638700000000,73950.62000000,73950.62000000,73931.55000000,73931.55000000,0.00032000,1773638999999999,23.66152860,2,0.00018000,13.31111160,0
1773639000000000,73846.13000000,73846.13000000,73846.13000000,73846.13000000,0.00014000,1773639299999999,10.33845820,1,0.00000000,0.00000000,0
1773639300000000,73975.89000000,73975.89000000,73975.89000000,73975.89000000,0.00027000,1773639599999999,19.97349030,1,0.00027000,19.97349030,0
1773639600000000,73975.89000000,73975.89000000,73975.89000000,73975.89000000,0.00000000,1773639899999999,0.00000000,0,0.00000000,0.00000000,0
1773639900000000,73975.89000000,73975.89000000,73975.89000000,73975.89000000,0.00000000,1773640199999999,0.00000000,0,0.00000000,0.00000000,0
1773640200000000,74150.42000000,74150.42000000,74150.42000000,74150.42000000,0.00195000,1773640499999999,144.59331900,1,0.00195000,144.59331900,0
1773640500000000,74161.06000000,74161.06000000,74161.06000000,74161.06000000,0.00032000,1773640799999999,23.73153920,1,0.00000000,0.00000000,0
1773640800000000,74197.22000000,74197.78000000,74005.41000000,74005.41000000,0.00518000,1773641099999999,383.72588640,8,0.00214000,158.48297280,0
1773641100000000,73906.48000000,73906.48000000,73833.67000000,73833.67000000,0.00028000,1773641399999999,20.68362100,2,0.00000000,0.00000000,0
1773641400000000,73717.87000000,73717.87000000,73666.15000000,73666.15000000,0.00042000,1773641699999999,30.95337700,3,0.00000000,0.00000000,0
1773641700000000,73666.15000000,73666.15000000,73666.15000000,73666.15000000,0.00000000,1773641999999999,0.00000000,0,0.00000000,0.00000000,0
1773642000000000,73827.27000000,73828.25000000,73827.27000000,73828.25000000,0.00065000,1773642299999999,47.98822530,2,0.00065000,47.98822530,0
1773642300000000,73828.25000000,73828.25000000,73828.25000000,73828.25000000,0.00000000,1773642599999999,0.00000000,0,0.00000000,0.00000000,0
1773642600000000,73758.70000000,73803.90000000,73758.70000000,73803.90000000,0.00185000,1773642899999999,136.51280700,2,0.00185000,136.51280700,0
1773642900000000,73803.90000000,73803.90000000,73803.90000000,73803.90000000,0.00000000,1773643199999999,0.00000000,0,0.00000000,0.00000000,0
1773643200000000,73828.25000000,73865.65000000,73828.25000000,73849.13000000,0.00838000,1773643499999999,618.75708180,4,0.00838000,618.75708180,0
1773643500000000,73772.14000000,73772.14000000,73772.14000000,73772.14000000,0.00406000,1773643799999999,299.51488840,1,0.00406000,299.51488840,0
1773643800000000,73772.14000000,73772.14000000,73772.14000000,73772.14000000,0.00000000,1773644099999999,0.00000000,0,0.00000000,0.00000000,0
1773644100000000,73851.36000000,73851.36000000,73772.14000000,73772.14000000,0.00273000,1773644399999999,201.42144190,3,0.00251000,185.19157110,0
1773644400000000,73876.27000000,73884.92000000,73875.82000000,73884.92000000,0.03491000,1773644699999999,2579.01113570,3,0.00009000,6.64964280,0
1773644700000000,73826.50000000,73903.47000000,73826.50000000,73903.47000000,0.01006000,1773644999999999,742.74462050,2,0.00065000,48.03725550,0
1773645000000000,73903.47000000,73903.47000000,73903.47000000,73903.47000000,0.00000000,1773645299999999,0.00000000,0,0.00000000,0.00000000,0
1773645300000000,73747.16000000,73747.16000000,73747.16000000,73747.16000000,0.00014000,1773645599999999,10.32460240,1,0.00000000,0.00000000,0
1773645600000000,73750.02000000,73750.02000000,73713.92000000,73713.92000000,0.00034000,1773645899999999,25.06778680,2,0.00000000,0.00000000,0
1773645900000000,73810.09000000,73810.09000000,73789.32000000,73789.32000000,0.00030000,1773646199999999,22.14074230,2,0.00019000,14.02391710,0
1773646200000000,73773.97000000,73773.97000000,73733.19000000,73733.19000000,0.00046000,1773646499999999,33.92407140,3,0.00018000,13.27197420,0
1773646500000000,73657.69000000,73657.69000000,73500.00000000,73500.00000000,0.00881000,1773646799999999,647.59519840,8,0.00000000,0.00000000,0
1773646800000000,73500.00000000,73552.24000000,73500.00000000,73516.77000000,1.00028000,1773647099999999,73520.58966140,20,1.00000000,73500.00000000,0
1773647100000000,73517.13000000,73517.13000000,73464.64000000,73464.64000000,0.00037000,1773647399999999,27.18972260,3,0.00000000,0.00000000,0
1773647400000000,73416.96000000,73442.83000000,73416.96000000,73442.83000000,0.00153000,1773647699999999,112.36390810,2,0.00000000,0.00000000,0
1773647700000000,73464.00000000,73481.98000000,73464.00000000,73481.98000000,0.10903000,1773647999999999,8009.78243720,10,0.10889000,7999.49496000,0
1773648000000000,73499.05000000,73575.46000000,73499.05000000,73575.46000000,0.00510000,1773648299999999,375.22338450,2,0.00495000,364.19852700,0
1773648300000000,73575.46000000,73575.46000000,73575.46000000,73575.46000000,0.00000000,1773648599999999,0.00000000,0,0.00000000,0.00000000,0
1773648600000000,73746.26000000,73746.26000000,73525.79000000,73525.79000000,0.00032000,1773648899999999,23.55548140,3,0.00009000,6.63716340,0
1773648900000000,73500.43000000,73500.43000000,73411.89000000,73424.19000000,0.00868000,1773649199999999,637.23677170,5,0.00817000,599.77514130,0
1773649200000000,73558.36000000,73558.36000000,73558.36000000,73558.36000000,0.00014000,1773649499999999,10.29817040,1,0.00000000,0.00000000,0
1773649500000000,73434.92000000,73434.92000000,73434.92000000,73434.92000000,0.00014000,1773649799999999,10.28088880,1,0.00000000,0.00000000,0
1773649800000000,73363.22000000,73363.22000000,73218.33000000,73218.33000000,0.00386000,1773650099999999,282.98397190,8,0.00000000,0.00000000,0
1773650100000000,73275.02000000,73284.99000000,73230.72000000,73232.91000000,0.00433000,1773650399999999,317.10315100,6,0.00000000,0.00000000,0
1773650400000000,73241.78000000,73241.78000000,72893.30000000,72901.42000000,0.04786000,1773650699999999,3494.09559190,22,0.00000000,0.00000000,0
1773650700000000,72926.37000000,73115.81000000,72926.37000000,73071.33000000,0.08655000,1773650999999999,6326.66280970,21,0.01043000,762.31691830,0
1773651000000000,73022.25000000,73214.57000000,72980.18000000,73214.57000000,0.01741000,1773651299999999,1273.61832430,6,0.01713000,1253.17798410,0
1773651300000000,73188.89000000,73188.89000000,73113.30000000,73113.30000000,0.00284000,1773651599999999,207.84470080,3,0.00264000,193.21866960,0
1773651600000000,73172.12000000,73172.12000000,73166.38000000,73166.38000000,0.00122000,1773651899999999,89.26906800,2,0.00122000,89.26906800,0
1773651900000000,73143.62000000,73151.70000000,73092.98000000,73092.98000000,0.02768000,1773652199999999,2024.78434040,4,0.02768000,2024.78434040,0
1773652200000000,73092.98000000,73092.98000000,73092.98000000,73092.98000000,0.00000000,1773652499999999,0.00000000,0,0.00000000,0.00000000,0
1773652500000000,73184.95000000,73199.31000000,73184.95000000,73199.31000000,0.00721000,1773652799999999,527.75643000,3,0.00721000,527.75643000,0
1773652800000000,73182.51000000,73182.51000000,73182.51000000,73182.51000000,0.00014000,1773653099999999,10.24555140,1,0.00000000,0.00000000,0
1773653100000000,73264.19000000,73269.82000000,73264.19000000,73269.82000000,0.01109000,1773653399999999,812.55363360,2,0.01109000,812.55363360,0
1773653400000000,73269.82000000,73269.82000000,73254.55000000,73254.55000000,0.04097000,1773653699999999,3001.86345650,3,0.04029000,2952.04104780,0
1773653700000000,73257.16000000,73257.16000000,73257.16000000,73257.16000000,0.00669000,1773653999999999,490.09040040,2,0.00669000,490.09040040,0
1773654000000000,73257.16000000,73257.16000000,73257.16000000,73257.16000000,0.00000000,1773654299999999,0.00000000,0,0.00000000,0.00000000,0
1773654300000000,73231.71000000,73231.71000000,73231.71000000,73231.71000000,0.00889000,1773654599999999,651.02990190,1,0.00889000,651.02990190,0
1773654600000000,73231.71000000,73231.71000000,73231.71000000,73231.71000000,0.00000000,1773654899999999,0.00000000,0,0.00000000,0.00000000,0
1773654900000000,73308.40000000,73308.40000000,73308.40000000,73308.40000000,0.00007000,1773655199999999,5.13158800,1,0.00007000,5.13158800,0
1773655200000000,73331.84000000,73429.37000000,73331.84000000,73429.37000000,0.00023000,1773655499999999,16.87997740,2,0.00009000,6.59986560,0
1773655500000000,73324.49000000,73324.49000000,73320.79000000,73320.79000000,0.00686000,1773655799999999,502.99205240,2,0.00686000,502.99205240,0
1773655800000000,73320.79000000,73320.79000000,73320.79000000,73320.79000000,0.00000000,1773656099999999,0.00000000,0,0.00000000,0.00000000,0
1773656100000000,73406.43000000,73413.98000000,73371.76000000,73371.76000000,0.00185000,1773656399999999,135.80452560,4,0.00171000,125.53247920,0
1773656400000000,73371.76000000,73371.76000000,73371.76000000,73371.76000000,0.00000000,1773656699999999,0.00000000,0,0.00000000,0.00000000,0
1773656700000000,73452.40000000,73457.74000000,73438.39000000,73438.39000000,0.01897000,1773656999999999,1393.36722220,3,0.01897000,1393.36722220,0
1773657000000000,73385.73000000,73385.73000000,73385.73000000,73385.73000000,0.00014000,1773657299999999,10.27400220,1,0.00000000,0.00000000,0
1773657300000000,73300.41000000,73300.41000000,73251.02000000,73251.02000000,0.00996000,1773657599999999,729.81968680,3,0.00982000,719.55762940,0
1773657600000000,73278.64000000,73307.18000000,73270.76000000,73270.76000000,0.00178000,1773657899999999,130.47254880,3,0.00164000,120.21464240,0
1773657900000000,73251.70000000,73365.04000000,73251.70000000,73365.04000000,0.01272000,1773658199999999,932.59588000,4,0.01258000,922.34064200,0
1773658200000000,73531.60000000,73824.41000000,73531.60000000,73546.86000000,0.38165000,1773658499999999,28119.91875870,25,0.37935000,27950.75009140,0
1773658500000000,73592.62000000,73791.62000000,73590.66000000,73791.62000000,0.00694000,1773658799999999,511.26265190,19,0.00260000,191.57855800,0
1773658800000000,73805.55000000,73805.55000000,73698.94000000,73704.32000000,0.00217000,1773659099999999,160.05632400,8,0.00000000,0.00000000,0
1773659100000000,73698.55000000,73717.50000000,73668.83000000,73668.83000000,0.00247000,1773659399999999,182.00163360,13,0.00000000,0.00000000,0
1773659400000000,73660.19000000,73704.19000000,73607.86000000,73607.86000000,0.01297000,1773659699999999,955.68414350,24,0.00987000,727.34709220,0
1773659700000000,73607.17000000,73607.17000000,73607.17000000,73607.17000000,0.00034000,1773659999999999,25.02643780,1,0.00000000,0.00000000,0
1773660000000000,73722.72000000,73723.55000000,73564.46000000,73564.46000000,0.00556000,1773660299999999,409.80285460,13,0.00472000,347.97380310,0
1773660300000000,73614.91000000,73666.49000000,73524.19000000,73537.46000000,0.00142000,1773660599999999,104.49835440,16,0.00000000,0.00000000,0
1773660600000000,73544.58000000,73581.89000000,73524.65000000,73581.89000000,0.00405000,1773660899999999,297.88531190,13,0.00289000,212.57275580,0
1773660900000000,73588.84000000,73588.84000000,73529.89000000,73529.89000000,0.00119000,1773661199999999,87.53082000,12,0.00000000,0.00000000,0
1773661200000000,73585.79000000,73632.50000000,73584.82000000,73608.87000000,0.00102000,1773661499999999,75.08375770,12,0.00000000,0.00000000,0
1773661500000000,73607.73000000,73641.64000000,73604.71000000,73604.71000000,0.00135000,1773661799999999,99.39109860,13,0.00027000,19.88241660,0
1773661800000000,73616.45000000,73616.45000000,73520.06000000,73520.06000000,0.00252000,1773662099999999,185.42080530,25,0.00000000,0.00000000,0
1773662100000000,73563.17000000,73586.14000000,73524.01000000,73539.21000000,0.00273000,1773662399999999,200.82931580,25,0.00000000,0.00000000,0
1773662400000000,73541.09000000,73746.26000000,73541.09000000,73649.58000000,0.00504000,1773662699999999,371.07379150,26,0.00291000,214.29521190,0
1773662700000000,73629.16000000,73653.23000000,73494.09000000,73615.97000000,0.00402000,1773662999999999,295.83878070,32,0.00022000,16.18965440,0
1773663000000000,73586.53000000,73589.13000000,73460.67000000,73575.56000000,0.00214000,1773663299999999,157.37106040,25,0.00000000,0.00000000,0
1773663300000000,73572.73000000,73696.81000000,73485.31000000,73689.72000000,0.00219000,1773663599999999,161.15231150,25,0.00000000,0.00000000,0
1773663600000000,73723.30000000,73746.26000000,73607.86000000,73607.86000000,0.00076000,1773663899999999,56.01995540,6,0.00009000,6.63716340,0
1773663900000000,73788.26000000,73856.05000000,73788.26000000,73856.05000000,0.02053000,1773664199999999,1515.98117610,5,0.00618000,456.14685860,0
1773664200000000,73884.92000000,73976.70000000,73884.92000000,73976.70000000,0.00140000,1773664499999999,103.55911980,2,0.00140000,103.55911980,0
1773664500000000,73818.03000000,73818.03000000,73793.04000000,73793.04000000,0.01393000,1773664799999999,1028.06555030,4,0.01379000,1017.73102610,0
1773664800000000,73793.04000000,73793.04000000,73793.04000000,73793.04000000,0.00000000,1773665099999999,0.00000000,0,0.00000000,0.00000000,0
1773665100000000,73793.04000000,73793.04000000,73793.04000000,73793.04000000,0.00000000,1773665399999999,0.00000000,0,0.00000000,0.00000000,0
1773665400000000,73793.04000000,73793.04000000,73793.04000000,73793.04000000,0.00000000,1773665699999999,0.00000000,0,0.00000000,0.00000000,0
1773665700000000,73793.04000000,73793.04000000,73793.04000000,73793.04000000,0.00000000,1773665999999999,0.00000000,0,0.00000000,0.00000000,0
1773666000000000,73932.87000000,73947.14000000,73932.87000000,73947.14000000,0.00278000,1773666299999999,205.56917360,3,0.00278000,205.56917360,0
1773666300000000,73947.14000000,73947.14000000,73947.14000000,73947.14000000,0.00000000,1773666599999999,0.00000000,0,0.00000000,0.00000000,0
1773666600000000,73849.02000000,73921.39000000,73849.02000000,73921.39000000,0.00063000,1773666899999999,46.54372110,6,0.00019000,14.03326130,0
1773666900000000,73954.30000000,73965.73000000,73799.56000000,73825.81000000,0.02163000,1773667199999999,1599.50148380,13,0.00191000,141.18590710,0
1773667200000000,73808.62000000,73934.67000000,73784.80000000,73934.67000000,0.00078000,1773667499999999,57.60782190,10,0.00000000,0.00000000,0
1773667500000000,73925.81000000,73925.81000000,73854.12000000,73891.59000000,0.00619000,1773667799999999,457.57837460,7,0.00574000,424.32566710,0
1773667800000000,73895.56000000,74298.29000000,73895.56000000,74292.72000000,0.07736000,1773668099999999,5740.14807960,12,0.07562000,5611.00400000,0
1773668100000000,74387.85000000,74387.85000000,74218.30000000,74311.06000000,0.00391000,1773668399999999,290.49085920,14,0.00000000,0.00000000,0
1773668400000000,74368.98000000,74430.26000000,74023.83000000,74023.83000000,0.27816000,1773668699999999,20702.39024660,24,0.26834000,19972.61596840,0
1773668700000000,74308.30000000,74387.35000000,74266.59000000,74279.15000000,0.08096000,1773668999999999,6019.00712550,11,0.08083000,6009.35246880,0
1773669000000000,74225.29000000,74227.36000000,73921.47000000,73929.52000000,0.02152000,1773669299999999,1595.05640990,30,0.01814000,1344.81238400,0
1773669300000000,73929.73000000,74065.69000000,73889.61000000,74004.56000000,0.03193000,1773669599999999,2362.99546790,22,0.02342000,1733.74922530,0
1773669600000000,74091.27000000,74250.56000000,74017.30000000,74250.56000000,0.00734000,1773669899999999,544.72412550,12,0.00547000,406.14888740,0
1773669900000000,74214.92000000,74450.67000000,74209.22000000,74422.96000000,0.14625000,1773670199999999,10873.92416680,13,0.14317000,10645.35902820,0
1773670200000000,74406.24000000,74406.24000000,74223.27000000,74326.29000000,0.00332000,1773670499999999,246.70760690,15,0.00000000,0.00000000,0
1773670500000000,74298.47000000,74368.92000000,74198.44000000,74288.85000000,0.00819000,1773670799999999,608.61036930,16,0.00638000,474.17520600,0
1773670800000000,74163.02000000,74265.36000000,74105.06000000,74105.06000000,0.00254000,1773671099999999,188.45890280,20,0.00000000,0.00000000,0
1773671100000000,74147.66000000,74147.66000000,73683.43000000,73683.43000000,0.08921000,1773671399999999,6584.20694100,39,0.00026000,19.26673320,0
1773671400000000,73607.86000000,73607.86000000,73284.46000000,73436.22000000,0.03000000,1773671699999999,2202.46686130,31,0.01218000,893.94206860,0
1773671700000000,73473.38000000,73473.38000000,73194.22000000,73206.00000000,0.01655000,1773671999999999,1213.22331360,9,0.00259000,189.97519820,0
1773672000000000,73275.02000000,73275.02000000,73000.00000000,73085.54000000,0.10154000,1773672299999999,7414.37445030,18,0.00068000,49.73488720,0
1773672300000000,73169.14000000,73187.77000000,73169.14000000,73187.77000000,0.00075000,1773672599999999,54.87983580,2,0.00059000,43.16979260,0
1773672600000000,73056.86000000,73368.17000000,73056.86000000,73298.49000000,0.06535000,1773672899999999,4793.48406680,13,0.06478000,4751.71720100,0
1773672900000000,73380.94000000,73536.07000000,73380.94000000,73469.72000000,0.00667000,1773673199999999,489.74429920,3,0.00658000,483.13202440,0
1773673200000000,73469.72000000,73469.72000000,73469.72000000,73469.72000000,0.00009000,1773673499999999,6.61227480,1,0.00000000,0.00000000,0
1773673500000000,73387.81000000,73571.14000000,73387.81000000,73571.14000000,0.01593000,1773673799999999,1171.08450490,4,0.01447000,1063.67064050,0
1773673800000000,73549.02000000,73777.54000000,73549.02000000,73724.30000000,0.16727000,1773674099999999,12331.46597310,13,0.16713000,12321.14457110,0
1773674100000000,73607.86000000,73607.86000000,73607.86000000,73607.86000000,0.00009000,1773674399999999,6.62470740,1,0.00000000,0.00000000,0
1773674400000000,73809.63000000,73884.92000000,73809.63000000,73884.92000000,0.00023000,1773674699999999,16.98299100,2,0.00009000,6.64964280,0
1773674700000000,73884.92000000,73884.92000000,73884.92000000,73884.92000000,0.00000000,1773674999999999,0.00000000,0,0.00000000,0.00000000,0
1773675000000000,73884.92000000,73884.92000000,73746.26000000,73746.26000000,0.04336000,1773675299999999,3201.60031940,8,0.02620000,1933.74757160,0
1773675300000000,73746.26000000,73781.99000000,73702.69000000,73702.69000000,0.01962000,1773675599999999,1446.76266500,6,0.01936000,1427.58863740,0
1773675600000000,73607.86000000,73610.66000000,73607.86000000,73610.66000000,0.00028000,1773675899999999,20.61073280,2,0.00019000,13.98602540,0
1773675900000000,73610.66000000,73610.66000000,73610.66000000,73610.66000000,0.00657000,1773676199999999,483.62203620,2,0.00000000,0.00000000,0
1773676200000000,73469.72000000,73469.72000000,73444.00000000,73449.53000000,0.00033000,1773676499999999,24.23938780,3,0.00010000,7.34495300,0
1773676500000000,73349.17000000,73349.17000000,73323.82000000,73329.38000000,0.01160000,1773676799999999,850.68762870,3,0.01160000,850.68762870,0
1773676800000000,73194.22000000,73194.22000000,73194.22000000,73194.22000000,0.00009000,1773677099999999,6.58747980,1,0.00000000,0.00000000,0
1773677100000000,73331.84000000,73331.84000000,73328.68000000,73328.68000000,0.00669000,1773677399999999,490.56915360,2,0.00669000,490.56915360,0
1773677400000000,73309.76000000,73309.76000000,73297.30000000,73297.30000000,0.00022000,1773677699999999,16.12652740,2,0.00022000,16.12652740,0
1773677700000000,73297.30000000,73297.30000000,73297.30000000,73297.30000000,0.00000000,1773677999999999,0.00000000,0,0.00000000,0.00000000,0
1773678000000000,73454.43000000,73501.09000000,73419.00000000,73478.98000000,0.00838000,1773678299999999,615.65315390,6,0.00838000,615.65315390,0
1773678300000000,73464.86000000,73464.86000000,73464.86000000,73464.86000000,0.00198000,1773678599999999,145.46042280,3,0.00066000,48.48680760,0
1773678600000000,73332.27000000,73458.04000000,73323.63000000,73458.04000000,0.05737000,1773678899999999,4207.88355480,11,0.02094000,1536.63718020,0
1773678900000000,73424.98000000,73438.72000000,73424.98000000,73434.01000000,0.00307000,1773679199999999,225.44877670,3,0.00293000,215.16927950,0
1773679200000000,73510.14000000,73657.52000000,73510.14000000,73639.35000000,0.00423000,1773679499999999,311.03829880,3,0.00355000,260.96099700,0
1773679500000000,73730.13000000,73730.13000000,73730.13000000,73730.13000000,0.00068000,1773679799999999,50.13648840,1,0.00068000,50.13648840,0
1773679800000000,73745.94000000,73863.53000000,73745.94000000,73863.53000000,0.00669000,1773680099999999,493.41531000,4,0.00655000,483.07441580,0
1773680100000000,73819.80000000,73819.80000000,73773.32000000,73773.32000000,0.00381000,1773680399999999,281.24693080,2,0.00367000,270.91866600,0
1773680400000000,73791.67000000,73884.92000000,73791.67000000,73884.92000000,0.00029000,1773680699999999,21.40797680,2,0.00029000,21.40797680,0
1773680700000000,73828.43000000,73828.43000000,73828.43000000,73828.43000000,0.03012000,1773680999999999,2223.71231160,1,0.03012000,2223.71231160,0
1773681000000000,73828.43000000,73828.43000000,73828.43000000,73828.43000000,0.00000000,1773681299999999,0.00000000,0,0.00000000,0.00000000,0
1773681300000000,73828.43000000,73828.43000000,73828.43000000,73828.43000000,0.00000000,1773681599999999,0.00000000,0,0.00000000,0.00000000,0
1773681600000000,73794.07000000,73794.07000000,73794.07000000,73794.07000000,0.00057000,1773681899999999,42.06261990,1,0.00000000,0.00000000,0
1773681900000000,73809.41000000,73809.41000000,73663.14000000,73739.53000000,0.00649000,1773682199999999,478.73896730,27,0.00325000,239.79013830,0
1773682200000000,73759.35000000,73762.87000000,73759.35000000,73762.87000000,0.00671000,1773682499999999,494.93572410,3,0.00671000,494.93572410,0
1773682500000000,73873.88000000,73977.82000000,73873.88000000,73977.82000000,0.00442000,1773682799999999,326.83432380,4,0.00442000,326.83432380,0
1773682800000000,73924.84000000,73924.84000000,73924.84000000,73924.84000000,0.00014000,1773683099999999,10.34947760,1,0.00000000,0.00000000,0
1773683100000000,73926.68000000,74023.83000000,73926.68000000,73981.05000000,0.00127000,1773683399999999,93.92230210,4,0.00113000,83.56495510,0
1773683400000000,73981.05000000,73981.05000000,73981.05000000,73981.05000000,0.00000000,1773683699999999,0.00000000,0,0.00000000,0.00000000,0
1773683700000000,73963.27000000,74006.68000000,73963.27000000,73973.62000000,0.07603000,1773683999999999,5625.29846840,9,0.07603000,5625.29846840,0
1773684000000000,73966.50000000,73966.50000000,73945.55000000,73945.55000000,0.00092000,1773684299999999,68.03739830,3,0.00053000,39.19863380,0
1773684300000000,74099.19000000,74152.94000000,74099.19000000,74152.94000000,0.05166000,1773684599999999,3828.09384830,3,0.05166000,3828.09384830,0
1773684600000000,74244.19000000,74246.25000000,74174.45000000,74240.79000000,0.00412000,1773684899999999,305.86615970,9,0.00364000,270.24345250,0
1773684900000000,74240.79000000,74240.79000000,74240.79000000,74240.79000000,0.00000000,1773685199999999,0.00000000,0,0.00000000,0.00000000,0
1773685200000000,74163.02000000,74163.02000000,74147.16000000,74147.16000000,0.00274000,1773685499999999,203.17417320,3,0.00265000,196.49950140,0
1773685500000000,74286.61000000,74286.61000000,74223.47000000,74230.84000000,0.01355000,1773685799999999,1005.79571470,3,0.01347000,999.85278590,0
1773685800000000,74248.42000000,74250.53000000,74248.42000000,74250.53000000,0.01346000,1773686099999999,999.41072010,2,0.01346000,999.41072010,0
1773686100000000,74283.69000000,74283.69000000,74120.90000000,74132.64000000,0.00753000,1773686399999999,558.26397120,5,0.00744000,551.58929940,0
1773686400000000,74188.79000000,74285.97000000,74188.79000000,74263.45000000,0.11070000,1773686699999999,8215.61503260,11,0.10908000,8095.27176120,0
1773686700000000,74090.11000000,74140.92000000,74089.44000000,74140.92000000,0.01375000,1773686999999999,1018.75125160,3,0.00026000,19.27663920,0
1773687000000000,74089.44000000,74089.44000000,74023.83000000,74023.83000000,0.00039000,1773687299999999,28.88897670,2,0.00000000,0.00000000,0
1773687300000000,74012.19000000,74012.19000000,73942.58000000,73942.58000000,0.00020000,1773687599999999,14.79269260,2,0.00006000,4.44073140,0
1773687600000000,73975.43000000,73975.43000000,73839.37000000,73839.37000000,0.00162000,1773687899999999,119.82114820,2,0.00148000,109.48363640,0
1773687900000000,73876.35000000,74172.93000000,73868.33000000,73973.42000000,0.30043000,1773688199999999,22228.89749030,23,0.27364000,20249.96370150,0
1773688200000000,74311.93000000,74311.93000000,74117.15000000,74118.53000000,0.02265000,1773688499999999,1681.38862150,7,0.02256000,1674.71394970,0
1773688500000000,74200.74000000,74286.37000000,74139.77000000,74140.37000000,0.02796000,1773688799999999,2073.10399910,5,0.02796000,2073.10399910,0
1773688800000000,74160.20000000,74160.20000000,74160.20000000,74160.20000000,0.00261000,1773689099999999,193.55812200,1,0.00261000,193.55812200,0
1773689100000000,74085.45000000,74123.87000000,74023.83000000,74123.87000000,0.00065000,1773689399999999,48.14766970,4,0.00030000,22.22563500,0
1773689400000000,74175.33000000,74175.33000000,74175.33000000,74175.33000000,0.00863000,1773689699999999,640.13309790,1,0.00000000,0.00000000,0
1773689700000000,74175.33000000,74175.33000000,74175.33000000,74175.33000000,0.00000000,1773689999999999,0.00000000,0,0.00000000,0.00000000,0
1773690000000000,74175.33000000,74175.33000000,74175.33000000,74175.33000000,0.00000000,1773690299999999,0.00000000,0,0.00000000,0.00000000,0
1773690300000000,74175.33000000,74175.33000000,73980.61000000,73980.61000000,0.00499000,1773690599999999,370.06479290,3,0.00029000,21.45437690,0
1773690600000000,73980.61000000,73980.61000000,73931.45000000,73942.37000000,0.01328000,1773690899999999,981.89417600,4,0.01308000,967.09805400,0
1773690900000000,73957.58000000,73994.93000000,73957.58000000,73994.93000000,0.00069000,1773691199999999,51.03595920,2,0.00055000,40.67666900,0
1773691200000000,73972.69000000,73972.69000000,73972.69000000,73972.69000000,0.00019000,1773691499999999,14.05481110,1,0.00019000,14.05481110,0
1773691500000000,73904.81000000,73904.81000000,73895.71000000,73895.71000000,0.00518000,1773691799999999,382.78105180,2,0.00000000,0.00000000,0
1773691800000000,73973.80000000,73973.80000000,73892.37000000,73892.37000000,0.00449000,1773692099999999,331.99030900,3,0.00418000,309.08263890,0
1773692100000000,73971.31000000,73977.11000000,73954.40000000,73954.40000000,0.03134000,1773692399999999,2318.34551170,7,0.03134000,2318.34551170,0
1773692400000000,74027.28000000,74027.28000000,74027.28000000,74027.28000000,0.00196000,1773692699999999,145.09346880,1,0.00196000,145.09346880,0
1773692700000000,74089.46000000,74089.46000000,74089.46000000,74089.46000000,0.00279000,1773692999999999,206.70959340,1,0.00279000,206.70959340,0
1773693000000000,74017.89000000,74037.07000000,74004.56000000,74004.56000000,0.00149000,1773693299999999,110.27427840,3,0.00022000,16.28393580,0
1773693300000000,74047.65000000,74089.78000000,74047.65000000,74089.78000000,0.08748000,1773693599999999,6479.35554750,7,0.08748000,6479.35554750,0
1773693600000000,74034.63000000,74034.63000000,74034.63000000,74034.63000000,0.00265000,1773693899999999,196.19176950,1,0.00000000,0.00000000,0
1773693900000000,74034.63000000,74034.63000000,74034.63000000,74034.63000000,0.00000000,1773694199999999,0.00000000,0,0.00000000,0.00000000,0
1773694200000000,74177.90000000,74177.90000000,74177.90000000,74177.90000000,0.00078000,1773694499999999,57.85876200,1,0.00078000,57.85876200,0
1773694500000000,74175.42000000,74273.38000000,74175.42000000,74273.38000000,0.00433000,1773694799999999,321.54886570,3,0.00377000,280.01063050,0
1773694800000000,74273.38000000,74492.00000000,74273.38000000,74492.00000000,0.27759000,1773695099999999,20619.94543460,15,0.27759000,20619.94543460,0
1773695100000000,74415.84000000,74415.84000000,74302.46000000,74302.46000000,0.00022000,1773695399999999,16.36128060,2,0.00000000,0.00000000,0
1773695400000000,74302.46000000,74302.46000000,74302.46000000,74302.46000000,0.00000000,1773695699999999,0.00000000,0,0.00000000,0.00000000,0
1773695700000000,74389.69000000,74400.85000000,74378.88000000,74378.88000000,0.00221000,1773695999999999,164.41200560,4,0.00221000,164.41200560,0
1773696000000000,74403.19000000,74403.19000000,74295.83000000,74329.24000000,0.00843000,1773696299999999,626.55769840,5,0.00821000,610.19806230,0
1773696300000000,74329.24000000,74329.24000000,74329.24000000,74329.24000000,0.00000000,1773696599999999,0.00000000,0,0.00000000,0.00000000,0
1773696600000000,74284.66000000,74284.66000000,74284.66000000,74284.66000000,0.00091000,1773696899999999,67.59904060,1,0.00091000,67.59904060,0
1773696900000000,74515.39000000,74775.81000000,74489.49000000,74489.49000000,0.36468000,1773697199999999,27207.75916180,52,0.36117000,26945.43968790,0
1773697200000000,74442.16000000,74442.16000000,74382.83000000,74382.83000000,0.00194000,1773697499999999,144.30802990,2,0.00000000,0.00000000,0
1773697500000000,74492.36000000,74529.15000000,74492.36000000,74529.15000000,0.00026000,1773697799999999,19.37279630,2,0.00000000,0.00000000,0
1773697800000000,74549.46000000,74572.29000000,74546.43000000,74546.43000000,0.00846000,1773698099999999,630.76789800,5,0.00846000,630.76789800,0
1773698100000000,74523.82000000,74523.82000000,74440.53000000,74440.53000000,0.00058000,1773698399999999,43.20563850,3,0.00036000,26.82857520,0
1773698400000000,74440.53000000,74440.53000000,74440.53000000,74440.53000000,0.00000000,1773698699999999,0.00000000,0,0.00000000,0.00000000,0
1773698700000000,74829.43000000,74885.55000000,74770.02000000,74770.02000000,0.00039000,1773698999999999,29.18305000,3,0.00000000,0.00000000,0
1773699000000000,74883.38000000,74888.00000000,74845.21000000,74845.21000000,0.00063000,1773699299999999,47.16829260,3,0.00044000,32.94045040,0
1773699300000000,74845.21000000,74845.21000000,74845.21000000,74845.21000000,0.00000000,1773699599999999,0.00000000,0,0.00000000,0.00000000,0
1773699600000000,74742.25000000,74742.25000000,74722.36000000,74722.36000000,0.00022000,1773699899999999,16.44150490,2,0.00000000,0.00000000,0
1773699900000000,74722.36000000,74722.36000000,74722.36000000,74722.36000000,0.00000000,1773700199999999,0.00000000,0,0.00000000,0.00000000,0
1773700200000000,74690.11000000,74691.50000000,74652.91000000,74652.91000000,0.00149000,1773700499999999,111.28235290,3,0.00149000,111.28235290,0
1773700500000000,74707.24000000,74757.15000000,74707.24000000,74752.15000000,0.02262000,1773700799999999,1690.83273300,5,0.00268000,200.27409260,0
1773700800000000,74746.51000000,74759.58000000,74738.53000000,74758.85000000,0.04941000,1773701099999999,3693.70182470,7,0.01134000,847.62494460,0
1773701100000000,74887.99000000,74887.99000000,74858.72000000,74858.72000000,0.00041000,1773701399999999,30.70027080,2,0.00041000,30.70027080,0
1773701400000000,74831.77000000,74833.26000000,74831.77000000,74833.26000000,0.03439000,1773701699999999,2573.50158190,2,0.03439000,2573.50158190,0
1773701700000000,74722.36000000,74745.83000000,74722.36000000,74745.83000000,0.00035000,1773701999999999,26.15892820,2,0.00026000,19.43391580,0
1773702000000000,74652.91000000,74652.91000000,74442.16000000,74442.16000000,0.00284000,1773702299999999,211.97309400,4,0.00000000,0.00000000,0
1773702300000000,74322.00000000,74327.99000000,74302.46000000,74302.46000000,0.00963000,1773702599999999,715.72473200,5,0.00094000,69.86831060,0
1773702600000000,74355.83000000,74450.81000000,74355.83000000,74450.81000000,0.00251000,1773702899999999,186.68632210,2,0.00251000,186.68632210,0
1773702900000000,74506.38000000,74506.38000000,74506.38000000,74506.38000000,0.00744000,1773703199999999,554.32746720,2,0.00057000,42.46863660,0
1773703200000000,74506.38000000,74514.18000000,74498.19000000,74498.19000000,0.03888000,1773703499999999,2896.79988390,6,0.03788000,2822.28570390,0
1773703500000000,74517.01000000,74587.43000000,74517.01000000,74587.43000000,0.00360000,1773703799999999,268.27039060,2,0.00000000,0.00000000,0
1773703800000000,74587.43000000,74587.43000000,74587.43000000,74587.43000000,0.00000000,1773704099999999,0.00000000,0,0.00000000,0.00000000,0
1773704100000000,74743.66000000,74743.66000000,74743.66000000,74743.66000000,0.00130000,1773704399999999,97.16675800,1,0.00130000,97.16675800,0
1773704400000000,74782.04000000,74888.00000000,74782.04000000,74888.00000000,0.02879000,1773704699999999,2154.89363550,5,0.02879000,2154.89363550,0
1773704700000000,74888.00000000,74935.34000000,74861.07000000,74861.07000000,0.16830000,1773704999999999,12605.93730550,16,0.16830000,12605.93730550,0
1773705000000000,74861.07000000,74861.07000000,74722.36000000,74722.36000000,0.00028000,1773705299999999,20.94861570,2,0.00000000,0.00000000,0
1773705300000000,74854.21000000,74854.21000000,74854.21000000,74854.21000000,0.00388000,1773705599999999,290.43433480,1,0.00388000,290.43433480,0
1773705600000000,74722.36000000,74722.36000000,74722.36000000,74722.36000000,0.00009000,1773705899999999,6.72501240,1,0.00000000,0.00000000,0
1773705900000000,74926.66000000,75053.98000000,74926.66000000,75012.62000000,0.17410000,1773706199999999,13054.41183750,21,0.17344000,13004.92300800,0
1773706200000000,75130.35000000,75427.48000000,75130.35000000,75341.09000000,0.19533000,1773706499999999,14716.92770340,30,0.06248000,4703.58718860,0
1773706500000000,75427.48000000,75493.12000000,75279.31000000,75306.16000000,0.05110000,1773706799999999,3850.28069050,9,0.04771000,3594.98307400,0
1773706800000000,75218.73000000,75218.73000000,74976.87000000,74976.87000000,0.00124000,1773707099999999,93.15729040,8,0.00000000,0.00000000,0
1773707100000000,74976.87000000,74976.87000000,74976.87000000,74976.87000000,0.00023000,1773707399999999,17.24468010,1,0.00000000,0.00000000,0
1773707400000000,75204.59000000,75208.04000000,75204.59000000,75208.04000000,0.00056000,1773707699999999,42.11501890,2,0.00043000,32.33797370,0
1773707700000000,75210.60000000,75210.60000000,74966.57000000,74966.57000000,0.00041000,1773707999999999,30.77250050,4,0.00000000,0.00000000,0
1773708000000000,75051.79000000,75051.79000000,75051.79000000,75051.79000000,0.00013000,1773708299999999,9.75673270,1,0.00000000,0.00000000,0
1773708300000000,75053.15000000,75053.15000000,75053.15000000,75053.15000000,0.00015000,1773708599999999,11.25797250,1,0.00015000,11.25797250,0
1773708600000000,74984.52000000,74985.03000000,74984.52000000,74985.03000000,0.02579000,1773708899999999,1933.86179700,2,0.02579000,1933.86179700,0
1773708900000000,75033.85000000,75285.92000000,75033.85000000,75285.92000000,0.03882000,1773709199999999,2912.88696900,4,0.03882000,2912.88696900,0
1773709200000000,75344.71000000,75344.71000000,75143.69000000,75143.69000000,0.02454000,1773709499999999,1845.89932360,8,0.02433000,1830.09294090,0
1773709500000000,75106.46000000,75371.57000000,75106.46000000,75371.57000000,0.00040000,1773709799999999,30.09199070,4,0.00027000,20.32815090,0
1773709800000000,75427.48000000,75941.44000000,75427.48000000,75853.74000000,0.06225000,1773710099999999,4705.58294180,28,0.05419000,4095.54607380,0
1773710100000000,75857.13000000,75857.13000000,75618.09000000,75807.97000000,0.04851000,1773710399999999,3671.00731360,10,0.00126000,95.51804220,0
1773710400000000,75880.50000000,75880.50000000,75667.51000000,75780.90000000,0.01970000,1773710699999999,1493.32836420,9,0.01918000,1453.91835980,0
1773710700000000,75925.01000000,75954.03000000,75925.01000000,75954.03000000,0.00021000,1773710999999999,15.94802470,2,0.00008000,6.07400080,0
1773711000000000,75867.14000000,75868.29000000,75835.57000000,75835.57000000,0.01909000,1773711299999999,1447.83408730,8,0.01883000,1428.11576270,0
1773711300000000,75897.35000000,75897.35000000,75780.90000000,75780.90000000,0.00442000,1773711599999999,335.05459840,5,0.00000000,0.00000000,0
1773711600000000,75736.44000000,75736.44000000,75605.65000000,75610.80000000,0.00549000,1773711899999999,415.13529170,5,0.00510000,385.60823050,0
1773711900000000,75753.24000000,75753.24000000,75648.70000000,75648.70000000,0.00065000,1773712199999999,49.20641960,5,0.00000000,0.00000000,0
1773712200000000,75554.18000000,75554.18000000,75530.35000000,75530.35000000,0.00034000,1773712499999999,25.68368730,3,0.00000000,0.00000000,0
1773712500000000,75662.70000000,75662.70000000,75622.78000000,75622.78000000,0.01709000,1773712799999999,1292.76110300,4,0.01509000,1141.51554300,0
1773712800000000,75630.47000000,75680.70000000,75613.74000000,75614.99000000,0.01381000,1773713099999999,1044.26534110,4,0.01372000,1037.45859880,0
1773713100000000,75487.73000000,75487.73000000,75234.95000000,75264.48000000,0.01421000,1773713399999999,1070.28439890,10,0.00143000,107.62820640,0
1773713400000000,75200.00000000,75255.78000000,75200.00000000,75255.78000000,0.00676000,1773713699999999,508.35869360,4,0.00012000,9.03069360,0
1773713700000000,75254.98000000,75254.98000000,75186.99000000,75199.46000000,0.00313000,1773713999999999,235.43371970,5,0.00144000,108.29357280,0
1773714000000000,75199.46000000,75199.46000000,75155.47000000,75163.76000000,0.00157000,1773714299999999,118.00923720,4,0.00000000,0.00000000,0
1773714300000000,75170.53000000,75170.53000000,75139.37000000,75165.58000000,0.01657000,1773714599999999,1245.44767410,5,0.01500000,1127.47481240,0
1773714600000000,75185.30000000,75250.00000000,75185.30000000,75250.00000000,0.00742000,1773714899999999,558.31341300,4,0.00729000,548.53932400,0
1773714900000000,75389.73000000,75443.52000000,75389.73000000,75443.52000000,0.02724000,1773715199999999,2053.89140200,7,0.01422000,1072.12953840,0
1773715200000000,75400.00000000,75400.00000000,75400.00000000,75400.00000000,0.00584000,1773715499999999,440.33600000,2,0.00000000,0.00000000,0
1773715500000000,75391.80000000,75391.80000000,75300.69000000,75300.69000000,0.00026000,1773715799999999,19.59002370,2,0.00000000,0.00000000,0
1773715800000000,75263.72000000,75309.38000000,75263.72000000,75309.38000000,0.00039000,1773716099999999,29.36351860,3,0.00000000,0.00000000,0
1773716100000000,75222.15000000,75222.15000000,75222.15000000,75222.15000000,0.00771000,1773716399999999,579.96277650,1,0.00000000,0.00000000,0
1773716400000000,75224.74000000,75224.74000000,75205.57000000,75205.57000000,0.00609000,1773716699999999,458.06514700,3,0.00321000,241.47141540,0
1773716700000000,75217.56000000,75217.56000000,75217.56000000,75217.56000000,0.00006000,1773716999999999,4.51305360,1,0.00006000,4.51305360,0
1773717000000000,75201.23000000,75201.23000000,74970.96000000,74970.96000000,0.24226000,1773717299999999,18173.58922010,60,0.00000000,0.00000000,0
1773717300000000,74942.12000000,74961.59000000,74942.12000000,74961.59000000,0.00026000,1773717599999999,19.48748230,2,0.00000000,0.00000000,0
1773717600000000,74877.00000000,74877.00000000,74747.16000000,74839.38000000,0.00903000,1773717899999999,675.71278110,9,0.00000000,0.00000000,0
1773717900000000,74812.53000000,74921.51000000,74812.53000000,74883.00000000,0.00080000,1773718199999999,59.91223890,4,0.00041000,30.71781910,0
1773718200000000,74797.80000000,74797.80000000,74552.64000000,74552.64000000,0.00204000,1773718499999999,152.37419550,11,0.00000000,0.00000000,0
1773718500000000,74629.23000000,74629.23000000,74565.45000000,74628.56000000,0.00445000,1773718799999999,332.00566570,8,0.00380000,283.51943960,0
1773718800000000,74603.93000000,74603.93000000,74368.91000000,74430.23000000,0.00808000,1773719099999999,601.28346850,19,0.00000000,0.00000000,0
1773719100000000,74411.17000000,74411.17000000,74340.70000000,74340.70000000,0.00110000,1773719399999999,81.81654110,5,0.00058000,43.14578820,0
1773719400000000,74403.43000000,74416.78000000,74320.81000000,74320.81000000,0.00307000,1773719699999999,228.32245670,5,0.00134000,99.71848520,0
1773719700000000,74472.81000000,74506.20000000,74472.81000000,74506.20000000,0.00026000,1773719999999999,19.36727130,2,0.00000000,0.00000000,0
1773720000000000,74582.71000000,74582.71000000,74470.36000000,74481.79000000,0.00065000,1773720299999999,48.42860360,5,0.00000000,0.00000000,0
1773720300000000,74497.38000000,74574.49000000,74497.38000000,74555.94000000,0.00039000,1773720599999999,29.07161530,3,0.00000000,0.00000000,0
1773720600000000,74636.47000000,74636.47000000,74636.47000000,74636.47000000,0.00013000,1773720899999999,9.70274110,1,0.00000000,0.00000000,0
1773720900000000,74576.40000000,74576.40000000,74477.14000000,74492.69000000,0.01767000,1773721199999999,1316.34073010,6,0.01728000,1287.27296930,0
1773721200000000,74442.16000000,74442.16000000,74400.00000000,74400.00000000,0.00345000,1773721499999999,256.68379440,2,0.00000000,0.00000000,0
1773721500000000,74399.35000000,74451.34000000,74399.35000000,74451.34000000,0.00042000,1773721799999999,31.25954810,3,0.00029000,21.58763260,0
1773721800000000,74445.65000000,74445.65000000,74153.32000000,74166.69000000,0.08509000,1773722099999999,6313.74684490,27,0.00000000,0.00000000,0
1773722100000000,74161.45000000,74168.88000000,74074.64000000,74074.64000000,0.01192000,1773722399999999,883.27559170,10,0.00000000,0.00000000,0
1773722400000000,74064.80000000,74205.39000000,73999.48000000,74072.82000000,0.01551000,1773722699999999,1150.18233400,17,0.00000000,0.00000000,0
1773722700000000,74063.11000000,74147.39000000,74063.11000000,74147.39000000,0.00026000,1773722999999999,19.26736500,2,0.00000000,0.00000000,0
1773723000000000,74147.39000000,74147.39000000,74147.39000000,74147.39000000,0.00000000,1773723299999999,0.00000000,0,0.00000000,0.00000000,0
1773723300000000,74265.45000000,74266.82000000,74265.45000000,74266.82000000,0.00026000,1773723599999999,19.30919510,2,0.00000000,0.00000000,0
1773723600000000,74198.22000000,74198.22000000,74127.51000000,74127.51000000,0.00039000,1773723899999999,28.92448130,3,0.00000000,0.00000000,0
1773723900000000,74278.27000000,74278.27000000,74278.27000000,74278.27000000,0.00020000,1773724199999999,14.85565400,1,0.00000000,0.00000000,0
1773724200000000,74362.36000000,74362.36000000,74339.22000000,74339.22000000,0.00286000,1773724499999999,212.67334140,2,0.00273000,203.00924280,0
1773724500000000,74349.27000000,74349.27000000,74349.27000000,74349.27000000,0.00021000,1773724799999999,15.61334670,1,0.00021000,15.61334670,0
1773724800000000,74349.27000000,74349.27000000,74295.88000000,74295.88000000,0.00310000,1773725099999999,230.46936230,5,0.00014000,10.40148060,0
1773725100000000,74395.36000000,74395.36000000,74395.35000000,74395.35000000,0.00020000,1773725399999999,14.87907070,2,0.00007000,5.20767520,0
1773725400000000,74395.36000000,74404.60000000,74357.50000000,74357.50000000,0.10074000,1773725699999999,7494.09580770,10,0.00066000,49.10093760,0
1773725700000000,74333.14000000,74333.14000000,74110.02000000,74117.17000000,0.00423000,1773725999999999,313.88463450,16,0.00020000,14.86485800,0
1773726000000000,74117.17000000,74135.71000000,73918.87000000,73969.15000000,0.00268000,1773726299999999,198.31652030,18,0.00000000,0.00000000,0
1773726300000000,73960.46000000,73997.75000000,73814.54000000,73853.28000000,0.00611000,1773726599999999,451.29578990,14,0.00479000,353.77464680,0
1773726600000000,73858.49000000,74051.28000000,73858.49000000,74031.07000000,0.00734000,1773726899999999,543.13710410,16,0.00584000,432.16000000,0
1773726900000000,74029.56000000,74061.05000000,73970.96000000,73976.42000000,0.00119000,1773727199999999,88.07994630,11,0.00000000,0.00000000,0
1773727200000000,74018.98000000,74045.18000000,73903.38000000,73904.66000000,0.00106000,1773727499999999,78.39610080,12,0.00000000,0.00000000,0
1773727500000000,73905.43000000,73960.13000000,73905.43000000,73960.13000000,0.00027000,1773727799999999,19.96157710,2,0.00013000,9.61481690,0
1773727800000000,73960.13000000,73960.13000000,73960.13000000,73960.13000000,0.00000000,1773728099999999,0.00000000,0,0.00000000,0.00000000,0
1773728100000000,74127.85000000,74127.85000000,74101.90000000,74101.90000000,0.00026000,1773728399999999,19.26986750,2,0.00000000,0.00000000,0
1773728400000000,74178.91000000,74197.33000000,74178.91000000,74197.33000000,0.00189000,1773728699999999,140.23055910,2,0.00176000,130.58730080,0
1773728700000000,74197.32000000,74197.33000000,74173.47000000,74197.33000000,0.01621000,1773728999999999,1202.73240190,4,0.01621000,1202.73240190,0
1773729000000000,74197.33000000,74197.33000000,74197.33000000,74197.33000000,0.00000000,1773729299999999,0.00000000,0,0.00000000,0.00000000,0
1773729300000000,74197.33000000,74197.33000000,74197.33000000,74197.33000000,0.00000000,1773729599999999,0.00000000,0,0.00000000,0.00000000,0
1773729600000000,74282.58000000,74282.58000000,74185.78000000,74185.78000000,0.00032000,1773729899999999,23.75784160,2,0.00019000,14.11369020,0
1773729900000000,74005.62000000,74020.37000000,74000.00000000,74001.06000000,0.00246000,1773730199999999,182.04620470,4,0.00165000,122.10541790,0
1773730200000000,74001.06000000,74001.06000000,74001.06000000,74001.06000000,0.00013000,1773730499999999,9.62013780,1,0.00000000,0.00000000,0
1773730500000000,74001.06000000,74001.06000000,74001.06000000,74001.06000000,0.00000000,1773730799999999,0.00000000,0,0.00000000,0.00000000,0
1773730800000000,74136.74000000,74177.20000000,74136.74000000,74177.20000000,0.00222000,1773731099999999,164.59408240,2,0.00222000,164.59408240,0
1773731100000000,74179.80000000,74189.57000000,74179.80000000,74189.57000000,0.00026000,1773731399999999,19.28801810,2,0.00000000,0.00000000,0
1773731400000000,74319.60000000,74319.60000000,74319.60000000,74319.60000000,0.00074000,1773731699999999,54.99650400,1,0.00074000,54.99650400,0
1773731700000000,74319.60000000,74319.60000000,74319.60000000,74319.60000000,0.00000000,1773731999999999,0.00000000,0,0.00000000,0.00000000,0
1773732000000000,74319.60000000,74319.60000000,74319.60000000,74319.60000000,0.00000000,1773732299999999,0.00000000,0,0.00000000,0.00000000,0
1773732300000000,74403.98000000,74403.98000000,74403.98000000,74403.98000000,0.00013000,1773732599999999,9.67251740,1,0.00000000,0.00000000,0
1773732600000000,74382.64000000,74382.64000000,74382.64000000,74382.64000000,0.00013000,1773732899999999,9.66974320,1,0.00000000,0.00000000,0
1773732900000000,74330.56000000,74370.15000000,74330.56000000,74370.15000000,0.00026000,1773733199999999,19.33109230,2,0.00000000,0.00000000,0
1773733200000000,74360.81000000,74360.81000000,74342.67000000,74342.67000000,0.00433000,1773733499999999,321.95941190,3,0.00420000,312.29254560,0
1773733500000000,74342.67000000,74342.67000000,74342.67000000,74342.67000000,0.00000000,1773733799999999,0.00000000,0,0.00000000,0.00000000,0
1773733800000000,74342.67000000,74342.67000000,74342.67000000,74342.67000000,0.00000000,1773734099999999,0.00000000,0,0.00000000,0.00000000,0
1773734100000000,74261.18000000,74261.18000000,74261.18000000,74261.18000000,0.00056000,1773734399999999,41.58626080,1,0.00056000,41.58626080,0
1773734400000000,74422.11000000,74422.11000000,74386.66000000,74386.66000000,0.00026000,1773734699999999,19.34514010,2,0.00000000,0.00000000,0
1773734700000000,74392.02000000,74403.29000000,74327.03000000,74327.03000000,0.00065000,1773734999999999,48.34026080,5,0.00000000,0.00000000,0
1773735000000000,74305.28000000,74317.85000000,74229.89000000,74249.66000000,0.00078000,1773735299999999,57.93305830,6,0.00000000,0.00000000,0
1773735300000000,74179.98000000,74179.98000000,74134.98000000,74134.98000000,0.00039000,1773735599999999,28.92134570,3,0.00000000,0.00000000,0
1773735600000000,74358.09000000,74358.09000000,74285.98000000,74285.98000000,0.00039000,1773735899999999,28.98715430,3,0.00000000,0.00000000,0
1773735900000000,74285.98000000,74285.98000000,74285.98000000,74285.98000000,0.00000000,1773736199999999,0.00000000,0,0.00000000,0.00000000,0
1773736200000000,74353.30000000,74353.30000000,74289.73000000,74289.73000000,0.00089000,1773736499999999,66.15147900,5,0.00037000,27.51072100,0
1773736500000000,74239.27000000,74239.27000000,74239.27000000,74239.27000000,0.00013000,1773736799999999,9.65110510,1,0.00000000,0.00000000,0
1773736800000000,74255.16000000,74424.71000000,74255.16000000,74398.32000000,0.00093000,1773737099999999,69.09795110,3,0.00080000,59.42616950,0
1773737100000000,74398.32000000,74398.32000000,74398.32000000,74398.32000000,0.00000000,1773737399999999,0.00000000,0,0.00000000,0.00000000,0
1773737400000000,74398.32000000,74398.32000000,74398.32000000,74398.32000000,0.00000000,1773737699999999,0.00000000,0,0.00000000,0.00000000,0
1773737700000000,74318.03000000,74318.03000000,74159.79000000,74159.79000000,0.00031000,1773737999999999,23.01765210,3,0.00000000,0.00000000,0
1773738000000000,74177.06000000,74232.67000000,74112.63000000,74112.63000000,0.00289000,1773738299999999,214.25108270,7,0.00250000,185.31877410,0
1773738300000000,74084.00000000,74102.57000000,74084.00000000,74102.57000000,0.00026000,1773738599999999,19.26425410,2,0.00000000,0.00000000,0
1773738600000000,74087.43000000,74087.43000000,74087.43000000,74087.43000000,0.00013000,1773738899999999,9.63136590,1,0.00000000,0.00000000,0
1773738900000000,74034.36000000,74079.10000000,74028.26000000,74045.96000000,0.00060000,1773739199999999,44.43030160,4,0.00035000,25.92238260,0
1773739200000000,74169.31000000,74192.87000000,74169.31000000,74192.87000000,0.00209000,1773739499999999,155.06003550,2,0.00196000,145.41802520,0
1773739500000000,74294.17000000,74352.48000000,74222.24000000,74222.24000000,0.00547000,1773739799999999,406.66014500,4,0.00026000,19.31648420,0
1773739800000000,74291.42000000,74291.42000000,74291.42000000,74291.42000000,0.00013000,1773740099999999,9.65788460,1,0.00000000,0.00000000,0
1773740100000000,74254.63000000,74254.63000000,74209.23000000,74209.23000000,0.00020000,1773740399999999,14.84638600,2,0.00010000,7.42546300,0
1773740400000000,74231.32000000,74231.32000000,74165.41000000,74165.41000000,0.00039000,1773740699999999,28.93746830,3,0.00000000,0.00000000,0
1773740700000000,74165.41000000,74165.41000000,74165.41000000,74165.41000000,0.00000000,1773740999999999,0.00000000,0,0.00000000,0.00000000,0
1773741000000000,74127.04000000,74127.04000000,73984.78000000,73984.78000000,0.00040000,1773741299999999,29.62168520,3,0.00000000,0.00000000,0
1773741300000000,73947.82000000,73947.82000000,73863.93000000,73863.93000000,0.00050000,1773741599999999,36.95054160,4,0.00008000,5.90911440,0
1773741600000000,73921.56000000,73930.99000000,73876.50000000,73930.99000000,0.00042000,1773741899999999,31.04206700,3,0.00000000,0.00000000,0
1773741900000000,73878.35000000,73878.35000000,73577.06000000,73641.34000000,0.12676000,1773742199999999,9336.37749460,24,0.10726000,7898.97551320,0
1773742200000000,73664.68000000,73754.14000000,73657.60000000,73657.60000000,0.01031000,1773742499999999,760.24611740,8,0.00961000,708.67525500,0
1773742500000000,73672.15000000,73672.15000000,73623.45000000,73623.45000000,0.00042000,1773742799999999,30.93347600,3,0.00000000,0.00000000,0
1773742800000000,73739.47000000,73739.47000000,73739.47000000,73739.47000000,0.00014000,1773743099999999,10.32352580,1,0.00000000,0.00000000,0
1773743100000000,73746.26000000,73807.49000000,73746.26000000,73760.81000000,0.00037000,1773743399999999,27.29672540,3,0.00009000,6.63716340,0
1773743400000000,73730.79000000,73730.79000000,73647.93000000,73647.93000000,0.00468000,1773743699999999,344.85574330,7,0.00426000,313.90716410,0
1773743700000000,73707.42000000,73709.69000000,73606.73000000,73606.73000000,0.00107000,1773743999999999,78.81715080,8,0.00000000,0.00000000,0
1773744000000000,73729.32000000,73745.49000000,73647.51000000,73745.49000000,0.06331000,1773744299999999,4663.39206070,10,0.00026000,19.16962320,0
1773744300000000,73754.56000000,73764.10000000,73722.33000000,73722.33000000,0.00543000,1773744599999999,400.40578620,7,0.00437000,322.24080620,0
1773744600000000,73668.16000000,73727.15000000,73668.16000000,73686.26000000,0.01247000,1773744899999999,918.90043650,9,0.00605000,445.81435270,0
1773744900000000,73715.13000000,73715.13000000,73708.07000000,73708.84000000,0.00341000,1773745199999999,251.34635410,3,0.00327000,241.02623590,0
1773745200000000,73725.01000000,73777.94000000,73708.84000000,73777.94000000,0.00693000,1773745499999999,511.14987240,7,0.00544000,401.32143700,0
1773745500000000,73884.92000000,73901.27000000,73884.92000000,73901.27000000,0.00023000,1773745799999999,16.99582060,2,0.00009000,6.64964280,0
1773745800000000,73955.06000000,73955.06000000,73955.06000000,73955.06000000,0.00014000,1773746099999999,10.35370840,1,0.00000000,0.00000000,0
1773746100000000,73963.62000000,73963.62000000,73910.98000000,73961.97000000,0.00070000,1773746399999999,51.76027920,5,0.00000000,0.00000000,0
1773746400000000,73996.16000000,73996.16000000,73930.74000000,73930.74000000,0.00042000,1773746699999999,31.06495140,3,0.00000000,0.00000000,0
1773746700000000,74023.82000000,74023.82000000,73999.21000000,74018.58000000,0.00042000,1773746999999999,31.08582540,3,0.00000000,0.00000000,0
1773747000000000,73974.00000000,74065.00000000,73951.60000000,74065.00000000,0.00908000,1773747299999999,671.78600340,4,0.00894000,661.43277940,0
1773747300000000,74044.72000000,74086.47000000,74007.67000000,74086.47000000,0.00039000,1773747599999999,28.87805180,3,0.00000000,0.00000000,0
1773747600000000,74103.71000000,74103.71000000,74103.71000000,74103.71000000,0.00186000,1773747899999999,137.83290060,1,0.00186000,137.83290060,0
1773747900000000,74129.32000000,74182.69000000,74129.32000000,74152.62000000,0.00698000,1773748199999999,517.47004750,4,0.00685000,507.82629780,0
1773748200000000,74140.01000000,74165.24000000,74135.69000000,74135.69000000,0.00037000,1773748499999999,27.43452200,3,0.00011000,8.15540110,0
1773748500000000,74094.53000000,74094.53000000,74069.58000000,74069.58000000,0.00026000,1773748799999999,19.26133430,2,0.00000000,0.00000000,0
1773748800000000,74039.63000000,74051.69000000,74027.05000000,74047.22000000,0.00055000,1773749099999999,40.72271040,4,0.00000000,0.00000000,0
1773749100000000,74090.64000000,74150.50000000,74078.20000000,74150.50000000,0.00046000,1773749399999999,34.08785900,3,0.00020000,14.81812800,0
1773749400000000,74131.16000000,74131.16000000,74011.44000000,74063.53000000,0.00299000,1773749699999999,221.47259580,9,0.00233000,172.57396580,0
1773749700000000,74024.32000000,74043.84000000,73930.53000000,74022.51000000,0.01161000,1773749999999999,858.85635230,11,0.00054000,39.95199180,0
1773750000000000,74083.42000000,74126.20000000,73923.80000000,73923.80000000,0.00208000,1773750299999999,153.97133040,15,0.00000000,0.00000000,0
1773750300000000,73906.56000000,73906.56000000,73791.87000000,73791.87000000,0.00098000,1773750599999999,72.36745180,7,0.00000000,0.00000000,0
1773750600000000,73791.91000000,73862.70000000,73776.62000000,73856.68000000,0.02196000,1773750899999999,1620.56271830,6,0.02154000,1589.55494290,0
1773750900000000,73792.32000000,73792.32000000,73714.80000000,73729.26000000,0.00196000,1773751199999999,144.59116900,6,0.00000000,0.00000000,0
1773751200000000,73729.26000000,73729.26000000,73729.26000000,73729.26000000,0.00000000,1773751499999999,0.00000000,0,0.00000000,0.00000000,0
1773751500000000,73824.49000000,73824.49000000,73712.69000000,73712.69000000,0.01613000,1773751799999999,1189.09174630,6,0.00066000,48.67520460,0
1773751800000000,73686.26000000,73699.31000000,73686.26000000,73699.31000000,0.00133000,1773752099999999,98.00455280,2,0.00000000,0.00000000,0
1773752100000000,73751.90000000,73751.90000000,73686.26000000,73719.63000000,0.00156000,1773752399999999,115.00113400,3,0.00124000,91.41234120,0
1773752400000000,73729.35000000,73729.35000000,73709.10000000,73709.42000000,0.00056000,1773752699999999,41.28181960,4,0.00000000,0.00000000,0
1773752700000000,73709.42000000,73709.42000000,73709.42000000,73709.42000000,0.00000000,1773752999999999,0.00000000,0,0.00000000,0.00000000,0
1773753000000000,73793.47000000,73793.47000000,73793.47000000,73793.47000000,0.00019000,1773753299999999,14.02075930,1,0.00019000,14.02075930,0
1773753300000000,73840.93000000,73840.93000000,73746.80000000,73765.13000000,0.06812000,1773753599999999,5023.90035610,7,0.06798000,5013.57276470,0
1773753600000000,73838.60000000,73838.60000000,73770.43000000,73770.43000000,0.00028000,1773753899999999,20.66526420,2,0.00000000,0.00000000,0
1773753900000000,73711.19000000,73720.04000000,73695.86000000,73695.87000000,0.01460000,1773754199999999,1076.22436650,5,0.01460000,1076.22436650,0
1773754200000000,74007.44000000,74035.51000000,73991.22000000,73991.22000000,0.02303000,1773754499999999,1704.66101520,8,0.01794000,1328.03707720,0
1773754500000000,73878.95000000,74040.31000000,73875.31000000,74014.71000000,0.00203000,1773754799999999,150.23785490,5,0.00147000,108.83925570,0
1773754800000000,74064.61000000,74064.61000000,73893.15000000,73893.15000000,0.01359000,1773755099999999,1004.28133620,8,0.00033000,24.42562980,0
1773755100000000,73690.00000000,73834.51000000,73690.00000000,73815.61000000,0.00128000,1773755399999999,94.45550690,4,0.00101000,74.53897550,0
1773755400000000,73656.88000000,73656.88000000,73401.04000000,73401.04000000,0.02281000,1773755699999999,1675.93036570,17,0.00000000,0.00000000,0
1773755700000000,73619.12000000,73619.12000000,73602.39000000,73602.39000000,0.05513000,1773755999999999,4057.73034890,3,0.00000000,0.00000000,0
1773756000000000,73574.87000000,73623.71000000,73574.87000000,73623.71000000,0.00421000,1773756299999999,309.76338950,2,0.00421000,309.76338950,0
1773756300000000,73746.26000000,73746.26000000,73724.40000000,73724.40000000,0.00036000,1773756599999999,26.54275140,2,0.00036000,26.54275140,0
1773756600000000,73629.59000000,73769.72000000,73629.59000000,73753.68000000,0.00044000,1773756899999999,32.43642380,4,0.00000000,0.00000000,0
1773756900000000,73752.04000000,73754.90000000,73588.58000000,73661.25000000,0.00186000,1773757199999999,137.03431360,10,0.00091000,67.04850500,0
1773757200000000,73816.54000000,73816.54000000,73723.35000000,73799.38000000,0.02873000,1773757499999999,2118.74803560,17,0.02811000,2073.01858700,0
1773757500000000,73718.08000000,73884.92000000,73718.08000000,73884.92000000,0.00023000,1773757799999999,16.97017400,2,0.00009000,6.64964280,0
1773757800000000,74066.21000000,74066.21000000,74066.21000000,74066.21000000,0.00014000,1773758099999999,10.36926940,1,0.00000000,0.00000000,0
1773758100000000,74148.01000000,74148.01000000,74148.01000000,74148.01000000,0.00013000,1773758399999999,9.63924130,1,0.00000000,0.00000000,0
1773758400000000,74188.00000000,74241.69000000,74188.00000000,74241.16000000,0.00539000,1773758699999999,399.98319770,4,0.00513000,380.68733800,0
1773758700000000,74302.46000000,74370.25000000,74234.51000000,74234.51000000,0.01368000,1773758999999999,1016.70801210,10,0.00009000,6.68722140,0
1773759000000000,74166.24000000,74294.53000000,74136.98000000,74294.53000000,0.00208000,1773759299999999,154.34816990,6,0.00160000,118.75450800,0
1773759300000000,74294.53000000,74294.53000000,74294.53000000,74294.53000000,0.00000000,1773759599999999,0.00000000,0,0.00000000,0.00000000,0
1773759600000000,74442.16000000,74829.83000000,74442.16000000,74722.36000000,0.01732000,1773759899999999,1291.03689560,14,0.01658000,1235.73734680,0
1773759900000000,74656.39000000,74656.39000000,74427.39000000,74427.39000000,0.00854000,1773760199999999,637.45220590,7,0.00797000,594.99300830,0
1773760200000000,74342.02000000,74342.02000000,74163.02000000,74181.03000000,0.00697000,1773760499999999,517.11098300,10,0.00614000,455.47276300,0
1773760500000000,74161.53000000,74226.86000000,74147.04000000,74196.03000000,0.04481000,1773760799999999,3324.05978770,14,0.01409000,1045.46707430,0
1773760800000000,74232.03000000,74232.03000000,74232.03000000,74232.03000000,0.00013000,1773761099999999,9.65016390,1,0.00000000,0.00000000,0
1773761100000000,74037.57000000,74132.31000000,74023.83000000,74132.31000000,0.07740000,1773761399999999,5730.51725180,20,0.07704000,5703.85439280,0
1773761400000000,74098.25000000,74106.23000000,73940.08000000,73980.86000000,0.01370000,1773761699999999,1015.10442950,8,0.01304000,966.24962670,0
1773761700000000,73940.08000000,73960.75000000,73730.91000000,73778.36000000,0.01059000,1773761999999999,782.86898940,12,0.00016000,11.83372000,0
1773762000000000,73859.87000000,73919.09000000,73787.19000000,73912.79000000,0.00242000,1773762299999999,178.80775690,8,0.00158000,116.77969990,0
1773762300000000,73892.74000000,73894.80000000,73751.55000000,73751.55000000,0.00329000,1773762599999999,242.84945580,9,0.00000000,0.00000000,0
1773762600000000,73884.92000000,74023.83000000,73884.92000000,74023.83000000,0.00032000,1773762899999999,23.66683150,3,0.00018000,13.31178750,0
1773762900000000,74014.83000000,74014.83000000,73928.68000000,73938.62000000,0.00103000,1773763199999999,76.17359210,7,0.00040000,29.58103490,0
1773763200000000,73944.44000000,73971.31000000,73886.49000000,73886.49000000,0.00098000,1773763499999999,72.45596960,7,0.00000000,0.00000000,0
1773763500000000,73980.39000000,74083.89000000,73976.04000000,74038.82000000,0.00076000,1773763799999999,56.25702360,6,0.00006000,4.44232920,0
1773763800000000,74130.56000000,74130.56000000,74030.42000000,74066.59000000,0.00065000,1773764099999999,48.15070650,5,0.00000000,0.00000000,0
1773764100000000,73971.82000000,74220.89000000,73971.82000000,74214.38000000,0.05659000,1773764399999999,4198.95635730,16,0.05619000,4169.30547760,0
1773764400000000,74214.38000000,74296.81000000,74214.38000000,74296.81000000,0.00226000,1773764699999999,167.74125320,3,0.00200000,148.42876000,0
1773764700000000,74317.66000000,74317.66000000,74246.72000000,74246.72000000,0.00318000,1773764999999999,236.27908730,4,0.00156000,115.93554960,0
1773765000000000,74239.72000000,74239.72000000,74049.06000000,74051.13000000,0.00059000,1773765299999999,43.74288020,4,0.00020000,14.84794400,0
1773765300000000,74109.42000000,74109.42000000,74014.31000000,74034.70000000,0.00832000,1773765599999999,615.93717310,8,0.00778000,575.94661420,0
1773765600000000,74080.26000000,74080.26000000,74036.44000000,74036.44000000,0.00176000,1773765899999999,130.36408920,3,0.00130000,96.30119200,0
1773765900000000,74123.04000000,74123.04000000,73742.44000000,73742.44000000,0.25537000,1773766199999999,18901.89764800,27,0.00000000,0.00000000,0
1773766200000000,74155.59000000,74248.64000000,74155.59000000,74248.64000000,0.00339000,1773766499999999,251.39954660,2,0.00326000,241.74722340,0
1773766500000000,74172.12000000,74172.12000000,74118.12000000,74118.12000000,0.00065000,1773766799999999,48.20249850,3,0.00039000,28.92712680,0
1773766800000000,74263.63000000,74282.81000000,74248.56000000,74248.56000000,0.00039000,1773767099999999,28.96335000,3,0.00000000,0.00000000,0
1773767100000000,74196.00000000,74196.00000000,74196.00000000,74196.00000000,0.00067000,1773767399999999,49.71132000,1,0.00000000,0.00000000,0
1773767400000000,74096.71000000,74151.94000000,74068.67000000,74151.94000000,0.00465000,1773767699999999,344.63833280,3,0.00195000,144.59628300,0
1773767700000000,74189.93000000,74240.47000000,74189.93000000,74240.47000000,0.00134000,1773767999999999,99.44836800,2,0.00000000,0.00000000,0
1773768000000000,74296.81000000,74431.07000000,74280.51000000,74431.07000000,0.00243000,1773768299999999,180.62079000,4,0.00109000,80.98403140,0
1773768300000000,74286.26000000,74286.26000000,74286.26000000,74286.26000000,0.00531000,1773768599999999,394.46004060,1,0.00531000,394.46004060,0
1773768600000000,74357.19000000,74396.65000000,74330.25000000,74330.25000000,0.00108000,1773768899999999,80.29709810,4,0.00041000,30.49583060,0
1773768900000000,74285.00000000,74395.00000000,74285.00000000,74395.00000000,0.00579000,1773769199999999,430.25315000,2,0.00579000,430.25315000,0
1773769200000000,74466.01000000,74466.01000000,74398.11000000,74437.64000000,0.00255000,1773769499999999,189.79555570,5,0.00179000,133.23249680,0
1773769500000000,74437.64000000,74437.64000000,74437.64000000,74437.64000000,0.00000000,1773769799999999,0.00000000,0,0.00000000,0.00000000,0
1773769800000000,74561.85000000,74572.27000000,74528.46000000,74531.21000000,0.00195000,1773770099999999,145.36262780,12,0.00000000,0.00000000,0
1773770100000000,74492.11000000,74516.29000000,74455.42000000,74477.57000000,0.00191000,1773770399999999,142.29105580,12,0.00000000,0.00000000,0
1773770400000000,74509.40000000,74575.35000000,74449.32000000,74524.59000000,0.00153000,1773770699999999,113.99672840,11,0.00000000,0.00000000,0
1773770700000000,74524.77000000,74624.29000000,74524.58000000,74606.28000000,0.02810000,1773770999999999,2096.74992860,14,0.02657000,1982.63624150,0
1773771000000000,74624.29000000,74634.39000000,74592.26000000,74592.26000000,0.00303000,1773771299999999,226.11910590,13,0.00161000,120.14738680,0
1773771300000000,74592.26000000,74592.31000000,74553.40000000,74557.54000000,0.00089000,1773771599999999,66.36098580,10,0.00000000,0.00000000,0
1773771600000000,74570.13000000,74641.01000000,74559.23000000,74559.57000000,0.00068000,1773771899999999,50.71375700,6,0.00000000,0.00000000,0
1773771900000000,74438.45000000,74438.45000000,74415.46000000,74415.46000000,0.00134000,1773772199999999,99.73211970,2,0.00000000,0.00000000,0
1773772200000000,74494.61000000,74616.45000000,74494.61000000,74616.45000000,0.00158000,1773772499999999,117.85321200,3,0.00024000,17.87870640,0
1773772500000000,74612.77000000,74656.73000000,74612.77000000,74656.73000000,0.00152000,1773772799999999,113.47427320,2,0.00152000,113.47427320,0
1773772800000000,74656.73000000,74656.73000000,74656.73000000,74656.73000000,0.00000000,1773773099999999,0.00000000,0,0.00000000,0.00000000,0
1773773100000000,74656.73000000,74656.73000000,74656.73000000,74656.73000000,0.00000000,1773773399999999,0.00000000,0,0.00000000,0.00000000,0
1773773400000000,74714.69000000,74722.88000000,74714.69000000,74722.88000000,0.00580000,1773773699999999,433.34782850,3,0.00580000,433.34782850,0
1773773700000000,74692.58000000,74692.58000000,74605.07000000,74605.07000000,0.00134000,1773773999999999,100.02942550,2,0.00000000,0.00000000,0
1773774000000000,74728.92000000,74728.92000000,74646.72000000,74687.57000000,0.00215000,1773774299999999,160.58168400,5,0.00006000,4.48125420,0
1773774300000000,74687.57000000,74687.57000000,74687.57000000,74687.57000000,0.00000000,1773774599999999,0.00000000,0,0.00000000,0.00000000,0
1773774600000000,74756.28000000,74784.12000000,74756.28000000,74784.12000000,0.00168000,1773774899999999,125.62924800,2,0.00168000,125.62924800,0
1773774900000000,74784.12000000,74814.96000000,74784.12000000,74784.12000000,0.00098000,1773775199999999,73.30478280,3,0.00053000,39.65192880,0
1773775200000000,74797.61000000,74797.61000000,74797.61000000,74797.61000000,0.00059000,1773775499999999,44.13058990,1,0.00059000,44.13058990,0
1773775500000000,74703.18000000,74722.13000000,74547.20000000,74587.90000000,0.18296000,1773775799999999,13665.91242340,10,0.15172000,11335.79344220,0
1773775800000000,74564.41000000,74564.41000000,74564.41000000,74564.41000000,0.00067000,1773776099999999,49.95815470,1,0.00000000,0.00000000,0
1773776100000000,74659.60000000,74745.18000000,74659.60000000,74740.21000000,0.00114000,1773776399999999,85.17653750,3,0.00047000,35.09726690,0
1773776400000000,74706.08000000,74706.08000000,74627.94000000,74692.69000000,0.02533000,1773776699999999,1890.42281670,5,0.02399000,1790.36116420,0
1773776700000000,74695.57000000,74701.36000000,74543.68000000,74543.68000000,0.06593000,1773776999999999,4924.57829090,9,0.06018000,4495.20858910,0
1773777000000000,74529.99000000,74529.99000000,74491.29000000,74491.29000000,0.00134000,1773777299999999,99.84425760,2,0.00000000,0.00000000,0
1773777300000000,74491.29000000,74537.50000000,74465.70000000,74503.97000000,0.09575000,1773777599999999,7135.22977320,8,0.09487000,7069.69458330,0
1773777600000000,74505.51000000,74505.51000000,74479.58000000,74494.18000000,0.00312000,1773777899999999,232.43201680,6,0.00140000,104.28253960,0
1773777900000000,74441.19000000,74441.19000000,74441.19000000,74441.19000000,0.00067000,1773778199999999,49.87559730,1,0.00000000,0.00000000,0
1773778200000000,74418.80000000,74418.80000000,74418.80000000,74418.80000000,0.00067000,1773778499999999,49.86059600,1,0.00000000,0.00000000,0
1773778500000000,74418.80000000,74418.80000000,74418.80000000,74418.80000000,0.00000000,1773778799999999,0.00000000,0,0.00000000,0.00000000,0
1773778800000000,74507.00000000,74522.28000000,74507.00000000,74522.28000000,0.00142000,1773779099999999,105.81567840,2,0.00142000,105.81567840,0
1773779100000000,74522.28000000,74522.28000000,74522.28000000,74522.28000000,0.00000000,1773779399999999,0.00000000,0,0.00000000,0.00000000,0
1773779400000000,74620.66000000,74620.66000000,74620.66000000,74620.66000000,0.00012000,1773779699999999,8.95447920,1,0.00000000,0.00000000,0
1773779700000000,74571.53000000,74588.89000000,74571.53000000,74588.89000000,0.01037000,1773779999999999,773.43048970,3,0.01037000,773.43048970,0
1773780000000000,74507.00000000,74507.00000000,74507.00000000,74507.00000000,0.00041000,1773780299999999,30.54787000,1,0.00000000,0.00000000,0
1773780300000000,74507.00000000,74562.74000000,74507.00000000,74562.74000000,0.00540000,1773780599999999,402.61436500,3,0.00513000,382.49747500,0
1773780600000000,74556.92000000,74556.92000000,74556.92000000,74556.92000000,0.00064000,1773780899999999,47.71642880,1,0.00064000,47.71642880,0
1773780900000000,74556.92000000,74556.92000000,74556.92000000,74556.92000000,0.00000000,1773781199999999,0.00000000,0,0.00000000,0.00000000,0
1773781200000000,74530.67000000,74530.67000000,74530.67000000,74530.67000000,0.00489000,1773781499999999,364.45497630,1,0.00489000,364.45497630,0
1773781500000000,74530.67000000,74530.67000000,74530.67000000,74530.67000000,0.00000000,1773781799999999,0.00000000,0,0.00000000,0.00000000,0
1773781800000000,74672.21000000,74753.65000000,74672.21000000,74753.65000000,0.00655000,1773782099999999,489.29653360,4,0.00588000,439.21158810,0
1773782100000000,74683.54000000,74683.54000000,74660.25000000,74660.25000000,0.00134000,1773782399999999,100.06033930,2,0.00000000,0.00000000,0
1773782400000000,74620.85000000,74620.85000000,74620.85000000,74620.85000000,0.00067000,1773782699999999,49.99596950,1,0.00000000,0.00000000,0
1773782700000000,74605.99000000,74605.99000000,74590.96000000,74590.96000000,0.00075000,1773782999999999,55.94442240,2,0.00000000,0.00000000,0
1773783000000000,74537.09000000,74639.08000000,74537.09000000,74639.08000000,0.00167000,1773783299999999,124.50243780,2,0.00167000,124.50243780,0
1773783300000000,74746.61000000,74746.61000000,74733.30000000,74733.30000000,0.00196000,1773783599999999,146.49443790,2,0.00129000,96.42312690,0
1773783600000000,74764.02000000,74764.02000000,74764.02000000,74764.02000000,0.00067000,1773783899999999,50.09189340,1,0.00000000,0.00000000,0
1773783900000000,74798.74000000,74798.74000000,74798.74000000,74798.74000000,0.00165000,1773784199999999,123.41792100,1,0.00165000,123.41792100,0
1773784200000000,74798.74000000,74798.74000000,74798.74000000,74798.74000000,0.00000000,1773784499999999,0.00000000,0,0.00000000,0.00000000,0
1773784500000000,74699.34000000,74699.34000000,74699.34000000,74699.34000000,0.00026000,1773784799999999,19.42182840,1,0.00026000,19.42182840,0
1773784800000000,74639.57000000,74712.03000000,74639.57000000,74712.03000000,0.00091000,1773785099999999,67.97575750,3,0.00083000,62.00459190,0
1773785100000000,74776.11000000,74776.11000000,74604.08000000,74604.08000000,0.00161000,1773785399999999,120.27427700,2,0.00094000,70.28954340,0
1773785400000000,74614.94000000,74614.94000000,74614.94000000,74614.94000000,0.00200000,1773785699999999,149.22988000,1,0.00200000,149.22988000,0
1773785700000000,74614.94000000,74614.94000000,74614.94000000,74614.94000000,0.00000000,1773785999999999,0.00000000,0,0.00000000,0.00000000,0
1773786000000000,74465.45000000,74465.45000000,74465.45000000,74465.45000000,0.00037000,1773786299999999,27.55221650,1,0.00000000,0.00000000,0
1773786300000000,74388.95000000,74388.95000000,74388.95000000,74388.95000000,0.00067000,1773786599999999,49.84059650,1,0.00000000,0.00000000,0
1773786600000000,74365.96000000,74365.96000000,74281.87000000,74281.87000000,0.00201000,1773786899999999,149.39633200,3,0.00000000,0.00000000,0
1773786900000000,74163.02000000,74163.02000000,73933.74000000,73933.74000000,0.01620000,1773787199999999,1199.35114980,10,0.00000000,0.00000000,0
1773787200000000,73933.74000000,73933.74000000,73933.74000000,73933.74000000,0.00000000,1773787499999999,0.00000000,0,0.00000000,0.00000000,0
1773787500000000,73933.74000000,73933.74000000,73933.74000000,73933.74000000,0.00000000,1773787799999999,0.00000000,0,0.00000000,0.00000000,0
1773787800000000,74285.61000000,74289.49000000,74285.61000000,74289.49000000,0.00673000,1773788099999999,499.95847960,3,0.00673000,499.95847960,0
1773788100000000,74217.27000000,74217.27000000,74217.27000000,74217.27000000,0.00012000,1773788399999999,8.90607240,1,0.00000000,0.00000000,0
1773788400000000,74217.27000000,74217.27000000,74217.27000000,74217.27000000,0.00000000,1773788699999999,0.00000000,0,0.00000000,0.00000000,0
1773788700000000,74335.74000000,74344.45000000,74335.74000000,74344.45000000,0.00259000,1773788999999999,192.54628980,2,0.00259000,192.54628980,0
1773789000000000,74395.33000000,74408.75000000,74376.18000000,74408.75000000,0.06509000,1773789299999999,4841.64589110,6,0.06509000,4841.64589110,0
1773789300000000,74281.88000000,74281.88000000,74281.88000000,74281.88000000,0.00052000,1773789599999999,38.62657760,1,0.00052000,38.62657760,0
1773789600000000,74331.93000000,74331.93000000,74163.02000000,74163.02000000,0.00223000,1773789899999999,165.53195330,5,0.00040000,29.73277200,0
1773789900000000,74163.02000000,74163.02000000,74163.02000000,74163.02000000,0.00000000,1773790199999999,0.00000000,0,0.00000000,0.00000000,0
1773790200000000,74163.02000000,74163.02000000,74163.02000000,74163.02000000,0.00000000,1773790499999999,0.00000000,0,0.00000000,0.00000000,0
1773790500000000,74163.02000000,74163.02000000,74163.02000000,74163.02000000,0.00000000,1773790799999999,0.00000000,0,0.00000000,0.00000000,0
1773790800000000,74028.38000000,74028.38000000,74023.83000000,74023.83000000,0.00505000,1773791099999999,373.84290950,2,0.00000000,0.00000000,0
1773791100000000,74006.25000000,74006.25000000,74006.25000000,74006.25000000,0.00008000,1773791399999999,5.92050000,1,0.00008000,5.92050000,0
1773791400000000,73953.05000000,73953.05000000,73953.05000000,73953.05000000,0.00068000,1773791699999999,50.28807400,1,0.00000000,0.00000000,0
1773791700000000,73937.82000000,73937.82000000,73906.16000000,73906.16000000,0.00104000,1773791999999999,76.88135340,3,0.00025000,18.48445500,0
1773792000000000,73978.27000000,73978.27000000,73862.49000000,73862.49000000,0.00272000,1773792299999999,201.06757480,4,0.00000000,0.00000000,0
1773792300000000,74029.56000000,74029.56000000,74029.56000000,74029.56000000,0.00065000,1773792599999999,48.11921400,1,0.00065000,48.11921400,0
1773792600000000,74013.22000000,74013.22000000,74013.22000000,74013.22000000,0.00068000,1773792899999999,50.32898960,1,0.00000000,0.00000000,0
1773792900000000,73881.92000000,73945.64000000,73834.42000000,73945.64000000,0.02082000,1773793199999999,1537.60355630,8,0.01946000,1437.08081550,0
1773793200000000,73927.45000000,73927.45000000,73705.24000000,73705.24000000,0.00136000,1773793499999999,100.39022920,2,0.00000000,0.00000000,0
1773793500000000,73762.77000000,73762.77000000,73762.77000000,73762.77000000,0.00142000,1773793799999999,104.74313340,1,0.00142000,104.74313340,0
1773793800000000,73762.77000000,73762.77000000,73762.77000000,73762.77000000,0.00000000,1773794099999999,0.00000000,0,0.00000000,0.00000000,0
1773794100000000,73660.45000000,73660.45000000,73607.86000000,73607.86000000,0.00146000,1773794399999999,107.51956360,3,0.00000000,0.00000000,0
1773794400000000,73607.86000000,73607.86000000,73607.86000000,73607.86000000,0.00000000,1773794699999999,0.00000000,0,0.00000000,0.00000000,0
1773794700000000,73746.26000000,73746.26000000,73746.26000000,73746.26000000,0.00009000,1773794999999999,6.63716340,1,0.00009000,6.63716340,0
1773795000000000,73788.60000000,73788.60000000,73788.60000000,73788.60000000,0.00068000,1773795299999999,50.17624800,1,0.00000000,0.00000000,0
1773795300000000,73861.12000000,73861.12000000,73861.12000000,73861.12000000,0.00016000,1773795599999999,11.81777920,1,0.00000000,0.00000000,0
1773795600000000,73839.67000000,73884.92000000,73839.67000000,73884.92000000,0.00077000,1773795899999999,56.86061840,2,0.00009000,6.64964280,0
1773795900000000,73920.10000000,73920.10000000,73920.10000000,73920.10000000,0.00019000,1773796199999999,14.04481900,1,0.00019000,14.04481900,0
1773796200000000,73920.10000000,73920.10000000,73920.10000000,73920.10000000,0.00000000,1773796499999999,0.00000000,0,0.00000000,0.00000000,0
1773796500000000,73904.43000000,73904.43000000,73904.43000000,73904.43000000,0.00065000,1773796799999999,48.03787950,1,0.00065000,48.03787950,0
1773796800000000,73904.43000000,73904.43000000,73904.43000000,73904.43000000,0.00000000,1773797099999999,0.00000000,0,0.00000000,0.00000000,0
1773797100000000,74027.63000000,74027.63000000,74027.63000000,74027.63000000,0.00026000,1773797399999999,19.24718380,1,0.00026000,19.24718380,0
1773797400000000,74027.63000000,74027.63000000,74027.63000000,74027.63000000,0.00000000,1773797699999999,0.00000000,0,0.00000000,0.00000000,0
1773797700000000,74129.43000000,74129.43000000,74129.43000000,74129.43000000,0.00024000,1773797999999999,17.79106320,1,0.00024000,17.79106320,0
1773798000000000,74160.55000000,74160.55000000,74160.55000000,74160.55000000,0.00495000,1773798299999999,367.09472250,1,0.00000000,0.00000000,0
1773798300000000,74160.55000000,74160.55000000,74160.55000000,74160.55000000,0.00000000,1773798599999999,0.00000000,0,0.00000000,0.00000000,0
1773798600000000,74027.54000000,74027.54000000,74027.54000000,74027.54000000,0.01360000,1773798899999999,1006.77454400,3,0.00000000,0.00000000,0
1773798900000000,74061.20000000,74061.20000000,74061.20000000,74061.20000000,0.00131000,1773799199999999,97.02017200,1,0.00131000,97.02017200,0
1773799200000000,74061.20000000,74061.20000000,74061.20000000,74061.20000000,0.00000000,1773799499999999,0.00000000,0,0.00000000,0.00000000,0
1773799500000000,74127.10000000,74127.10000000,74127.10000000,74127.10000000,0.00196000,1773799799999999,145.28911600,1,0.00196000,145.28911600,0
1773799800000000,74127.10000000,74127.10000000,74127.10000000,74127.10000000,0.00000000,1773800099999999,0.00000000,0,0.00000000,0.00000000,0
1773800100000000,74127.10000000,74127.10000000,74127.10000000,74127.10000000,0.00000000,1773800399999999,0.00000000,0,0.00000000,0.00000000,0
1773800400000000,74127.10000000,74127.10000000,74127.10000000,74127.10000000,0.00000000,1773800699999999,0.00000000,0,0.00000000,0.00000000,0
1773800700000000,74127.10000000,74127.10000000,74127.10000000,74127.10000000,0.00000000,1773800999999999,0.00000000,0,0.00000000,0.00000000,0
1773801000000000,74255.90000000,74255.90000000,74255.90000000,74255.90000000,0.00764000,1773801299999999,567.31507600,2,0.00764000,567.31507600,0
1773801300000000,74332.76000000,74332.76000000,74332.76000000,74332.76000000,0.00067000,1773801599999999,49.80294920,1,0.00000000,0.00000000,0
1773801600000000,74375.88000000,74375.88000000,74375.88000000,74375.88000000,0.00067000,1773801899999999,49.83183960,1,0.00000000,0.00000000,0
1773801900000000,74454.10000000,74454.10000000,74454.10000000,74454.10000000,0.00067000,1773802199999999,49.88424700,1,0.00000000,0.00000000,0
1773802200000000,74454.10000000,74454.10000000,74454.10000000,74454.10000000,0.00000000,1773802499999999,0.00000000,0,0.00000000,0.00000000,0
1773802500000000,74380.88000000,74382.80000000,74341.80000000,74341.80000000,0.00717000,1773802799999999,533.28987160,3,0.00650000,483.48086560,0
1773802800000000,74332.82000000,74332.82000000,74332.82000000,74332.82000000,0.00067000,1773803099999999,49.80298940,1,0.00000000,0.00000000,0
1773803100000000,74357.93000000,74361.85000000,74298.10000000,74298.10000000,0.00295000,1773803399999999,219.28344030,6,0.00018000,13.37524020,0
1773803400000000,74282.69000000,74290.40000000,74282.69000000,74290.40000000,0.00134000,1773803699999999,99.54397030,2,0.00000000,0.00000000,0
1773803700000000,74290.40000000,74290.40000000,74290.40000000,74290.40000000,0.00000000,1773803999999999,0.00000000,0,0.00000000,0.00000000,0
1773804000000000,74290.40000000,74290.40000000,74290.40000000,74290.40000000,0.00000000,1773804299999999,0.00000000,0,0.00000000,0.00000000,0
1773804300000000,74504.63000000,74603.96000000,74492.34000000,74533.87000000,0.00227000,1773804599999999,169.19142930,4,0.00000000,0.00000000,0
1773804600000000,74549.20000000,74549.20000000,74511.11000000,74511.11000000,0.00158000,1773804899999999,117.75853650,3,0.00000000,0.00000000,0
1773804900000000,74501.13000000,74501.13000000,74501.13000000,74501.13000000,0.00067000,1773805199999999,49.91575710,1,0.00000000,0.00000000,0
1773805200000000,74465.34000000,74465.34000000,74465.34000000,74465.34000000,0.00067000,1773805499999999,49.89177780,1,0.00000000,0.00000000,0
1773805500000000,74465.34000000,74465.34000000,74465.34000000,74465.34000000,0.00000000,1773805799999999,0.00000000,0,0.00000000,0.00000000,0
1773805800000000,74424.05000000,74424.05000000,74424.05000000,74424.05000000,0.00067000,1773806099999999,49.86411350,1,0.00000000,0.00000000,0
1773806100000000,74471.97000000,74471.97000000,74445.08000000,74445.08000000,0.00134000,1773806399999999,99.77442350,2,0.00000000,0.00000000,0
1773806400000000,74445.08000000,74445.08000000,74445.08000000,74445.08000000,0.00000000,1773806699999999,0.00000000,0,0.00000000,0.00000000,0
1773806700000000,74422.90000000,74422.90000000,74405.46000000,74405.46000000,0.00076000,1773806999999999,56.55983440,2,0.00000000,0.00000000,0
1773807000000000,74405.46000000,74405.46000000,74405.46000000,74405.46000000,0.00000000,1773807299999999,0.00000000,0,0.00000000,0.00000000,0
1773807300000000,74358.31000000,74358.31000000,74358.31000000,74358.31000000,0.00067000,1773807599999999,49.82006770,1,0.00000000,0.00000000,0
1773807600000000,74358.31000000,74358.31000000,74358.31000000,74358.31000000,0.00000000,1773807899999999,0.00000000,0,0.00000000,0.00000000,0
1773807900000000,74298.10000000,74298.10000000,74298.10000000,74298.10000000,0.00009000,1773808199999999,6.68682900,1,0.00000000,0.00000000,0
1773808200000000,74224.23000000,74255.12000000,74184.16000000,74200.48000000,0.12362000,1773808499999999,9178.33525860,9,0.12085000,8972.78551700,0
1773808500000000,74189.78000000,74189.78000000,74189.78000000,74189.78000000,0.00169000,1773808799999999,125.38072820,1,0.00169000,125.38072820,0
1773808800000000,74189.78000000,74189.78000000,74189.78000000,74189.78000000,0.00000000,1773809099999999,0.00000000,0,0.00000000,0.00000000,0
1773809100000000,74225.19000000,74225.19000000,74225.19000000,74225.19000000,0.00067000,1773809399999999,49.73087730,1,0.00000000,0.00000000,0
1773809400000000,74225.19000000,74225.19000000,74225.19000000,74225.19000000,0.00000000,1773809699999999,0.00000000,0,0.00000000,0.00000000,0
1773809700000000,74147.81000000,74147.81000000,74147.81000000,74147.81000000,0.00067000,1773809999999999,49.67903270,1,0.00000000,0.00000000,0
1773810000000000,74147.81000000,74147.81000000,74147.81000000,74147.81000000,0.00000000,1773810299999999,0.00000000,0,0.00000000,0.00000000,0
1773810300000000,74225.53000000,74225.53000000,74225.53000000,74225.53000000,0.00007000,1773810599999999,5.19578710,1,0.00000000,0.00000000,0
1773810600000000,74286.16000000,74286.16000000,74286.16000000,74286.16000000,0.00043000,1773810899999999,31.94304880,2,0.00020000,14.85723200,0
1773810900000000,74286.16000000,74286.16000000,74286.16000000,74286.16000000,0.00000000,1773811199999999,0.00000000,0,0.00000000,0.00000000,0
1773811200000000,74190.88000000,74190.88000000,74190.88000000,74190.88000000,0.00009000,1773811499999999,6.67717920,1,0.00000000,0.00000000,0
1773811500000000,74169.02000000,74169.02000000,74058.29000000,74058.29000000,0.01314000,1773811799999999,973.38276370,9,0.00000000,0.00000000,0
1773811800000000,74071.51000000,74071.51000000,74071.51000000,74071.51000000,0.00068000,1773812099999999,50.36862680,1,0.00000000,0.00000000,0
1773812100000000,74036.42000000,74068.34000000,74036.42000000,74068.34000000,0.00108000,1773812399999999,79.97210160,2,0.00040000,29.62733600,0
1773812400000000,74047.64000000,74047.64000000,74038.25000000,74043.68000000,0.00721000,1773812699999999,533.83047560,3,0.00653000,483.47808040,0
1773812700000000,73995.55000000,73995.55000000,73964.58000000,73990.37000000,0.00176000,1773812999999999,130.21625760,3,0.00000000,0.00000000,0
1773813000000000,73894.69000000,73894.69000000,73859.21000000,73859.21000000,0.00145000,1773813299999999,107.12096730,3,0.00000000,0.00000000,0
1773813300000000,73859.21000000,73859.21000000,73859.21000000,73859.21000000,0.00000000,1773813599999999,0.00000000,0,0.00000000,0.00000000,0
1773813600000000,73976.92000000,73976.92000000,73976.92000000,73976.92000000,0.00009000,1773813899999999,6.65792280,1,0.00009000,6.65792280,0
1773813900000000,73976.92000000,73976.92000000,73976.92000000,73976.92000000,0.00000000,1773814199999999,0.00000000,0,0.00000000,0.00000000,0
1773814200000000,73976.92000000,73976.92000000,73976.92000000,73976.92000000,0.00000000,1773814499999999,0.00000000,0,0.00000000,0.00000000,0
1773814500000000,73976.92000000,73976.92000000,73976.92000000,73976.92000000,0.00000000,1773814799999999,0.00000000,0,0.00000000,0.00000000,0
1773814800000000,73976.92000000,73976.92000000,73976.92000000,73976.92000000,0.00000000,1773815099999999,0.00000000,0,0.00000000,0.00000000,0
1773815100000000,73976.92000000,73976.92000000,73976.92000000,73976.92000000,0.00000000,1773815399999999,0.00000000,0,0.00000000,0.00000000,0
1773815400000000,73976.92000000,73976.92000000,73976.92000000,73976.92000000,0.00000000,1773815699999999,0.00000000,0,0.00000000,0.00000000,0
1773815700000000,74146.69000000,74146.69000000,74083.82000000,74083.82000000,0.00076000,1773815999999999,56.34582610,2,0.00000000,0.00000000,0
1773816000000000,74039.84000000,74039.85000000,74039.84000000,74039.85000000,0.00196000,1773816299999999,145.11810200,2,0.00196000,145.11810200,0
1773816300000000,74039.85000000,74039.85000000,74039.85000000,74039.85000000,0.00000000,1773816599999999,0.00000000,0,0.00000000,0.00000000,0
1773816600000000,74070.91000000,74070.91000000,74070.91000000,74070.91000000,0.00196000,1773816899999999,145.17898360,1,0.00196000,145.17898360,0
1773816900000000,74053.78000000,74058.22000000,74053.78000000,74058.22000000,0.02611000,1773817199999999,1933.63774660,2,0.02611000,1933.63774660,0
1773817200000000,74058.22000000,74058.22000000,74058.22000000,74058.22000000,0.00000000,1773817499999999,0.00000000,0,0.00000000,0.00000000,0
1773817500000000,74058.22000000,74058.22000000,74058.22000000,74058.22000000,0.00000000,1773817799999999,0.00000000,0,0.00000000,0.00000000,0
1773817800000000,73901.21000000,73901.21000000,73901.21000000,73901.21000000,0.00018000,1773818099999999,13.30221780,1,0.00018000,13.30221780,0
1773818100000000,73901.21000000,73901.21000000,73901.21000000,73901.21000000,0.00000000,1773818399999999,0.00000000,0,0.00000000,0.00000000,0
1773818400000000,73901.21000000,73901.21000000,73901.21000000,73901.21000000,0.00000000,1773818699999999,0.00000000,0,0.00000000,0.00000000,0
1773818700000000,73901.21000000,73901.21000000,73901.21000000,73901.21000000,0.00000000,1773818999999999,0.00000000,0,0.00000000,0.00000000,0
1773819000000000,73901.21000000,73901.21000000,73901.21000000,73901.21000000,0.00000000,1773819299999999,0.00000000,0,0.00000000,0.00000000,0
1773819300000000,73763.57000000,73763.57000000,73739.16000000,73747.60000000,0.00404000,1773819599999999,297.93481210,4,0.00327000,241.15346200,0
1773819600000000,73747.60000000,73747.60000000,73747.60000000,73747.60000000,0.00000000,1773819899999999,0.00000000,0,0.00000000,0.00000000,0
1773819900000000,73747.60000000,73747.60000000,73747.60000000,73747.60000000,0.00000000,1773820199999999,0.00000000,0,0.00000000,0.00000000,0
1773820200000000,73857.30000000,73857.30000000,73857.30000000,73857.30000000,0.00653000,1773820499999999,482.28816900,2,0.00500000,369.28650000,0
1773820500000000,73908.77000000,73908.77000000,73908.77000000,73908.77000000,0.00270000,1773820799999999,199.55367900,1,0.00270000,199.55367900,0
1773820800000000,73908.77000000,73908.77000000,73908.77000000,73908.77000000,0.00000000,1773821099999999,0.00000000,0,0.00000000,0.00000000,0
1773821100000000,73908.77000000,73908.77000000,73908.77000000,73908.77000000,0.00000000,1773821399999999,0.00000000,0,0.00000000,0.00000000,0
1773821400000000,73982.60000000,73982.60000000,73982.60000000,73982.60000000,0.00024000,1773821699999999,17.75582400,1,0.00024000,17.75582400,0
1773821700000000,73982.60000000,73982.60000000,73982.60000000,73982.60000000,0.00000000,1773821999999999,0.00000000,0,0.00000000,0.00000000,0
1773822000000000,73982.60000000,73982.60000000,73982.60000000,73982.60000000,0.00000000,1773822299999999,0.00000000,0,0.00000000,0.00000000,0
1773822300000000,74021.41000000,74021.41000000,74014.87000000,74014.87000000,0.06642000,1773822599999999,4916.29063060,4,0.00000000,0.00000000,0
1773822600000000,74014.87000000,74014.87000000,74014.87000000,74014.87000000,0.00000000,1773822899999999,0.00000000,0,0.00000000,0.00000000,0
1773822900000000,74042.92000000,74042.92000000,74042.92000000,74042.92000000,0.00068000,1773823199999999,50.34918560,1,0.00068000,50.34918560,0
1773823200000000,74041.98000000,74041.98000000,74041.98000000,74041.98000000,0.00020000,1773823499999999,14.80839600,1,0.00020000,14.80839600,0
1773823500000000,74090.26000000,74090.26000000,74090.26000000,74090.26000000,0.00071000,1773823799999999,52.60408460,1,0.00071000,52.60408460,0
1773823800000000,74084.85000000,74096.67000000,74084.85000000,74096.67000000,0.04181000,1773824099999999,3097.81389770,4,0.04181000,3097.81389770,0
1773824100000000,74096.67000000,74096.67000000,74096.67000000,74096.67000000,0.00000000,1773824399999999,0.00000000,0,0.00000000,0.00000000,0
1773824400000000,74096.67000000,74096.67000000,74096.67000000,74096.67000000,0.00000000,1773824699999999,0.00000000,0,0.00000000,0.00000000,0
1773824700000000,74096.67000000,74096.67000000,74096.67000000,74096.67000000,0.00000000,1773824999999999,0.00000000,0,0.00000000,0.00000000,0
1773825000000000,74096.67000000,74096.67000000,74096.67000000,74096.67000000,0.00000000,1773825299999999,0.00000000,0,0.00000000,0.00000000,0
1773825300000000,74166.71000000,74166.71000000,74166.71000000,74166.71000000,0.00028000,1773825599999999,20.76667880,1,0.00028000,20.76667880,0
1773825600000000,74166.71000000,74166.71000000,74166.71000000,74166.71000000,0.00000000,1773825899999999,0.00000000,0,0.00000000,0.00000000,0
1773825900000000,74115.86000000,74115.86000000,74115.86000000,74115.86000000,0.00027000,1773826199999999,20.01128220,1,0.00000000,0.00000000,0
1773826200000000,74115.86000000,74115.86000000,74115.86000000,74115.86000000,0.00000000,1773826499999999,0.00000000,0,0.00000000,0.00000000,0
1773826500000000,74115.86000000,74115.86000000,74115.86000000,74115.86000000,0.00000000,1773826799999999,0.00000000,0,0.00000000,0.00000000,0
1773826800000000,74115.86000000,74115.86000000,74115.86000000,74115.86000000,0.00000000,1773827099999999,0.00000000,0,0.00000000,0.00000000,0
1773827100000000,74263.01000000,74264.34000000,74263.01000000,74264.34000000,0.00326000,1773827399999999,242.09817070,2,0.00326000,242.09817070,0
1773827400000000,74264.34000000,74264.34000000,74264.34000000,74264.34000000,0.00000000,1773827699999999,0.00000000,0,0.00000000,0.00000000,0
1773827700000000,74264.34000000,74264.34000000,74264.34000000,74264.34000000,0.00000000,1773827999999999,0.00000000,0,0.00000000,0.00000000,0
1773828000000000,74264.34000000,74264.34000000,74264.34000000,74264.34000000,0.00000000,1773828299999999,0.00000000,0,0.00000000,0.00000000,0
1773828300000000,74127.06000000,74127.06000000,74127.06000000,74127.06000000,0.00013000,1773828599999999,9.63651780,1,0.00013000,9.63651780,0
1773828600000000,74127.06000000,74127.06000000,74127.06000000,74127.06000000,0.00000000,1773828899999999,0.00000000,0,0.00000000,0.00000000,0
1773828900000000,74127.06000000,74127.06000000,74127.06000000,74127.06000000,0.00000000,1773829199999999,0.00000000,0,0.00000000,0.00000000,0
1773829200000000,74127.06000000,74127.06000000,74127.06000000,74127.06000000,0.00000000,1773829499999999,0.00000000,0,0.00000000,0.00000000,0
1773829500000000,74127.06000000,74127.06000000,74127.06000000,74127.06000000,0.00000000,1773829799999999,0.00000000,0,0.00000000,0.00000000,0
1773829800000000,74100.00000000,74100.00000000,74100.00000000,74100.00000000,0.00068000,1773830099999999,50.38800000,1,0.00000000,0.00000000,0
1773830100000000,74083.82000000,74083.82000000,74019.89000000,74021.23000000,0.00291000,1773830399999999,215.44247980,4,0.00282000,208.77493600,0
1773830400000000,74021.23000000,74021.23000000,74021.23000000,74021.23000000,0.00000000,1773830699999999,0.00000000,0,0.00000000,0.00000000,0
1773830700000000,73902.01000000,73902.01000000,73902.01000000,73902.01000000,0.00327000,1773830999999999,241.65957270,1,0.00327000,241.65957270,0
1773831000000000,73937.54000000,73956.41000000,73937.54000000,73956.41000000,0.00260000,1773831299999999,192.27383440,2,0.00260000,192.27383440,0
1773831300000000,73883.81000000,73883.81000000,73883.81000000,73883.81000000,0.00035000,1773831599999999,25.85933350,1,0.00000000,0.00000000,0
1773831600000000,73883.81000000,73883.81000000,73883.81000000,73883.81000000,0.00000000,1773831899999999,0.00000000,0,0.00000000,0.00000000,0
1773831900000000,73831.81000000,73838.28000000,73763.57000000,73835.26000000,0.02145000,1773832199999999,1583.21446400,7,0.00136000,100.41574270,0
1773832200000000,73935.61000000,73988.96000000,73916.09000000,73916.09000000,0.02151000,1773832499999999,1591.11150630,12,0.02103000,1555.62865990,0
1773832500000000,73973.84000000,73988.81000000,73926.11000000,73988.81000000,0.00064000,1773832799999999,47.34021760,4,0.00048000,35.51204000,0
1773832800000000,73988.81000000,73988.81000000,73988.81000000,73988.81000000,0.00000000,1773833099999999,0.00000000,0,0.00000000,0.00000000,0
1773833100000000,73828.51000000,73828.51000000,73607.86000000,73607.86000000,0.03486000,1773833399999999,2566.70555520,14,0.00000000,0.00000000,0
1773833400000000,73500.00000000,73500.00000000,73061.92000000,73279.62000000,0.18519000,1773833699999999,13584.00653570,41,0.00417000,305.46621340,0
1773833700000000,73191.43000000,73206.38000000,72916.33000000,72916.33000000,0.03628000,1773833999999999,2648.79560650,14,0.00205000,149.93004100,0
1773834000000000,72819.50000000,73035.31000000,72811.11000000,73035.31000000,0.00097000,1773834299999999,70.67169690,4,0.00018000,13.14513090,0
1773834300000000,73035.31000000,73035.31000000,73035.31000000,73035.31000000,0.00000000,1773834599999999,0.00000000,0,0.00000000,0.00000000,0
1773834600000000,73066.29000000,73066.29000000,73066.29000000,73066.29000000,0.00022000,1773834899999999,16.07458380,1,0.00022000,16.07458380,0
1773834900000000,72940.67000000,73066.29000000,72940.67000000,73066.29000000,0.24908000,1773835199999999,18184.09640360,11,0.16690000,12179.50869140,0
1773835200000000,72916.33000000,72916.33000000,72909.29000000,72909.29000000,0.00539000,1773835499999999,392.98170670,2,0.00530000,386.41923700,0
1773835500000000,72761.75000000,72782.99000000,72761.75000000,72782.99000000,0.01540000,1773835799999999,1120.83595640,2,0.01436000,1045.16373640,0
1773835800000000,72756.68000000,72764.24000000,72750.05000000,72750.05000000,0.01469000,1773836099999999,1068.86766550,3,0.01469000,1068.86766550,0
1773836100000000,72750.05000000,72768.45000000,72720.00000000,72720.00000000,0.02936000,1773836399999999,2135.50750350,8,0.01479000,1075.97710350,0
1773836400000000,72837.67000000,72839.32000000,72837.67000000,72839.32000000,0.01327000,1773836699999999,966.57663790,2,0.01327000,966.57663790,0
1773836700000000,72839.32000000,72839.32000000,72839.32000000,72839.32000000,0.00081000,1773836999999999,58.99984920,1,0.00081000,58.99984920,0
1773837000000000,72711.00000000,72711.00000000,72326.74000000,72474.42000000,0.04284000,1773837299999999,3101.66065330,18,0.00307000,222.48782180,0
1773837300000000,72484.68000000,72484.68000000,72474.42000000,72474.42000000,0.00089000,1773837599999999,64.50438840,2,0.00021000,15.22178280,0
1773837600000000,72417.64000000,72417.64000000,72417.64000000,72417.64000000,0.00069000,1773837899999999,49.96817160,1,0.00000000,0.00000000,0
1773837900000000,72335.71000000,72363.88000000,72335.71000000,72363.88000000,0.01718000,1773838199999999,1242.81228950,4,0.00301000,217.81527880,0
1773838200000000,72363.88000000,72363.88000000,72363.88000000,72363.88000000,0.00022000,1773838499999999,15.92005360,1,0.00000000,0.00000000,0
1773838500000000,72441.18000000,72442.49000000,72441.18000000,72442.49000000,0.00842000,1773838799999999,609.95639930,2,0.00842000,609.95639930,0
1773838800000000,72238.08000000,72373.90000000,72200.00000000,72373.90000000,0.00711000,1773839099999999,513.36145900,4,0.00009000,6.51365100,0
1773839100000000,72326.56000000,72326.56000000,72326.56000000,72326.56000000,0.00069000,1773839399999999,49.90532640,1,0.00000000,0.00000000,0
1773839400000000,72326.56000000,72326.56000000,72326.56000000,72326.56000000,0.00000000,1773839699999999,0.00000000,0,0.00000000,0.00000000,0
1773839700000000,72326.56000000,72326.56000000,72326.56000000,72326.56000000,0.00000000,1773839999999999,0.00000000,0,0.00000000,0.00000000,0
1773840000000000,72326.56000000,72326.56000000,72326.56000000,72326.56000000,0.00000000,1773840299999999,0.00000000,0,0.00000000,0.00000000,0
1773840300000000,72509.98000000,72533.79000000,72509.98000000,72533.79000000,0.00062000,1773840599999999,44.96880690,2,0.00062000,44.96880690,0
1773840600000000,72446.20000000,72446.20000000,72238.08000000,72238.08000000,0.00146000,1773840899999999,105.75272120,2,0.00137000,99.25129400,0
1773840900000000,72398.02000000,72438.97000000,72319.49000000,72438.97000000,0.00088000,1773841199999999,63.70317090,9,0.00000000,0.00000000,0
1773841200000000,72476.59000000,72509.98000000,72303.40000000,72310.88000000,0.01972000,1773841499999999,1428.99470060,17,0.00009000,6.52589820,0
1773841500000000,72300.00000000,72323.80000000,72190.60000000,72221.01000000,0.00318000,1773841799999999,229.85054910,12,0.00000000,0.00000000,0
1773841800000000,72156.91000000,72205.51000000,72111.00000000,72151.66000000,0.00091000,1773842099999999,65.67408800,10,0.00000000,0.00000000,0
1773842100000000,72061.29000000,72230.80000000,71978.30000000,72141.07000000,0.28047000,1773842399999999,20217.29512950,33,0.26781000,19305.75332250,0
1773842400000000,71967.20000000,71967.20000000,71967.20000000,71967.20000000,0.00009000,1773842699999999,6.47704800,1,0.00000000,0.00000000,0
1773842700000000,71929.04000000,72070.54000000,71929.04000000,72070.54000000,0.00773000,1773842999999999,556.04883940,5,0.00072000,51.82626900,0
1773843000000000,71896.40000000,71896.40000000,71896.40000000,71896.40000000,0.00105000,1773843299999999,75.49122000,1,0.00000000,0.00000000,0
1773843300000000,71953.48000000,71953.48000000,71953.48000000,71953.48000000,0.00069000,1773843599999999,49.64790120,1,0.00069000,49.64790120,0
1773843600000000,71924.67000000,71924.67000000,71924.67000000,71924.67000000,0.00013000,1773843899999999,9.35020710,1,0.00013000,9.35020710,0
1773843900000000,71720.00000000,71720.00000000,71652.10000000,71652.10000000,0.00165000,1773844199999999,118.28390930,4,0.00000000,0.00000000,0
1773844200000000,71680.55000000,71741.08000000,71509.87000000,71741.08000000,0.22933000,1773844499999999,16432.21232880,17,0.00502000,360.14022160,0
1773844500000000,71761.50000000,71832.14000000,71707.57000000,71797.81000000,0.63146000,1773844799999999,45305.09117040,20,0.47895000,34362.06691820,0
1773844800000000,71571.34000000,71571.34000000,71500.00000000,71500.00000000,0.00429000,1773845099999999,306.82567260,3,0.00421000,301.10567260,0
1773845100000000,71538.21000000,71555.40000000,71532.63000000,71549.88000000,0.01479000,1773845399999999,1058.01478230,5,0.00076000,54.37851600,0
1773845400000000,71549.88000000,71549.88000000,71366.70000000,71430.87000000,0.01840000,1773845699999999,1314.16121800,8,0.00210000,150.00482700,0
1773845700000000,71391.05000000,71425.27000000,71122.90000000,71171.28000000,0.12169000,1773845999999999,8677.84699490,31,0.01310000,935.36718280,0
1773846000000000,71100.08000000,71322.12000000,70894.92000000,71322.12000000,0.27451000,1773846299999999,19499.66649500,49,0.22689000,16118.79401720,0
1773846300000000,71312.93000000,71373.34000000,71217.45000000,71373.34000000,0.02093000,1773846599999999,1492.72397810,18,0.00070000,49.94130400,0
1773846600000000,71344.72000000,71344.72000000,71344.72000000,71344.72000000,0.00015000,1773846899999999,10.70170800,1,0.00000000,0.00000000,0
1773846900000000,71095.93000000,71177.77000000,71095.93000000,71177.77000000,0.00119000,1773847199999999,84.61070390,2,0.00000000,0.00000000,0
1773847200000000,71208.90000000,71261.52000000,71208.90000000,71261.52000000,0.00888000,1773847499999999,632.61016840,4,0.00888000,632.61016840,0
1773847500000000,71223.56000000,71295.38000000,71223.56000000,71295.38000000,0.00190000,1773847799999999,135.34702820,2,0.00190000,135.34702820,0
1773847800000000,71294.37000000,71456.61000000,71294.37000000,71456.61000000,0.30884000,1773848099999999,22020.60111200,29,0.30884000,22020.60111200,0
1773848100000000,71456.61000000,71456.61000000,71456.61000000,71456.61000000,0.00000000,1773848399999999,0.00000000,0,0.00000000,0.00000000,0
1773848400000000,71373.06000000,71373.06000000,71373.06000000,71373.06000000,0.00032000,1773848699999999,22.83937920,1,0.00032000,22.83937920,0
1773848700000000,71373.04000000,71373.04000000,71281.73000000,71281.73000000,0.41046000,1773848999999999,29259.84354410,12,0.34484000,24581.53412350,0
1773849000000000,71281.73000000,71281.73000000,71281.73000000,71281.73000000,0.00000000,1773849299999999,0.00000000,0,0.00000000,0.00000000,0
1773849300000000,71281.73000000,71281.73000000,71281.73000000,71281.73000000,0.00000000,1773849599999999,0.00000000,0,0.00000000,0.00000000,0
1773849600000000,71427.47000000,71526.61000000,71341.14000000,71341.14000000,0.01876000,1773849899999999,1339.36375370,4,0.00955000,682.31185430,0
1773849900000000,71281.74000000,71281.74000000,71281.73000000,71281.73000000,0.05503000,1773850199999999,3922.63409370,13,0.00000000,0.00000000,0
1773850200000000,71220.73000000,71241.70000000,71220.73000000,71241.70000000,0.00212000,1773850499999999,151.01646680,2,0.00136000,96.88871200,0
1773850500000000,71264.73000000,71264.73000000,71264.73000000,71264.73000000,0.00299000,1773850799999999,213.08154270,1,0.00299000,213.08154270,0
1773850800000000,71264.73000000,71264.73000000,71264.73000000,71264.73000000,0.00000000,1773851099999999,0.00000000,0,0.00000000,0.00000000,0
1773851100000000,71264.73000000,71264.73000000,71250.33000000,71250.33000000,0.00204000,1773851399999999,145.37025720,2,0.00204000,145.37025720,0
1773851400000000,71269.32000000,71269.32000000,71173.37000000,71173.37000000,0.03913000,1773851699999999,2785.53137970,14,0.00136000,96.92627520,0
1773851700000000,71173.37000000,71173.37000000,71173.37000000,71173.37000000,0.00000000,1773851999999999,0.00000000,0,0.00000000,0.00000000,0
1773852000000000,71246.20000000,71290.82000000,71246.20000000,71290.82000000,0.00960000,1773852299999999,684.38696380,2,0.00949000,676.54988180,0
1773852300000000,71294.75000000,71322.12000000,71294.75000000,71322.12000000,0.00885000,1773852599999999,631.17177900,5,0.00885000,631.17177900,0
1773852600000000,71351.75000000,71407.41000000,71351.75000000,71407.41000000,0.00408000,1773852899999999,291.15410200,2,0.00408000,291.15410200,0
1773852900000000,71351.76000000,71351.76000000,71351.75000000,71351.75000000,0.01993000,1773853199999999,1422.04052780,4,0.00000000,0.00000000,0
1773853200000000,71329.23000000,71329.23000000,71329.23000000,71329.23000000,0.00070000,1773853499999999,49.93046100,1,0.00070000,49.93046100,0
1773853500000000,71309.45000000,71309.45000000,71279.46000000,71279.46000000,0.07780000,1773853799999999,5547.87131130,9,0.00013000,9.26632980,0
1773853800000000,71342.81000000,71342.81000000,71294.63000000,71294.63000000,0.00028000,1773854099999999,19.96924160,2,0.00028000,19.96924160,0
1773854100000000,71281.61000000,71282.07000000,71281.61000000,71282.07000000,0.00144000,1773854399999999,102.64584040,2,0.00144000,102.64584040,0
1773854400000000,71342.81000000,71466.24000000,71342.81000000,71466.24000000,0.00122000,1773854699999999,87.10751100,3,0.00122000,87.10751100,0
1773854700000000,71395.94000000,71395.94000000,71395.94000000,71395.94000000,0.00026000,1773854999999999,18.56294440,1,0.00000000,0.00000000,0
1773855000000000,71395.94000000,71395.94000000,71395.94000000,71395.94000000,0.00000000,1773855299999999,0.00000000,0,0.00000000,0.00000000,0
1773855300000000,71553.34000000,71723.01000000,71553.34000000,71723.01000000,0.00332000,1773855599999999,237.90309920,4,0.00332000,237.90309920,0
1773855600000000,71585.06000000,71585.06000000,71585.06000000,71585.06000000,0.00021000,1773855899999999,15.03286260,1,0.00021000,15.03286260,0
1773855900000000,71706.66000000,71706.66000000,71706.66000000,71706.66000000,0.00176000,1773856199999999,126.20372160,1,0.00176000,126.20372160,0
1773856200000000,71706.66000000,71706.66000000,71706.66000000,71706.66000000,0.00000000,1773856499999999,0.00000000,0,0.00000000,0.00000000,0
1773856500000000,71627.73000000,71627.73000000,71627.73000000,71627.73000000,0.00027000,1773856799999999,19.33948710,1,0.00027000,19.33948710,0
1773856800000000,71627.73000000,71947.42000000,71627.73000000,71947.42000000,0.02318000,1773857099999999,1665.00767730,20,0.02318000,1665.00767730,0
1773857100000000,71857.92000000,71934.13000000,71857.92000000,71934.13000000,0.00097000,1773857399999999,69.72275910,2,0.00097000,69.72275910,0
1773857400000000,71822.53000000,71895.90000000,71822.53000000,71848.85000000,0.01553000,1773857699999999,1115.83129490,8,0.00232000,166.70798640,0
1773857700000000,71800.06000000,71800.06000000,71694.80000000,71694.80000000,0.00022000,1773857999999999,15.78653980,2,0.00013000,9.33400780,0
1773858000000000,71611.71000000,71633.00000000,71605.39000000,71633.00000000,0.00880000,1773858299999999,630.33613540,4,0.00880000,630.33613540,0
1773858300000000,71628.68000000,71668.63000000,71628.68000000,71668.63000000,0.00046000,1773858599999999,32.96476550,3,0.00046000,32.96476550,0
1773858600000000,71787.93000000,71823.44000000,71508.22000000,71508.22000000,0.01636000,1773858899999999,1170.48663090,6,0.00210000,150.77927200,0
1773858900000000,71694.80000000,71694.80000000,71609.80000000,71609.80000000,0.00079000,1773859199999999,56.57939200,2,0.00079000,56.57939200,0
1773859200000000,71640.11000000,71667.22000000,71625.16000000,71625.16000000,0.00208000,1773859499999999,149.01939860,3,0.00208000,149.01939860,0
1773859500000000,71508.23000000,71508.23000000,71413.86000000,71453.72000000,0.00827000,1773859799999999,591.24174280,7,0.00080000,57.13784800,0
1773859800000000,71358.36000000,71358.36000000,71132.66000000,71132.67000000,0.07528000,1773860099999999,5359.07880880,24,0.00034000,24.26184240,0
1773860100000000,71028.01000000,71062.82000000,71000.00000000,71062.82000000,0.02039000,1773860399999999,1448.27932450,6,0.00070000,49.74397400,0
1773860400000000,71180.31000000,71299.47000000,71180.31000000,71295.95000000,0.00822000,1773860699999999,585.93572640,5,0.00822000,585.93572640,0
1773860700000000,71292.02000000,71370.45000000,71292.02000000,71370.45000000,0.00237000,1773860999999999,169.06024120,4,0.00237000,169.06024120,0
1773861000000000,71359.51000000,71366.82000000,71328.96000000,71328.96000000,0.02210000,1773861299999999,1577.08904780,5,0.02210000,1577.08904780,0
1773861300000000,71348.99000000,71477.36000000,71348.99000000,71477.36000000,0.00951000,1773861599999999,679.61825470,5,0.00951000,679.61825470,0
1773861600000000,71315.53000000,71315.53000000,71315.53000000,71315.53000000,0.00047000,1773861899999999,33.51829910,1,0.00047000,33.51829910,0
1773861900000000,71229.97000000,71229.97000000,71229.97000000,71229.97000000,0.00070000,1773862199999999,49.86097900,1,0.00070000,49.86097900,0
1773862200000000,71229.97000000,71229.97000000,71229.97000000,71229.97000000,0.00000000,1773862499999999,0.00000000,0,0.00000000,0.00000000,0
1773862500000000,71162.68000000,71173.96000000,71162.68000000,71172.96000000,0.00292000,1773862799999999,207.81984720,3,0.00292000,207.81984720,0
1773862800000000,71070.92000000,71112.58000000,71030.45000000,71074.87000000,0.02385000,1773863099999999,1695.89715950,6,0.02385000,1695.89715950,0
1773863100000000,71028.57000000,71028.57000000,71028.57000000,71028.57000000,0.00021000,1773863399999999,14.91599970,1,0.00000000,0.00000000,0
1773863400000000,71028.00000000,71051.37000000,71028.00000000,71051.37000000,0.00090000,1773863699999999,63.92987400,2,0.00020000,14.21027400,0
1773863700000000,71130.11000000,71130.11000000,71130.11000000,71130.11000000,0.00070000,1773863999999999,49.79107700,1,0.00070000,49.79107700,0
1773864000000000,71130.11000000,71130.11000000,71130.11000000,71130.11000000,0.00000000,1773864299999999,0.00000000,0,0.00000000,0.00000000,0
1773864300000000,70900.00000000,70900.00000000,70712.03000000,70712.03000000,0.00586000,1773864599999999,414.77066250,8,0.00000000,0.00000000,0
1773864600000000,70617.64000000,70651.37000000,70501.74000000,70651.37000000,0.02578000,1773864899999999,1818.16753850,10,0.00647000,456.59828590,0
1773864900000000,70768.55000000,70768.60000000,70768.55000000,70768.60000000,0.00765000,1773865199999999,541.37944300,3,0.00765000,541.37944300,0
1773865200000000,70768.60000000,70768.60000000,70768.60000000,70768.60000000,0.00000000,1773865499999999,0.00000000,0,0.00000000,0.00000000,0
1773865500000000,70951.39000000,70951.39000000,70951.39000000,70951.39000000,0.00009000,1773865799999999,6.38562510,1,0.00009000,6.38562510,0
1773865800000000,71125.64000000,71187.58000000,71125.64000000,71187.58000000,0.00149000,1773866099999999,106.02153990,3,0.00149000,106.02153990,0
1773866100000000,71187.58000000,71187.58000000,71187.58000000,71187.58000000,0.00000000,1773866399999999,0.00000000,0,0.00000000,0.00000000,0
1773866400000000,71206.06000000,71206.06000000,71206.06000000,71206.06000000,0.07021000,1773866699999999,4999.37747260,5,0.00347000,247.08502820,0
1773866700000000,71206.06000000,71316.18000000,71163.49000000,71316.18000000,0.01558000,1773866999999999,1109.43174000,4,0.00154000,109.69865760,0
1773867000000000,71316.18000000,71316.18000000,71316.18000000,71316.18000000,0.00000000,1773867299999999,0.00000000,0,0.00000000,0.00000000,0
1773867300000000,71316.18000000,71316.18000000,71316.18000000,71316.18000000,0.00000000,1773867599999999,0.00000000,0,0.00000000,0.00000000,0
1773867600000000,71291.37000000,71291.37000000,71291.37000000,71291.37000000,0.00041000,1773867899999999,29.22946170,1,0.00000000,0.00000000,0
1773867900000000,71322.12000000,71352.01000000,71322.12000000,71352.01000000,0.00050000,1773868199999999,35.67331490,2,0.00050000,35.67331490,0
1773868200000000,71358.11000000,71377.42000000,71338.42000000,71338.42000000,0.03747000,1773868499999999,2673.88542280,6,0.03747000,2673.88542280,0
1773868500000000,71309.96000000,71333.43000000,71309.96000000,71324.96000000,0.01504000,1773868799999999,1072.71809670,5,0.01504000,1072.71809670,0
1773868800000000,71324.96000000,71324.96000000,71324.96000000,71324.96000000,0.00000000,1773869099999999,0.00000000,0,0.00000000,0.00000000,0
1773869100000000,71324.96000000,71324.96000000,71274.17000000,71279.44000000,0.01524000,1773869399999999,1086.28672390,3,0.01492000,1063.46273670,0
1773869400000000,71279.44000000,71279.44000000,71279.44000000,71279.44000000,0.00000000,1773869699999999,0.00000000,0,0.00000000,0.00000000,0
1773869700000000,71279.44000000,71279.44000000,71279.44000000,71279.44000000,0.00000000,1773869999999999,0.00000000,0,0.00000000,0.00000000,0
1773870000000000,71279.44000000,71279.44000000,71279.44000000,71279.44000000,0.00000000,1773870299999999,0.00000000,0,0.00000000,0.00000000,0
1773870300000000,71279.44000000,71279.44000000,71279.44000000,71279.44000000,0.00000000,1773870599999999,0.00000000,0,0.00000000,0.00000000,0
1773870600000000,71279.44000000,71279.44000000,71279.44000000,71279.44000000,0.00000000,1773870899999999,0.00000000,0,0.00000000,0.00000000,0
1773870900000000,71279.44000000,71279.44000000,71279.44000000,71279.44000000,0.00000000,1773871199999999,0.00000000,0,0.00000000,0.00000000,0
1773871200000000,71140.66000000,71140.66000000,71140.66000000,71140.66000000,0.00070000,1773871499999999,49.79846200,1,0.00070000,49.79846200,0
1773871500000000,71037.73000000,71037.73000000,71033.12000000,71033.12000000,0.00140000,1773871799999999,99.44959500,2,0.00070000,49.72641100,0
1773871800000000,71033.12000000,71033.12000000,71033.12000000,71033.12000000,0.00000000,1773872099999999,0.00000000,0,0.00000000,0.00000000,0
1773872100000000,71033.12000000,71033.12000000,71033.12000000,71033.12000000,0.00000000,1773872399999999,0.00000000,0,0.00000000,0.00000000,0
1773872400000000,71079.58000000,71079.58000000,71033.13000000,71033.13000000,0.00069000,1773872699999999,49.03933620,2,0.00057000,40.51536060,0
1773872700000000,71043.20000000,71043.20000000,71043.20000000,71043.20000000,0.00694000,1773872999999999,493.03980800,1,0.00000000,0.00000000,0
1773873000000000,71043.20000000,71043.20000000,71043.20000000,71043.20000000,0.00000000,1773873299999999,0.00000000,0,0.00000000,0.00000000,0
1773873300000000,71043.20000000,71043.20000000,71043.20000000,71043.20000000,0.00000000,1773873599999999,0.00000000,0,0.00000000,0.00000000,0
1773873600000000,71026.75000000,71026.75000000,71026.75000000,71026.75000000,0.00049000,1773873899999999,34.80310750,1,0.00049000,34.80310750,0
1773873900000000,71026.75000000,71026.75000000,71026.75000000,71026.75000000,0.00000000,1773874199999999,0.00000000,0,0.00000000,0.00000000,0
1773874200000000,71026.75000000,71026.75000000,71026.75000000,71026.75000000,0.00000000,1773874499999999,0.00000000,0,0.00000000,0.00000000,0
1773874500000000,71136.51000000,71136.51000000,71136.51000000,71136.51000000,0.00009000,1773874799999999,6.40228590,1,0.00009000,6.40228590,0
1773874800000000,71163.11000000,71163.11000000,71136.51000000,71136.51000000,0.00740000,1773875099999999,526.42879400,3,0.00740000,526.42879400,0
1773875100000000,71209.39000000,71209.39000000,71209.39000000,71209.39000000,0.00137000,1773875399999999,97.55686430,1,0.00137000,97.55686430,0
1773875400000000,71209.39000000,71209.39000000,71209.39000000,71209.39000000,0.00000000,1773875699999999,0.00000000,0,0.00000000,0.00000000,0
1773875700000000,71209.39000000,71209.39000000,71209.39000000,71209.39000000,0.00000000,1773875999999999,0.00000000,0,0.00000000,0.00000000,0
1773876000000000,71115.73000000,71153.62000000,71115.73000000,71153.62000000,0.00353000,1773876299999999,251.11325440,4,0.00353000,251.11325440,0
1773876300000000,71202.25000000,71231.96000000,71202.25000000,71231.96000000,0.01323000,1773876599999999,942.29115320,6,0.01323000,942.29115320,0
1773876600000000,71231.96000000,71231.96000000,71231.96000000,71231.96000000,0.00000000,1773876899999999,0.00000000,0,0.00000000,0.00000000,0
1773876900000000,71322.12000000,71322.12000000,71322.12000000,71322.12000000,0.00009000,1773877199999999,6.41899080,1,0.00009000,6.41899080,0
1773877200000000,71322.12000000,71322.12000000,71322.12000000,71322.12000000,0.00000000,1773877499999999,0.00000000,0,0.00000000,0.00000000,0
1773877500000000,71257.90000000,71257.90000000,71257.90000000,71257.90000000,0.00202000,1773877799999999,143.94095800,1,0.00000000,0.00000000,0
1773877800000000,71257.90000000,71257.90000000,71257.90000000,71257.90000000,0.00000000,1773878099999999,0.00000000,0,0.00000000,0.00000000,0
1773878100000000,71287.00000000,71287.00000000,71271.70000000,71271.70000000,0.00042000,1773878399999999,29.93533800,2,0.00042000,29.93533800,0
1773878400000000,71207.23000000,71207.23000000,71207.23000000,71207.23000000,0.00009000,1773878699999999,6.40865070,1,0.00009000,6.40865070,0
1773878700000000,71207.23000000,71207.23000000,71207.23000000,71207.23000000,0.00000000,1773878999999999,0.00000000,0,0.00000000,0.00000000,0
1773879000000000,71207.23000000,71207.23000000,71207.23000000,71207.23000000,0.00000000,1773879299999999,0.00000000,0,0.00000000,0.00000000,0
1773879300000000,71207.23000000,71207.23000000,71207.23000000,71207.23000000,0.00000000,1773879599999999,0.00000000,0,0.00000000,0.00000000,0
1773879600000000,71125.16000000,71130.88000000,71125.16000000,71130.88000000,0.00672000,1773879899999999,477.96265820,3,0.00672000,477.96265820,0
1773879900000000,71130.88000000,71130.88000000,71130.88000000,71130.88000000,0.00000000,1773880199999999,0.00000000,0,0.00000000,0.00000000,0
1773880200000000,71130.88000000,71130.88000000,71130.88000000,71130.88000000,0.00000000,1773880499999999,0.00000000,0,0.00000000,0.00000000,0
1773880500000000,71130.88000000,71130.88000000,71130.88000000,71130.88000000,0.00000000,1773880799999999,0.00000000,0,0.00000000,0.00000000,0
1773880800000000,71130.88000000,71130.88000000,71130.88000000,71130.88000000,0.00000000,1773881099999999,0.00000000,0,0.00000000,0.00000000,0
1773881100000000,71103.42000000,71103.42000000,71103.42000000,71103.42000000,0.00068000,1773881399999999,48.35032560,1,0.00068000,48.35032560,0
1773881400000000,71103.42000000,71103.42000000,71103.42000000,71103.42000000,0.00000000,1773881699999999,0.00000000,0,0.00000000,0.00000000,0
1773881700000000,71103.42000000,71103.42000000,71103.42000000,71103.42000000,0.00000000,1773881999999999,0.00000000,0,0.00000000,0.00000000,0
1773882000000000,71103.42000000,71103.42000000,71103.42000000,71103.42000000,0.00000000,1773882299999999,0.00000000,0,0.00000000,0.00000000,0
1773882300000000,71103.42000000,71103.42000000,71103.42000000,71103.42000000,0.00000000,1773882599999999,0.00000000,0,0.00000000,0.00000000,0
1773882600000000,71103.42000000,71103.42000000,71103.42000000,71103.42000000,0.00000000,1773882899999999,0.00000000,0,0.00000000,0.00000000,0
1773882900000000,71068.93000000,71068.93000000,71068.93000000,71068.93000000,0.00682000,1773883199999999,484.69010260,1,0.00682000,484.69010260,0
1773883200000000,71068.93000000,71068.93000000,71068.93000000,71068.93000000,0.00000000,1773883499999999,0.00000000,0,0.00000000,0.00000000,0
1773883500000000,71068.93000000,71068.93000000,71068.93000000,71068.93000000,0.00000000,1773883799999999,0.00000000,0,0.00000000,0.00000000,0
1773883800000000,71068.93000000,71068.93000000,71068.93000000,71068.93000000,0.00000000,1773884099999999,0.00000000,0,0.00000000,0.00000000,0
1773884100000000,71068.93000000,71068.93000000,71068.93000000,71068.93000000,0.00000000,1773884399999999,0.00000000,0,0.00000000,0.00000000,0
1773884400000000,71039.80000000,71039.80000000,71038.94000000,71038.94000000,0.01641000,1773884699999999,1165.76251600,2,0.00000000,0.00000000,0
1773884700000000,71180.11000000,71181.46000000,71180.11000000,71181.46000000,0.00939000,1773884999999999,668.38331190,2,0.00939000,668.38331190,0
1773885000000000,71177.87000000,71177.87000000,71177.87000000,71177.87000000,0.00115000,1773885299999999,81.85455050,1,0.00115000,81.85455050,0
1773885300000000,71137.46000000,71138.40000000,71137.46000000,71138.40000000,0.00351000,1773885599999999,249.69263500,2,0.00351000,249.69263500,0
1773885600000000,70951.39000000,71019.36000000,70951.39000000,71019.36000000,0.00177000,1773885899999999,125.69814990,2,0.00168000,119.31252480,0
1773885900000000,71019.36000000,71131.68000000,71019.36000000,71131.68000000,0.00185000,1773886199999999,131.40154080,2,0.00000000,0.00000000,0
1773886200000000,71131.68000000,71131.68000000,71131.68000000,71131.68000000,0.00000000,1773886499999999,0.00000000,0,0.00000000,0.00000000,0
1773886500000000,71207.67000000,71207.67000000,71164.99000000,71164.99000000,0.00140000,1773886799999999,99.66086200,2,0.00000000,0.00000000,0
1773886800000000,71228.73000000,71230.54000000,71228.73000000,71230.54000000,0.00541000,1773887099999999,385.35418060,2,0.00541000,385.35418060,0
1773887100000000,71230.54000000,71230.54000000,71230.54000000,71230.54000000,0.00000000,1773887399999999,0.00000000,0,0.00000000,0.00000000,0
1773887400000000,71206.04000000,71206.04000000,71206.04000000,71206.04000000,0.00027000,1773887699999999,19.22563080,1,0.00027000,19.22563080,0
1773887700000000,71240.05000000,71240.05000000,71240.05000000,71240.05000000,0.00010000,1773887999999999,7.12400500,1,0.00010000,7.12400500,0
1773888000000000,71240.05000000,71240.05000000,71240.05000000,71240.05000000,0.00000000,1773888299999999,0.00000000,0,0.00000000,0.00000000,0
1773888300000000,71240.05000000,71240.05000000,71240.05000000,71240.05000000,0.00000000,1773888599999999,0.00000000,0,0.00000000,0.00000000,0
1773888600000000,71240.05000000,71240.05000000,71240.05000000,71240.05000000,0.00000000,1773888899999999,0.00000000,0,0.00000000,0.00000000,0
1773888900000000,71240.05000000,71240.05000000,71240.05000000,71240.05000000,0.00000000,1773889199999999,0.00000000,0,0.00000000,0.00000000,0
1773889200000000,71240.05000000,71240.05000000,71240.05000000,71240.05000000,0.00000000,1773889499999999,0.00000000,0,0.00000000,0.00000000,0
1773889500000000,71240.05000000,71240.05000000,71240.05000000,71240.05000000,0.00000000,1773889799999999,0.00000000,0,0.00000000,0.00000000,0
1773889800000000,71240.05000000,71240.05000000,71240.05000000,71240.05000000,0.00000000,1773890099999999,0.00000000,0,0.00000000,0.00000000,0
1773890100000000,71322.12000000,71444.49000000,71322.12000000,71444.49000000,0.00079000,1773890399999999,56.43013380,2,0.00079000,56.43013380,0
1773890400000000,71444.49000000,71444.49000000,71444.49000000,71444.49000000,0.00000000,1773890699999999,0.00000000,0,0.00000000,0.00000000,0
1773890700000000,71546.52000000,71546.52000000,71546.52000000,71546.52000000,0.00135000,1773890999999999,96.58780200,1,0.00135000,96.58780200,0
1773891000000000,71546.52000000,71546.52000000,71546.52000000,71546.52000000,0.00000000,1773891299999999,0.00000000,0,0.00000000,0.00000000,0
1773891300000000,71546.52000000,71546.52000000,71546.52000000,71546.52000000,0.00000000,1773891599999999,0.00000000,0,0.00000000,0.00000000,0
1773891600000000,71546.52000000,71546.52000000,71546.52000000,71546.52000000,0.00000000,1773891899999999,0.00000000,0,0.00000000,0.00000000,0
1773891900000000,71546.52000000,71546.52000000,71546.52000000,71546.52000000,0.00000000,1773892199999999,0.00000000,0,0.00000000,0.00000000,0
1773892200000000,71296.44000000,71296.44000000,71296.44000000,71296.44000000,0.00086000,1773892499999999,61.31493840,1,0.00086000,61.31493840,0
1773892500000000,71296.44000000,71296.44000000,71296.44000000,71296.44000000,0.00000000,1773892799999999,0.00000000,0,0.00000000,0.00000000,0
1773892800000000,71183.99000000,71183.99000000,71158.57000000,71158.57000000,0.00016000,1773893099999999,11.38740480,2,0.00000000,0.00000000,0
1773893100000000,71000.00000000,71000.00000000,70780.38000000,70780.38000000,0.00581000,1773893399999999,412.25924600,5,0.00000000,0.00000000,0
1773893400000000,70780.38000000,70780.38000000,70780.38000000,70780.38000000,0.00000000,1773893699999999,0.00000000,0,0.00000000,0.00000000,0
1773893700000000,70780.38000000,70780.38000000,70780.38000000,70780.38000000,0.00000000,1773893999999999,0.00000000,0,0.00000000,0.00000000,0
1773894000000000,70780.38000000,70780.38000000,70780.38000000,70780.38000000,0.00000000,1773894299999999,0.00000000,0,0.00000000,0.00000000,0
1773894300000000,70766.74000000,70766.74000000,70707.67000000,70707.67000000,0.00104000,1773894599999999,73.54658710,3,0.00095000,67.17758050,0
1773894600000000,70707.67000000,70707.67000000,70707.67000000,70707.67000000,0.00000000,1773894899999999,0.00000000,0,0.00000000,0.00000000,0
1773894900000000,70707.67000000,70707.67000000,70707.67000000,70707.67000000,0.00000000,1773895199999999,0.00000000,0,0.00000000,0.00000000,0
1773895200000000,70707.67000000,70707.67000000,70707.67000000,70707.67000000,0.00000000,1773895499999999,0.00000000,0,0.00000000,0.00000000,0
1773895500000000,70707.67000000,70707.67000000,70707.67000000,70707.67000000,0.00000000,1773895799999999,0.00000000,0,0.00000000,0.00000000,0
1773895800000000,70799.36000000,70799.36000000,70799.36000000,70799.36000000,0.00029000,1773896099999999,20.53181440,1,0.00029000,20.53181440,0
1773896100000000,70807.00000000,70842.88000000,70807.00000000,70842.88000000,0.00106000,1773896399999999,75.08089480,2,0.00106000,75.08089480,0
1773896400000000,70842.88000000,70842.88000000,70842.88000000,70842.88000000,0.00000000,1773896699999999,0.00000000,0,0.00000000,0.00000000,0
1773896700000000,70842.88000000,70842.88000000,70842.88000000,70842.88000000,0.00000000,1773896999999999,0.00000000,0,0.00000000,0.00000000,0
1773897000000000,70842.88000000,70842.88000000,70842.88000000,70842.88000000,0.00000000,1773897299999999,0.00000000,0,0.00000000,0.00000000,0
1773897300000000,70841.25000000,70901.40000000,70841.25000000,70901.40000000,0.01353000,1773897599999999,958.61444250,3,0.01353000,958.61444250,0
1773897600000000,70901.40000000,70901.40000000,70901.40000000,70901.40000000,0.00000000,1773897899999999,0.00000000,0,0.00000000,0.00000000,0
1773897900000000,70901.40000000,70901.40000000,70901.40000000,70901.40000000,0.00000000,1773898199999999,0.00000000,0,0.00000000,0.00000000,0
1773898200000000,70901.40000000,70901.40000000,70901.40000000,70901.40000000,0.00000000,1773898499999999,0.00000000,0,0.00000000,0.00000000,0
1773898500000000,70727.40000000,70771.88000000,70727.40000000,70771.88000000,0.00615000,1773898799999999,435.00509080,2,0.00615000,435.00509080,0
1773898800000000,70771.88000000,70771.88000000,70771.88000000,70771.88000000,0.00000000,1773899099999999,0.00000000,0,0.00000000,0.00000000,0
1773899100000000,70771.88000000,70771.88000000,70771.88000000,70771.88000000,0.00000000,1773899399999999,0.00000000,0,0.00000000,0.00000000,0
1773899400000000,70804.29000000,70804.29000000,70804.29000000,70804.29000000,0.00021000,1773899699999999,14.86890090,1,0.00021000,14.86890090,0
1773899700000000,70804.29000000,70804.29000000,70804.29000000,70804.29000000,0.00000000,1773899999999999,0.00000000,0,0.00000000,0.00000000,0
1773900000000000,70825.07000000,70835.18000000,70825.07000000,70835.18000000,0.00953000,1773900299999999,675.03203730,3,0.00953000,675.03203730,0
1773900300000000,70746.56000000,70919.32000000,70746.56000000,70919.32000000,0.00142000,1773900599999999,100.58277480,2,0.00142000,100.58277480,0
1773900600000000,70919.32000000,70919.32000000,70919.32000000,70919.32000000,0.00000000,1773900899999999,0.00000000,0,0.00000000,0.00000000,0
1773900900000000,70919.32000000,70919.32000000,70919.32000000,70919.32000000,0.00009000,1773901199999999,6.38273880,1,0.00000000,0.00000000,0
1773901200000000,70919.32000000,70919.32000000,70919.32000000,70919.32000000,0.00000000,1773901499999999,0.00000000,0,0.00000000,0.00000000,0
1773901500000000,70846.12000000,70846.12000000,70846.12000000,70846.12000000,0.00034000,1773901799999999,24.08768080,1,0.00034000,24.08768080,0
1773901800000000,70700.00000000,70700.00000000,70700.00000000,70700.00000000,0.01889000,1773902099999999,1335.52300000,4,0.00000000,0.00000000,0
1773902100000000,70644.74000000,70644.74000000,70610.55000000,70617.02000000,0.00817000,1773902399999999,576.94144930,3,0.00817000,576.94144930,0
1773902400000000,70716.04000000,70716.04000000,70716.04000000,70716.04000000,0.00018000,1773902699999999,12.72888720,1,0.00018000,12.72888720,0
1773902700000000,70716.04000000,70716.04000000,70716.04000000,70716.04000000,0.00000000,1773902999999999,0.00000000,0,0.00000000,0.00000000,0
1773903000000000,70642.96000000,70642.96000000,70642.96000000,70642.96000000,0.00068000,1773903299999999,48.03721280,1,0.00068000,48.03721280,0
1773903300000000,70582.58000000,70582.58000000,70582.58000000,70582.58000000,0.00009000,1773903599999999,6.35243220,1,0.00000000,0.00000000,0
1773903600000000,70550.03000000,70550.03000000,70362.45000000,70362.45000000,0.02942000,1773903899999999,2073.10550240,14,0.00000000,0.00000000,0
1773903900000000,70300.00000000,70300.00000000,70259.00000000,70259.00000000,0.00091000,1773904199999999,63.94389000,2,0.00000000,0.00000000,0
1773904200000000,70246.05000000,70246.05000000,70000.01000000,70000.01000000,0.05731000,1773904499999999,4019.90847940,24,0.00000000,0.00000000,0
1773904500000000,70000.00000000,70000.00000000,69848.56000000,69916.41000000,0.05264000,1773904799999999,3683.70477430,17,0.00829000,579.60703890,0
1773904800000000,69777.80000000,69807.10000000,69518.63000000,69518.63000000,0.01491000,1773905099999999,1037.98917760,11,0.00482000,335.22691630,0
1773905100000000,69696.73000000,69850.70000000,69694.81000000,69819.82000000,0.01850000,1773905399999999,1290.81282770,10,0.01842000,1285.22809970,0
1773905400000000,69819.82000000,69819.82000000,69819.82000000,69819.82000000,0.00000000,1773905699999999,0.00000000,0,0.00000000,0.00000000,0
1773905700000000,69991.00000000,69991.00000000,69991.00000000,69991.00000000,0.00069000,1773905999999999,48.29379000,1,0.00069000,48.29379000,0
1773906000000000,70162.52000000,70176.00000000,70162.52000000,70176.00000000,0.00341000,1773906299999999,239.26891490,3,0.00341000,239.26891490,0
1773906300000000,70176.00000000,70176.00000000,70176.00000000,70176.00000000,0.00000000,1773906599999999,0.00000000,0,0.00000000,0.00000000,0
1773906600000000,70102.02000000,70199.78000000,70102.02000000,70199.78000000,0.00037000,1773906899999999,25.95436660,2,0.00037000,25.95436660,0
1773906900000000,70259.19000000,70259.19000000,70241.55000000,70241.55000000,0.00090000,1773907199999999,63.22109940,2,0.00090000,63.22109940,0
1773907200000000,70214.39000000,70256.41000000,70214.39000000,70256.41000000,0.00110000,1773907499999999,77.25221680,2,0.00110000,77.25221680,0
1773907500000000,70174.82000000,70179.92000000,70174.82000000,70179.92000000,0.00813000,1773907799999999,570.53660160,3,0.00813000,570.53660160,0
1773907800000000,70197.95000000,70197.95000000,70197.95000000,70197.95000000,0.00142000,1773908099999999,99.68108900,1,0.00142000,99.68108900,0
1773908100000000,70220.56000000,70220.56000000,70220.56000000,70220.56000000,0.00008000,1773908399999999,5.61764480,1,0.00008000,5.61764480,0
1773908400000000,70188.74000000,70208.63000000,70188.74000000,70208.63000000,0.00055000,1773908699999999,38.61295640,2,0.00046000,32.29596980,0
1773908700000000,70208.63000000,70208.63000000,70208.63000000,70208.63000000,0.00000000,1773908999999999,0.00000000,0,0.00000000,0.00000000,0
1773909000000000,70208.63000000,70208.63000000,70208.63000000,70208.63000000,0.00000000,1773909299999999,0.00000000,0,0.00000000,0.00000000,0
1773909300000000,70077.44000000,70077.44000000,70000.00000000,70000.00000000,0.00499000,1773909599999999,349.63144320,2,0.00428000,299.93144320,0
1773909600000000,70000.00000000,70000.00000000,70000.00000000,70000.00000000,0.00000000,1773909899999999,0.00000000,0,0.00000000,0.00000000,0
1773909900000000,70107.89000000,70107.89000000,70107.89000000,70107.89000000,0.00028000,1773910199999999,19.63020920,1,0.00028000,19.63020920,0
1773910200000000,69992.75000000,69992.75000000,69992.75000000,69992.75000000,0.00137000,1773910499999999,95.89006750,1,0.00137000,95.89006750,0
1773910500000000,69992.75000000,69992.75000000,69992.75000000,69992.75000000,0.00000000,1773910799999999,0.00000000,0,0.00000000,0.00000000,0
1773910800000000,69992.75000000,69992.75000000,69992.75000000,69992.75000000,0.00000000,1773911099999999,0.00000000,0,0.00000000,0.00000000,0
1773911100000000,69992.75000000,69992.75000000,69992.75000000,69992.75000000,0.00000000,1773911399999999,0.00000000,0,0.00000000,0.00000000,0
1773911400000000,69992.75000000,69992.75000000,69992.75000000,69992.75000000,0.00000000,1773911699999999,0.00000000,0,0.00000000,0.00000000,0
1773911700000000,69992.75000000,69992.75000000,69992.75000000,69992.75000000,0.00000000,1773911999999999,0.00000000,0,0.00000000,0.00000000,0
1773912000000000,70414.84000000,70414.84000000,70265.35000000,70293.94000000,0.00225000,1773912299999999,158.29703630,4,0.00181000,127.38028230,0
1773912300000000,70197.12000000,70203.13000000,70197.12000000,70203.13000000,0.00712000,1773912599999999,499.84033570,2,0.00712000,499.84033570,0
1773912600000000,70333.37000000,70356.45000000,70333.37000000,70356.45000000,0.00073000,1773912899999999,51.34382170,2,0.00073000,51.34382170,0
1773912900000000,70356.45000000,70356.45000000,70356.45000000,70356.45000000,0.00000000,1773913199999999,0.00000000,0,0.00000000,0.00000000,0
1773913200000000,70414.84000000,70414.84000000,70414.84000000,70414.84000000,0.00714000,1773913499999999,502.76195760,3,0.00009000,6.33733560,0
1773913500000000,70481.91000000,70481.91000000,70481.91000000,70481.91000000,0.00071000,1773913799999999,50.04215610,1,0.00071000,50.04215610,0
1773913800000000,70481.91000000,70481.91000000,70481.91000000,70481.91000000,0.00068000,1773914099999999,47.92769880,1,0.00000000,0.00000000,0
1773914100000000,70481.91000000,70481.91000000,70481.91000000,70481.91000000,0.00000000,1773914399999999,0.00000000,0,0.00000000,0.00000000,0
1773914400000000,70481.91000000,70481.91000000,70481.91000000,70481.91000000,0.00000000,1773914699999999,0.00000000,0,0.00000000,0.00000000,0
1773914700000000,70447.83000000,70447.83000000,70447.83000000,70447.83000000,0.00248000,1773914999999999,174.71061840,1,0.00000000,0.00000000,0
1773915000000000,70447.83000000,70447.83000000,70447.83000000,70447.83000000,0.00000000,1773915299999999,0.00000000,0,0.00000000,0.00000000,0
1773915300000000,70441.50000000,70441.50000000,70441.50000000,70441.50000000,0.00041000,1773915599999999,28.88101500,1,0.00041000,28.88101500,0
1773915600000000,70422.40000000,70422.40000000,70422.40000000,70422.40000000,0.00021000,1773915899999999,14.78870400,1,0.00021000,14.78870400,0
1773915900000000,70422.40000000,70422.40000000,70422.40000000,70422.40000000,0.00000000,1773916199999999,0.00000000,0,0.00000000,0.00000000,0
1773916200000000,70370.66000000,70370.66000000,70370.66000000,70370.66000000,0.00095000,1773916499999999,66.85212700,1,0.00095000,66.85212700,0
1773916500000000,70370.66000000,70370.66000000,70370.66000000,70370.66000000,0.00000000,1773916799999999,0.00000000,0,0.00000000,0.00000000,0
1773916800000000,70370.66000000,70370.66000000,70370.66000000,70370.66000000,0.00000000,1773917099999999,0.00000000,0,0.00000000,0.00000000,0
1773917100000000,70370.66000000,70370.66000000,70370.66000000,70370.66000000,0.00000000,1773917399999999,0.00000000,0,0.00000000,0.00000000,0
1773917400000000,70170.50000000,70171.86000000,70170.50000000,70171.86000000,0.03900000,1773917699999999,2736.70081790,3,0.03900000,2736.70081790,0
1773917700000000,70171.00000000,70190.75000000,70150.08000000,70150.08000000,0.00055000,1773917999999999,38.59574150,4,0.00046000,32.28223430,0
1773918000000000,70150.08000000,70150.08000000,70150.08000000,70150.08000000,0.00000000,1773918299999999,0.00000000,0,0.00000000,0.00000000,0
1773918300000000,70150.08000000,70150.08000000,70150.08000000,70150.08000000,0.00000000,1773918599999999,0.00000000,0,0.00000000,0.00000000,0
1773918600000000,70150.08000000,70150.08000000,70150.08000000,70150.08000000,0.00000000,1773918899999999,0.00000000,0,0.00000000,0.00000000,0
1773918900000000,70150.08000000,70150.08000000,70150.08000000,70150.08000000,0.00000000,1773919199999999,0.00000000,0,0.00000000,0.00000000,0
1773919200000000,70150.08000000,70150.08000000,70150.08000000,70150.08000000,0.00000000,1773919499999999,0.00000000,0,0.00000000,0.00000000,0
1773919500000000,70211.42000000,70211.42000000,70211.42000000,70211.42000000,0.00048000,1773919799999999,33.70148160,1,0.00048000,33.70148160,0
1773919800000000,70211.42000000,70211.42000000,70211.42000000,70211.42000000,0.00000000,1773920099999999,0.00000000,0,0.00000000,0.00000000,0
1773920100000000,70211.42000000,70211.42000000,70211.42000000,70211.42000000,0.00000000,1773920399999999,0.00000000,0,0.00000000,0.00000000,0
1773920400000000,70211.42000000,70211.42000000,70211.42000000,70211.42000000,0.00000000,1773920699999999,0.00000000,0,0.00000000,0.00000000,0
1773920700000000,70028.31000000,70031.49000000,70028.31000000,70031.49000000,0.00428000,1773920999999999,299.73235940,3,0.00428000,299.73235940,0
1773921000000000,70000.00000000,70000.00000000,69992.76000000,69992.76000000,0.01666000,1773921299999999,1166.10001560,3,0.01381000,966.60001560,0
1773921300000000,69992.75000000,69992.75000000,69992.75000000,69992.75000000,0.00020000,1773921599999999,13.99855000,1,0.00000000,0.00000000,0
1773921600000000,69957.92000000,69965.84000000,69846.21000000,69846.21000000,0.12004000,1773921899999999,8390.86128890,34,0.01128000,788.99074970,0
1773921900000000,69668.91000000,69681.13000000,69668.91000000,69681.13000000,0.00495000,1773922199999999,344.91799260,3,0.00486000,338.64779070,0
1773922200000000,69711.86000000,69755.78000000,69400.00000000,69729.89000000,1.47535000,1773922499999999,102467.58792850,43,0.95280000,66135.97715740,0
1773922500000000,69616.07000000,69635.65000000,69616.07000000,69635.65000000,0.00166000,1773922799999999,115.59028400,2,0.00000000,0.00000000,0
1773922800000000,69677.30000000,69677.30000000,69677.30000000,69677.30000000,0.00654000,1773923099999999,455.68954200,2,0.00654000,455.68954200,0
1773923100000000,69677.30000000,69677.30000000,69677.30000000,69677.30000000,0.00000000,1773923399999999,0.00000000,0,0.00000000,0.00000000,0
1773923400000000,69575.12000000,69621.30000000,69575.12000000,69590.04000000,0.00321000,1773923699999999,223.34379400,5,0.00321000,223.34379400,0
1773923700000000,69590.04000000,69590.04000000,69590.04000000,69590.04000000,0.00000000,1773923999999999,0.00000000,0,0.00000000,0.00000000,0
1773924000000000,69677.13000000,69767.21000000,69677.13000000,69688.19000000,0.08322000,1773924299999999,5800.63188060,11,0.06977000,4862.26290610,0
1773924300000000,69633.33000000,69647.95000000,69542.88000000,69559.81000000,0.10079000,1773924599999999,7018.57686170,10,0.10067000,7010.22605690,0
1773924600000000,69479.48000000,69479.48000000,69132.36000000,69132.36000000,0.14895000,1773924899999999,10315.52762470,52,0.00000000,0.00000000,0
1773924900000000,69366.92000000,69367.12000000,69366.92000000,69367.12000000,0.01352000,1773925199999999,937.84112840,2,0.01352000,937.84112840,0
1773925200000000,69278.76000000,69278.76000000,69196.00000000,69196.00000000,0.00197000,1773925499999999,136.41957000,2,0.00197000,136.41957000,0
1773925500000000,69342.78000000,69360.49000000,69342.78000000,69360.49000000,0.00112000,1773925799999999,77.67861290,2,0.00112000,77.67861290,0
1773925800000000,69370.78000000,69371.07000000,69138.08000000,69138.08000000,0.13624000,1773926099999999,9446.14282040,8,0.10792000,7486.13992430,0
1773926100000000,69237.47000000,69334.94000000,69237.47000000,69334.94000000,0.00864000,1773926399999999,598.22844860,5,0.00558000,386.34508260,0
1773926400000000,69476.87000000,69487.61000000,69389.03000000,69389.03000000,0.03042000,1773926699999999,2112.44370400,6,0.00338000,234.83278720,0
1773926700000000,69328.56000000,69328.56000000,69328.56000000,69328.56000000,0.00021000,1773926999999999,14.55899760,1,0.00021000,14.55899760,0
1773927000000000,69306.77000000,69306.77000000,69282.84000000,69282.84000000,0.00148000,1773927299999999,102.54075690,2,0.00139000,96.30314760,0
1773927300000000,69382.37000000,69382.37000000,69258.05000000,69258.05000000,0.02442000,1773927599999999,1691.40267120,12,0.00036000,24.97765320,0
1773927600000000,69691.51000000,69770.71000000,69691.51000000,69739.49000000,0.00486000,1773927899999999,338.98849740,4,0.00073000,50.87480230,0
1773927900000000,69647.85000000,69850.70000000,69647.85000000,69850.70000000,0.01478000,1773928199999999,1031.97008980,8,0.01457000,1017.32803300,0
1773928200000000,69850.70000000,70050.25000000,69685.75000000,70050.25000000,0.70855000,1773928499999999,49490.86369060,75,0.11805000,8255.29778820,0
1773928500000000,70050.25000000,70050.25000000,70050.25000000,70050.25000000,0.00000000,1773928799999999,0.00000000,0,0.00000000,0.00000000,0
1773928800000000,69967.68000000,70087.13000000,69967.68000000,70087.13000000,0.00162000,1773929099999999,113.44016170,3,0.00162000,113.44016170,0
1773929100000000,69890.68000000,69890.68000000,69705.33000000,69705.33000000,0.00386000,1773929399999999,269.51276130,5,0.00091000,63.59334940,0
1773929400000000,69690.21000000,69690.21000000,69574.52000000,69574.52000000,0.01396000,1773929699999999,972.86491950,2,0.01387000,966.60321270,0
1773929700000000,69457.98000000,69457.98000000,69400.00000000,69400.00000000,0.02841000,1773929999999999,1972.82138260,4,0.00000000,0.00000000,0
1773930000000000,69400.00000000,69400.00000000,69400.00000000,69400.00000000,0.00000000,1773930299999999,0.00000000,0,0.00000000,0.00000000,0
1773930300000000,69306.84000000,69306.84000000,69306.84000000,69306.84000000,0.00250000,1773930599999999,173.26710000,1,0.00250000,173.26710000,0
1773930600000000,69162.63000000,69243.30000000,69162.45000000,69243.30000000,0.14352000,1773930899999999,9926.22977850,6,0.00737000,509.76085110,0
1773930900000000,69313.62000000,69338.05000000,69202.53000000,69202.53000000,0.00110000,1773931199999999,76.22389030,4,0.00110000,76.22389030,0
1773931200000000,69160.16000000,69160.16000000,69160.16000000,69160.16000000,0.00064000,1773931499999999,44.26250240,1,0.00064000,44.26250240,0
1773931500000000,69244.11000000,69244.11000000,69244.11000000,69244.11000000,0.00011000,1773931799999999,7.61685210,1,0.00011000,7.61685210,0
1773931800000000,69443.95000000,69443.95000000,69443.95000000,69443.95000000,0.00009000,1773932099999999,6.24995550,1,0.00009000,6.24995550,0
1773932100000000,69444.38000000,69497.62000000,69444.38000000,69497.62000000,0.07195000,1773932399999999,4999.22936960,6,0.07195000,4999.22936960,0
1773932400000000,69497.62000000,69497.62000000,69497.62000000,69497.62000000,0.00000000,1773932699999999,0.00000000,0,0.00000000,0.00000000,0
1773932700000000,69798.39000000,69836.39000000,69705.33000000,69705.33000000,0.00154000,1773932999999999,107.48456520,3,0.00009000,6.28527510,0
1773933000000000,69740.74000000,69740.74000000,69672.73000000,69672.73000000,0.00141000,1773933299999999,98.24467020,2,0.00132000,91.96800360,0
1773933300000000,69601.03000000,69601.03000000,69389.91000000,69389.91000000,0.00295000,1773933599999999,204.71712410,2,0.00295000,204.71712410,0
1773933600000000,69332.56000000,69332.56000000,69332.56000000,69332.56000000,0.00049000,1773933899999999,33.97295440,1,0.00049000,33.97295440,0
1773933900000000,69228.98000000,69228.98000000,69228.98000000,69228.98000000,0.00029000,1773934199999999,20.07640420,1,0.00029000,20.07640420,0
1773934200000000,69228.98000000,69228.98000000,69228.98000000,69228.98000000,0.00000000,1773934499999999,0.00000000,0,0.00000000,0.00000000,0
1773934500000000,69226.25000000,69332.57000000,69226.25000000,69332.57000000,0.10650000,1773934799999999,7381.87603950,11,0.10578000,7331.95658910,0
1773934800000000,69067.53000000,69067.53000000,68917.52000000,68919.96000000,0.07419000,1773935099999999,5118.27924590,39,0.01062000,732.34414900,0
1773935100000000,68917.48000000,69209.99000000,68825.94000000,69209.99000000,0.01912000,1773935399999999,1319.31986880,18,0.01912000,1319.31986880,0
1773935400000000,69213.41000000,69443.94000000,69213.41000000,69443.94000000,0.00567000,1773935699999999,393.04812990,16,0.00503000,348.67537470,0
1773935700000000,69366.58000000,69517.74000000,69366.58000000,69463.44000000,0.01796000,1773935999999999,1247.90826370,6,0.01487000,1033.26623410,0
1773936000000000,69393.84000000,69476.05000000,69393.84000000,69476.05000000,0.00107000,1773936299999999,74.31060000,2,0.00107000,74.31060000,0
1773936300000000,69354.07000000,69354.07000000,69354.07000000,69354.07000000,0.00211000,1773936599999999,146.33708770,1,0.00211000,146.33708770,0
1773936600000000,69232.54000000,69350.17000000,69232.54000000,69350.17000000,0.00172000,1773936899999999,119.16370840,3,0.00172000,119.16370840,0
1773936900000000,69309.58000000,69313.62000000,69309.58000000,69313.62000000,0.00081000,1773937199999999,56.14112340,2,0.00081000,56.14112340,0
1773937200000000,69443.95000000,69443.95000000,69443.95000000,69443.95000000,0.00009000,1773937499999999,6.24995550,1,0.00009000,6.24995550,0
1773937500000000,69506.53000000,69581.85000000,69506.53000000,69549.50000000,0.04407000,1773937799999999,3066.43589060,7,0.00070000,48.70728800,0
1773937800000000,69500.00000000,69500.00000000,69500.00000000,69500.00000000,0.00033000,1773938099999999,22.93500000,1,0.00000000,0.00000000,0
1773938100000000,69363.51000000,69364.58000000,69363.51000000,69364.58000000,0.00818000,1773938399999999,567.39922560,4,0.00818000,567.39922560,0
1773938400000000,69443.95000000,69619.59000000,69443.95000000,69611.76000000,0.03858000,1773938699999999,2685.89763900,5,0.03858000,2685.89763900,0
1773938700000000,69473.54000000,69473.54000000,69469.02000000,69473.54000000,0.00289000,1773938999999999,200.77226100,4,0.00244000,169.50916800,0
1773939000000000,69360.65000000,69360.65000000,69360.65000000,69360.65000000,0.00215000,1773939299999999,149.12539750,1,0.00000000,0.00000000,0
1773939300000000,69360.65000000,69360.65000000,69360.65000000,69360.65000000,0.00000000,1773939599999999,0.00000000,0,0.00000000,0.00000000,0
1773939600000000,69360.66000000,69360.66000000,69284.15000000,69284.15000000,0.20600000,1773939899999999,14284.63058690,43,0.00000000,0.00000000,0
1773939900000000,69284.15000000,69284.15000000,69284.15000000,69284.15000000,0.00000000,1773940199999999,0.00000000,0,0.00000000,0.00000000,0
1773940200000000,69203.92000000,69303.96000000,69190.20000000,69190.20000000,0.11897000,1773940499999999,8233.28830400,12,0.11897000,8233.28830400,0
1773940500000000,69224.91000000,69378.53000000,69224.91000000,69378.53000000,0.00265000,1773940799999999,183.63281330,3,0.00265000,183.63281330,0
1773940800000000,69378.53000000,69378.53000000,69378.53000000,69378.53000000,0.00000000,1773941099999999,0.00000000,0,0.00000000,0.00000000,0
1773941100000000,69378.53000000,69378.53000000,69378.53000000,69378.53000000,0.00000000,1773941399999999,0.00000000,0,0.00000000,0.00000000,0
1773941400000000,69737.07000000,69737.07000000,69737.07000000,69737.07000000,0.00055000,1773941699999999,38.35538850,1,0.00055000,38.35538850,0
1773941700000000,69737.07000000,69737.07000000,69737.07000000,69737.07000000,0.00000000,1773941999999999,0.00000000,0,0.00000000,0.00000000,0
1773942000000000,69737.07000000,69737.07000000,69737.07000000,69737.07000000,0.00000000,1773942299999999,0.00000000,0,0.00000000,0.00000000,0
1773942300000000,69590.18000000,69590.18000000,69590.18000000,69590.18000000,0.00207000,1773942599999999,144.05167260,1,0.00207000,144.05167260,0
1773942600000000,69765.75000000,69927.83000000,69765.75000000,69927.83000000,0.02253000,1773942899999999,1573.46052270,10,0.02253000,1573.46052270,0
1773942900000000,69927.83000000,69927.83000000,69927.83000000,69927.83000000,0.00000000,1773943199999999,0.00000000,0,0.00000000,0.00000000,0
1773943200000000,69761.18000000,69772.20000000,69757.29000000,69772.20000000,0.00845000,1773943499999999,589.55487110,3,0.00845000,589.55487110,0
1773943500000000,69763.85000000,69783.39000000,69763.85000000,69776.71000000,0.01541000,1773943799999999,1075.09429690,16,0.01541000,1075.09429690,0
1773943800000000,69776.71000000,69776.71000000,69776.71000000,69776.71000000,0.00000000,1773944099999999,0.00000000,0,0.00000000,0.00000000,0
1773944100000000,69800.68000000,69800.68000000,69800.68000000,69800.68000000,0.00137000,1773944399999999,95.62693160,1,0.00137000,95.62693160,0
1773944400000000,69801.40000000,69801.40000000,69801.40000000,69801.40000000,0.00072000,1773944699999999,50.25700800,1,0.00072000,50.25700800,0
1773944700000000,69762.82000000,69762.82000000,69701.94000000,69701.94000000,0.06805000,1773944999999999,4743.73240330,4,0.00610000,425.55320200,0
1773945000000000,69701.94000000,69701.94000000,69701.94000000,69701.94000000,0.00000000,1773945299999999,0.00000000,0,0.00000000,0.00000000,0
1773945300000000,69698.79000000,69698.79000000,69695.98000000,69695.98000000,0.00416000,1773945599999999,289.93918270,2,0.00416000,289.93918270,0
1773945600000000,69691.14000000,69691.14000000,69691.14000000,69691.14000000,0.00122000,1773945899999999,85.02319080,1,0.00122000,85.02319080,0
1773945900000000,69691.14000000,69691.14000000,69691.14000000,69691.14000000,0.00000000,1773946199999999,0.00000000,0,0.00000000,0.00000000,0
1773946200000000,69625.27000000,69700.98000000,69625.27000000,69700.98000000,3.43901000,1773946499999999,239702.21369280,359,3.43901000,239702.21369280,0
1773946500000000,69836.39000000,69861.04000000,69836.39000000,69856.33000000,0.00115000,1773946799999999,80.33647030,3,0.00115000,80.33647030,0
1773946800000000,69849.04000000,69967.70000000,69849.04000000,69933.87000000,0.00842000,1773947099999999,589.01918690,4,0.00842000,589.01918690,0
1773947100000000,70196.93000000,70196.93000000,70196.93000000,70196.93000000,0.00207000,1773947399999999,145.30764510,1,0.00207000,145.30764510,0
1773947400000000,70141.57000000,70497.08000000,70141.57000000,70363.10000000,0.01523000,1773947699999999,1068.79826890,8,0.01514000,1062.46558990,0
1773947700000000,70331.73000000,70552.57000000,70331.73000000,70552.57000000,0.00381000,1773947999999999,268.03272240,4,0.00381000,268.03272240,0
1773948000000000,70568.56000000,70568.56000000,70554.12000000,70554.12000000,0.00118000,1773948299999999,83.26411400,2,0.00118000,83.26411400,0
1773948300000000,70363.10000000,70363.10000000,70303.53000000,70305.25000000,0.00275000,1773948599999999,193.34187480,3,0.00266000,187.00919580,0
1773948600000000,70231.06000000,70267.26000000,70231.06000000,70267.26000000,0.00085000,1773948899999999,59.72210300,2,0.00071000,49.88975460,0
1773948900000000,70215.86000000,70233.19000000,70215.86000000,70233.19000000,0.00082000,1773949199999999,57.57891150,2,0.00082000,57.57891150,0
1773949200000000,70379.64000000,70386.49000000,70379.64000000,70386.49000000,0.00152000,1773949499999999,106.98260130,2,0.00152000,106.98260130,0
1773949500000000,70399.25000000,70399.25000000,70399.25000000,70399.25000000,0.00019000,1773949799999999,13.37585750,1,0.00019000,13.37585750,0
1773949800000000,70399.25000000,70399.25000000,70399.25000000,70399.25000000,0.00000000,1773950099999999,0.00000000,0,0.00000000,0.00000000,0
1773950100000000,70399.25000000,70399.25000000,70399.25000000,70399.25000000,0.00000000,1773950399999999,0.00000000,0,0.00000000,0.00000000,0
1773950400000000,70399.25000000,70399.25000000,70399.25000000,70399.25000000,0.00000000,1773950699999999,0.00000000,0,0.00000000,0.00000000,0
1773950700000000,70399.25000000,70399.25000000,70399.25000000,70399.25000000,0.00000000,1773950999999999,0.00000000,0,0.00000000,0.00000000,0
1773951000000000,70248.94000000,70248.94000000,70248.94000000,70248.94000000,0.00082000,1773951299999999,57.60413080,1,0.00082000,57.60413080,0
1773951300000000,70400.70000000,70456.27000000,70400.70000000,70456.27000000,0.00251000,1773951599999999,176.73720120,4,0.00251000,176.73720120,0
1773951600000000,70468.43000000,70468.43000000,70468.43000000,70468.43000000,0.00071000,1773951899999999,50.03258530,1,0.00071000,50.03258530,0
1773951900000000,70468.43000000,70468.43000000,70468.43000000,70468.43000000,0.00000000,1773952199999999,0.00000000,0,0.00000000,0.00000000,0
1773952200000000,70413.35000000,70413.35000000,70413.35000000,70413.35000000,0.00019000,1773952499999999,13.37853650,1,0.00019000,13.37853650,0
1773952500000000,70495.40000000,70523.66000000,70495.40000000,70523.66000000,0.00027000,1773952799999999,19.03884480,2,0.00009000,6.34458600,0
1773952800000000,70627.95000000,70627.95000000,70526.13000000,70526.13000000,0.00023000,1773953099999999,16.23017370,2,0.00009000,6.35651550,0
1773953100000000,70511.99000000,70511.99000000,70511.99000000,70511.99000000,0.00206000,1773953399999999,145.25469940,2,0.00000000,0.00000000,0
1773953400000000,70446.62000000,70446.62000000,70446.62000000,70446.62000000,0.00966000,1773953699999999,680.51434920,1,0.00000000,0.00000000,0
1773953700000000,70446.62000000,70446.62000000,70446.62000000,70446.62000000,0.00000000,1773953999999999,0.00000000,0,0.00000000,0.00000000,0
1773954000000000,70539.32000000,70582.00000000,70539.32000000,70582.00000000,0.00705000,1773954299999999,497.55472130,4,0.00705000,497.55472130,0
1773954300000000,70574.91000000,70649.02000000,70574.91000000,70649.02000000,0.00120000,1773954599999999,84.75467390,3,0.00120000,84.75467390,0
1773954600000000,70691.37000000,70691.37000000,70691.37000000,70691.37000000,0.00044000,1773954899999999,31.10420280,1,0.00000000,0.00000000,0
1773954900000000,70691.44000000,70691.85000000,70660.46000000,70667.69000000,0.04736000,1773955199999999,3346.91775340,7,0.04565000,3226.03468990,0
1773955200000000,70628.42000000,70645.38000000,70628.42000000,70645.38000000,0.00961000,1773955499999999,678.89006020,2,0.00961000,678.89006020,0
1773955500000000,70596.66000000,70624.59000000,70596.66000000,70624.59000000,0.01464000,1773955799999999,1033.86477070,4,0.01464000,1033.86477070,0
1773955800000000,70502.20000000,70502.20000000,70363.10000000,70430.52000000,0.23832000,1773956099999999,16799.96380220,28,0.00000000,0.00000000,0
1773956100000000,70498.60000000,70498.60000000,70498.23000000,70498.23000000,0.00713000,1773956399999999,502.65390430,2,0.00713000,502.65390430,0
1773956400000000,70498.23000000,70498.23000000,70498.23000000,70498.23000000,0.00000000,1773956699999999,0.00000000,0,0.00000000,0.00000000,0
1773956700000000,70498.23000000,70498.23000000,70498.23000000,70498.23000000,0.00000000,1773956999999999,0.00000000,0,0.00000000,0.00000000,0
1773957000000000,70498.23000000,70498.23000000,70498.23000000,70498.23000000,0.00000000,1773957299999999,0.00000000,0,0.00000000,0.00000000,0
1773957300000000,70498.23000000,70498.23000000,70498.23000000,70498.23000000,0.00000000,1773957599999999,0.00000000,0,0.00000000,0.00000000,0
1773957600000000,70463.62000000,70463.62000000,70394.00000000,70417.54000000,0.00426000,1773957899999999,299.96845820,3,0.00412000,290.10355140,0
1773957900000000,70381.31000000,70381.31000000,70381.31000000,70381.31000000,0.00072000,1773958199999999,50.67454320,1,0.00072000,50.67454320,0
1773958200000000,70381.31000000,70381.31000000,70381.31000000,70381.31000000,0.00000000,1773958499999999,0.00000000,0,0.00000000,0.00000000,0
1773958500000000,70460.00000000,70460.00000000,70395.11000000,70395.11000000,0.00291000,1773958799999999,204.93023370,2,0.00167000,117.55983370,0
1773958800000000,70396.89000000,70396.89000000,70396.89000000,70396.89000000,0.00043000,1773959099999999,30.27066270,1,0.00043000,30.27066270,0
1773959100000000,70407.49000000,70407.49000000,70403.01000000,70404.18000000,0.00526000,1773959399999999,370.32617710,4,0.00510000,359.06097870,0
1773959400000000,70250.00000000,70250.00000000,70226.63000000,70226.63000000,0.00050000,1773959699999999,35.12002360,3,0.00000000,0.00000000,0
1773959700000000,70116.14000000,70116.14000000,70032.06000000,70032.06000000,0.00028000,1773959999999999,19.62074800,2,0.00000000,0.00000000,0
1773960000000000,70032.06000000,70032.06000000,70032.06000000,70032.06000000,0.00000000,1773960299999999,0.00000000,0,0.00000000,0.00000000,0
1773960300000000,70040.00000000,70060.53000000,70040.00000000,70060.53000000,0.01141000,1773960599999999,799.37607100,2,0.01141000,799.37607100,0
1773960600000000,70060.53000000,70060.53000000,70060.53000000,70060.53000000,0.00000000,1773960899999999,0.00000000,0,0.00000000,0.00000000,0
1773960900000000,70180.50000000,70180.50000000,70180.50000000,70180.50000000,0.00482000,1773961199999999,338.27001000,1,0.00482000,338.27001000,0
1773961200000000,70231.05000000,70231.06000000,70231.05000000,70231.06000000,0.04371000,1773961499999999,3069.79919640,10,0.04371000,3069.79919640,0
1773961500000000,70231.06000000,70231.06000000,70231.06000000,70231.06000000,0.00000000,1773961799999999,0.00000000,0,0.00000000,0.00000000,0
1773961800000000,70231.06000000,70231.06000000,70231.06000000,70231.06000000,0.00000000,1773962099999999,0.00000000,0,0.00000000,0.00000000,0
1773962100000000,70099.25000000,70099.25000000,70099.25000000,70099.25000000,0.00009000,1773962399999999,6.30893250,1,0.00000000,0.00000000,0
1773962400000000,70099.25000000,70099.25000000,70099.25000000,70099.25000000,0.00000000,1773962699999999,0.00000000,0,0.00000000,0.00000000,0
1773962700000000,70099.25000000,70099.25000000,70099.25000000,70099.25000000,0.00000000,1773962999999999,0.00000000,0,0.00000000,0.00000000,0
1773963000000000,70099.25000000,70099.25000000,70099.25000000,70099.25000000,0.00819000,1773963299999999,574.11285750,2,0.00000000,0.00000000,0
1773963300000000,69890.11000000,69890.11000000,69783.58000000,69783.58000000,0.03366000,1773963599999999,2349.48686250,11,0.00000000,0.00000000,0
1773963600000000,69830.86000000,69830.86000000,69830.86000000,69830.86000000,0.00056000,1773963899999999,39.10528160,1,0.00056000,39.10528160,0
1773963900000000,69876.23000000,69876.23000000,69876.23000000,69876.23000000,0.00043000,1773964199999999,30.04677890,1,0.00043000,30.04677890,0
1773964200000000,69876.23000000,69876.23000000,69876.23000000,69876.23000000,0.00000000,1773964499999999,0.00000000,0,0.00000000,0.00000000,0
1773964500000000,69967.70000000,69988.56000000,69967.70000000,69988.56000000,0.00050000,1773964799999999,34.99240260,2,0.00050000,34.99240260,0
1773964800000000,69937.26000000,69937.26000000,69937.26000000,69937.26000000,0.00045000,1773965099999999,31.47176700,1,0.00045000,31.47176700,0
1773965100000000,69969.64000000,70044.73000000,69969.64000000,70044.73000000,0.00048000,1773965399999999,33.61546320,2,0.00040000,28.01789200,0
1773965400000000,70044.73000000,70044.73000000,70044.73000000,70044.73000000,0.00000000,1773965699999999,0.00000000,0,0.00000000,0.00000000,0
1773965700000000,70044.73000000,70044.73000000,70044.73000000,70044.73000000,0.00000000,1773965999999999,0.00000000,0,0.00000000,0.00000000,0
1773966000000000,70000.00000000,70000.01000000,69952.43000000,70000.01000000,0.00317000,1773966299999999,221.84292150,4,0.00055000,38.50000550,0
1773966300000000,70037.26000000,70037.26000000,70037.26000000,70037.26000000,0.00020000,1773966599999999,14.00745200,1,0.00020000,14.00745200,0
1773966600000000,70128.59000000,70128.59000000,70128.59000000,70128.59000000,0.00083000,1773966899999999,58.20672970,1,0.00083000,58.20672970,0
1773966900000000,70128.59000000,70128.59000000,70128.59000000,70128.59000000,0.00000000,1773967199999999,0.00000000,0,0.00000000,0.00000000,0
1773967200000000,70128.59000000,70128.59000000,70128.59000000,70128.59000000,0.00000000,1773967499999999,0.00000000,0,0.00000000,0.00000000,0
1773967500000000,70231.06000000,70231.06000000,70231.06000000,70231.06000000,0.00009000,1773967799999999,6.32079540,1,0.00009000,6.32079540,0
1773967800000000,70245.88000000,70245.88000000,70245.88000000,70245.88000000,0.00124000,1773968099999999,87.10489120,1,0.00124000,87.10489120,0
1773968100000000,70245.88000000,70245.88000000,70245.88000000,70245.88000000,0.00000000,1773968399999999,0.00000000,0,0.00000000,0.00000000,0
1773968400000000,70363.10000000,70363.10000000,70363.10000000,70363.10000000,0.00009000,1773968699999999,6.33267900,1,0.00009000,6.33267900,0
1773968700000000,70363.10000000,70363.10000000,70363.10000000,70363.10000000,0.00000000,1773968999999999,0.00000000,0,0.00000000,0.00000000,0
1773969000000000,70363.10000000,70363.10000000,70363.10000000,70363.10000000,0.00000000,1773969299999999,0.00000000,0,0.00000000,0.00000000,0
1773969300000000,70363.10000000,70363.10000000,70363.10000000,70363.10000000,0.00000000,1773969599999999,0.00000000,0,0.00000000,0.00000000,0
1773969600000000,70363.10000000,70363.10000000,70363.10000000,70363.10000000,0.00000000,1773969899999999,0.00000000,0,0.00000000,0.00000000,0
1773969900000000,70363.10000000,70363.10000000,70363.10000000,70363.10000000,0.00000000,1773970199999999,0.00000000,0,0.00000000,0.00000000,0
1773970200000000,70363.10000000,70363.10000000,70363.10000000,70363.10000000,0.00000000,1773970499999999,0.00000000,0,0.00000000,0.00000000,0
1773970500000000,70495.40000000,70495.40000000,70495.40000000,70495.40000000,0.00009000,1773970799999999,6.34458600,1,0.00009000,6.34458600,0
1773970800000000,70578.40000000,70578.40000000,70578.40000000,70578.40000000,0.00283000,1773971099999999,199.73687200,1,0.00283000,199.73687200,0
1773971100000000,70578.40000000,70578.40000000,70578.40000000,70578.40000000,0.00000000,1773971399999999,0.00000000,0,0.00000000,0.00000000,0
1773971400000000,70578.40000000,70578.40000000,70578.40000000,70578.40000000,0.00000000,1773971699999999,0.00000000,0,0.00000000,0.00000000,0
1773971700000000,70578.40000000,70578.40000000,70578.40000000,70578.40000000,0.00000000,1773971999999999,0.00000000,0,0.00000000,0.00000000,0
1773972000000000,70363.10000000,70363.10000000,70363.10000000,70363.10000000,0.00009000,1773972299999999,6.33267900,1,0.00000000,0.00000000,0
1773972300000000,70363.10000000,70363.10000000,70363.10000000,70363.10000000,0.00000000,1773972599999999,0.00000000,0,0.00000000,0.00000000,0
1773972600000000,70390.56000000,70390.56000000,70390.56000000,70390.56000000,0.00020000,1773972899999999,14.07811200,1,0.00020000,14.07811200,0
1773972900000000,70390.56000000,70390.56000000,70390.56000000,70390.56000000,0.00000000,1773973199999999,0.00000000,0,0.00000000,0.00000000,0
1773973200000000,70296.30000000,70296.30000000,70231.06000000,70231.06000000,0.00146000,1773973499999999,102.62672640,2,0.00137000,96.30593100,0
1773973500000000,70214.30000000,70214.30000000,70214.30000000,70214.30000000,0.00014000,1773973799999999,9.83000200,1,0.00000000,0.00000000,0
1773973800000000,70141.23000000,70141.23000000,70071.02000000,70071.02000000,0.02619000,1773974099999999,1835.58595580,11,0.00000000,0.00000000,0
1773974100000000,70133.88000000,70133.88000000,70133.88000000,70133.88000000,0.00137000,1773974399999999,96.08341560,1,0.00137000,96.08341560,0
1773974400000000,70133.88000000,70133.88000000,70133.88000000,70133.88000000,0.00000000,1773974699999999,0.00000000,0,0.00000000,0.00000000,0
1773974700000000,70133.88000000,70133.88000000,70133.88000000,70133.88000000,0.00000000,1773974999999999,0.00000000,0,0.00000000,0.00000000,0
1773975000000000,70133.88000000,70133.88000000,70133.88000000,70133.88000000,0.00000000,1773975299999999,0.00000000,0,0.00000000,0.00000000,0
1773975300000000,70133.88000000,70133.88000000,70133.88000000,70133.88000000,0.00000000,1773975599999999,0.00000000,0,0.00000000,0.00000000,0
1773975600000000,70133.88000000,70133.88000000,70133.88000000,70133.88000000,0.00000000,1773975899999999,0.00000000,0,0.00000000,0.00000000,0
1773975900000000,70133.88000000,70133.88000000,70133.88000000,70133.88000000,0.00000000,1773976199999999,0.00000000,0,0.00000000,0.00000000,0
1773976200000000,70133.88000000,70133.88000000,70133.88000000,70133.88000000,0.00000000,1773976499999999,0.00000000,0,0.00000000,0.00000000,0
1773976500000000,70133.88000000,70133.88000000,70133.88000000,70133.88000000,0.00000000,1773976799999999,0.00000000,0,0.00000000,0.00000000,0
1773976800000000,70133.88000000,70133.88000000,70133.88000000,70133.88000000,0.00000000,1773977099999999,0.00000000,0,0.00000000,0.00000000,0
1773977100000000,70534.06000000,70656.33000000,70534.06000000,70656.33000000,0.02882000,1773977399999999,2033.63516340,5,0.02047000,1444.67576240,0
1773977400000000,70741.19000000,70741.19000000,70741.19000000,70741.19000000,0.00015000,1773977699999999,10.61117850,1,0.00015000,10.61117850,0
1773977700000000,70623.65000000,70643.99000000,70623.65000000,70643.99000000,0.00707000,1773977999999999,499.34328850,3,0.00707000,499.34328850,0
1773978000000000,70658.63000000,70658.63000000,70658.63000000,70658.63000000,0.00008000,1773978299999999,5.65269040,1,0.00008000,5.65269040,0
1773978300000000,70658.63000000,70658.63000000,70658.63000000,70658.63000000,0.00000000,1773978599999999,0.00000000,0,0.00000000,0.00000000,0
1773978600000000,70698.38000000,70728.48000000,70698.38000000,70704.83000000,0.00268000,1773978899999999,189.50614440,3,0.00200000,141.42686000,0
1773978900000000,70704.83000000,70704.83000000,70704.83000000,70704.83000000,0.00000000,1773979199999999,0.00000000,0,0.00000000,0.00000000,0
1773979200000000,70704.83000000,70704.83000000,70704.83000000,70704.83000000,0.00000000,1773979499999999,0.00000000,0,0.00000000,0.00000000,0
1773979500000000,70792.34000000,70893.79000000,70792.34000000,70893.79000000,0.00786000,1773979799999999,556.59696700,5,0.00786000,556.59696700,0
1773979800000000,70893.79000000,70893.79000000,70893.79000000,70893.79000000,0.00000000,1773980099999999,0.00000000,0,0.00000000,0.00000000,0
1773980100000000,70893.79000000,70893.79000000,70893.79000000,70893.79000000,0.00000000,1773980399999999,0.00000000,0,0.00000000,0.00000000,0
1773980400000000,70893.79000000,70893.79000000,70893.79000000,70893.79000000,0.00000000,1773980699999999,0.00000000,0,0.00000000,0.00000000,0
1773980700000000,70893.79000000,70893.79000000,70893.79000000,70893.79000000,0.00000000,1773980999999999,0.00000000,0,0.00000000,0.00000000,0
1773981000000000,70781.74000000,70781.74000000,70752.80000000,70752.80000000,0.01391000,1773981299999999,984.49312850,6,0.00000000,0.00000000,0
1773981300000000,70637.07000000,70637.07000000,70637.07000000,70637.07000000,0.00040000,1773981599999999,28.25482800,1,0.00000000,0.00000000,0
1773981600000000,70637.07000000,70637.07000000,70637.07000000,70637.07000000,0.00000000,1773981899999999,0.00000000,0,0.00000000,0.00000000,0
1773981900000000,70637.07000000,70637.07000000,70637.07000000,70637.07000000,0.00000000,1773982199999999,0.00000000,0,0.00000000,0.00000000,0
1773982200000000,70729.90000000,70729.90000000,70709.04000000,70709.04000000,0.00022000,1773982499999999,15.55890920,2,0.00000000,0.00000000,0
1773982500000000,70709.04000000,70709.04000000,70709.04000000,70709.04000000,0.00000000,1773982799999999,0.00000000,0,0.00000000,0.00000000,0
1773982800000000,70709.04000000,70709.04000000,70709.04000000,70709.04000000,0.00000000,1773983099999999,0.00000000,0,0.00000000,0.00000000,0
1773983100000000,70758.49000000,70759.55000000,70758.49000000,70759.55000000,0.01366000,1773983399999999,966.57286660,2,0.01366000,966.57286660,0
1773983400000000,70759.55000000,70759.55000000,70759.55000000,70759.55000000,0.00000000,1773983699999999,0.00000000,0,0.00000000,0.00000000,0
1773983700000000,70759.55000000,70759.55000000,70759.55000000,70759.55000000,0.00000000,1773983999999999,0.00000000,0,0.00000000,0.00000000,0
1773984000000000,70759.56000000,70759.56000000,70759.55000000,70759.55000000,0.02908000,1773984299999999,2057.68798320,10,0.00000000,0.00000000,0
1773984300000000,70738.32000000,70738.32000000,70636.25000000,70636.25000000,0.00154000,1773984599999999,108.80429720,3,0.00000000,0.00000000,0
1773984600000000,70636.24000000,70636.24000000,70636.24000000,70636.24000000,0.00009000,1773984899999999,6.35726160,1,0.00000000,0.00000000,0
1773984900000000,70684.69000000,70684.69000000,70684.69000000,70684.69000000,0.00009000,1773985199999999,6.36162210,1,0.00009000,6.36162210,0
1773985200000000,70684.69000000,70684.69000000,70684.69000000,70684.69000000,0.00000000,1773985499999999,0.00000000,0,0.00000000,0.00000000,0
1773985500000000,70683.12000000,70684.69000000,70683.12000000,70684.69000000,0.02829000,1773985799999999,1999.66545060,28,0.00335000,236.78928200,0
1773985800000000,70684.69000000,70684.69000000,70684.69000000,70684.69000000,0.00000000,1773986099999999,0.00000000,0,0.00000000,0.00000000,0
1773986100000000,70537.46000000,70537.46000000,70537.46000000,70537.46000000,0.00014000,1773986399999999,9.87524440,1,0.00000000,0.00000000,0
1773986400000000,70537.46000000,70537.46000000,70537.46000000,70537.46000000,0.00000000,1773986699999999,0.00000000,0,0.00000000,0.00000000,0
1773986700000000,70537.46000000,70537.46000000,70537.46000000,70537.46000000,0.00000000,1773986999999999,0.00000000,0,0.00000000,0.00000000,0
1773987000000000,70534.23000000,70534.52000000,70534.23000000,70534.52000000,0.00028000,1773987299999999,19.74962500,2,0.00014000,9.87483280,0
1773987300000000,70500.00000000,70500.00000000,70500.00000000,70500.00000000,0.00283000,1773987599999999,199.51500000,3,0.00000000,0.00000000,0
1773987600000000,70460.76000000,70460.76000000,70460.76000000,70460.76000000,0.00014000,1773987899999999,9.86450640,1,0.00000000,0.00000000,0
1773987900000000,70500.43000000,70505.42000000,70371.50000000,70431.77000000,0.01558000,1773988199999999,1096.99996960,12,0.00171000,120.55412270,0
1773988200000000,70479.69000000,70479.69000000,70479.69000000,70479.69000000,0.00011000,1773988499999999,7.75276590,1,0.00000000,0.00000000,0
1773988500000000,70462.88000000,70462.88000000,70444.32000000,70444.32000000,0.00092000,1773988799999999,64.81768320,2,0.00092000,64.81768320,0
1773988800000000,70444.32000000,70444.32000000,70444.32000000,70444.32000000,0.00000000,1773989099999999,0.00000000,0,0.00000000,0.00000000,0
1773989100000000,70444.32000000,70444.32000000,70444.32000000,70444.32000000,0.00000000,1773989399999999,0.00000000,0,0.00000000,0.00000000,0
1773989400000000,70499.98000000,70499.98000000,70499.98000000,70499.98000000,0.00014000,1773989699999999,9.86999720,1,0.00000000,0.00000000,0
1773989700000000,70497.74000000,70497.74000000,70497.74000000,70497.74000000,0.00014000,1773989999999999,9.86968360,1,0.00000000,0.00000000,0
1773990000000000,70479.12000000,70479.12000000,70229.41000000,70229.41000000,0.00055000,1773990299999999,38.71288390,3,0.00032000,22.55331840,0
1773990300000000,70330.89000000,70330.89000000,70330.89000000,70330.89000000,0.00009000,1773990599999999,6.32978010,1,0.00009000,6.32978010,0
1773990600000000,70330.89000000,70330.89000000,70330.89000000,70330.89000000,0.00000000,1773990899999999,0.00000000,0,0.00000000,0.00000000,0
1773990900000000,70271.93000000,70331.72000000,70271.93000000,70331.72000000,0.00938000,1773991199999999,659.35637680,5,0.00938000,659.35637680,0
1773991200000000,70386.24000000,70432.53000000,70386.24000000,70432.53000000,0.00151000,1773991499999999,106.28738850,2,0.00151000,106.28738850,0
1773991500000000,70460.55000000,70460.55000000,70458.37000000,70458.37000000,0.00581000,1773991799999999,409.36343490,2,0.00567000,399.49895790,0
1773991800000000,70431.80000000,70534.31000000,70431.80000000,70534.31000000,0.00023000,1773992099999999,16.20853990,2,0.00009000,6.34808790,0
1773992100000000,70534.31000000,70534.31000000,70534.31000000,70534.31000000,0.00000000,1773992399999999,0.00000000,0,0.00000000,0.00000000,0
1773992400000000,70534.31000000,70534.31000000,70534.31000000,70534.31000000,0.00000000,1773992699999999,0.00000000,0,0.00000000,0.00000000,0
1773992700000000,70840.54000000,70840.54000000,70840.54000000,70840.54000000,0.00009000,1773992999999999,6.37564860,1,0.00009000,6.37564860,0
1773993000000000,70846.16000000,70846.16000000,70845.13000000,70845.13000000,0.05528000,1773993299999999,3916.33608790,3,0.00000000,0.00000000,0
1773993300000000,70845.13000000,70845.13000000,70845.13000000,70845.13000000,0.00000000,1773993599999999,0.00000000,0,0.00000000,0.00000000,0
1773993600000000,70845.13000000,70845.13000000,70845.13000000,70845.13000000,0.00000000,1773993899999999,0.00000000,0,0.00000000,0.00000000,0
1773993900000000,70837.99000000,71045.43000000,70837.99000000,71045.43000000,0.13066000,1773994199999999,9282.67219450,14,0.13066000,9282.67219450,0
1773994200000000,71250.92000000,71250.92000000,71250.92000000,71250.92000000,0.00010000,1773994499999999,7.12509200,1,0.00010000,7.12509200,0
1773994500000000,71250.92000000,71250.92000000,71250.92000000,71250.92000000,0.00000000,1773994799999999,0.00000000,0,0.00000000,0.00000000,0
1773994800000000,71244.89000000,71244.89000000,71244.89000000,71244.89000000,0.00421000,1773995099999999,299.94098690,1,0.00421000,299.94098690,0
1773995100000000,71244.89000000,71244.89000000,71244.89000000,71244.89000000,0.00000000,1773995399999999,0.00000000,0,0.00000000,0.00000000,0
1773995400000000,71181.81000000,71181.81000000,71181.81000000,71181.81000000,0.00068000,1773995699999999,48.40363080,1,0.00068000,48.40363080,0
1773995700000000,71165.83000000,71165.83000000,71165.83000000,71165.83000000,0.00042000,1773995999999999,29.88964860,1,0.00042000,29.88964860,0
1773996000000000,71165.83000000,71165.83000000,71165.83000000,71165.83000000,0.00000000,1773996299999999,0.00000000,0,0.00000000,0.00000000,0
1773996300000000,71165.83000000,71165.83000000,71165.83000000,71165.83000000,0.00000000,1773996599999999,0.00000000,0,0.00000000,0.00000000,0
1773996600000000,71102.53000000,71102.53000000,71102.53000000,71102.53000000,0.00068000,1773996899999999,48.34972040,1,0.00068000,48.34972040,0
1773996900000000,71102.53000000,71102.53000000,71102.53000000,71102.53000000,0.00000000,1773997199999999,0.00000000,0,0.00000000,0.00000000,0
1773997200000000,70948.25000000,70957.27000000,70920.52000000,70922.84000000,0.00076000,1773997499999999,53.91727740,8,0.00032000,22.70609680,0
1773997500000000,70925.37000000,70925.37000000,70911.41000000,70911.41000000,0.00470000,1773997799999999,333.28753580,2,0.00470000,333.28753580,0
1773997800000000,70928.82000000,70942.02000000,70897.01000000,70897.01000000,0.00051000,1773998099999999,36.17165110,3,0.00040000,28.37298000,0
1773998100000000,70760.74000000,70760.74000000,70760.74000000,70760.74000000,0.00009000,1773998399999999,6.36846660,1,0.00000000,0.00000000,0
1773998400000000,70633.60000000,70633.60000000,70633.60000000,70633.60000000,0.00014000,1773998699999999,9.88870400,1,0.00014000,9.88870400,0
1773998700000000,70633.60000000,70633.60000000,70633.60000000,70633.60000000,0.00000000,1773998999999999,0.00000000,0,0.00000000,0.00000000,0
1773999000000000,70633.60000000,70633.60000000,70633.60000000,70633.60000000,0.00000000,1773999299999999,0.00000000,0,0.00000000,0.00000000,0
1773999300000000,70627.95000000,70668.40000000,70627.95000000,70656.61000000,0.00062000,1773999599999999,43.80616940,3,0.00009000,6.35651550,0
1773999600000000,70656.61000000,70656.61000000,70656.61000000,70656.61000000,0.00000000,1773999899999999,0.00000000,0,0.00000000,0.00000000,0
1773999900000000,70557.15000000,70557.15000000,70557.15000000,70557.15000000,0.00143000,1774000199999999,100.89672450,1,0.00143000,100.89672450,0
1774000200000000,70557.15000000,70557.15000000,70557.15000000,70557.15000000,0.00000000,1774000499999999,0.00000000,0,0.00000000,0.00000000,0
1774000500000000,70557.15000000,70557.15000000,70557.15000000,70557.15000000,0.00000000,1774000799999999,0.00000000,0,0.00000000,0.00000000,0
1774000800000000,70493.97000000,70493.97000000,70424.66000000,70424.66000000,0.16795000,1774001099999999,11835.89481540,19,0.00000000,0.00000000,0
1774001100000000,70424.66000000,70424.66000000,70424.66000000,70424.66000000,0.00000000,1774001399999999,0.00000000,0,0.00000000,0.00000000,0
1774001400000000,70363.10000000,70363.10000000,70363.10000000,70363.10000000,0.00009000,1774001699999999,6.33267900,1,0.00000000,0.00000000,0
1774001700000000,70363.10000000,70363.10000000,70363.10000000,70363.10000000,0.00000000,1774001999999999,0.00000000,0,0.00000000,0.00000000,0
1774002000000000,70363.10000000,70363.10000000,70363.10000000,70363.10000000,0.00000000,1774002299999999,0.00000000,0,0.00000000,0.00000000,0
1774002300000000,70341.05000000,70341.05000000,70331.25000000,70331.25000000,0.00169000,1774002599999999,118.86245850,2,0.00169000,118.86245850,0
1774002600000000,70331.25000000,70331.25000000,70331.25000000,70331.25000000,0.00000000,1774002899999999,0.00000000,0,0.00000000,0.00000000,0
1774002900000000,70464.20000000,70495.40000000,70464.20000000,70495.40000000,0.00044000,1774003199999999,31.00705600,2,0.00044000,31.00705600,0
1774003200000000,70627.95000000,70627.95000000,70543.32000000,70543.32000000,0.00150000,1774003499999999,105.82596370,3,0.00009000,6.35651550,0
1774003500000000,70567.15000000,70583.69000000,70563.89000000,70583.69000000,0.02495000,1774003799999999,1760.76060020,4,0.02495000,1760.76060020,0
1774003800000000,70615.35000000,70615.35000000,70615.35000000,70615.35000000,0.00141000,1774004099999999,99.56764350,1,0.00141000,99.56764350,0
1774004100000000,70615.35000000,70615.35000000,70615.35000000,70615.35000000,0.00000000,1774004399999999,0.00000000,0,0.00000000,0.00000000,0
1774004400000000,70615.35000000,70615.35000000,70593.24000000,70593.24000000,0.02106000,1774004699999999,1487.12676930,6,0.00147000,103.77206280,0
1774004700000000,70679.84000000,70679.84000000,70677.76000000,70677.76000000,0.00049000,1774004999999999,34.63251840,2,0.00049000,34.63251840,0
1774005000000000,70727.16000000,70727.16000000,70727.16000000,70727.16000000,0.00273000,1774005299999999,193.08514680,1,0.00273000,193.08514680,0
1774005300000000,70677.76000000,70677.76000000,70628.90000000,70628.90000000,0.00164000,1774005599999999,115.86315500,2,0.00000000,0.00000000,0
1774005600000000,70628.90000000,70628.90000000,70628.90000000,70628.90000000,0.00000000,1774005899999999,0.00000000,0,0.00000000,0.00000000,0
1774005900000000,70709.68000000,70709.68000000,70709.68000000,70709.68000000,0.00069000,1774006199999999,48.78967920,1,0.00069000,48.78967920,0
1774006200000000,70709.68000000,70709.68000000,70709.68000000,70709.68000000,0.00000000,1774006499999999,0.00000000,0,0.00000000,0.00000000,0
1774006500000000,70476.86000000,70476.86000000,70363.10000000,70363.10000000,0.00023000,1774006799999999,16.19943940,2,0.00000000,0.00000000,0
1774006800000000,70402.82000000,70402.82000000,70374.19000000,70374.19000000,0.00140000,1774007099999999,98.53551470,4,0.00126000,88.68165950,0
1774007100000000,70366.34000000,70375.39000000,70337.09000000,70337.09000000,0.00579000,1774007399999999,407.39778260,6,0.00303000,213.21670840,0
1774007400000000,70337.09000000,70337.09000000,70337.09000000,70337.09000000,0.00000000,1774007699999999,0.00000000,0,0.00000000,0.00000000,0
1774007700000000,70415.05000000,70415.05000000,70415.05000000,70415.05000000,0.00170000,1774007999999999,119.70558500,1,0.00000000,0.00000000,0
1774008000000000,70495.40000000,70495.40000000,70495.40000000,70495.40000000,0.00009000,1774008299999999,6.34458600,1,0.00009000,6.34458600,0
1774008300000000,70602.86000000,70627.95000000,70602.86000000,70611.35000000,0.01088000,1774008599999999,768.16451620,4,0.01088000,768.16451620,0
1774008600000000,70652.87000000,70652.87000000,70621.63000000,70621.63000000,0.00091000,1774008899999999,64.28005370,2,0.00046000,32.50032020,0
1774008900000000,70577.96000000,70580.99000000,70544.58000000,70580.99000000,0.00584000,1774009199999999,412.13091730,4,0.00539000,380.38585630,0
1774009200000000,70612.47000000,70612.47000000,70612.47000000,70612.47000000,0.00028000,1774009499999999,19.77149160,1,0.00028000,19.77149160,0
1774009500000000,70464.80000000,70464.80000000,70464.80000000,70464.80000000,0.00071000,1774009799999999,50.03000800,1,0.00071000,50.03000800,0
1774009800000000,70422.76000000,70422.76000000,70377.31000000,70377.31000000,0.00036000,1774010099999999,25.34219460,2,0.00022000,15.48300820,0
1774010100000000,70377.31000000,70377.31000000,70377.31000000,70377.31000000,0.00000000,1774010399999999,0.00000000,0,0.00000000,0.00000000,0
1774010400000000,70363.10000000,70363.10000000,70332.87000000,70332.87000000,0.00147000,1774010699999999,103.39203960,2,0.00138000,97.05936060,0
1774010700000000,70332.87000000,70332.87000000,70332.87000000,70332.87000000,0.00000000,1774010999999999,0.00000000,0,0.00000000,0.00000000,0
1774011000000000,70332.87000000,70332.87000000,70332.87000000,70332.87000000,0.00000000,1774011299999999,0.00000000,0,0.00000000,0.00000000,0
1774011300000000,70332.55000000,70332.55000000,70332.55000000,70332.55000000,0.00151000,1774011599999999,106.20215050,1,0.00151000,106.20215050,0
1774011600000000,70360.25000000,70360.47000000,70320.75000000,70320.75000000,0.00457000,1774011899999999,321.53568150,4,0.00426000,299.73512480,0
1774011900000000,70416.35000000,70416.35000000,70416.35000000,70416.35000000,0.00073000,1774012199999999,51.40393550,1,0.00073000,51.40393550,0
1774012200000000,70416.35000000,70416.35000000,70416.35000000,70416.35000000,0.00000000,1774012499999999,0.00000000,0,0.00000000,0.00000000,0
1774012500000000,70316.18000000,70316.18000000,70316.18000000,70316.18000000,0.01678000,1774012799999999,1179.90550040,4,0.01678000,1179.90550040,0
1774012800000000,70495.40000000,70521.80000000,70495.40000000,70521.80000000,0.00010000,1774013099999999,7.04980400,2,0.00010000,7.04980400,0
1774013100000000,70601.93000000,70601.93000000,70432.81000000,70488.82000000,0.01725000,1774013399999999,1215.62100600,6,0.01725000,1215.62100600,0
1774013400000000,70442.04000000,70442.04000000,69967.70000000,70064.89000000,0.37508000,1774013699999999,26295.70530400,49,0.02064000,1446.20514050,0
1774013700000000,69942.37000000,70099.25000000,69881.73000000,70099.25000000,0.24703000,1774013999999999,17315.88973720,14,0.24410000,17111.08455750,0
1774014000000000,70231.06000000,70263.21000000,70220.10000000,70223.42000000,0.20503000,1774014299999999,14403.77412010,36,0.00009000,6.32079540,0
1774014300000000,70358.40000000,70358.40000000,70224.63000000,70224.63000000,0.00622000,1774014599999999,437.21531070,3,0.00622000,437.21531070,0
1774014600000000,70224.63000000,70224.63000000,70224.63000000,70224.63000000,0.00000000,1774014899999999,0.00000000,0,0.00000000,0.00000000,0
1774014900000000,69850.37000000,69850.37000000,69850.37000000,69850.37000000,0.00028000,1774015199999999,19.55810360,1,0.00028000,19.55810360,0
1774015200000000,69736.99000000,69979.79000000,69707.85000000,69960.75000000,0.00575000,1774015499999999,401.45158490,14,0.00561000,391.68840630,0
1774015500000000,69944.04000000,70019.37000000,69775.92000000,69881.60000000,0.00552000,1774015799999999,386.13942050,14,0.00552000,386.13942050,0
1774015800000000,69967.70000000,69967.70000000,69806.08000000,69806.08000000,0.00576000,1774016099999999,402.27810080,4,0.00576000,402.27810080,0
1774016100000000,69722.89000000,69722.89000000,69705.33000000,69705.33000000,0.00032000,1774016399999999,22.30956880,2,0.00000000,0.00000000,0
1774016400000000,69705.33000000,69705.33000000,69705.33000000,69705.33000000,0.00000000,1774016699999999,0.00000000,0,0.00000000,0.00000000,0
1774016700000000,69743.27000000,69975.13000000,69743.27000000,69927.06000000,0.00794000,1774016999999999,553.84369710,5,0.00780000,544.05390870,0
1774017000000000,70012.81000000,70157.82000000,70012.81000000,70147.34000000,0.00968000,1774017299999999,677.98161080,4,0.00968000,677.98161080,0
1774017300000000,70147.34000000,70147.34000000,70147.34000000,70147.34000000,0.00000000,1774017599999999,0.00000000,0,0.00000000,0.00000000,0
1774017600000000,70147.34000000,70147.34000000,70147.34000000,70147.34000000,0.00000000,1774017899999999,0.00000000,0,0.00000000,0.00000000,0
1774017900000000,69971.88000000,69971.88000000,69971.88000000,69971.88000000,0.00163000,1774018199999999,114.05416440,1,0.00163000,114.05416440,0
1774018200000000,69866.05000000,69866.05000000,69705.33000000,69705.33000000,0.00330000,1774018499999999,230.41798720,4,0.00321000,224.14450750,0
1774018500000000,69738.03000000,69738.03000000,69738.03000000,69738.03000000,0.00014000,1774018799999999,9.76332420,1,0.00000000,0.00000000,0
1774018800000000,69775.92000000,69775.92000000,69585.12000000,69585.12000000,0.01762000,1774019099999999,1229.32324530,4,0.00000000,0.00000000,0
1774019100000000,69611.11000000,69612.39000000,69500.00000000,69500.00000000,0.00399000,1774019399999999,277.50629540,5,0.00174000,121.12384340,0
1774019400000000,69587.62000000,69708.61000000,69587.62000000,69690.89000000,0.00044000,1774019699999999,30.65268030,4,0.00022000,15.32258530,0
1774019700000000,69690.80000000,69690.80000000,69610.23000000,69616.35000000,0.00699000,1774019999999999,486.78361510,5,0.00037000,25.75707030,0
1774020000000000,69674.21000000,69967.70000000,69613.81000000,69967.70000000,0.00320000,1774020299999999,222.92796370,7,0.00194000,135.19486650,0
1774020300000000,69765.14000000,69767.12000000,69694.01000000,69694.01000000,0.00628000,1774020599999999,437.92681820,4,0.00346000,241.38869120,0
1774020600000000,69872.61000000,69872.61000000,69872.61000000,69872.61000000,0.00042000,1774020899999999,29.34649620,1,0.00042000,29.34649620,0
1774020900000000,69967.70000000,69994.77000000,69967.70000000,69994.77000000,0.00172000,1774021199999999,120.38856810,2,0.00172000,120.38856810,0
1774021200000000,69994.77000000,69994.77000000,69994.77000000,69994.77000000,0.00000000,1774021499999999,0.00000000,0,0.00000000,0.00000000,0
1774021500000000,69957.29000000,69957.29000000,69929.20000000,69929.20000000,0.00338000,1774021799999999,236.36828030,2,0.00338000,236.36828030,0
1774021800000000,69908.20000000,69908.20000000,69846.67000000,69846.67000000,0.22001000,1774022099999999,15376.89889860,25,0.00000000,0.00000000,0
1774022100000000,69846.67000000,69869.70000000,69753.88000000,69869.70000000,0.00576000,1774022399999999,402.27010770,6,0.00511000,356.88562380,0
1774022400000000,69913.14000000,69967.70000000,69913.14000000,69967.70000000,0.00023000,1774022699999999,16.08493260,2,0.00009000,6.29709300,0
1774022700000000,69980.94000000,69980.94000000,69980.94000000,69980.94000000,0.00157000,1774022999999999,109.87007580,1,0.00157000,109.87007580,0
1774023000000000,69980.94000000,69980.94000000,69980.94000000,69980.94000000,0.00000000,1774023299999999,0.00000000,0,0.00000000,0.00000000,0
1774023300000000,69980.94000000,69980.94000000,69980.94000000,69980.94000000,0.00000000,1774023599999999,0.00000000,0,0.00000000,0.00000000,0
1774023600000000,70000.00000000,70000.00000000,70000.00000000,70000.00000000,0.00010000,1774023899999999,7.00000000,1,0.00000000,0.00000000,0
1774023900000000,69963.79000000,70018.84000000,69963.79000000,70018.84000000,0.00238000,1774024199999999,166.53999380,3,0.00238000,166.53999380,0
1774024200000000,69806.13000000,69877.15000000,69806.13000000,69877.15000000,0.00164000,1774024499999999,114.59000360,2,0.00164000,114.59000360,0
1774024500000000,69756.01000000,69756.01000000,69705.33000000,69705.33000000,0.00148000,1774024799999999,103.23433360,2,0.00139000,96.96085390,0
1774024800000000,69774.23000000,69804.40000000,69774.23000000,69776.00000000,0.00283000,1774025099999999,197.49775360,3,0.00283000,197.49775360,0
1774025100000000,69780.40000000,69829.50000000,69780.40000000,69829.50000000,0.00225000,1774025399999999,157.08102300,2,0.00225000,157.08102300,0
1774025400000000,69766.72000000,69766.72000000,69637.00000000,69746.26000000,0.00734000,1774025699999999,511.55826980,8,0.00704000,490.64956980,0
1774025700000000,69836.39000000,69836.39000000,69836.39000000,69836.39000000,0.00009000,1774025999999999,6.28527510,1,0.00009000,6.28527510,0
1774026000000000,69856.95000000,69856.95000000,69856.95000000,69856.95000000,0.00021000,1774026299999999,14.66995950,1,0.00021000,14.66995950,0
1774026300000000,69967.20000000,69967.20000000,69739.79000000,69846.76000000,0.01749000,1774026599999999,1219.84937580,4,0.00059000,41.24692480,0
1774026600000000,69846.76000000,69846.76000000,69796.85000000,69796.85000000,0.00078000,1774026899999999,54.46524220,3,0.00038000,26.52653820,0
1774026900000000,69796.85000000,69796.85000000,69796.85000000,69796.85000000,0.00000000,1774027199999999,0.00000000,0,0.00000000,0.00000000,0
1774027200000000,69750.00000000,69761.96000000,69750.00000000,69761.96000000,0.00053000,1774027499999999,36.97264280,2,0.00043000,29.99764280,0
1774027500000000,69705.33000000,69705.33000000,69695.00000000,69695.00000000,0.01380000,1774027799999999,961.85907970,5,0.00028000,19.51460000,0
1774027800000000,69610.23000000,69610.23000000,69574.52000000,69574.52000000,0.00115000,1774028099999999,80.04750460,4,0.00000000,0.00000000,0
1774028100000000,69569.21000000,69574.52000000,69420.09000000,69574.52000000,0.00122000,1774028399999999,84.81961810,4,0.00108000,75.07992870,0
1774028400000000,69569.21000000,69578.30000000,69566.97000000,69578.30000000,0.04359000,1774028699999999,3032.90342610,3,0.04321000,3006.46712630,0
1774028700000000,69628.22000000,69628.22000000,69628.22000000,69628.22000000,0.00372000,1774028999999999,259.01697840,1,0.00372000,259.01697840,0
1774029000000000,69731.96000000,69742.30000000,69731.96000000,69742.30000000,0.01706000,1774029299999999,1189.75780020,3,0.01706000,1189.75780020,0
1774029300000000,69802.27000000,69836.39000000,69802.27000000,69836.39000000,0.00052000,1774029599999999,36.30025120,2,0.00052000,36.30025120,0
1774029600000000,69967.70000000,69967.70000000,69967.70000000,69967.70000000,0.00009000,1774029899999999,6.29709300,1,0.00009000,6.29709300,0
1774029900000000,69967.70000000,69967.70000000,69967.70000000,69967.70000000,0.00000000,1774030199999999,0.00000000,0,0.00000000,0.00000000,0
1774030200000000,69967.70000000,69967.70000000,69967.70000000,69967.70000000,0.00000000,1774030499999999,0.00000000,0,0.00000000,0.00000000,0
1774030500000000,69995.78000000,69995.78000000,69995.78000000,69995.78000000,0.00040000,1774030799999999,27.99831200,1,0.00040000,27.99831200,0
1774030800000000,69925.82000000,69925.82000000,69772.68000000,69772.68000000,0.00052000,1774031099999999,36.30027690,3,0.00034000,23.72271120,0
1774031100000000,69724.16000000,69724.16000000,69662.34000000,69662.34000000,0.00044000,1774031399999999,30.65754220,3,0.00021000,14.62909140,0
1774031400000000,69565.30000000,69627.43000000,69565.30000000,69627.43000000,0.00065000,1774031699999999,45.24540350,3,0.00045000,31.33234350,0
1774031700000000,69627.43000000,69655.26000000,69627.43000000,69655.26000000,0.00329000,1774031999999999,229.09456060,5,0.00073000,50.84833980,0
1774032000000000,69716.45000000,69758.27000000,69716.45000000,69758.27000000,0.02705000,1774032299999999,1886.34099370,6,0.02705000,1886.34099370,0
1774032300000000,69824.91000000,69824.91000000,69724.16000000,69724.16000000,0.00018000,1774032599999999,12.55941630,2,0.00009000,6.28424190,0
1774032600000000,69837.83000000,69837.83000000,69837.83000000,69837.83000000,0.00094000,1774032899999999,65.64756020,1,0.00094000,65.64756020,0
1774032900000000,69816.54000000,69816.54000000,69718.77000000,69718.77000000,0.00115000,1774033199999999,80.24697990,2,0.00115000,80.24697990,0
1774033200000000,69718.77000000,69718.77000000,69718.77000000,69718.77000000,0.00000000,1774033499999999,0.00000000,0,0.00000000,0.00000000,0
1774033500000000,69718.77000000,69718.77000000,69718.77000000,69718.77000000,0.00000000,1774033799999999,0.00000000,0,0.00000000,0.00000000,0
1774033800000000,69782.28000000,69785.21000000,69782.28000000,69785.21000000,0.00208000,1774034099999999,145.15033610,2,0.00208000,145.15033610,0
1774034100000000,69785.21000000,69785.21000000,69785.21000000,69785.21000000,0.00000000,1774034399999999,0.00000000,0,0.00000000,0.00000000,0
1774034400000000,69954.11000000,69967.56000000,69954.11000000,69967.56000000,0.00286000,1774034699999999,200.09902380,3,0.00286000,200.09902380,0
1774034700000000,69967.56000000,69967.56000000,69967.56000000,69967.56000000,0.00000000,1774034999999999,0.00000000,0,0.00000000,0.00000000,0
1774035000000000,69873.95000000,69873.95000000,69873.95000000,69873.95000000,0.00043000,1774035299999999,30.04579850,1,0.00043000,30.04579850,0
1774035300000000,69873.95000000,69873.95000000,69873.95000000,69873.95000000,0.00000000,1774035599999999,0.00000000,0,0.00000000,0.00000000,0
1774035600000000,69873.95000000,69873.95000000,69873.95000000,69873.95000000,0.00000000,1774035899999999,0.00000000,0,0.00000000,0.00000000,0
1774035900000000,69945.45000000,69945.45000000,69945.45000000,69945.45000000,0.00056000,1774036199999999,39.16945200,1,0.00056000,39.16945200,0
1774036200000000,69967.05000000,70128.06000000,69967.05000000,70128.06000000,0.00500000,1774036499999999,350.08471480,6,0.00500000,350.08471480,0
1774036500000000,70167.79000000,70169.03000000,70167.79000000,70169.03000000,0.00097000,1774036799999999,68.06307870,2,0.00097000,68.06307870,0
1774036800000000,70130.00000000,70133.84000000,70128.51000000,70133.84000000,0.00358000,1774037099999999,251.06848930,3,0.00358000,251.06848930,0
1774037100000000,70133.84000000,70133.84000000,70133.84000000,70133.84000000,0.00000000,1774037399999999,0.00000000,0,0.00000000,0.00000000,0
1774037400000000,70133.84000000,70133.84000000,70133.84000000,70133.84000000,0.00000000,1774037699999999,0.00000000,0,0.00000000,0.00000000,0
1774037700000000,70090.14000000,70090.14000000,70012.19000000,70036.85000000,0.00292000,1774037999999999,204.51382900,4,0.00208000,145.65913940,0
1774038000000000,69977.64000000,69977.64000000,69938.28000000,69938.28000000,0.00356000,1774038299999999,249.00861600,2,0.00072000,50.38390080,0
1774038300000000,69938.28000000,69938.28000000,69938.28000000,69938.28000000,0.00000000,1774038599999999,0.00000000,0,0.00000000,0.00000000,0
1774038600000000,69925.82000000,69925.82000000,69716.74000000,69716.74000000,0.21812000,1774038899999999,15220.48604550,13,0.00000000,0.00000000,0
1774038900000000,69769.84000000,69769.84000000,69769.84000000,69769.84000000,0.01054000,1774039199999999,735.37411360,2,0.01054000,735.37411360,0
1774039200000000,69857.40000000,69917.44000000,69857.40000000,69917.44000000,0.22242000,1774039499999999,15543.17709250,45,0.22242000,15543.17709250,0
1774039500000000,69920.43000000,70024.08000000,69920.43000000,70024.08000000,0.00370000,1774039799999999,258.92121320,4,0.00218000,152.59859640,0
1774039800000000,70026.87000000,70026.87000000,70026.87000000,70026.87000000,0.00009000,1774040099999999,6.30241830,1,0.00009000,6.30241830,0
1774040100000000,70041.87000000,70041.87000000,70041.87000000,70041.87000000,0.00415000,1774040399999999,290.67376050,1,0.00415000,290.67376050,0
1774040400000000,70041.87000000,70041.87000000,70000.00000000,70000.01000000,0.01517000,1774040699999999,1062.50921130,5,0.00028000,19.60000280,0
1774040700000000,70000.01000000,70000.01000000,70000.01000000,70000.01000000,0.00022000,1774040999999999,15.40000220,1,0.00000000,0.00000000,0
1774041000000000,70000.08000000,70000.08000000,70000.00000000,70000.00000000,0.00135000,1774041299999999,94.50001740,5,0.00000000,0.00000000,0
1774041300000000,70124.86000000,70534.31000000,70124.86000000,70467.34000000,0.00537000,1774041599999999,377.67501760,10,0.00497000,349.48277760,0
1774041600000000,70416.59000000,70416.59000000,70340.98000000,70340.98000000,0.03894000,1774041899999999,2740.70715290,15,0.00000000,0.00000000,0
1774041900000000,70340.98000000,70340.98000000,70340.98000000,70340.98000000,0.00000000,1774042199999999,0.00000000,0,0.00000000,0.00000000,0
1774042200000000,70340.98000000,70340.98000000,70340.98000000,70340.98000000,0.00000000,1774042499999999,0.00000000,0,0.00000000,0.00000000,0
1774042500000000,70634.60000000,70648.78000000,70634.60000000,70648.78000000,0.00300000,1774042799999999,211.93103140,4,0.00300000,211.93103140,0
1774042800000000,70403.51000000,70409.44000000,70362.45000000,70409.44000000,0.02757000,1774043099999999,1940.79274840,4,0.02065000,1453.87345780,0
1774043100000000,70409.44000000,70409.44000000,70409.44000000,70409.44000000,0.00000000,1774043399999999,0.00000000,0,0.00000000,0.00000000,0
1774043400000000,70534.31000000,70534.31000000,70511.79000000,70511.79000000,0.00070000,1774043699999999,49.36027980,2,0.00070000,49.36027980,0
1774043700000000,70511.79000000,70511.79000000,70511.79000000,70511.79000000,0.00000000,1774043999999999,0.00000000,0,0.00000000,0.00000000,0
1774044000000000,70683.60000000,70840.54000000,70683.60000000,70840.54000000,0.05074000,1774044299999999,3587.76169210,14,0.05074000,3587.76169210,0
1774044300000000,70840.54000000,70840.54000000,70840.54000000,70840.54000000,0.00000000,1774044599999999,0.00000000,0,0.00000000,0.00000000,0
1774044600000000,70848.39000000,70848.40000000,70766.03000000,70766.03000000,0.00194000,1774044899999999,137.36352370,3,0.00194000,137.36352370,0
1774044900000000,70766.03000000,70766.03000000,70766.03000000,70766.03000000,0.00000000,1774045199999999,0.00000000,0,0.00000000,0.00000000,0
1774045200000000,70766.03000000,70766.03000000,70766.03000000,70766.03000000,0.00000000,1774045499999999,0.00000000,0,0.00000000,0.00000000,0
1774045500000000,70738.32000000,70738.32000000,70738.32000000,70738.32000000,0.00009000,1774045799999999,6.36644880,1,0.00000000,0.00000000,0
1774045800000000,70655.29000000,70655.29000000,70655.29000000,70655.29000000,0.00027000,1774046099999999,19.07692830,1,0.00027000,19.07692830,0
1774046100000000,70655.29000000,70655.29000000,70655.29000000,70655.29000000,0.00000000,1774046399999999,0.00000000,0,0.00000000,0.00000000,0
1774046400000000,70675.53000000,70675.53000000,70675.53000000,70675.53000000,0.00045000,1774046699999999,31.80398850,1,0.00045000,31.80398850,0
1774046700000000,70666.82000000,70666.82000000,70666.82000000,70666.82000000,0.00014000,1774046999999999,9.89335480,1,0.00014000,9.89335480,0
1774047000000000,70752.92000000,70752.92000000,70731.70000000,70731.70000000,0.00651000,1774047299999999,460.46633780,2,0.00000000,0.00000000,0
1774047300000000,70731.70000000,70731.70000000,70731.70000000,70731.70000000,0.00000000,1774047599999999,0.00000000,0,0.00000000,0.00000000,0
1774047600000000,70731.70000000,70731.70000000,70731.70000000,70731.70000000,0.00000000,1774047899999999,0.00000000,0,0.00000000,0.00000000,0
1774047900000000,70636.24000000,70636.24000000,70578.18000000,70585.10000000,0.00256000,1774048199999999,180.70148980,3,0.00233000,164.46328300,0
1774048200000000,70516.43000000,70516.43000000,70516.43000000,70516.43000000,0.00024000,1774048499999999,16.92394320,1,0.00024000,16.92394320,0
1774048500000000,70511.22000000,70511.22000000,70493.59000000,70493.59000000,0.00053000,1774048799999999,37.36847840,2,0.00039000,27.49937580,0
1774048800000000,70503.67000000,70503.67000000,70494.27000000,70494.27000000,0.00023000,1774049099999999,16.21499810,2,0.00000000,0.00000000,0
1774049100000000,70493.60000000,70493.60000000,70493.60000000,70493.60000000,0.00101000,1774049399999999,71.19853600,2,0.00101000,71.19853600,0
1774049400000000,70493.59000000,70493.59000000,70454.51000000,70454.51000000,0.01055000,1774049699999999,743.59534290,3,0.00974000,686.50256940,0
1774049700000000,70503.08000000,70503.08000000,70495.69000000,70495.69000000,0.00088000,1774049999999999,62.03753740,2,0.00070000,49.34698300,0
1774050000000000,70494.44000000,70495.01000000,70459.31000000,70474.24000000,0.00108000,1774050299999999,76.12042320,6,0.00054000,38.06702100,0
1774050300000000,70474.24000000,70474.24000000,70474.24000000,70474.24000000,0.00000000,1774050599999999,0.00000000,0,0.00000000,0.00000000,0
1774050600000000,70534.31000000,70534.31000000,70474.42000000,70474.42000000,0.00023000,1774050899999999,16.21450670,2,0.00009000,6.34808790,0
1774050900000000,70474.42000000,70474.42000000,70474.42000000,70474.42000000,0.00000000,1774051199999999,0.00000000,0,0.00000000,0.00000000,0
