Open-time,Open,High,Low,Close,Volume,Close-time,Quote-asset-volume,Number-of-trades,Taker-buy-base-asset-volume,Taker-buy-quote-asset-volume,Ignore
1769904000000000,78744.33,78823.94,78744.32,78796.6,0.00924,1769904299999999,727.830574,7,0.00634,499.4720401,0
1769904300000000,78877.14,79012.53,78870.16,79012.53,0.02962,1769904599999999,2336.1631952,4,0.00203,160.1300715,0
1769904600000000,79100.34,79288.25,79076.16,79288.25,0.27594,1769904899999999,21854.0825354,38,0.2188,17328.8773025,0
1769904900000000,79246.62,79344.22,79136.79,79250.28,0.21344,1769905199999999,16917.0648979,34,0.15352,12169.5414643,0
1769905200000000,79212.06,79212.06,78933.79,78935.95,0.1786,1769905499999999,14126.7019868,15,0.09589,7578.1902189,0
1769905500000000,78963.4,79093.32,78929.84,79083.5,0.03907,1769905799999999,3086.9448294,18,0.00476,376.0806676,0
1769905800000000,79162.32,79163.07,78935.47,78977.55,0.02174,1769906099999999,1717.861579,12,0.02055,1623.8292175,0
1769906100000000,78987.4,78987.4,78755.97,78755.97,0.06774,1769906399999999,5338.8472061,10,0.05397,4254.1145493,0
1769906400000000,78726.63,78779.53,78726.63,78749.49,0.00759,1769906699999999,597.7263849,5,0.00063,49.6121787,0
1769906700000000,78829.58,78921.73,78805.53,78904.8,0.00239,1769906999999999,188.5463183,4,0.00178,140.4521129,0
1769907000000000,78926.48,79019.88,78921.68,78956.9,0.0529,1769907299999999,4177.9401799,11,0.047,3712.1751742,0
1769907300000000,78930.4,78930.4,78851.75,78851.75,0.00262,1769907599999999,206.6883245,3,0.00123,97.084392,0
1769907600000000,78772.1,78772.1,78692.12,78692.12,0.0022,1769907899999999,173.2343038,6,0.0006,47.26326,0
1769907900000000,78669.51,78694.45,78582.48,78582.48,0.08876,1769908199999999,6982.6540862,23,0.04989,3925.1129704,0
1769908200000000,78598.89,78598.89,78487.68,78526.85,0.01776,1769908499999999,1394.7230781,5,0.0175,1374.310651,0
1769908500000000,78619.7,78619.7,78371.37,78392.09,0.02101,1769908799999999,1649.2398597,14,0.0,0.0,0
1769908800000000,78437.61,78454.59,78437.61,78454.59,0.00538,1769909099999999,422.0787324,2,0.00497,389.9193123,0
1769909100000000,78557.56,78787.77,78557.56,78787.77,0.01403,1769909399999999,1102.6147485,7,0.01329,1044.3117987,0
1769909400000000,78770.01,78775.42,78631.36,78631.36,0.00145,1769909699999999,114.1622429,11,0.0,0.0,0
1769909700000000,78636.57,78636.57,78486.74,78486.74,0.02108,1769909999999999,1656.014958,6,0.01272,999.3997152,0
1769910000000000,78407.95,78407.95,78249.99,78289.12,0.01242,1769910299999999,972.4928994,9,0.00131,102.6981081,0
1769910300000000,78308.92,78353.69,78288.15,78353.69,0.00948,1769910599999999,742.6495765,4,0.00922,722.2946575,0
1769910600000000,78412.15,78458.74,78412.15,78421.58,0.00225,1769910899999999,176.4637409,5,0.00225,176.4637409,0
1769910900000000,78421.58,78421.58,78421.58,78421.58,0.0,1769911199999999,0.0,0,0.0,0.0,0
1769911200000000,78517.78,78517.78,78319.43,78319.43,0.03709,1769911499999999,2906.980706,10,0.02,1567.3863005,0
1769911500000000,78366.42,78417.11,78366.42,78417.11,0.0006,1769911799999999,47.0293338,3,0.00018,14.1150798,0
1769911800000000,78645.03,78762.82,78645.03,78762.82,0.05704,1769912099999999,4487.7756213,16,0.0564,4437.4017525,0
1769912100000000,78800.62,78818.3,78749.64,78749.64,0.01089,1769912399999999,858.030462,6,0.00547,431.0393914,0
1769912400000000,78682.63,78682.63,78603.58,78603.58,0.01013,1769912699999999,796.7954333,3,0.00246,193.3648068,0
1769912700000000,78489.91,78521.58,78489.91,78521.58,0.00679,1769912999999999,532.9667577,2,0.00679,532.9667577,0
1769913000000000,78521.58,78521.58,78521.58,78521.58,0.0,1769913299999999,0.0,0,0.0,0.0,0
1769913300000000,78658.75,78714.17,78655.14,78698.52,0.01332,1769913599999999,1048.015709,7,0.00202,158.9901664,0
1769913600000000,78743.53,78743.53,78702.45,78702.45,0.00263,1769913899999999,207.0683711,3,0.00263,207.0683711,0
1769913900000000,78685.55,78685.55,78685.55,78685.55,0.00039,1769914199999999,30.6873645,2,0.0,0.0,0
1769914200000000,78685.55,78685.55,78685.55,78685.55,0.0,1769914499999999,0.0,0,0.0,0.0,0
1769914500000000,78685.55,78685.55,78685.55,78685.55,0.0,1769914799999999,0.0,0,0.0,0.0,0
1769914800000000,78898.95,78898.95,78898.95,78898.95,0.00012,1769915099999999,9.467874,1,0.00012,9.467874,0
1769915100000000,78757.98,78757.98,78757.98,78757.98,0.05437,1769915399999999,4282.0713726,11,0.05437,4282.0713726,0
1769915400000000,78811.55,78811.55,78801.57,78801.57,0.00432,1769915699999999,340.4291696,2,0.00432,340.4291696,0
1769915700000000,78757.98,78757.98,78685.55,78685.55,0.00113,1769915999999999,88.945495,3,0.00071,55.8801808,0
1769916000000000,78644.2,78644.2,78644.2,78644.2,0.00086,1769916299999999,67.634012,1,0.0,0.0,0
1769916300000000,78685.78,78698.9,78685.58,78698.9,0.00068,1769916599999999,53.50733,3,0.00068,53.50733,0
1769916600000000,78698.9,78698.9,78698.9,78698.9,0.0,1769916899999999,0.0,0,0.0,0.0,0
1769916900000000,78661.98,78661.98,78661.98,78661.98,0.00116,1769917199999999,91.2478968,1,0.00116,91.2478968,0
1769917200000000,78734.25,78801.18,78734.25,78801.18,0.06135,1769917499999999,4831.7136806,7,0.04484,3530.7061988,0
1769917500000000,78740.82,78740.82,78740.82,78740.82,0.00013,1769917799999999,10.2363066,1,0.00013,10.2363066,0
1769917800000000,78828.3,78828.31,78828.3,78828.31,0.08313,1769918099999999,6552.9965853,3,0.08313,6552.9965853,0
1769918100000000,78818.37,78818.37,78771.93,78771.93,0.06967,1769918399999999,5490.8634507,2,0.00888,699.4947384,0
1769918400000000,78771.93,78771.93,78771.93,78771.93,0.00017,1769918699999999,13.3912281,1,0.0,0.0,0
1769918700000000,78714.12,78714.12,78714.12,78714.12,0.01563,1769918999999999,1230.3016956,2,0.0,0.0,0
1769919000000000,78938.05,78938.05,78938.05,78938.05,0.00403,1769919299999999,318.1203415,1,0.0,0.0,0
1769919300000000,78900.39,79041.54,78900.39,79041.54,0.16002,1769919599999999,12632.4940105,9,0.08212,6479.5599198,0
1769919600000000,79041.55,79041.55,78919.48,78948.35,0.01834,1769919899999999,1448.0765767,27,0.00654,516.4488941,0
1769919900000000,78948.35,78948.35,78845.34,78874.57,0.00495,1769920199999999,390.4448737,26,0.00495,390.4448737,0
1769920200000000,78887.79,78960.58,78872.86,78931.16,0.23184,1769920499999999,18298.0858925,22,0.12582,9931.3551595,0
1769920500000000,78904.51,78913.98,78845.07,78913.98,0.02426,1769920799999999,1914.127393,6,0.00517,407.8402971,0
1769920800000000,78910.01,78930.75,78910.0,78930.75,0.02386,1769921099999999,1882.9552813,4,0.0,0.0,0
1769921100000000,78937.71,78937.71,78923.95,78923.95,0.00582,1769921399999999,459.3391778,2,0.0,0.0,0
1769921400000000,78923.95,78923.95,78923.95,78923.95,0.0,1769921699999999,0.0,0,0.0,0.0,0
1769921700000000,78966.98,78966.98,78913.05,78913.05,0.00513,1769921999999999,405.0442244,5,0.0,0.0,0
1769922000000000,78914.64,78914.64,78729.89,78784.56,0.01451,1769922299999999,1142.946329,8,0.0013,102.4526746,0
1769922300000000,78811.76,78811.76,78684.62,78684.62,0.0164,1769922599999999,1291.1388693,10,0.00173,136.2884032,0
1769922600000000,78775.88,78788.18,78710.92,78785.8,0.31313,1769922899999999,24656.4859982,19,0.16336,12859.7546282,0
1769922900000000,78795.9,78861.51,78741.85,78752.55,0.04576,1769923199999999,3605.9949218,13,0.00681,536.5779399,0
1769923200000000,78718.55,78718.55,78669.26,78669.26,0.01887,1769923499999999,1484.8124137,8,0.0,0.0,0
1769923500000000,78833.37,78886.03,78833.37,78881.15,0.0132,1769923799999999,1041.0015692,5,0.0,0.0,0
1769923800000000,78846.63,78846.63,78789.08,78797.36,0.1037,1769924099999999,8171.3928983,6,0.07934,6251.7825424,0
1769924100000000,78802.85,78802.85,78661.98,78661.98,0.0957,1769924399999999,7539.3942881,9,0.0,0.0,0
1769924400000000,78661.98,78671.26,78482.51,78482.51,0.43763,1769924699999999,34397.0121873,98,0.37728,29654.6591674,0
1769924700000000,78564.12,78565.91,78549.9,78549.9,0.00888,1769924999999999,697.6410892,5,0.0037,290.6696754,0
1769925000000000,78487.25,78547.08,78475.57,78509.37,0.01163,1769925299999999,913.1509962,6,0.0,0.0,0
1769925300000000,78570.83,78570.83,78530.53,78530.53,0.00355,1769925599999999,278.8039345,3,0.00355,278.8039345,0
1769925600000000,78591.78,78603.31,78591.78,78603.31,0.00192,1769925899999999,150.9174328,2,0.00192,150.9174328,0
1769925900000000,78549.8,78594.94,78545.59,78570.25,0.00818,1769926199999999,642.624236,5,0.00236,185.4650471,0
1769926200000000,78571.38,78571.38,78564.37,78564.37,0.03537,1769926499999999,2779.0346636,5,0.0,0.0,0
1769926500000000,78564.37,78564.37,78564.37,78564.37,0.0,1769926799999999,0.0,0,0.0,0.0,0
1769926800000000,78564.37,78564.37,78564.37,78564.37,0.0,1769927099999999,0.0,0,0.0,0.0,0
1769927100000000,78741.06,78741.06,78649.49,78649.49,0.00753,1769927399999999,592.8440121,3,0.00753,592.8440121,0
1769927400000000,78701.04,78714.49,78701.04,78714.49,0.00046,1769927699999999,36.2054374,2,0.00046,36.2054374,0
1769927700000000,78436.39,78436.39,78356.63,78356.63,0.02586,1769927999999999,2027.2153346,10,0.00062,48.6229978,0
1769928000000000,78499.29,78520.91,78462.57,78489.94,0.02718,1769928299999999,2133.5465098,13,0.00082,64.3540838,0
1769928300000000,78412.65,78412.65,78241.36,78241.36,0.0888,1769928599999999,6954.7433907,36,0.00286,223.9617993,0
1769928600000000,78261.5,78309.47,78203.92,78283.11,0.04111,1769928899999999,3216.7552927,20,0.0083,649.3135616,0
1769928900000000,78304.48,78341.07,78275.46,78275.46,0.03151,1769929199999999,2467.5580273,12,0.00857,671.076861,0
1769929200000000,78264.67,78273.34,78081.92,78081.92,0.06715,1769929499999999,5247.5547397,26,0.04414,3449.0761935,0
1769929500000000,78089.47,78164.92,77937.22,78160.35,0.14959,1769929799999999,11688.6657714,27,0.13103,10241.3738766,0
1769929800000000,78287.73,78287.73,78051.35,78094.2,0.04437,1769930099999999,3467.3854732,32,0.00297,231.9698576,0
1769930100000000,78044.15,78113.9,77936.13,77936.13,0.03877,1769930399999999,3025.9025173,21,0.00719,561.1766772,0
1769930400000000,77936.11,78091.04,77931.12,78028.99,0.17031,1769930699999999,13288.979023,48,0.14575,11373.2155964,0
1769930700000000,78028.99,78028.99,78028.99,78028.99,0.0,1769930999999999,0.0,0,0.0,0.0,0
1769931000000000,78182.2,78231.22,78146.17,78146.17,0.06991,1769931299999999,5465.5765472,25,0.0647,5058.384737,0
1769931300000000,78314.95,78314.95,78263.53,78291.65,0.01784,1769931599999999,1396.5869378,11,0.00065,50.886395,0
1769931600000000,78575.36,78595.27,78507.91,78532.18,0.04139,1769931899999999,3251.6492752,14,0.02058,1616.8870553,0
1769931900000000,78493.47,78507.28,78384.71,78384.71,0.03471,1769932199999999,2723.1233201,6,0.01478,1160.1334866,0
1769932200000000,78429.75,78429.75,78376.82,78376.82,0.00476,1769932499999999,373.3086724,3,0.00196,153.72231,0
1769932500000000,78376.82,78376.82,78376.82,78376.82,0.0,1769932799999999,0.0,0,0.0,0.0,0
1769932800000000,78380.57,78394.68,78370.58,78394.67,0.01039,1769933099999999,814.3976184,4,0.0,0.0,0
1769933100000000,78388.35,78388.35,78388.35,78388.35,0.00222,1769933399999999,174.022137,1,0.00222,174.022137,0
1769933400000000,78431.38,78442.53,78389.39,78389.39,0.03502,1769933699999999,2746.457553,6,0.00019,14.9040807,0
1769933700000000,78368.67,78368.67,78236.04,78285.36,0.02683,1769933999999999,2100.8180303,12,0.0139,1088.0693167,0
1769934000000000,78282.79,78421.36,78211.56,78407.57,0.03363,1769934299999999,2633.169348,11,0.00822,644.0528174,0
1769934300000000,78379.52,78380.7,78279.57,78279.57,0.03694,1769934599999999,2894.2168734,15,0.0,0.0,0
1769934600000000,78439.89,78439.89,78435.29,78436.01,0.0075,1769934899999999,588.2689798,3,0.00253,198.4455885,0
1769934900000000,78589.71,78589.71,78589.71,78589.71,0.00542,1769935199999999,425.9562282,1,0.00542,425.9562282,0
1769935200000000,78752.71,78752.71,78752.71,78752.71,0.00502,1769935499999999,395.3386042,1,0.00502,395.3386042,0
1769935500000000,78734.8,78734.8,78666.17,78666.17,0.0186,1769935799999999,1463.4904469,3,0.01352,1063.5666184,0
1769935800000000,78664.04,78664.04,78563.7,78563.7,0.01107,1769936099999999,870.748712,2,0.01107,870.748712,0
1769936100000000,78539.08,78539.08,78504.49,78504.97,0.11462,1769936399999999,8998.7224981,6,0.00037,29.0466613,0
1769936400000000,78546.2,78546.2,78507.53,78507.53,0.00026,1769936699999999,20.4169849,2,0.0,0.0,0
1769936700000000,78766.55,78766.55,78661.16,78661.16,0.00151,1769936999999999,118.8068069,2,0.00151,118.8068069,0
1769937000000000,78735.32,78743.38,78687.29,78705.52,0.05048,1769937299999999,3972.9612575,11,0.05048,3972.9612575,0
1769937300000000,78700.63,78701.13,78652.36,78652.36,0.01321,1769937599999999,1039.5823959,6,0.01321,1039.5823959,0
1769937600000000,78702.66,78703.09,78639.69,78639.69,0.1103,1769937899999999,8677.4371035,10,0.02137,1681.6073551,0
1769937900000000,78638.73,78638.73,78599.98,78599.98,0.00652,1769938199999999,512.6510031,3,0.00639,502.4279682,0
1769938200000000,78630.61,78630.61,78630.61,78630.61,0.00018,1769938499999999,14.1535098,1,0.00018,14.1535098,0
1769938500000000,78630.61,78630.61,78630.61,78630.61,0.0,1769938799999999,0.0,0,0.0,0.0,0
1769938800000000,78630.61,78630.61,78630.61,78630.61,0.0,1769939099999999,0.0,0,0.0,0.0,0
1769939100000000,78700.87,78700.87,78700.87,78700.87,0.01287,1769939399999999,1012.8801969,1,0.01287,1012.8801969,0
1769939400000000,78749.98,78749.98,78749.98,78749.98,0.00366,1769939699999999,288.2249268,1,0.00366,288.2249268,0
1769939700000000,78763.42,79033.03,78763.42,79033.03,0.07036,1769939999999999,5553.9461822,20,0.07023,5543.6819178,0
1769940000000000,78930.85,78930.85,78874.07,78874.07,0.00108,1769940299999999,85.2379366,2,0.00095,74.9843075,0
1769940300000000,78929.35,78961.2,78923.33,78961.2,0.0062,1769940599999999,489.3312467,4,0.00607,479.0662907,0
1769940600000000,78930.46,79170.8,78930.46,79137.28,0.00842,1769940899999999,666.1659194,5,0.00816,645.5902266,0
1769940900000000,79085.08,79085.08,78928.68,78928.68,0.0017,1769941199999999,134.3024674,13,0.00012,9.4899924,0
1769941200000000,78963.62,79007.36,78928.68,79007.36,0.02318,1769941499999999,1830.4547575,16,0.02124,1677.2760698,0
1769941500000000,78993.02,79018.87,78947.85,78972.84,0.00497,1769941799999999,392.5926369,27,0.00295,233.0657942,0
1769941800000000,78908.03,78992.46,78704.11,78704.11,0.0286,1769942099999999,2253.7559643,28,0.00701,552.6940967,0
1769942100000000,78720.89,78720.89,78356.3,78501.42,0.10352,1769942399999999,8132.2181873,36,0.00622,488.0545469,0
1769942400000000,78448.96,78459.07,78336.68,78336.68,0.01957,1769942699999999,1534.7040811,17,0.01392,1091.7172713,0
1769942700000000,78360.98,78432.77,78259.66,78414.88,0.01011,1769942999999999,792.3248045,16,0.00946,741.4026111,0
1769943000000000,78473.41,78473.41,78352.47,78352.47,0.19639,1769943299999999,15398.5011622,25,0.00218,170.9714907,0
1769943300000000,78314.73,78314.73,78100.37,78220.82,0.04119,1769943599999999,3220.2600545,17,0.01472,1150.6957288,0
1769943600000000,78357.21,78357.21,78357.21,78357.21,0.00123,1769943899999999,96.3793683,1,0.00123,96.3793683,0
1769943900000000,78357.2,78381.48,78357.2,78381.48,0.00026,1769944199999999,20.3760284,2,0.0,0.0,0
1769944200000000,78381.48,78381.48,78381.48,78381.48,0.0,1769944499999999,0.0,0,0.0,0.0,0
1769944500000000,78413.48,78413.48,78283.42,78283.42,0.00518,1769944799999999,405.7453522,5,0.00492,385.3747552,0
1769944800000000,78347.02,78371.95,78347.02,78371.95,0.00065,1769945099999999,50.9288039,2,0.00052,40.7404504,0
1769945100000000,78371.95,78371.95,78355.15,78355.15,0.00028,1769945399999999,21.9436381,3,0.0,0.0,0
1769945400000000,78423.69,78497.77,78423.69,78497.77,0.00648,1769945699999999,508.3854404,3,0.00279,219.0020243,0
1769945700000000,78673.23,78680.68,78620.67,78680.68,0.00826,1769945999999999,649.4818465,8,0.00246,193.4068482,0
1769946000000000,78760.73,78832.08,78713.85,78832.08,0.06752,1769946299999999,5317.7438517,6,0.06739,5307.4980629,0
1769946300000000,78806.83,78806.83,78680.68,78685.66,0.29908,1769946599999999,23540.3928533,17,0.0863,6798.600556,0
1769946600000000,78685.66,78685.66,78685.66,78685.66,0.0,1769946899999999,0.0,0,0.0,0.0,0
1769946900000000,78675.9,78675.9,78675.9,78675.9,0.00073,1769947199999999,57.433407,1,0.00073,57.433407,0
1769947200000000,78697.33,78697.33,78515.42,78516.1,0.35917,1769947499999999,28224.4919746,15,0.14452,11349.7230433,0
1769947500000000,78529.01,78529.01,78450.0,78450.0,0.03432,1769947799999999,2694.6192902,5,0.0,0.0,0
1769947800000000,78553.26,78553.26,78553.25,78553.25,0.0003,1769948099999999,23.5659767,3,0.0,0.0,0
1769948100000000,78513.26,78550.65,78428.73,78550.65,0.02778,1769948399999999,2180.8234745,11,0.0272,2135.3161899,0
1769948400000000,78552.1,78560.02,78214.93,78214.93,0.32254,1769948699999999,25301.212645,15,0.00101,79.338413,0
1769948700000000,78301.46,78398.36,78284.45,78398.36,0.16201,1769948999999999,12691.672802,11,0.16188,12681.4936122,0
1769949000000000,78398.36,78398.36,78398.36,78398.36,0.0,1769949299999999,0.0,0,0.0,0.0,0
1769949300000000,78553.93,78553.93,78454.25,78454.25,0.3121,1769949599999999,24498.301032,11,0.10482,8227.6684228,0
1769949600000000,78437.81,78449.84,78363.07,78363.07,0.22946,1769949899999999,17994.0196331,10,0.0605,4740.9663294,0
1769949900000000,78386.18,78437.37,78374.44,78437.37,0.00171,1769950199999999,134.0816395,6,0.00161,126.2430215,0
1769950200000000,78404.26,78404.26,78387.77,78396.03,0.00238,1769950499999999,186.5749734,5,0.00225,176.3833686,0
1769950500000000,78396.57,78417.76,78396.57,78417.76,0.07251,1769950799999999,5684.5393829,3,0.07251,5684.5393829,0
1769950800000000,78443.85,78560.69,78443.85,78527.76,0.16336,1769951099999999,12828.0373803,10,0.1631,12807.6335397,0
1769951100000000,78525.45,78525.45,78525.45,78525.45,0.00013,1769951399999999,10.2083085,1,0.0,0.0,0
1769951400000000,78560.18,78707.09,78560.18,78627.75,0.01108,1769951699999999,870.7752112,7,0.01082,850.3265674,0
1769951700000000,78598.59,78598.59,78598.59,78598.59,0.00127,1769951999999999,99.8202093,1,0.00127,99.8202093,0
1769952000000000,78598.59,78598.59,78598.59,78598.59,0.0,1769952299999999,0.0,0,0.0,0.0,0
1769952300000000,78600.0,78661.14,78592.76,78661.14,0.02808,1769952599999999,2207.7310655,8,0.02439,1917.6987434,0
1769952600000000,78614.99,78614.99,78576.02,78576.02,0.00026,1769952899999999,20.4348313,2,0.0,0.0,0
1769952900000000,78584.2,78584.2,78468.53,78468.53,0.12294,1769953199999999,9647.6260087,11,0.00791,621.2907774,0
1769953200000000,78422.72,78493.07,78422.72,78493.07,0.07246,1769953499999999,5684.7691319,3,0.07233,5674.5741783,0
1769953500000000,78504.04,78560.69,78458.51,78458.51,0.02575,1769953799999999,2021.8255049,9,0.02542,1995.9136163,0
1769953800000000,78417.46,78417.46,78273.72,78338.61,0.01556,1769954099999999,1219.3479007,8,0.01505,1179.387788,0
1769954100000000,78338.61,78338.61,78194.89,78249.13,0.03219,1769954399999999,2518.2343255,10,0.0307,2401.5411344,0
1769954400000000,78260.3,78260.3,78100.38,78100.38,0.0063,1769954699999999,492.3803021,8,0.00565,441.5619878,0
1769954700000000,78383.27,78383.27,78241.73,78241.73,0.01112,1769954999999999,871.009161,4,0.01086,850.657752,0
1769955000000000,78200.92,78200.92,78100.37,78135.06,0.02328,1769955299999999,1819.0075927,7,0.02238,1748.7032314,0
1769955300000000,78099.12,78099.12,78080.93,78080.93,0.12417,1769955599999999,9697.5489537,4,0.00099,77.3001207,0
1769955600000000,78080.93,78080.93,77925.39,77998.99,0.29119,1769955899999999,22703.0218171,10,0.16123,12574.867933,0
1769955900000000,77922.09,78102.57,77773.21,77828.48,0.21703,1769956199999999,16921.3806857,26,0.12313,9592.934647,0
1769956200000000,77797.3,77880.42,77493.68,77514.86,0.45066,1769956499999999,35009.1450119,24,0.4433,34437.7615946,0
1769956500000000,77466.87,77514.87,77213.08,77293.77,0.37455,1769956799999999,28979.1499804,26,0.18596,14371.1759912,0
1769956800000000,77498.51,78054.25,77431.55,77913.08,0.0353,1769957099999999,2747.7271958,22,0.03375,2627.2884401,0
1769957100000000,78035.04,78035.05,77836.92,77998.88,0.19232,1769957399999999,14999.5965615,12,0.02675,2087.2715923,0
1769957400000000,78118.24,78321.59,78118.24,78208.63,0.35807,1769957699999999,27998.8311681,11,0.1976,15448.6572796,0
1769957700000000,78155.11,78342.33,78155.11,78165.88,0.35812,1769957999999999,28028.3486407,25,0.16058,12574.2551034,0
1769958000000000,78100.04,78175.05,77945.58,77945.58,0.33522,1769958299999999,26169.2690076,11,0.15173,11860.4813252,0
1769958300000000,77956.55,77956.55,77871.1,77871.1,0.00387,1769958599999999,301.4436042,5,0.00361,281.1839999,0
1769958600000000,77837.4,77837.4,77492.56,77556.09,0.12308,1769958899999999,9547.6562292,13,0.00151,117.1671805,0
1769958900000000,77559.81,77603.46,77100.98,77107.2,0.38429,1769959199999999,29676.5346828,35,0.05836,4512.4725022,0
1769959200000000,77340.57,77411.34,77340.57,77362.0,0.24009,1769959499999999,18575.6272435,10,0.00095,73.4825031,0
1769959500000000,77366.83,77366.83,76890.66,76990.56,0.92584,1769959799999999,71291.1690369,49,0.00841,647.6541573,0
1769959800000000,76963.51,77050.18,76858.79,77000.79,0.61635,1769960099999999,47426.7379995,34,0.38667,29765.1613733,0
1769960100000000,76966.78,77184.48,76741.63,77184.48,0.15556,1769960399999999,11969.2087385,31,0.12219,9399.6984925,0
1769960400000000,77082.57,77173.16,77043.95,77102.57,0.08342,1769960699999999,6428.2248824,25,0.00819,631.5478802,0
1769960700000000,77144.56,77411.27,77144.56,77350.77,0.07311,1769960999999999,5648.5089082,13,0.04224,3265.9457161,0
1769961000000000,77273.9,77400.7,77273.9,77400.7,0.00746,1769961299999999,576.479778,2,0.00013,10.062091,0
1769961300000000,77511.36,77757.86,77511.36,77585.28,0.07852,1769961599999999,6096.930019,19,0.04131,3208.4786346,0
1769961600000000,77512.04,77512.04,77049.04,77086.69,0.0446,1769961899999999,3448.5809778,24,0.00907,699.2127166,0
1769961900000000,77078.49,77485.68,77078.49,77242.97,0.41958,1769962199999999,32441.5866236,22,0.24608,18999.1893562,0
1769962200000000,77196.61,77538.71,77155.99,77472.09,0.02502,1769962499999999,1937.826962,14,0.02453,1899.9885682,0
1769962500000000,77441.78,77441.78,77148.96,77156.25,0.4109,1769962799999999,31781.5408502,25,0.21168,16365.2755839,0
1769962800000000,77151.33,77515.23,77111.19,77515.23,0.16771,1769963099999999,12946.8533282,29,0.0629,4860.3779417,0
1769963100000000,77458.29,77760.8,77458.29,77491.27,0.08003,1769963399999999,6211.6241696,35,0.05872,4556.8601518,0
1769963400000000,77565.26,77616.97,77454.9,77582.32,0.04549,1769963699999999,3528.2859185,19,0.03031,2350.1648845,0
1769963700000000,77617.27,77691.12,77454.9,77487.96,0.01649,1769963999999999,1278.8997082,15,0.01616,1253.2890082,0
1769964000000000,77507.54,77526.13,77124.48,77177.27,0.03163,1769964299999999,2446.0871352,25,0.02364,1827.7918136,0
1769964300000000,77235.52,77309.09,77139.42,77151.92,0.4508,1769964599999999,34819.5440765,37,0.22091,17067.3272316,0
1769964600000000,77120.33,77278.53,77096.44,77278.53,0.0893,1769964899999999,6896.311734,24,0.08066,6229.8484141,0
1769964900000000,77389.03,77459.35,77372.14,77459.35,0.03367,1769965199999999,2606.3258048,9,0.03354,2596.265552,0
1769965200000000,77404.26,77547.73,77404.26,77547.73,0.01906,1769965499999999,1477.3295981,5,0.01906,1477.3295981,0
1769965500000000,77586.59,77681.06,77550.72,77576.44,0.40911,1769965799999999,31763.3141088,19,0.21656,16812.3060064,0
1769965800000000,77575.35,77586.69,77575.35,77586.69,0.00088,1769966099999999,68.2735656,2,0.00088,68.2735656,0
1769966100000000,77644.41,77679.69,77639.49,77679.69,0.19261,1769966399999999,14955.3272309,9,0.01059,822.4924623,0
1769966400000000,77676.47,77676.47,77392.13,77392.13,0.00137,1769966699999999,106.338573,4,0.00111,86.2138554,0
1769966700000000,77465.18,77541.05,77425.6,77541.05,0.1374,1769966999999999,10649.7726641,5,0.1374,10649.7726641,0
1769967000000000,77521.11,77521.11,77372.17,77372.17,0.17072,1769967299999999,13231.4259463,6,0.0,0.0,0
1769967300000000,77305.88,77359.41,77288.27,77351.22,0.28797,1769967599999999,22260.5205605,17,0.27127,20969.2310584,0
1769967600000000,77488.99,77488.99,77423.0,77423.0,0.00602,1769967899999999,466.4388946,3,0.00602,466.4388946,0
1769967900000000,77457.19,77457.19,77444.1,77444.1,0.17052,1769968199999999,13207.9345888,3,0.0,0.0,0
1769968200000000,77607.47,77693.08,77607.47,77655.59,0.10654,1769968499999999,8268.4299331,4,0.10641,8258.3347064,0
1769968500000000,77632.93,77632.93,77549.18,77570.09,0.0058,1769968799999999,450.060016,6,0.00567,439.9759043,0
1769968800000000,77780.5,78082.53,77770.84,78003.67,0.13401,1769969099999999,10438.0553631,21,0.10699,8336.4420839,0
1769969100000000,77906.37,78156.6,77906.37,78106.96,0.04853,1769969399999999,3788.5628106,15,0.04693,3663.6846381,0
1769969400000000,78106.96,78219.27,78081.89,78219.27,0.04299,1769969699999999,3357.7899871,5,0.01056,824.7341041,0
1769969700000000,78191.98,78201.14,78095.82,78146.46,0.48086,1769969999999999,37573.0170162,18,0.143,11173.4270157,0
1769970000000000,78211.43,78382.29,78040.24,78040.24,0.24789,1769970299999999,19395.5922876,24,0.24233,18960.7654545,0
1769970300000000,78023.61,78165.71,77997.63,78093.92,0.01917,1769970599999999,1496.7769976,15,0.01904,1486.6367298,0
1769970600000000,78088.68,78139.48,78074.74,78124.95,0.0096,1769970899999999,749.7885317,13,0.00947,739.6370033,0
1769970900000000,78125.71,78125.71,77971.18,78064.42,0.00955,1769971199999999,745.0625862,7,0.00933,727.9089266,0
1769971200000000,78104.78,78104.78,77921.54,77957.53,0.02394,1769971499999999,1867.4017649,8,0.02125,1657.6189896,0
1769971500000000,77900.07,77957.52,77868.59,77868.59,0.00262,1769971799999999,204.1896049,7,0.00166,129.3828615,0
1769971800000000,77781.79,77781.79,77728.29,77728.29,0.0235,1769972099999999,1827.5126637,5,0.0235,1827.5126637,0
1769972100000000,77741.65,77995.97,77741.65,77995.97,0.02142,1769972399999999,1669.1541548,8,0.02129,1659.0156355,0
1769972400000000,77994.38,77994.38,77785.96,77785.96,0.0272,1769972699999999,2117.3070594,7,0.00337,262.4719445,0
1769972700000000,77785.96,77785.96,77785.96,77785.96,0.0,1769972999999999,0.0,0,0.0,0.0,0
1769973000000000,77785.96,77785.96,77721.26,77721.26,0.19246,1769973299999999,14965.5680509,5,0.00497,386.2746622,0
1769973300000000,77682.41,77740.27,77586.4,77740.27,0.04692,1769973599999999,3646.7393143,5,0.04666,3626.554369,0
1769973600000000,77725.17,77725.84,77725.17,77725.84,0.05336,1769973899999999,4147.4204201,3,0.05336,4147.4204201,0
1769973900000000,77725.84,77725.84,77725.84,77725.84,0.0,1769974199999999,0.0,0,0.0,0.0,0
1769974200000000,77678.75,77729.0,77631.59,77729.0,0.1203,1769974499999999,9339.4487746,4,0.00189,146.8449975,0
1769974500000000,77631.59,77631.59,77536.63,77536.63,0.05049,1769974799999999,3914.8579931,4,0.05018,3890.7957713,0
1769974800000000,77536.63,77536.63,77500.99,77518.93,0.0005,1769975099999999,38.7594362,3,0.00026,20.1549218,0
1769975100000000,77450.06,77450.06,77211.3,77256.06,0.20224,1769975399999999,15641.5519352,17,0.08636,6676.080503,0
1769975400000000,77298.16,77330.33,77209.36,77209.36,0.35695,1769975699999999,27588.5179489,16,0.20403,15772.9504928,0
1769975700000000,77036.65,77036.65,76963.88,76996.42,0.0993,1769975999999999,7644.7648669,12,0.08209,6319.4658281,0
1769976000000000,76996.42,76996.42,76907.94,76907.94,0.12524,1769976299999999,9632.6721147,6,0.0,0.0,0
1769976300000000,77032.74,77080.13,76945.53,77080.13,0.37126,1769976599999999,28598.6836572,13,0.26323,20278.8092797,0
1769976600000000,77225.75,77225.75,77119.09,77139.22,0.24917,1769976899999999,19231.3149766,10,0.10144,7822.9773361,0
1769976900000000,77135.37,77265.32,77135.37,77265.32,0.202,1769977199999999,15602.7489325,6,0.19646,15174.8258572,0
1769977200000000,77241.96,77362.24,77241.96,77291.89,0.05648,1769977499999999,4364.6230527,4,0.05648,4364.6230527,0
1769977500000000,77226.9,77226.9,76635.3,76644.54,0.05829,1769977799999999,4483.9451394,22,0.00997,766.0598943,0
1769977800000000,76779.58,76940.24,76779.58,76928.69,0.01137,1769978099999999,873.3113774,6,0.01124,863.3106477,0
1769978100000000,77135.92,77584.46,77135.92,77576.62,0.21334,1769978399999999,16545.094231,14,0.02485,1922.635937,0
1769978400000000,77526.26,77526.26,77340.01,77349.94,0.09592,1769978699999999,7435.6197562,5,0.00027,20.8844838,0
1769978700000000,77302.74,77302.74,77202.19,77220.75,0.01651,1769978999999999,1275.2422497,10,0.00729,563.3845992,0
1769979000000000,77219.97,77247.53,77064.17,77120.18,0.07552,1769979299999999,5833.4437661,11,0.06779,5236.6058192,0
1769979300000000,77064.21,77064.21,77064.21,77064.21,0.00013,1769979599999999,10.0183473,1,0.0,0.0,0
1769979600000000,77066.32,77066.32,76831.68,76831.68,0.14927,1769979899999999,11489.0854399,4,0.04052,3122.66628,0
1769979900000000,76847.64,76847.64,76473.9,76480.96,0.03519,1769980199999999,2698.0037614,15,0.01675,1284.7784096,0
1769980200000000,76577.69,76747.18,76564.72,76656.66,0.05337,1769980499999999,4090.6206675,19,0.04686,3592.047523,0
1769980500000000,76693.5,76737.13,76547.34,76548.28,0.04677,1769980799999999,3584.1851875,18,0.03926,3008.7078632,0
1769980800000000,76584.29,76729.6,76572.06,76653.01,0.14344,1769981099999999,10988.3023907,8,0.03514,2694.2237106,0
1769981100000000,76692.52,76986.15,76692.52,76986.15,0.09262,1769981399999999,7118.6305063,10,0.09262,7118.6305063,0
1769981400000000,76960.84,77108.05,76824.01,76824.01,0.10443,1769981699999999,8045.0334697,23,0.06951,5354.1069297,0
1769981700000000,77017.47,77091.28,77015.03,77075.45,0.06786,1769981999999999,5228.9600759,12,0.06773,5218.9402674,0
1769982000000000,77066.66,77112.41,76827.82,76827.82,0.08422,1769982299999999,6488.1930541,9,0.08409,6478.2054375,0
1769982300000000,76781.55,76788.67,76453.41,76788.67,0.24183,1769982599999999,18532.4839719,33,0.09183,7044.2807853,0
1769982600000000,76788.67,76788.67,76561.82,76561.82,0.27336,1769982899999999,20951.8514568,17,0.12321,9454.8854278,0
1769982900000000,76513.98,76566.72,76323.61,76454.53,0.38037,1769983199999999,29084.8448566,38,0.12341,9436.3623064,0
1769983200000000,76538.22,76832.15,76137.17,76832.15,0.63975,1769983499999999,48910.6260909,48,0.37086,28391.8145662,0
1769983500000000,76864.43,77120.07,76833.9,77120.07,0.52131,1769983799999999,40130.6503842,22,0.35531,27347.2351687,0
1769983800000000,77134.67,77677.36,77113.31,77421.52,0.13336,1769984099999999,10321.6819977,30,0.12783,9893.9313543,0
1769984100000000,77400.04,77400.04,77274.15,77274.15,0.00039,1769984399999999,30.1657408,3,0.0,0.0,0
1769984400000000,77278.31,77278.31,76659.35,76813.88,0.25522,1769984699999999,19648.5993198,22,0.0,0.0,0
1769984700000000,76805.52,77089.29,76688.72,77089.29,0.63411,1769984999999999,48661.7534235,36,0.42678,32752.1869725,0
1769985000000000,77134.05,77330.77,77134.05,77330.77,0.01203,1769985299999999,929.768105,4,0.0119,919.7231506,0
1769985300000000,77372.04,77561.25,77301.84,77561.25,0.03827,1769985599999999,2965.276173,13,0.03762,2914.9631115,0
1769985600000000,77504.17,77504.17,77409.55,77409.55,0.00108,1769985899999999,83.6273845,5,0.00056,43.349348,0
1769985900000000,77409.55,77473.07,77274.22,77274.26,0.01319,1769986199999999,1019.5770938,10,0.00556,429.6829224,0
1769986200000000,77306.85,77339.04,77139.24,77197.45,0.0151,1769986499999999,1165.3419694,7,0.01108,854.9939984,0
1769986500000000,77233.13,77297.59,77179.78,77179.78,0.03873,1769986799999999,2992.1942508,10,0.03126,2415.5661936,0
1769986800000000,77179.75,77249.14,76919.82,77029.94,0.27832,1769987099999999,21450.9624667,72,0.15297,11782.6775141,0
1769987100000000,77025.17,77025.17,75705.52,75863.27,0.67034,1769987399999999,50996.0197876,158,0.25691,19584.4190186,0
1769987400000000,76073.85,76715.42,75678.0,76591.18,0.41091,1769987699999999,31258.6661738,47,0.11431,8707.7703889,0
1769987700000000,76676.33,76793.42,76210.54,76253.92,0.22233,1769987999999999,17034.6102593,72,0.17198,13183.045607,0
1769988000000000,76234.07,76617.2,76131.1,76538.88,0.155,1769988299999999,11853.4646356,24,0.09166,7009.0102895,0
1769988300000000,76719.07,76940.52,76578.81,76752.53,0.261,1769988599999999,20022.2006455,76,0.08751,6715.3778553,0
1769988600000000,76745.34,77259.85,76709.26,77259.85,0.0517,1769988899999999,3979.2554626,26,0.03028,2335.4398014,0
1769988900000000,77218.73,77491.19,77179.07,77179.07,0.05442,1769989199999999,4211.128442,27,0.02825,2186.4318914,0
1769989200000000,77199.6,77276.37,77122.8,77260.91,0.34058,1769989499999999,26300.0831159,20,0.16812,12980.4125486,0
1769989500000000,77235.76,77235.76,77000.0,77000.0,0.08249,1769989799999999,6358.1914259,14,0.04286,3301.7762784,0
1769989800000000,76951.88,77148.03,76858.67,76932.67,0.29642,1769990099999999,22844.1069029,23,0.15271,11774.6522994,0
1769990100000000,76989.05,77067.66,76986.38,77004.32,0.21087,1769990399999999,16238.5713387,16,0.15225,11722.4757086,0
1769990400000000,76985.19,76985.19,76600.0,76694.14,0.10059,1769990699999999,7717.2818859,44,0.01489,1141.4918196,0
1769990700000000,76771.56,77425.77,76771.56,77302.39,0.58404,1769990999999999,44913.0158381,80,0.02428,1875.0193364,0
1769991000000000,77423.02,77653.07,77417.81,77605.79,0.14859,1769991299999999,11513.0853319,26,0.05816,4507.50661,0
1769991300000000,77742.39,77854.86,77657.6,77834.64,0.10947,1769991599999999,8512.801051,20,0.09603,7467.2027147,0
1769991600000000,77776.36,77968.8,77754.87,77943.47,0.36612,1769991899999999,28505.0892587,21,0.26546,20674.9075121,0
1769991900000000,77889.61,78015.97,77750.0,77929.03,0.26425,1769992199999999,20570.26517,17,0.12185,9490.6861844,0
1769992200000000,77878.45,78062.81,77801.67,77801.67,0.1143,1769992499999999,8909.7142004,9,0.11391,8879.3063502,0
1769992500000000,77917.85,78074.95,77917.85,78074.95,0.02139,1769992799999999,1669.1165455,4,0.02139,1669.1165455,0
1769992800000000,77904.64,77904.64,77818.6,77818.6,0.1661,1769993099999999,12925.6854396,5,0.0,0.0,0
1769993100000000,77870.61,77870.61,77759.97,77759.97,0.11421,1769993399999999,8882.2637598,5,0.0,0.0,0
1769993400000000,77754.57,77864.27,77754.57,77778.46,0.00103,1769993699999999,80.1232958,4,0.00029,22.5703411,0
1769993700000000,77675.07,77675.07,77516.88,77586.99,0.16885,1769993999999999,13100.233925,9,0.14486,11240.0344445,0
1769994000000000,77645.95,77866.49,77562.66,77866.49,0.31111,1769994299999999,24177.8014496,8,0.16849,13110.6356582,0
1769994300000000,77679.72,77679.72,77377.48,77377.48,0.18762,1769994599999999,14574.1631307,7,0.0,0.0,0
1769994600000000,77211.21,77211.21,76778.91,76778.91,0.44326,1769994899999999,34085.3944961,30,0.16511,12719.2655118,0
1769994900000000,76691.61,77282.82,76671.45,77185.19,0.46698,1769995199999999,35963.0965632,17,0.33389,25690.5769508,0
1769995200000000,77432.8,77526.54,77432.8,77520.22,0.12632,1769995499999999,9792.3685186,7,0.12619,9782.3022546,0
1769995500000000,77617.02,77849.22,77599.98,77718.84,0.14034,1769995799999999,10899.7088061,8,0.13982,10859.2823278,0
1769995800000000,77700.99,77700.99,77482.4,77482.4,0.24794,1769996099999999,19236.845584,7,0.0036,278.93664,0
1769996100000000,77617.63,77617.63,77525.24,77525.24,0.1011,1769996399999999,7837.9172515,2,0.1011,7837.9172515,0
1769996400000000,77657.99,77753.36,77651.48,77688.91,0.20742,1769996699999999,16107.7837299,10,0.00446,346.6146931,0
1769996700000000,77478.91,77478.91,77478.91,77478.91,0.00232,1769996999999999,179.7510712,2,0.00232,179.7510712,0
1769997000000000,77587.75,77587.75,77587.75,77587.75,0.00231,1769997299999999,179.2277025,1,0.00231,179.2277025,0
1769997300000000,77587.75,77587.75,77587.75,77587.75,0.0,1769997599999999,0.0,0,0.0,0.0,0
1769997600000000,77358.45,77458.3,77358.45,77359.46,0.13117,1769997899999999,10151.7431995,6,0.00156,120.6807576,0
1769997900000000,77353.22,77353.22,77225.44,77270.97,0.02138,1769998199999999,1651.633903,11,0.00125,96.5865125,0
1769998200000000,77175.83,77175.83,76988.68,76988.68,0.02869,1769998499999999,2209.8784316,13,0.0,0.0,0
1769998500000000,77122.63,77216.62,77103.82,77103.82,0.00202,1769998799999999,155.8254817,3,0.00189,145.7995398,0
1769998800000000,77002.61,77002.61,76997.42,76997.42,0.00355,1769999099999999,273.3415157,2,0.0,0.0,0
1769999100000000,77184.69,77212.51,77054.98,77054.98,0.15581,1769999399999999,12017.2112849,47,0.14467,11157.9746636,0
1769999400000000,76971.13,77170.48,76837.49,76837.49,0.02773,1769999699999999,2136.0547201,24,0.00147,113.373657,0
1769999700000000,76786.51,76988.08,76699.62,76966.12,0.38446,1769999999999999,29548.5630293,32,0.25927,19932.0034576,0
1770000000000000,76988.85,77041.98,76947.02,76947.02,0.0182,1770000299999999,1401.6889183,8,0.00802,617.8189937,0
1770000300000000,76767.38,76845.45,76759.15,76845.45,0.39754,1770000599999999,30520.3341347,13,0.39741,30510.3554452,0
1770000600000000,76809.45,76809.45,76604.42,76612.36,0.03229,1770000899999999,2475.9968101,10,0.01382,1059.0057133,0
1770000900000000,76631.69,76631.69,76393.9,76393.9,0.49803,1770001199999999,38107.4679761,28,0.06152,4709.2923044,0
1770001200000000,76417.59,76418.98,76300.0,76352.69,0.35188,1770001499999999,26859.1972866,8,0.0,0.0,0
1770001500000000,76288.9,76442.06,76254.24,76442.06,0.02128,1770001799999999,1624.1443825,8,0.01307,997.8203576,0
1770001800000000,76318.3,76318.3,75797.2,75797.2,0.06052,1770002099999999,4602.5880395,31,0.01468,1113.218344,0
1770002100000000,75787.06,75787.06,75362.7,75547.07,0.14265,1770002399999999,10770.6687792,59,0.07539,5691.2257638,0
1770002400000000,75584.63,75584.63,75000.01,75313.08,1.14784,1770002699999999,86245.4929824,248,1.06047,79680.5359186,0
1770002700000000,75331.56,75372.97,75000.0,75049.42,2.85252,1770002999999999,214350.5211965,438,1.85943,139753.8668762,0
1770003000000000,75049.25,75163.97,74677.01,74802.46,5.71911,1770003299999999,428305.7302022,956,1.10576,82899.6044973,0
1770003300000000,74818.8,74873.43,74551.95,74551.95,4.32868,1770003599999999,323498.5384249,777,1.58271,118267.4618976,0
1770003600000000,74563.21,74857.07,74548.4,74582.81,1.94511,1770003899999999,145318.8763888,356,1.2521,93544.8118363,0
1770003900000000,74564.29,75827.14,74544.95,75827.14,0.28591,1770004199999999,21467.1592876,85,0.25063,18815.1507866,0
1770004200000000,75751.91,76110.68,75462.09,75881.22,0.8181,1770004499999999,61988.6889964,158,0.58136,44021.0822916,0
1770004500000000,76007.8,76379.94,75969.18,76218.04,1.5161,1770004799999999,115463.9751031,217,1.05872,80629.8877898,0
1770004800000000,76238.25,76238.25,75674.53,75674.53,0.23739,1770005099999999,18035.8136555,67,0.18134,13773.5840254,0
1770005100000000,75677.18,75810.28,75415.63,75804.22,1.25285,1770005399999999,94693.1722888,134,0.57515,43482.8471638,0
1770005400000000,75827.28,75831.68,75281.79,75461.56,0.41005,1770005699999999,30945.2386345,93,0.36344,27428.2292,0
1770005700000000,75426.21,75941.33,75426.21,75941.33,0.65865,1770005999999999,49853.6875002,140,0.5935,44923.4598688,0
1770006000000000,75950.97,76195.32,75868.06,76025.62,0.22291,1770006299999999,16951.9406168,60,0.09127,6939.0321291,0
1770006300000000,76203.07,76442.76,76194.79,76386.09,0.42851,1770006599999999,32709.1650554,105,0.27311,20847.4941389,0
1770006600000000,76386.09,76510.85,76191.72,76191.72,0.08232,1770006899999999,6287.4731783,44,0.02006,1532.9153794,0
1770006900000000,76353.98,76353.98,76268.57,76274.04,0.00961,1770007199999999,733.051245,10,0.00843,643.0066975,0
1770007200000000,76246.09,76259.1,76097.38,76117.44,0.14434,1770007499999999,11000.8451887,48,0.10575,8060.5946299,0
1770007500000000,76097.4,76102.33,75884.82,75884.82,0.38,1770007799999999,28870.0580321,19,0.15857,12047.9557678,0
1770007800000000,75894.99,76025.66,75894.99,75918.83,0.01676,1770008099999999,1273.8420905,6,0.01637,1244.2321322,0
1770008100000000,75793.06,75864.04,75750.3,75800.04,0.02705,1770008399999999,2050.050962,14,0.0191,1447.5979639,0
1770008400000000,75852.93,75906.8,75700.0,75886.48,0.0952,1770008699999999,7222.0753583,10,0.08633,6549.2396736,0
1770008700000000,75816.51,75821.67,75341.63,75374.04,0.62862,1770008999999999,47591.8450267,67,0.36788,27840.0588605,0
1770009000000000,75474.6,75486.14,75370.08,75448.1,0.13976,1770009299999999,10540.1896365,34,0.0499,3765.5224575,0
1770009300000000,75442.74,75442.74,74990.07,75112.72,0.08056,1770009599999999,6058.3874608,30,0.02569,1932.5537737,0
1770009600000000,75157.62,75318.7,75032.18,75298.62,0.0313,1770009899999999,2351.905401,9,0.00778,584.7611259,0
1770009900000000,75194.17,75194.17,74883.93,74987.69,0.46764,1770010199999999,35099.8274048,34,0.24354,18263.1689329,0
1770010200000000,75045.25,75304.36,74955.2,75013.2,0.11031,1770010499999999,8280.5394715,45,0.10503,7884.730595,0
1770010500000000,75105.56,75180.54,74860.05,75102.22,0.07753,1770010799999999,5815.7173532,23,0.07486,5615.7343532,0
1770010800000000,75115.86,75296.16,74859.11,75180.07,0.95809,1770011099999999,72003.1081885,133,0.14969,11249.226353,0
1770011100000000,75267.69,75287.04,75087.28,75211.33,0.1241,1770011399999999,9335.5853822,35,0.08295,6237.6171324,0
1770011400000000,75247.09,75568.57,75197.95,75335.67,0.50717,1770011699999999,38240.8724029,133,0.20405,15367.9053651,0
1770011700000000,75343.21,75476.66,75343.21,75399.67,0.06645,1770011999999999,5013.0064407,15,0.02145,1616.7992196,0
1770012000000000,75464.22,75464.22,75113.0,75405.47,0.15878,1770012299999999,11943.6316443,38,0.06623,4982.2637499,0
1770012300000000,75360.66,75438.34,75290.4,75322.47,0.176,1770012599999999,13269.3911131,24,0.04674,3522.0730242,0
1770012600000000,75519.7,75600.56,75384.9,75600.56,0.0744,1770012899999999,5615.3108066,20,0.01568,1184.4183613,0
1770012900000000,75590.47,75795.12,75530.17,75751.7,0.33001,1770013199999999,24956.8709852,39,0.0414,3129.5495561,0
1770013200000000,75835.12,75943.73,75641.65,75641.65,0.16111,1770013499999999,12217.3970313,38,0.05939,4505.8720791,0
1770013500000000,75609.76,75658.54,75393.44,75658.54,0.00947,1770013799999999,714.7979731,11,0.00392,296.1314823,0
1770013800000000,75620.65,75690.64,75400.0,75400.0,0.12606,1770014099999999,9538.8611055,6,0.10793,8168.4934583,0
1770014100000000,75014.97,75033.46,74906.59,75033.46,0.44468,1770014399999999,33350.289212,23,0.1788,13414.4349808,0
1770014400000000,75291.26,76735.87,75291.25,76347.12,0.58486,1770014699999999,44402.7462921,85,0.37505,28377.2063543,0
1770014700000000,76320.18,76480.75,76059.96,76087.85,0.96374,1770014999999999,73413.0754104,43,0.50042,38096.0744261,0
1770015000000000,76107.62,76315.4,76107.62,76315.4,0.05109,1770015299999999,3890.4355797,7,0.04592,3496.0654538,0
1770015300000000,76192.39,76421.79,76192.39,76421.79,0.26797,1770015599999999,20467.8712135,10,0.11035,8432.0532867,0
1770015600000000,76411.66,76535.53,76328.89,76535.53,0.05056,1770015899999999,3863.4552889,16,0.0503,3843.5830716,0
1770015900000000,76422.49,76694.38,76389.33,76683.1,0.41569,1770016199999999,31808.5466753,16,0.01175,899.4794289,0
1770016200000000,76675.58,76675.58,76426.94,76426.94,0.17484,1770016499999999,13369.6463441,15,0.01903,1456.2478431,0
1770016500000000,76526.71,76551.52,76291.79,76551.52,0.01656,1770016799999999,1266.1074264,7,0.00621,475.2136311,0
1770016800000000,76524.52,76524.52,76376.88,76394.88,0.01158,1770017099999999,885.4018308,6,0.00654,499.71825,0
1770017100000000,76401.1,76401.1,76350.97,76390.12,0.0196,1770017399999999,1497.2586836,8,0.0195,1489.6211056,0
1770017400000000,76431.89,76505.53,76376.29,76489.72,0.01359,1770017699999999,1038.9030067,8,0.01359,1038.9030067,0
1770017700000000,76489.44,76624.98,76390.76,76576.85,0.15437,1770017999999999,11804.5483849,22,0.14109,10788.799597,0
1770018000000000,76591.32,76628.14,76456.47,76496.93,0.15401,1770018299999999,11795.1938272,23,0.02513,1922.7503066,0
1770018300000000,76661.13,76816.66,76653.98,76742.25,0.0362,1770018599999999,2775.3648913,9,0.01838,1409.1776193,0
1770018600000000,76585.27,76759.34,76584.99,76752.16,0.50325,1770018899999999,38568.4067205,42,0.13174,10103.2167917,0
1770018900000000,76745.9,76747.73,76566.03,76566.03,0.44394,1770019199999999,34037.0592604,15,0.23989,18408.608845,0
1770019200000000,76556.37,76815.79,76556.37,76815.79,0.28978,1770019499999999,22207.7425001,8,0.18203,13958.7583935,0
1770019500000000,76686.15,76792.28,76655.32,76713.72,0.01123,1770019799999999,861.8211758,9,0.01065,817.3204842,0
1770019800000000,76854.36,76877.23,76795.46,76826.56,0.1811,1770020099999999,13913.3645917,11,0.00732,562.4449949,0
1770020100000000,76849.03,77096.5,76818.98,77096.5,0.31917,1770020399999999,24528.284827,23,0.22919,17613.4066662,0
1770020400000000,77084.99,77084.99,76875.32,76911.11,0.11722,1770020699999999,9015.7777757,27,0.10707,8235.1825523,0
1770020700000000,76929.44,76975.47,76655.49,76710.19,0.07812,1770020999999999,5997.5915892,43,0.07185,5515.9865865,0
1770021000000000,76780.36,76918.06,76625.13,76687.82,0.07445,1770021299999999,5713.2682393,31,0.04872,3740.611557,0
1770021300000000,76685.17,76976.86,76634.31,76946.4,0.03061,1770021599999999,2350.9930276,25,0.03061,2350.9930276,0
1770021600000000,76908.14,76920.24,76861.54,76872.59,0.10783,1770021899999999,8289.4739897,20,0.10783,8289.4739897,0
1770021900000000,76830.08,77018.44,76797.18,77018.44,0.09074,1770022199999999,6974.7166004,25,0.09074,6974.7166004,0
1770022200000000,76983.25,77031.14,76949.27,77030.56,0.03526,1770022499999999,2714.7231634,15,0.03526,2714.7231634,0
1770022500000000,76990.01,77030.57,76830.77,76843.1,0.07142,1770022799999999,5495.4827108,48,0.0388,2986.2898565,0
1770022800000000,76840.13,76857.87,76611.97,76837.99,0.25675,1770023099999999,19699.1425632,51,0.09598,7367.1473659,0
1770023100000000,76821.32,76838.57,76684.39,76727.6,0.0783,1770023399999999,6010.0798406,38,0.03408,2616.4126691,0
1770023400000000,76695.59,76772.37,76658.43,76727.84,0.21481,1770023699999999,16476.5061964,29,0.03918,3006.4571046,0
1770023700000000,76712.27,76897.5,76615.38,76897.5,0.42609,1770023999999999,32688.1080657,59,0.35112,26936.8923878,0
1770024000000000,76882.28,77048.24,76862.02,77026.11,0.18982,1770024299999999,14597.8034131,28,0.05087,3915.0499551,0
1770024300000000,76988.54,77291.25,76962.97,77291.25,0.40991,1770024599999999,31600.2904543,29,0.36104,27838.0483131,0
1770024600000000,77272.86,77407.47,77211.67,77223.13,0.02416,1770024899999999,1867.6273242,17,0.02132,1648.2172425,0
1770024900000000,77292.08,77594.36,77231.58,77405.26,0.0326,1770025199999999,2524.1835127,18,0.03247,2514.1148164,0
1770025200000000,77394.58,77394.69,77322.31,77377.89,0.01842,1770025499999999,1424.9360153,6,0.01329,1028.1239489,0
1770025500000000,77433.9,77778.79,77433.9,77747.35,0.29451,1770025799999999,22890.0710546,32,0.0361,2802.7071805,0
1770025800000000,77712.75,77753.8,77642.44,77650.84,0.58526,1770026099999999,45464.9681924,72,0.46456,36086.7170301,0
1770026100000000,77644.61,77710.39,77587.88,77663.65,0.0969,1770026399999999,7523.9338232,42,0.08402,6523.9355794,0
1770026400000000,77681.5,77692.14,77575.1,77604.89,0.07736,1770026699999999,6004.7883467,30,0.03416,2652.7482665,0
1770026700000000,77661.82,77794.98,77646.1,77648.4,0.19219,1770026999999999,14932.6785885,28,0.08563,6652.4752242,0
1770027000000000,77583.45,77753.18,77583.45,77639.42,0.12266,1770027299999999,9525.2724104,54,0.05265,4088.6211216,0
1770027300000000,77639.42,77664.5,77506.36,77548.04,0.17038,1770027599999999,13212.1882837,32,0.11768,9126.3750117,0
1770027600000000,77460.65,77523.66,77437.83,77440.55,0.04295,1770027899999999,3327.4269311,30,0.02883,2233.8655108,0
1770027900000000,77459.23,77559.68,77459.23,77526.49,0.0793,1770028199999999,6148.9646632,19,0.01266,981.6257592,0
1770028200000000,77558.14,77780.97,77558.14,77722.15,0.2359,1770028499999999,18337.0685495,22,0.08307,6456.646416,0
1770028500000000,77730.3,77730.3,77494.16,77527.36,0.19998,1770028799999999,15510.2100747,29,0.19175,14871.6576636,0
1770028800000000,77475.3,77557.3,77443.06,77541.13,0.01948,1770029099999999,1509.5532761,22,0.01822,1411.9708293,0
1770029100000000,77549.29,77568.08,77397.4,77428.94,0.31189,1770029399999999,24155.917109,26,0.04791,3710.9864434,0
1770029400000000,77477.67,77522.19,77476.52,77522.19,0.01688,1770029699999999,1308.2906247,12,0.01688,1308.2906247,0
1770029700000000,77522.19,77522.19,77428.1,77453.62,0.61295,1770029999999999,47470.7191139,22,0.0166,1286.1462869,0
1770030000000000,77458.73,77518.98,77402.55,77479.24,0.74648,1770030299999999,57859.5776332,21,0.09618,7451.0919112,0
1770030300000000,77695.05,77695.05,77577.83,77577.99,0.20304,1770030599999999,15754.2848245,9,0.00729,565.6977535,0
1770030600000000,77529.28,77551.93,77457.16,77551.93,0.00905,1770030899999999,701.4885632,3,0.00905,701.4885632,0
1770030900000000,77637.94,77639.04,77554.92,77554.92,0.32969,1770031199999999,25582.6528084,11,0.25331,19659.0080188,0
1770031200000000,77625.33,77653.63,77595.79,77595.79,0.26327,1770031499999999,20436.5397035,9,0.00588,456.5560148,0
1770031500000000,77650.06,77675.38,77637.5,77675.38,0.0172,1770031799999999,1335.6487928,7,0.01064,826.3072468,0
1770031800000000,77745.12,77805.05,77712.12,77805.05,0.31353,1770032099999999,24373.1451182,11,0.00577,448.6215392,0
1770032100000000,77850.18,77859.17,77801.36,77859.17,0.04074,1770032399999999,3170.8088065,15,0.01123,874.1164031,0
1770032400000000,77874.33,77874.33,77740.7,77776.95,0.02054,1770032699999999,1597.9409541,13,0.01861,1447.7179081,0
1770032700000000,77807.51,77807.51,77702.39,77756.23,0.8141,1770032999999999,63299.897196,23,0.20932,16275.1926566,0
1770033000000000,77756.64,77897.28,77715.6,77876.75,0.03114,1770033299999999,2424.329067,11,0.00218,169.7245012,0
1770033300000000,77844.7,77876.75,77669.06,77669.06,1.38113,1770033599999999,107319.3146391,191,0.12568,9765.6054508,0
1770033600000000,77669.07,77879.86,77664.28,77879.86,0.0957,1770033899999999,7439.3951993,17,0.01276,991.7975073,0
1770033900000000,77861.36,77881.27,77785.15,77853.01,0.00945,1770034199999999,735.3804139,11,0.00905,704.2359369,0
1770034200000000,77870.76,77921.34,77831.82,77921.34,0.23011,1770034499999999,17920.4141888,14,0.2249,17514.501042,0
1770034500000000,77903.9,77956.49,77845.16,77917.98,0.50153,1770034799999999,39068.9970947,24,0.17751,13829.7123233,0
1770034800000000,77913.94,78067.87,77913.93,77973.95,0.2794,1770035099999999,21769.3943026,14,0.10678,8319.8507706,0
1770035100000000,78132.38,78323.88,78099.03,78132.39,0.33694,1770035399999999,26347.1641636,34,0.18464,14426.72629,0
1770035400000000,78105.87,78131.62,77924.03,77927.82,0.08335,1770035699999999,6510.5242721,17,0.07592,5931.1284636,0
1770035700000000,77913.94,77913.94,77818.0,77818.0,0.00612,1770035999999999,476.3182701,12,0.0008,62.264099,0
1770036000000000,77794.37,77907.64,77794.37,77812.51,0.00701,1770036299999999,545.8992376,15,0.00599,466.4823575,0
1770036300000000,77769.77,77870.07,77769.77,77839.11,0.16858,1770036599999999,13121.8342,10,0.0003,23.338921,0
1770036600000000,77769.77,77957.96,77764.16,77957.96,0.01703,1770036899999999,1325.825071,10,0.01619,1260.4928452,0
1770036900000000,77957.95,77985.78,77867.55,77950.98,0.05642,1770037199999999,4396.8219306,19,0.05579,4347.7169249,0
1770037200000000,77940.23,77946.55,77767.02,77838.64,0.23097,1770037499999999,17965.0210262,28,0.05243,4078.7763811,0
1770037500000000,77808.06,77828.93,77770.45,77770.45,0.00834,1770037799999999,648.806392,14,0.00763,593.5736626,0
1770037800000000,77772.38,77916.53,77772.38,77829.01,0.12421,1770038099999999,9667.9040846,14,0.01136,883.9426206,0
1770038100000000,77937.34,77937.34,77767.23,77810.04,0.01095,1770038399999999,852.3588422,10,0.00018,14.0117742,0
1770038400000000,77846.15,78044.07,77844.94,77969.53,0.0396,1770038699999999,3085.9581856,9,0.03204,2496.8784578,0
1770038700000000,77958.77,78014.64,77904.29,77904.29,0.06764,1770038999999999,5269.6854625,3,0.0035,272.9043019,0
1770039000000000,77850.07,77850.07,77807.06,77807.07,0.0351,1770039299999999,2731.4019224,11,0.01086,845.2180325,0
1770039300000000,77812.04,77936.08,77773.31,77936.08,0.01358,1770039599999999,1057.0537104,14,0.01358,1057.0537104,0
1770039600000000,77891.71,77958.8,77800.63,77862.77,0.05545,1770039899999999,4316.2728856,14,0.04132,3215.9489033,0
1770039900000000,77878.44,77904.72,77826.14,77878.1,0.02726,1770040199999999,2123.0181961,17,0.02726,2123.0181961,0
1770040200000000,77929.59,77962.45,77785.8,77922.67,0.02568,1770040499999999,2000.0079519,18,0.02568,2000.0079519,0
1770040500000000,77950.34,78406.01,77950.34,78406.01,0.19559,1770040799999999,15298.295476,34,0.07145,5586.33913,0
1770040800000000,78219.05,78223.52,78003.0,78003.0,0.14426,1770041099999999,11277.6066896,8,0.01126,880.0310003,0
1770041100000000,77985.36,77994.65,77894.29,77894.29,0.11795,1770041399999999,9189.3805039,7,0.00346,269.5997661,0
1770041400000000,77850.95,77895.87,77724.93,77753.55,0.25681,1770041699999999,19977.2478503,24,0.07741,6023.8669611,0
1770041700000000,77753.55,77790.93,77304.32,77585.04,0.44592,1770041999999999,34627.5918973,50,0.02219,1724.5564934,0
1770042000000000,77647.67,77988.6,77647.67,77988.6,0.01931,1770042299999999,1503.2291816,8,0.01422,1106.5728916,0
1770042300000000,77984.11,77984.11,77814.71,77969.85,0.09289,1770042599999999,7237.3947979,18,0.00034,26.4668534,0
1770042600000000,77950.5,78340.18,77950.5,78279.69,0.14072,1770042899999999,11006.5009761,22,0.12829,10034.3927769,0
1770042900000000,78325.34,78754.7,78325.34,78549.34,0.43833,1770043199999999,34413.5806266,43,0.32084,25184.8955191,0
1770043200000000,78468.22,78825.42,78296.27,78515.96,0.1949,1770043499999999,15335.0415567,47,0.10205,8028.8086785,0
1770043500000000,78444.74,78724.84,78233.94,78234.92,0.66164,1770043799999999,51891.4714095,57,0.22227,17430.2582023,0
1770043800000000,78261.29,78487.15,78207.05,78271.02,0.27336,1770044099999999,21418.6629301,60,0.16162,12671.7623961,0
1770044100000000,78302.63,78302.63,77655.3,77797.22,0.44813,1770044399999999,34909.7590503,114,0.25593,19930.5324697,0
1770044400000000,77783.17,77930.77,77549.18,77817.47,0.15592,1770044699999999,12117.165438,33,0.06853,5324.4998514,0
1770044700000000,77849.12,77986.24,77700.4,77986.24,0.03275,1770044999999999,2548.0585648,19,0.0166,1291.5827548,0
1770045000000000,78105.89,78275.69,78012.48,78275.69,0.03356,1770045299999999,2622.6413219,15,0.0035,273.3845207,0
1770045300000000,78226.33,78408.99,78147.15,78407.04,0.35368,1770045599999999,27687.7030761,26,0.34984,27387.2301222,0
1770045600000000,78428.41,78759.43,78378.5,78712.39,0.42753,1770045899999999,33570.9902348,113,0.21236,16672.8956975,0
1770045900000000,78745.58,78914.7,78423.76,78615.37,0.78523,1770046199999999,61804.1195808,206,0.41787,32861.8817724,0
1770046200000000,78526.28,78726.52,78440.52,78515.53,0.18781,1770046499999999,14758.9898723,36,0.15775,12394.6016707,0
1770046500000000,78512.45,79062.06,78437.94,79062.06,0.83777,1770046799999999,66097.6879294,213,0.58444,46097.7257201,0
1770046800000000,79014.44,79283.74,78903.13,78987.22,0.3095,1770047099999999,24479.8082176,93,0.141,11156.187986,0
1770047100000000,78974.42,79080.34,78922.84,79066.09,0.39381,1770047399999999,31104.708504,81,0.16988,13424.1906265,0
1770047400000000,79041.57,79041.57,78741.47,78793.61,0.31536,1770047699999999,24870.1546669,57,0.19691,15528.1023613,0
1770047700000000,78801.07,78836.87,78619.72,78815.25,0.14561,1770047999999999,11465.6723549,29,0.12964,10208.3869387,0
1770048000000000,78788.77,78831.05,78750.6,78794.47,0.00686,1770048299999999,540.5124307,9,0.0,0.0,0
1770048300000000,78638.21,78643.1,78620.22,78643.1,0.00608,1770048599999999,478.1119966,4,0.00595,467.8883936,0
1770048600000000,78992.96,79119.5,78970.08,79119.5,0.01561,1770048899999999,1233.7532083,9,0.00063,49.845285,0
1770048900000000,79022.22,79209.28,79022.22,79144.18,0.15955,1770049199999999,12628.6647954,17,0.04581,3624.1965362,0
1770049200000000,78982.71,79114.1,78896.13,79032.28,0.10891,1770049499999999,8601.2171389,14,0.00804,635.1178692,0
1770049500000000,78922.11,79073.69,78865.66,79038.1,0.06219,1770049799999999,4911.07814,19,0.043,3397.0516199,0
1770049800000000,79140.96,79157.53,79049.73,79049.73,0.06616,1770050099999999,5235.3600292,12,0.05418,4287.7294908,0
1770050100000000,79150.58,79150.58,78851.04,78851.04,0.16751,1770050399999999,13228.7587349,16,0.02625,2071.0354468,0
1770050400000000,78808.57,78990.2,78808.57,78990.2,0.09713,1770050699999999,7658.4686832,5,0.097,7648.2235691,0
1770050700000000,78828.66,78985.01,78760.76,78780.94,0.05154,1770050999999999,4062.0864554,21,0.00401,316.299387,0
1770051000000000,78741.96,78741.96,78625.71,78678.51,0.11011,1770051299999999,8664.1100302,21,0.06353,5000.3403273,0
1770051300000000,78634.78,78648.18,78554.94,78593.01,0.00934,1770051599999999,734.1987044,10,0.00361,283.6271139,0
1770051600000000,78586.22,78928.25,78586.22,78826.22,0.01875,1770051899999999,1475.8716049,9,0.01862,1465.6109324,0
1770051900000000,78931.8,78934.91,78815.67,78830.57,0.31985,1770052199999999,25233.8252172,19,0.01379,1087.5116918,0
1770052200000000,78787.11,78828.03,78780.92,78828.03,0.16357,1770052499999999,12891.6955569,9,0.08167,6435.7768716,0
1770052500000000,78960.53,78983.15,78901.11,78983.15,0.28239,1770052799999999,22295.0086209,19,0.16628,13128.1882093,0
1770052800000000,79123.62,79176.29,79096.16,79165.09,0.05956,1770053099999999,4715.1336298,8,0.0593,4694.5645748,0
1770053100000000,78992.71,79064.28,78940.83,78949.85,0.11232,1770053399999999,8869.2029226,18,0.03212,2537.3478936,0
1770053400000000,78949.85,79150.82,78945.02,79057.97,0.03774,1770053699999999,2980.7003931,18,0.03334,2632.8371715,0
1770053700000000,79108.93,79165.46,78940.51,78943.03,0.01539,1770053999999999,1217.5156334,5,0.01526,1207.2533671,0
1770054000000000,78938.13,78938.13,78747.56,78856.68,0.1084,1770054299999999,8548.3123745,21,0.02204,1736.7956083,0
1770054300000000,78973.21,78973.48,78965.09,78965.09,0.01419,1770054599999999,1120.6301362,3,0.01406,1110.3646745,0
1770054600000000,78923.91,78967.82,78803.12,78967.82,0.00594,1770054899999999,468.5144789,13,0.00568,447.9992777,0
1770054900000000,79023.78,79032.09,78965.34,78966.51,0.00776,1770055199999999,612.8919155,7,0.0075,592.3571896,0
1770055200000000,78885.01,78891.17,78843.34,78843.34,0.0155,1770055499999999,1222.1721741,9,0.00206,162.4265494,0
1770055500000000,78757.95,78776.22,78733.73,78733.73,0.00124,1770055799999999,97.667306,3,0.00124,97.667306,0
1770055800000000,78717.34,78717.34,78620.09,78632.84,0.02406,1770056099999999,1893.015224,8,0.00845,665.1010314,0
1770056100000000,78659.07,78659.07,78564.14,78564.14,0.02982,1770056399999999,2344.5437586,12,0.00105,82.5559501,0
1770056400000000,78512.36,78552.33,78424.14,78552.33,0.01524,1770056699999999,1195.9819441,6,0.00995,781.0642562,0
1770056700000000,78456.01,78567.43,78311.94,78375.11,0.12254,1770056999999999,9608.3096707,34,0.05515,4320.9494901,0
1770057000000000,78353.73,78817.8,78353.73,78817.67,0.05698,1770057299999999,4479.2751504,22,0.04973,3908.5233974,0
1770057300000000,78630.22,78630.22,78589.24,78589.24,0.01632,1770057599999999,1282.6807029,9,0.0,0.0,0
1770057600000000,78676.21,78676.21,78556.33,78556.33,0.00496,1770057899999999,389.9847928,10,0.0041,322.3949428,0
1770057900000000,78583.84,78650.44,78527.62,78572.21,0.02897,1770058199999999,2277.0431033,17,0.00546,429.3123396,0
1770058200000000,78571.55,78609.76,78553.26,78609.75,0.00834,1770058499999999,655.3046137,6,0.0,0.0,0
1770058500000000,78609.75,78618.51,78556.42,78618.51,0.01518,1770058799999999,1192.7592196,11,0.00293,230.273255,0
1770058800000000,78527.62,78621.27,78527.62,78563.29,0.00159,1770059099999999,124.9507329,6,0.00043,33.7856935,0
1770059100000000,78433.52,78447.09,78342.45,78342.45,0.00807,1770059399999999,632.4364116,15,0.00018,14.1106014,0
1770059400000000,78382.87,78591.43,78382.87,78491.55,0.02136,1770059699999999,1676.2981946,12,0.00756,592.8005604,0
1770059700000000,78530.89,78530.89,78473.93,78473.93,0.00244,1770059999999999,191.5337085,5,0.0017,133.4303278,0
1770060000000000,78422.8,78459.53,78360.67,78459.53,0.01222,1770060299999999,958.223466,7,0.00553,433.6472819,0
1770060300000000,78372.61,78382.29,78270.67,78314.27,0.0355,1770060599999999,2780.5552583,12,0.02232,1748.5754346,0
1770060600000000,78351.33,78392.66,78282.25,78297.34,0.16586,1770060899999999,12992.4478069,19,0.13311,10426.4599734,0
1770060900000000,78276.7,78430.5,78276.7,78385.76,0.02932,1770061199999999,2297.6888977,33,0.00583,456.7677057,0
1770061200000000,78377.71,78490.25,78377.71,78488.19,0.00801,1770061499999999,628.3696185,29,0.00498,390.7192243,0
1770061500000000,78488.19,78505.31,78331.01,78408.54,0.02602,1770061799999999,2040.3610572,30,0.00302,236.9033175,0
1770061800000000,78408.55,78408.55,78228.1,78331.11,0.0923,1770062099999999,7228.8946796,38,0.03828,2997.1316726,0
1770062100000000,78327.45,78504.56,78317.3,78327.92,0.07255,1770062399999999,5685.7125353,29,0.03052,2391.9668789,0
1770062400000000,78291.01,78323.19,78095.88,78154.3,0.10884,1770062699999999,8510.3896003,43,0.07079,5535.3507225,0
1770062700000000,78346.48,78601.84,78346.48,78501.46,0.00678,1770062999999999,532.1444403,10,0.00273,214.1008915,0
1770063000000000,78459.45,78465.63,78365.51,78409.74,0.00367,1770063299999999,287.8052814,7,0.00253,198.3819515,0
1770063300000000,78430.04,78456.63,78325.51,78406.11,0.01277,1770063599999999,1000.7292094,13,0.0016,125.495826,0
1770063600000000,78379.76,78407.34,78379.76,78407.34,0.00026,1770063899999999,20.382323,2,0.0,0.0,0
1770063900000000,78396.48,78496.97,78365.16,78399.09,0.03073,1770064199999999,2409.5458285,12,0.0037,290.072452,0
1770064200000000,78331.71,78384.88,78187.61,78282.34,0.20406,1770064499999999,15969.3047206,68,0.11712,9163.3646045,0
1770064500000000,78241.67,78274.53,78235.15,78235.15,0.02451,1770064799999999,1918.1089028,12,0.00069,53.9822604,0
1770064800000000,78209.91,78261.45,78139.86,78170.98,0.05957,1770065099999999,4657.9326714,15,0.01964,1534.928112,0
1770065100000000,78122.81,78123.08,77958.49,78037.58,0.10255,1770065399999999,8000.7134437,30,0.06284,4901.2622762,0
1770065400000000,78038.41,78179.38,78015.53,78015.53,0.04336,1770065699999999,3385.8469636,22,0.02916,2277.0768246,0
1770065700000000,78034.64,78061.31,77870.89,77937.25,0.30402,1770065999999999,23700.737604,90,0.0948,7390.9687194,0
1770066000000000,77985.21,78281.92,77871.61,78212.4,0.78264,1770066299999999,61036.4702413,166,0.56917,44381.6813989,0
1770066300000000,78331.16,78331.16,78181.41,78266.41,0.15699,1770066599999999,12286.2565862,43,0.1105,8648.3824183,0
1770066600000000,78292.09,78301.77,78277.94,78295.94,0.01709,1770066899999999,1338.0766613,8,0.00556,435.3254264,0
1770066900000000,78294.6,78402.18,78286.28,78340.77,0.06668,1770067199999999,5224.3137443,23,0.00077,60.3099651,0
1770067200000000,78313.87,78313.87,78179.24,78179.24,0.11154,1770067499999999,8728.5153808,26,0.03531,2763.0483837,0
1770067500000000,78218.72,78218.72,78172.76,78181.19,0.02302,1770067799999999,1799.7721138,8,0.00035,27.372799,0
1770067800000000,78246.51,78439.15,78246.51,78439.15,0.03412,1770068099999999,2674.2707814,8,0.02717,2130.4575369,0
1770068100000000,78458.8,78496.68,78453.44,78462.72,0.019,1770068399999999,1490.7913684,6,0.01397,1096.1705652,0
1770068400000000,78454.37,78454.37,78346.54,78346.54,0.04328,1770068699999999,3393.2528637,12,0.0014,109.815165,0
1770068700000000,78345.73,78395.76,78345.73,78361.02,0.09163,1770068999999999,7180.4531913,7,0.0915,7170.2662587,0
1770069000000000,78337.1,78481.6,78337.1,78481.6,0.07161,1770069299999999,5614.376021,7,0.01823,1430.3371026,0
1770069300000000,78481.6,78481.6,78481.6,78481.6,0.0,1770069599999999,0.0,0,0.0,0.0,0
1770069600000000,78511.13,78591.93,78493.38,78591.93,0.06923,1770069899999999,5435.6907929,5,0.04623,3630.3430529,0
1770069900000000,78591.93,78725.11,78579.79,78689.49,0.08054,1770070199999999,6335.9496821,12,0.05301,4171.3060753,0
1770070200000000,78718.08,78757.5,78715.81,78715.81,0.07906,1770070499999999,6224.3740438,8,0.07893,6214.1394038,0
1770070500000000,78715.8,78715.8,78555.68,78555.68,0.02597,1770070799999999,2042.5992712,10,0.01021,802.8780965,0
1770070800000000,78637.77,78637.77,78573.46,78606.99,0.01973,1770071099999999,1551.0460934,5,0.01835,1442.6114491,0
1770071100000000,78612.85,78612.85,78612.85,78612.85,0.00019,1770071399999999,14.9364415,1,0.00019,14.9364415,0
1770071400000000,78738.46,78740.77,78738.46,78740.77,0.0245,1770071699999999,1929.1180034,3,0.0245,1929.1180034,0
1770071700000000,78713.88,78713.88,78713.88,78713.88,0.01438,1770071999999999,1131.9055944,1,0.01438,1131.9055944,0
1770072000000000,78802.26,78802.26,78761.3,78761.3,0.0002,1770072299999999,15.7551272,2,7e-05,5.5161582,0
1770072300000000,78761.3,78761.3,78761.3,78761.3,0.0,1770072599999999,0.0,0,0.0,0.0,0
1770072600000000,78761.3,78761.3,78706.47,78706.47,0.10284,1770072899999999,8094.2561681,4,0.10133,7975.3266051,0
1770072900000000,78669.1,78745.49,78500.0,78742.28,1.2331,1770073199999999,96963.1739577,48,0.81077,63753.7715899,0
1770073200000000,78755.09,78823.13,78631.03,78631.03,0.37795,1770073499999999,29757.3881693,32,0.37795,29757.3881693,0
1770073500000000,78665.65,78728.73,78654.56,78654.56,0.04259,1770073799999999,3351.0910523,7,0.04259,3351.0910523,0
1770073800000000,78654.56,78736.64,78654.56,78736.64,0.06989,1770074099999999,5500.423312,5,0.06989,5500.423312,0
1770074100000000,78733.9,78733.9,78733.9,78733.9,0.14979,1770074399999999,11793.550881,3,0.0,0.0,0
1770074400000000,78600.0,78625.05,78589.26,78625.05,0.02262,1770074699999999,1777.8929583,4,0.00497,390.7664985,0
1770074700000000,78625.08,78625.08,78525.12,78525.12,0.6974,1770074999999999,54775.5311442,40,0.6846,53769.7115043,0
1770075000000000,78585.62,78693.57,78579.97,78693.57,0.33987,1770075299999999,26723.6362671,28,0.32594,25628.2882523,0
1770075300000000,78748.94,78910.26,78748.94,78855.28,0.08087,1770075599999999,6374.749303,19,0.08037,6335.356688,0
1770075600000000,78820.67,78848.22,78820.67,78848.22,0.01866,1770075899999999,1471.3040471,3,0.01853,1461.05736,0
1770075900000000,78867.59,78867.59,78761.77,78761.77,0.19485,1770076199999999,15350.1109441,23,0.01267,999.2523653,0
1770076200000000,78724.72,78789.52,78692.19,78785.72,0.08093,1770076499999999,6373.4743919,11,0.07136,5620.3901336,0
1770076500000000,78756.36,78756.36,78661.61,78690.16,0.20076,1770076799999999,15801.2453275,9,0.01316,1035.8643776,0
1770076800000000,78706.21,78707.32,78542.39,78542.39,0.23922,1770077099999999,18809.4132639,10,0.09277,7294.6966106,0
1770077100000000,78494.0,78494.0,78413.2,78413.2,0.18726,1770077399999999,14690.5478191,9,0.04417,3464.5730008,0
1770077400000000,78408.62,78523.54,78371.25,78523.54,0.22368,1770077699999999,17540.9578888,8,0.22357,17532.330888,0
1770077700000000,78651.75,78658.17,78651.75,78658.17,0.13427,1770077999999999,10560.6730932,5,0.13427,10560.6730932,0
1770078000000000,78718.5,78721.14,78680.5,78680.5,0.13624,1770078299999999,10721.2781136,7,0.01526,1201.0325516,0
1770078300000000,78653.79,78787.96,78650.5,78787.96,0.00037,1770078599999999,29.1161319,4,0.00016,12.5990992,0
1770078600000000,78861.16,78861.16,78782.67,78782.67,0.08945,1770078899999999,7047.7487401,3,0.0,0.0,0
1770078900000000,78780.74,78848.58,78780.74,78820.62,0.4089,1770079199999999,32227.4905513,16,0.26045,20527.3433355,0
1770079200000000,78808.96,78808.96,78808.96,78808.96,0.09918,1770079499999999,7816.2726528,2,0.0,0.0,0
1770079500000000,78939.78,78950.3,78933.37,78950.3,0.28382,1770079799999999,22403.873537,3,0.15644,12349.3408664,0
1770079800000000,78856.07,78892.54,78856.07,78892.54,0.17435,1770080099999999,13748.5607633,3,0.17435,13748.5607633,0
1770080100000000,78949.74,79004.31,78949.74,79004.31,0.70885,1770080399999999,55994.3469872,8,0.70885,55994.3469872,0
1770080400000000,79029.83,79135.76,79006.9,79135.76,0.06104,1770080699999999,4826.9177452,5,0.06104,4826.9177452,0
1770080700000000,78980.88,78980.88,78840.37,78840.37,0.02052,1770080999999999,1620.2092769,5,0.01398,1104.1527024,0
1770081000000000,78908.93,78908.93,78850.48,78850.48,0.00051,1770081299999999,40.2359558,2,0.00038,29.9853934,0
1770081300000000,78904.71,78914.91,78756.11,78756.11,0.00064,1770081599999999,50.4567545,6,0.00018,14.1879006,0
1770081600000000,78778.1,78850.09,78778.1,78850.09,0.00583,1770081899999999,459.3000797,2,0.00583,459.3000797,0
1770081900000000,78828.1,78878.7,78828.1,78878.7,0.00038,1770082199999999,29.964292,2,0.00019,14.977339,0
1770082200000000,78837.68,78892.49,78750.3,78788.6,0.01095,1770082499999999,863.1112014,20,0.00689,543.2222023,0
1770082500000000,78790.51,78805.92,78761.83,78772.59,0.00607,1770082799999999,478.1691305,10,0.00165,130.01106,0
1770082800000000,78850.0,78850.0,78850.0,78850.0,0.00032,1770083099999999,25.232,1,0.00032,25.232,0
1770083100000000,78850.0,78850.0,78850.0,78850.0,0.0,1770083399999999,0.0,0,0.0,0.0,0
1770083400000000,78913.75,78918.02,78895.49,78910.87,0.00035,1770083699999999,27.6199834,4,7e-05,5.5237609,0
1770083700000000,78910.87,78910.87,78910.87,78910.87,0.0,1770083999999999,0.0,0,0.0,0.0,0
1770084000000000,78777.79,78777.79,78777.79,78777.79,0.00037,1770084299999999,29.1477823,1,0.00037,29.1477823,0
1770084300000000,78723.77,78728.18,78689.06,78720.85,0.12051,1770084599999999,9485.411812,6,0.00785,617.9308194,0
1770084600000000,78678.83,78678.83,78443.45,78497.38,0.40882,1770084899999999,32083.7469487,15,0.22185,17409.427401,0
1770084900000000,78568.92,78649.57,78568.92,78649.57,0.05867,1770085199999999,4614.3404314,2,0.05867,4614.3404314,0
1770085200000000,78702.96,78784.56,78702.96,78784.56,0.15801,1770085499999999,12443.7852639,3,0.15801,12443.7852639,0
1770085500000000,78749.12,78749.12,78600.75,78600.75,0.00982,1770085799999999,772.3818385,3,0.00969,762.1605625,0
1770085800000000,78609.83,78636.42,78460.2,78636.42,0.47146,1770086099999999,37038.5433209,15,0.25462,19993.2534721,0
1770086100000000,78601.78,78601.78,78483.19,78483.19,0.10173,1770086399999999,7985.6443257,6,0.10173,7985.6443257,0
1770086400000000,78459.23,78489.77,78323.12,78337.72,0.3408,1770086699999999,26725.888432,39,0.23804,18670.6059113,0
1770086700000000,78321.66,78321.66,77980.0,78030.39,0.46861,1770086999999999,36655.5050088,103,0.03525,2757.5726025,0
1770087000000000,77990.14,77990.14,77919.31,77919.31,0.41643,1770087299999999,32467.7182599,76,0.00513,399.8639376,0
1770087300000000,77997.21,78025.65,77740.69,77740.69,0.34473,1770087599999999,26837.6625218,59,0.0055,428.0548573,0
1770087600000000,77792.06,77903.72,77609.02,77701.78,0.39516,1770087899999999,30757.1242003,102,0.0075,583.003525,0
1770087900000000,77659.84,78040.92,77659.84,77918.04,0.44975,1770088199999999,34975.3247964,109,0.03012,2343.7242414,0
1770088200000000,77984.5,78050.39,77984.5,78017.4,0.00559,1770088499999999,435.9712359,3,0.00546,425.8289739,0
1770088500000000,78015.66,78015.66,77812.31,77813.39,0.04437,1770088799999999,3456.7734668,18,0.0421,3280.0139941,0
1770088800000000,77812.25,78040.75,77745.19,78040.75,0.56312,1770089099999999,43825.1131391,128,0.20334,15825.1533113,0
1770089100000000,78060.76,78252.99,78040.75,78252.99,0.56726,1770089399999999,44337.6943732,138,0.02718,2124.3995816,0
1770089400000000,78240.22,78347.91,78204.46,78321.51,0.42676,1770089699999999,33417.5902578,96,0.00759,594.6434076,0
1770089700000000,78321.51,78477.56,78312.46,78404.92,0.27247,1770089999999999,21357.5676753,59,0.11644,9130.7311631,0
1770090000000000,78433.11,78580.99,78427.91,78513.56,0.18432,1770090299999999,14477.4558537,54,0.05664,4446.3401956,0
1770090300000000,78486.94,78568.84,78468.1,78490.94,0.80214,1770090599999999,62982.2546684,173,0.03828,3005.2977878,0
1770090600000000,78490.94,78564.53,78487.22,78520.14,0.29873,1770090899999999,23466.8806963,76,0.02079,1632.3099703,0
1770090900000000,78539.78,78834.83,78539.78,78713.02,0.58661,1770091199999999,46186.0400302,127,0.11897,9363.4739465,0
1770091200000000,78622.96,78622.96,78604.9,78604.9,0.00026,1770091499999999,20.4396218,2,0.0,0.0,0
1770091500000000,78616.67,78616.67,78500.26,78552.5,0.14784,1770091799999999,11620.6933824,35,0.0,0.0,0
1770091800000000,78648.24,78733.51,78623.43,78684.11,0.02199,1770092099999999,1729.9086945,9,0.00496,390.5182096,0
1770092100000000,78667.15,78667.15,78557.62,78557.62,0.02691,1770092399999999,2116.3282036,11,0.0,0.0,0
1770092400000000,78557.62,78557.62,78557.62,78557.62,0.0,1770092699999999,0.0,0,0.0,0.0,0
1770092700000000,78461.49,78503.58,78461.49,78503.58,0.00026,1770092999999999,20.4054591,2,0.0,0.0,0
1770093000000000,78488.75,78547.96,78460.2,78540.95,0.92424,1770093299999999,72558.662668,199,0.05484,4305.5384622,0
1770093300000000,78544.97,78686.87,78534.91,78686.87,0.23874,1770093599999999,18768.7787717,71,0.10613,8342.0014265,0
1770093600000000,78690.87,78932.04,78690.87,78922.11,0.17008,1770093899999999,13413.9368146,41,0.14667,11567.1804896,0
1770093900000000,78927.47,78927.47,78836.61,78841.56,0.22885,1770094199999999,18050.0280259,12,0.0331,2609.6446965,0
1770094200000000,78836.49,78836.49,78810.81,78810.81,0.01027,1770094499999999,809.5423506,3,0.006,473.01894,0
1770094500000000,78792.27,78792.27,78792.27,78792.27,0.00014,1770094799999999,11.0309178,1,0.00014,11.0309178,0
1770094800000000,78709.8,78719.51,78694.45,78694.45,0.22613,1770095099999999,17797.7003396,8,0.09742,7667.9081706,0
1770095100000000,78654.35,78723.95,78654.35,78723.95,0.01336,1770095399999999,1050.834644,3,0.01318,1036.664333,0
1770095400000000,78606.22,78606.22,78464.86,78464.86,0.23171,1770095699999999,18195.2700077,11,0.0,0.0,0
1770095700000000,78345.56,78345.56,78308.79,78308.79,0.13572,1770095999999999,10632.6102909,7,0.0,0.0,0
1770096000000000,78308.79,78308.79,78308.79,78308.79,0.0,1770096299999999,0.0,0,0.0,0.0,0
1770096300000000,78370.21,78370.21,78370.21,78370.21,0.00153,1770096599999999,119.9064213,1,0.00153,119.9064213,0
1770096600000000,78370.21,78370.21,78370.21,78370.21,0.0,1770096899999999,0.0,0,0.0,0.0,0
1770096900000000,78370.21,78370.21,78370.21,78370.21,0.0,1770097199999999,0.0,0,0.0,0.0,0
1770097200000000,78370.21,78370.21,78350.46,78350.96,0.11268,1770097499999999,8828.6104814,4,0.00075,58.762845,0
1770097500000000,78388.36,78408.02,78388.36,78408.02,0.08056,1770097799999999,6315.7874382,4,0.08056,6315.7874382,0
1770097800000000,78415.99,78415.99,78415.99,78415.99,0.00029,1770098099999999,22.7406371,1,0.0,0.0,0
1770098100000000,78274.57,78274.57,78196.26,78200.45,0.00543,1770098399999999,424.9091132,5,6e-05,4.692027,0
1770098400000000,78183.82,78218.81,78163.7,78218.8,0.21784,1770098699999999,17031.7349027,6,0.0,0.0,0
1770098700000000,78163.7,78163.7,77915.41,77935.72,0.04499,1770098999999999,3510.9392253,18,0.00058,45.1909378,0
1770099000000000,78049.55,78057.22,78031.19,78031.19,0.08245,1770099299999999,6435.0704558,6,0.00192,149.8316352,0
1770099300000000,78068.56,78262.2,78006.23,78262.2,0.0034,1770099599999999,265.5967843,4,0.00277,216.4512968,0
1770099600000000,78296.98,78331.36,78242.53,78293.3,0.04101,1770099899999999,3209.8802214,7,0.01666,1303.9252358,0
1770099900000000,78335.53,78573.63,78332.27,78496.63,0.08241,1770100199999999,6460.6505209,15,0.07202,5646.712192,0
1770100200000000,78471.97,78505.0,78419.3,78496.42,0.54112,1770100499999999,42450.1942291,98,0.10061,7892.7350746,0
1770100500000000,78518.43,78572.93,78410.13,78410.13,0.54057,1770100799999999,42437.8557193,128,0.04774,3749.750485,0
1770100800000000,78383.37,78476.6,78383.36,78409.66,0.11465,1770101099999999,8990.4304417,38,0.04457,3496.6110776,0
1770101100000000,78409.69,78598.93,78409.69,78512.88,0.75493,1770101399999999,59309.6954925,162,0.21596,16958.485148,0
1770101400000000,78499.29,78541.05,78477.11,78541.05,0.04559,1770101699999999,3579.5020049,11,0.04546,3569.2977017,0
1770101700000000,78520.16,78572.72,78453.05,78525.68,0.62393,1770101999999999,49000.3352046,150,0.09252,7263.6919519,0
1770102000000000,78510.5,78531.82,78446.05,78487.18,0.10864,1770102299999999,8529.3195938,25,0.01356,1064.4375868,0
1770102300000000,78530.36,78746.81,78530.36,78729.98,0.14866,1770102599999999,11687.540797,33,0.14853,11677.3158316,0
1770102600000000,78720.72,78833.74,78720.72,78746.05,0.40931,1770102899999999,32245.8620758,92,0.03303,2602.0207092,0
1770102900000000,78717.91,78717.91,78603.11,78603.11,0.01531,1770103199999999,1204.0082526,6,0.00497,391.2280127,0
1770103200000000,78604.2,78675.08,78602.98,78613.36,0.09645,1770103499999999,7582.4662279,27,0.00998,784.686261,0
1770103500000000,78609.86,78656.17,78585.04,78637.01,0.0106,1770103799999999,833.4043566,6,0.00999,785.4482526,0
1770103800000000,78733.81,78808.86,78733.81,78808.86,0.04162,1770104099999999,3277.2082161,14,0.01003,789.9880031,0
1770104100000000,78833.26,78837.17,78770.59,78783.36,0.74566,1770104399999999,58759.4060872,29,0.13888,10944.2256794,0
1770104400000000,78773.11,78773.11,78725.91,78766.9,0.06253,1770104699999999,4924.7037732,12,0.00675,531.7184925,0
1770104700000000,78758.62,78758.62,78758.62,78758.62,0.00013,1770104999999999,10.2386206,1,0.0,0.0,0
1770105000000000,78780.8,78813.78,78698.57,78698.57,0.20088,1770105299999999,15816.5466607,53,0.01315,1035.735949,0
1770105300000000,78691.83,78691.83,78670.68,78685.64,0.00039,1770105599999999,30.6862595,3,0.0,0.0,0
1770105600000000,78707.91,78849.94,78674.35,78701.83,0.33155,1770105899999999,26119.2261578,52,0.025,1969.9137,0
1770105900000000,78745.64,78745.64,78642.9,78659.05,0.19396,1770106199999999,15272.7472294,43,0.00851,669.3885155,0
1770106200000000,78613.04,78613.04,78443.73,78443.73,0.02614,1770106499999999,2052.6486306,15,0.02485,1951.3342504,0
1770106500000000,78425.47,78678.38,78425.47,78678.23,0.39027,1770106799999999,30681.1412521,49,0.2251,17685.8916018,0
1770106800000000,78672.24,78756.71,78631.48,78756.71,0.01057,1770107099999999,831.770606,6,0.01018,801.0970852,0
1770107100000000,78778.7,78890.9,78778.7,78840.46,0.38501,1770107399999999,30368.5281878,61,0.1623,12800.1816995,0
1770107400000000,78834.76,78886.71,78764.19,78847.64,0.32734,1770107699999999,25798.0985316,60,0.09301,7333.2166175,0
1770107700000000,78900.95,79024.61,78900.95,78954.15,0.93848,1770107999999999,74112.8067202,171,0.04291,3388.4447857,0
1770108000000000,78912.75,78936.28,78896.34,78936.28,0.07395,1770108299999999,5836.6330132,8,0.07376,5821.63512,0
1770108300000000,78941.0,78942.87,78839.77,78839.77,0.00701,1770108599999999,552.9090107,7,0.00636,501.6226236,0
1770108600000000,78811.92,78817.41,78811.86,78811.86,0.02267,1770108899999999,1786.6663401,3,0.02254,1776.4200768,0
1770108900000000,78696.78,78696.78,78642.58,78678.96,0.01587,1770109199999999,1248.5569303,5,0.01561,1228.097802,0
1770109200000000,78755.33,78755.33,78684.31,78684.31,0.00039,1770109499999999,30.7007233,3,0.0,0.0,0
1770109500000000,78773.53,78773.53,78712.51,78712.51,0.00039,1770109799999999,30.7081593,3,0.0,0.0,0
1770109800000000,78626.8,78626.8,78136.52,78185.38,0.3841,1770110099999999,30030.3405847,61,0.08755,6843.9317038,0
1770110100000000,78137.51,78296.83,77997.53,78275.03,0.2598,1770110399999999,20310.555973,71,0.18457,14430.8044461,0
1770110400000000,78289.9,78289.9,77999.17,77999.17,0.00152,1770110699999999,118.8348314,8,0.00061,47.7103143,0
1770110700000000,77935.72,77935.72,77935.72,77935.72,0.00225,1770110999999999,175.35537,1,0.0,0.0,0
1770111000000000,77922.01,78111.95,77920.72,78111.95,0.63732,1770111299999999,49725.5327727,17,0.30657,23924.8380748,0
1770111300000000,78184.29,78293.56,78184.29,78225.02,0.02761,1770111599999999,2159.9730677,8,0.02727,2133.3710931,0
1770111600000000,78225.14,78335.45,78225.14,78277.74,0.01951,1770111899999999,1526.7293411,5,0.01912,1496.1884268,0
1770111900000000,78201.35,78208.01,78163.0,78163.0,0.0054,1770112199999999,422.0924733,4,0.0,0.0,0
1770112200000000,78318.97,78383.62,78318.97,78340.44,0.15008,1770112499999999,11756.9539386,7,0.14948,11709.9237666,0
1770112500000000,78340.44,78340.44,78340.44,78340.44,0.0,1770112799999999,0.0,0,0.0,0.0,0
1770112800000000,78433.37,78436.34,78411.38,78416.8,0.0049,1770113099999999,384.2491266,5,0.00434,340.328912,0
1770113100000000,78399.52,78454.18,78399.52,78454.18,0.12597,1770113399999999,9882.2289974,17,0.00123,96.4314096,0
1770113400000000,78483.18,78483.18,78454.18,78476.85,0.00387,1770113699999999,303.7148726,4,0.00363,284.8838154,0
1770113700000000,78474.32,78497.43,78440.98,78440.98,0.0016,1770113999999999,125.5693228,6,0.00104,81.6230829,0
1770114000000000,78354.89,78412.5,78354.89,78412.5,0.00192,1770114299999999,150.5155699,3,0.00179,140.3294342,0
1770114300000000,78412.5,78412.5,78412.5,78412.5,0.0,1770114599999999,0.0,0,0.0,0.0,0
1770114600000000,78414.89,78414.89,78159.67,78159.67,0.0049,1770114899999999,383.9408732,15,0.0,0.0,0
1770114900000000,78114.3,78114.3,78099.0,78099.0,0.0067,1770115199999999,523.271689,3,0.00017,13.27683,0
1770115200000000,78122.77,78122.77,78085.0,78085.0,0.00036,1770115499999999,28.1174224,3,0.0,0.0,0
1770115500000000,78085.0,78085.0,78085.0,78085.0,0.0,1770115799999999,0.0,0,0.0,0.0,0
1770115800000000,78085.0,78085.0,78051.54,78051.54,0.00324,1770116099999999,252.9640022,4,0.0,0.0,0
1770116100000000,78042.79,78042.79,78028.42,78032.46,0.01395,1770116399999999,1088.5302122,4,0.01383,1079.1650774,0
1770116400000000,78092.19,78110.88,78032.13,78099.84,0.02094,1770116699999999,1635.1675764,10,0.02055,1604.7081981,0
1770116700000000,78205.79,78205.79,78099.84,78099.84,0.00096,1770116999999999,75.0307266,4,0.00012,9.3846948,0
1770117000000000,78173.07,78180.58,78173.07,78180.58,0.00103,1770117299999999,80.5235942,3,0.00103,80.5235942,0
1770117300000000,78156.75,78199.89,78099.84,78099.84,0.00286,1770117599999999,223.4994493,14,0.00249,194.5929548,0
1770117600000000,78045.66,78108.17,78045.66,78108.17,0.0073,1770117899999999,570.0555588,12,0.0073,570.0555588,0
1770117900000000,78082.8,78082.8,77965.0,78003.94,0.07667,1770118199999999,5980.320297,18,0.00566,441.4750905,0
1770118200000000,78005.04,78158.23,77956.0,78066.07,0.09417,1770118499999999,7342.7286833,16,0.01634,1275.3572475,0
1770118500000000,78172.85,78176.48,78131.36,78166.19,0.46412,1770118799999999,36272.9171473,39,0.00561,438.5677296,0
1770118800000000,78082.88,78207.03,78082.88,78165.43,0.05539,1770119099999999,4329.9116402,12,0.05539,4329.9116402,0
1770119100000000,78160.82,78287.82,78160.82,78250.14,0.16742,1770119399999999,13096.767746,30,0.01191,931.9646769,0
1770119400000000,78228.93,78228.94,78183.3,78228.94,0.19203,1770119699999999,15021.0225145,14,0.06391,4999.6115554,0
1770119700000000,78221.29,78240.6,77867.75,77998.46,0.49137,1770119999999999,38417.7209569,104,0.00093,72.6036771,0
1770120000000000,77998.0,78048.82,77961.85,77961.85,0.33366,1770120299999999,26030.3424511,46,0.06371,4972.0418051,0
1770120300000000,78021.65,78021.65,77964.72,77971.88,0.39916,1770120599999999,31132.8375968,28,0.0,0.0,0
1770120600000000,78038.46,78245.18,78038.46,78142.62,0.06678,1770120899999999,5221.6522683,14,0.03696,2888.7156703,0
1770120900000000,78113.81,78124.15,78113.81,78124.15,0.09765,1770121199999999,7627.8154077,4,0.00018,14.062347,0
1770121200000000,78082.79,78199.44,78082.79,78125.52,0.33833,1770121499999999,26430.3341959,71,0.0,0.0,0
1770121500000000,78175.56,78209.5,78136.9,78209.5,0.31143,1770121799999999,24346.1212356,24,0.00025,19.552375,0
1770121800000000,78237.96,78238.32,78237.96,78238.32,0.00618,1770122099999999,483.5111364,2,0.00618,483.5111364,0
1770122100000000,78149.55,78229.6,78149.55,78229.6,0.00039,1770122399999999,30.4991375,2,0.00026,20.339696,0
1770122400000000,78246.57,78249.25,78223.77,78223.77,0.01459,1770122699999999,1141.5273397,8,0.0142,1111.0142012,0
1770122700000000,78287.2,78287.2,78287.2,78287.2,0.00161,1770122999999999,126.042392,1,0.00161,126.042392,0
1770123000000000,78282.57,78282.57,78243.71,78243.71,0.00522,1770123299999999,408.4492212,3,0.00496,388.1008048,0
1770123300000000,78324.53,78324.53,78243.55,78243.55,0.01426,1770123599999999,1116.6612856,3,0.01413,1106.4810493,0
1770123600000000,78278.22,78288.07,78198.31,78200.41,0.02622,1770123899999999,2052.3091377,4,0.00393,307.4876139,0
1770123900000000,78345.58,78345.58,78299.21,78299.21,0.01716,1770124199999999,1343.8826797,3,0.01703,1333.6977543,0
1770124200000000,78308.02,78321.53,78308.02,78321.53,0.00744,1770124499999999,582.6134251,2,0.00731,572.4316262,0
1770124500000000,78348.08,78348.08,78254.01,78254.01,0.00808,1770124799999999,632.4982211,3,0.00795,622.32163,0
1770124800000000,78262.24,78262.24,78164.29,78164.29,0.02644,1770125099999999,2068.7755802,8,0.02618,2048.4381397,0
1770125100000000,78235.97,78369.6,78235.97,78369.6,0.03255,1770125399999999,2548.8673424,12,0.03242,2538.6792944,0
1770125400000000,78361.45,78361.45,78264.44,78264.44,0.04006,1770125699999999,3137.3519352,6,0.0398,3116.9889276,0
1770125700000000,78264.44,78264.44,78264.44,78264.44,0.0,1770125999999999,0.0,0,0.0,0.0,0
1770126000000000,78312.54,78312.54,78227.63,78227.63,0.33289,1770126299999999,26048.8008617,9,0.3325,26018.2750625,0
1770126300000000,78223.22,78262.76,78223.22,78231.82,0.00436,1770126599999999,341.1329746,3,0.00436,341.1329746,0
1770126600000000,78267.27,78267.27,78126.04,78174.73,0.0274,1770126899999999,2142.6911638,7,0.00698,545.6219914,0
1770126900000000,78276.36,78325.48,78196.78,78196.78,0.02739,1770127199999999,2143.5799381,14,0.01828,1430.7182162,0
1770127200000000,78244.11,78317.11,78219.95,78304.09,0.3365,1770127499999999,26332.3843609,72,0.00291,227.8559457,0
1770127500000000,78276.27,78276.27,78265.69,78265.69,0.00037,1770127799999999,28.9598427,3,0.00012,9.3931524,0
1770127800000000,78214.47,78235.4,78214.47,78235.4,0.00672,1770128099999999,525.6376566,2,0.00672,525.6376566,0
1770128100000000,78353.27,78353.27,78062.54,78063.13,0.16819,1770128399999999,13132.514096,5,0.16799,13116.861509,0
1770128400000000,78095.75,78125.37,78069.25,78113.42,0.04327,1770128699999999,3379.3460016,8,0.04327,3379.3460016,0
1770128700000000,78245.55,78390.43,78245.55,78390.43,0.09868,1770128999999999,7728.5755808,4,0.00258,201.9611158,0
1770129000000000,78339.11,78339.11,77948.16,78080.03,0.03058,1770129299999999,2388.4944916,16,0.02332,1821.1739974,0
1770129300000000,77888.63,78113.06,77696.2,77696.2,0.19424,1770129599999999,15115.5345627,28,0.02411,1879.5492495,0
1770129600000000,77896.73,78028.92,77615.83,77690.55,0.14098,1770129899999999,10972.0658004,28,0.11125,8662.2475711,0
1770129900000000,77684.95,78141.54,77684.95,77952.04,0.39918,1770130199999999,31092.8798875,19,0.29723,23166.2176129,0
1770130200000000,77871.57,77871.57,77428.18,77428.19,0.34651,1770130499999999,26927.4210296,26,0.04495,3495.5630474,0
1770130500000000,77439.98,77439.98,77133.81,77133.81,0.38802,1770130799999999,29953.9755331,20,0.21736,16788.0350208,0
1770130800000000,77169.9,77390.67,77028.49,77380.68,0.18565,1770131099999999,14324.718785,18,0.06017,4644.6868057,0
1770131100000000,77493.81,77613.77,77261.13,77613.77,0.20394,1770131399999999,15771.8724161,38,0.19824,15330.6165053,0
1770131400000000,77576.0,77576.0,77117.57,77117.57,0.08734,1770131699999999,6748.7683752,34,0.07679,5932.6332602,0
1770131700000000,77132.14,77474.3,77040.7,77383.98,0.0253,1770131999999999,1956.3918889,20,0.01511,1168.0187981,0
1770132000000000,77337.77,77523.92,77223.52,77223.52,0.04575,1770132299999999,3539.7073715,20,0.0061,472.2774338,0
1770132300000000,77149.43,78061.96,77130.2,77744.66,0.13372,1770132599999999,10399.2277697,36,0.0792,6163.5027942,0
1770132600000000,77705.98,78072.93,77533.59,77884.92,0.44649,1770132899999999,34768.9160614,31,0.39092,30453.6060939,0
1770132900000000,77792.48,77840.07,77650.65,77840.07,0.26033,1770133199999999,20220.0518655,11,0.08193,6366.1134717,0
1770133200000000,77784.17,77800.29,77518.98,77518.98,0.20861,1770133499999999,16224.1585116,10,0.20848,16214.0810442,0
1770133500000000,77337.82,77835.27,77337.82,77799.4,0.21075,1770133799999999,16305.8466769,10,0.02706,2099.4682042,0
1770133800000000,77969.62,78008.02,77786.76,78008.02,0.01981,1770134099999999,1544.490591,8,0.01916,1493.8667853,0
1770134100000000,77984.06,78109.61,77984.06,78084.34,0.33929,1770134399999999,26488.9232423,12,0.21516,16796.325029,0
1770134400000000,78073.34,78073.34,77743.89,77743.89,0.50154,1770134699999999,39115.7556976,17,0.30315,23658.8732968,0
1770134700000000,77757.39,77820.45,77527.97,77527.97,0.00645,1770134999999999,500.2460066,12,0.00012,9.3069684,0
1770135000000000,77506.95,77506.95,77317.57,77317.57,0.59832,1770135299999999,46298.9644724,20,0.23672,18319.4545679,0
1770135300000000,77312.03,77312.03,77041.18,77047.35,0.40041,1770135599999999,30940.0203345,24,0.18979,14671.6214482,0
1770135600000000,77096.18,77161.4,76685.0,76685.01,0.2996,1770135899999999,23038.6860162,50,0.03753,2884.800556,0
1770135900000000,76701.93,76873.84,76669.38,76707.7,0.10272,1770136199999999,7885.7371097,47,0.04589,3523.1888172,0
1770136200000000,76704.0,76807.9,76548.76,76734.14,0.38411,1770136499999999,29459.1060482,49,0.17369,13326.6035776,0
1770136500000000,76740.91,76820.22,76671.69,76710.6,0.90251,1770136799999999,69237.9512557,38,0.69127,53033.5465003,0
1770136800000000,76584.56,76759.51,76583.02,76679.89,0.19108,1770137099999999,14651.5380832,11,0.00873,669.7467408,0
1770137100000000,76678.58,76776.15,76470.13,76694.0,0.71974,1770137399999999,55118.1070697,33,0.43139,33032.3204759,0
1770137400000000,76549.88,76598.48,76529.95,76529.95,0.22812,1770137699999999,17470.5464266,13,0.01972,1509.6804047,0
1770137700000000,76597.98,76647.96,76439.79,76439.79,0.61338,1770137999999999,46981.8010101,23,0.29109,22298.5934823,0
1770138000000000,76447.22,76452.37,76347.65,76375.98,0.03312,1770138299999999,2529.4179263,15,0.01839,1404.6518271,0
1770138300000000,76348.04,76348.04,76050.53,76062.45,0.26403,1770138599999999,20113.505946,38,0.18517,14104.3888367,0
1770138600000000,76091.23,76091.23,75624.81,75630.84,0.19722,1770138899999999,14950.0677127,72,0.10827,8200.0851759,0
1770138900000000,75624.24,75840.46,75624.24,75776.17,0.13305,1770139199999999,10070.8722679,42,0.07175,5432.0619009,0
1770139200000000,75775.79,76003.54,75691.3,75966.95,0.15925,1770139499999999,12086.5637756,41,0.06272,4762.5712378,0
1770139500000000,75951.19,76019.99,75801.72,75829.4,0.04833,1770139799999999,3665.5249158,15,0.02875,2180.770386,0
1770139800000000,75809.45,75887.31,75722.21,75722.21,0.03137,1770140099999999,2376.442645,19,0.01009,764.7495309,0
1770140100000000,75721.74,75797.35,75407.51,75450.75,0.08768,1770140399999999,6626.3753503,42,0.03258,2463.049987,0
1770140400000000,75432.96,75432.96,75085.58,75085.97,0.26422,1770140699999999,19865.0552341,46,0.20157,15154.1513408,0
1770140700000000,75099.48,75104.87,74893.77,74944.12,0.57152,1770140999999999,42831.0409966,116,0.20243,15177.3227253,0
1770141000000000,74946.48,75275.29,74946.48,75005.01,0.76587,1770141299999999,57450.7253427,87,0.66954,50217.4980688,0
1770141300000000,75005.0,75005.0,74813.76,74840.72,0.24854,1770141599999999,18613.086955,75,0.18459,13823.8773782,0
1770141600000000,74881.07,75118.31,74881.07,75043.23,0.32277,1770141899999999,24187.8539698,94,0.24384,18268.5285775,0
1770141900000000,75027.46,75191.05,74793.77,74808.33,0.74425,1770142199999999,55813.0926198,102,0.25614,19211.0720439,0
1770142200000000,74859.59,74890.83,74587.85,74590.81,0.1968,1770142499999999,14698.0437242,46,0.07081,5283.3359541,0
1770142500000000,74617.18,74714.55,74456.67,74577.89,0.61884,1770142799999999,46164.7834563,136,0.4068,30344.848299,0
1770142800000000,74717.98,74765.89,74259.7,74321.92,0.28038,1770143099999999,20875.6918064,82,0.09754,7259.3930755,0
1770143100000000,74283.95,74283.95,73913.13,74032.76,0.83164,1770143399999999,61605.3132213,173,0.2256,16713.8913965,0
1770143400000000,73967.02,74174.94,73857.85,74034.7,1.21835,1770143699999999,90181.1657524,144,0.48494,35902.4444944,0
1770143700000000,74137.48,74137.48,73915.57,74065.37,0.38079,1770143999999999,28195.1846814,37,0.08396,6212.8369915,0
1770144000000000,74140.59,74140.59,73678.98,73678.99,0.23306,1770144299999999,17214.5715328,29,0.0381,2816.0745469,0
1770144300000000,73688.54,73688.54,73259.33,73281.84,0.14481,1770144599999999,10628.4549197,43,0.00311,228.5695778,0
1770144600000000,73130.74,73321.82,73099.54,73105.91,0.20552,1770144899999999,15038.0227983,50,0.09916,7254.3118665,0
1770144900000000,73260.93,73409.7,73088.78,73112.75,0.35535,1770145199999999,26001.1669387,35,0.1281,9370.3837589,0
1770145200000000,73040.77,73170.24,72897.64,73092.83,0.4653,1770145499999999,33997.2943186,67,0.12863,9397.2958326,0
1770145500000000,73042.27,73528.39,73010.79,73528.39,0.57458,1770145799999999,42078.9759911,52,0.27876,20435.90004,0
1770145800000000,73528.69,74815.88,73528.69,74546.35,0.48914,1770146099999999,36256.1751187,92,0.39174,28995.2544368,0
1770146100000000,74541.54,74966.94,74234.5,74966.94,0.61954,1770146399999999,46186.6780765,126,0.42123,31439.7900287,0
1770146400000000,74973.85,75185.5,74732.51,74750.16,0.28306,1770146699999999,21207.7633786,76,0.26686,19993.5903854,0
1770146700000000,74722.95,74925.91,74494.54,74832.11,0.28909,1770146999999999,21563.5594745,53,0.20877,15570.3390714,0
1770147000000000,74829.15,75169.66,74747.64,74800.0,0.27448,1770147299999999,20574.0746705,49,0.25855,19380.6171391,0
1770147300000000,74799.58,74976.02,74741.18,74884.0,0.13364,1770147599999999,10004.923718,38,0.06722,5032.4129119,0
1770147600000000,74788.14,75156.3,74788.14,74867.29,0.15454,1770147899999999,11600.7293694,38,0.09279,6961.4799587,0
1770147900000000,74770.78,74770.78,74284.74,74434.47,0.22914,1770148199999999,17106.8222371,12,0.02833,2108.7013101,0
1770148200000000,74428.49,74683.26,74428.49,74546.06,0.13932,1770148499999999,10387.1662663,41,0.09886,7370.4404163,0
1770148500000000,74704.11,74940.36,74704.11,74878.0,0.05354,1770148799999999,4008.6056064,9,0.05262,3939.7195377,0
1770148800000000,74984.22,75018.15,74660.21,74665.48,0.06583,1770149099999999,4926.7379587,11,0.01433,1072.0396031,0
1770149100000000,74607.15,74658.87,74541.16,74541.16,0.05566,1770149399999999,4152.7756713,5,0.05558,4146.8029617,0
1770149400000000,74581.16,74681.58,74541.16,74585.29,0.01902,1770149699999999,1418.9020769,11,0.01033,770.8513223,0
1770149700000000,74664.37,75132.53,74619.01,75042.54,0.08959,1770149999999999,6709.2511256,25,0.08057,6032.3674148,0
1770150000000000,75066.52,75413.36,75002.82,75413.36,0.93784,1770150299999999,70452.4252062,53,0.649,48762.8308311,0
1770150300000000,75474.62,75783.49,75474.62,75657.24,0.43809,1770150599999999,33132.6544399,48,0.25495,19281.3996515,0
1770150600000000,75633.43,76502.61,75633.43,76206.0,0.70613,1770150899999999,53735.8684191,118,0.4181,31810.8821847,0
1770150900000000,76133.64,76535.39,76133.64,76241.1,0.24257,1770151199999999,18520.3866718,58,0.20997,16031.8013705,0
1770151200000000,76376.09,76406.12,76230.12,76299.57,0.05776,1770151499999999,4408.8881932,9,0.05687,4341.0243895,0
1770151500000000,76247.28,76616.5,76243.24,76244.79,0.14956,1770151799999999,11406.7829406,41,0.02683,2048.4376971,0
1770151800000000,76418.59,76423.98,76383.08,76423.98,0.14224,1770152099999999,10869.5304907,9,0.02453,1874.3195698,0
1770152100000000,76414.92,76414.92,76308.93,76407.29,0.09739,1770152399999999,7432.5779929,6,0.09726,7422.6540191,0
1770152400000000,76414.47,76835.06,76394.27,76835.06,0.2792,1770152699999999,21414.6017233,39,0.25348,19440.6935332,0
1770152700000000,76758.21,76849.34,76732.81,76849.34,0.39351,1770152999999999,30212.1476233,19,0.14965,11496.8905409,0
1770153000000000,76843.03,76854.02,76644.15,76644.15,0.29768,1770153299999999,22840.4804225,18,0.12822,9848.9784399,0
1770153300000000,76724.07,76726.35,76350.26,76350.26,0.17347,1770153599999999,13265.800359,13,0.1676,12817.5634599,0
1770153600000000,76363.02,76467.24,76298.27,76463.95,0.06171,1770153899999999,4710.3518842,16,0.06158,4700.4111456,0
1770153900000000,76497.17,76574.67,76399.97,76433.33,0.0157,1770154199999999,1200.508347,14,0.01553,1187.5197537,0
1770154200000000,76392.14,76555.36,76354.77,76499.95,0.13782,1770154499999999,10543.1974236,5,0.0,0.0,0
1770154500000000,76504.51,76504.51,76170.98,76233.7,0.30253,1770154799999999,23062.3818258,12,0.0926,7069.1615206,0
1770154800000000,76206.61,76320.29,76206.61,76320.29,0.0186,1770155099999999,1419.0980181,4,0.01847,1409.1870703,0
1770155100000000,76321.4,76321.4,76183.37,76183.37,0.12477,1770155399999999,9513.0289324,7,0.12259,9346.9468536,0
1770155400000000,76161.76,76231.05,76100.3,76100.3,0.12516,1770155699999999,9540.3555246,12,0.11444,8723.6307343,0
1770155700000000,76076.75,76195.89,76058.37,76185.68,0.32738,1770155999999999,24923.1164738,14,0.18655,14209.3054938,0
1770156000000000,76164.0,76164.0,76146.82,76146.82,0.0009,1770156299999999,68.5435806,4,0.00051,38.841854,0
1770156300000000,76093.75,76093.75,75694.29,75743.16,0.13508,1770156599999999,10230.1020787,15,0.00097,73.4740201,0
1770156600000000,75708.13,75859.23,75708.13,75764.54,0.02689,1770156899999999,2037.4078224,8,0.02676,2027.5593539,0
1770156900000000,75569.49,75650.92,75463.94,75650.92,0.01053,1770157199999999,795.694652,6,0.01001,756.4111155,0
1770157200000000,75790.55,75832.32,75695.39,75695.39,0.00165,1770157499999999,125.054128,3,0.00146,110.654203,0
1770157500000000,75719.29,75997.48,75719.29,75894.82,0.04046,1770157799999999,3070.6984118,12,0.03524,2674.5654075,0
1770157800000000,75938.38,75983.48,75835.68,75848.07,0.24215,1770158099999999,18372.122126,8,0.11429,8668.5756014,0
1770158100000000,75886.02,75960.43,75886.02,75916.93,0.00651,1770158399999999,494.4720739,5,0.00638,484.602873,0
1770158400000000,75904.92,75934.63,75765.34,75765.34,0.00453,1770158699999999,343.9301026,4,0.00427,324.2212615,0
1770158700000000,75722.79,75722.79,75341.8,75347.4,0.03604,1770158999999999,2721.2064965,24,0.00386,292.1705424,0
1770159000000000,75344.37,75621.53,75344.37,75613.5,0.05669,1770159299999999,4279.5981196,21,0.04985,3763.3355552,0
1770159300000000,75588.19,75588.19,75526.96,75585.01,0.00774,1770159599999999,584.9632285,6,0.00737,557.0081765,0
1770159600000000,75609.26,75609.26,75442.97,75446.98,0.02417,1770159899999999,1825.752463,10,0.02365,1786.4861086,0
1770159900000000,75381.29,75409.4,75377.19,75409.4,0.00766,1770160199999999,577.4725881,3,0.00753,567.6730204,0
1770160200000000,75602.3,75602.3,75602.3,75602.3,0.00013,1770160499999999,9.828299,1,0.0,0.0,0
1770160500000000,75735.15,75735.15,75625.05,75718.57,0.00039,1770160799999999,29.5202401,3,0.0,0.0,0
1770160800000000,75671.05,75762.58,75631.81,75762.58,0.01025,1770161099999999,776.2292383,4,0.01012,766.397103,0
1770161100000000,75851.66,75851.66,75757.26,75757.26,0.02003,1770161399999999,1517.8861418,2,0.02003,1517.8861418,0
1770161400000000,75717.91,75717.91,75717.91,75717.91,0.00496,1770161699999999,375.5608336,1,0.00496,375.5608336,0
1770161700000000,75854.73,75855.21,75854.73,75855.21,0.00509,1770161999999999,386.1006381,2,0.00496,376.2394608,0
1770162000000000,75900.01,75900.01,75790.86,75817.69,0.03393,1770162299999999,2572.6309662,8,0.01762,1335.5233647,0
1770162300000000,75709.47,75709.47,75507.49,75520.33,0.04991,1770162599999999,3771.5560015,8,0.00756,571.1841981,0
1770162600000000,75652.94,75687.06,75652.94,75687.06,0.00619,1770162899999999,468.4889122,2,0.00619,468.4889122,0
1770162900000000,75628.32,75628.32,75628.32,75628.32,0.00761,1770163199999999,575.5315152,1,0.00761,575.5315152,0
1770163200000000,75671.04,75671.04,75526.81,75556.02,0.19551,1770163499999999,14783.7639886,20,0.11877,8977.7064962,0
1770163500000000,75556.02,75556.02,75556.02,75556.02,0.0,1770163799999999,0.0,0,0.0,0.0,0
1770163800000000,75526.05,75526.05,75405.51,75405.51,0.01941,1770164099999999,1464.8840868,5,0.01915,1445.2539451,0
1770164100000000,75695.33,75697.09,75683.75,75683.75,0.00838,1770164399999999,634.3387184,3,0.00825,624.4998309,0
1770164400000000,75742.56,75742.56,75742.56,75742.56,0.00066,1770164699999999,49.9900896,1,0.00066,49.9900896,0
1770164700000000,75856.86,75949.95,75856.86,75949.95,0.00665,1770164999999999,504.9295185,4,0.00623,473.0677315,0
1770165000000000,75949.95,75949.95,75949.95,75949.95,0.0,1770165299999999,0.0,0,0.0,0.0,0
1770165300000000,76106.03,76134.73,76106.03,76134.73,0.00281,1770165599999999,213.8633973,2,0.00281,213.8633973,0
1770165600000000,76101.61,76101.61,76013.51,76013.51,0.00152,1770165899999999,115.5692662,3,0.00152,115.5692662,0
1770165900000000,75972.36,75972.36,75952.75,75952.75,0.0108,1770166199999999,820.2925737,3,0.01065,808.8967875,0
1770166200000000,76146.64,76146.64,75960.53,75960.53,0.00705,1770166499999999,536.0810246,6,0.00184,139.860462,0
1770166500000000,75895.08,75895.08,75822.7,75822.7,0.00079,1770166799999999,59.9477038,2,0.00066,50.0907528,0
1770166800000000,75906.75,76243.11,75906.75,76235.43,0.01823,1770167099999999,1388.7487617,6,0.01805,1375.0706751,0
1770167100000000,76294.53,76294.53,76294.53,76294.53,0.00025,1770167399999999,19.0736325,1,0.00025,19.0736325,0
1770167400000000,76294.53,76294.53,76294.53,76294.53,0.0,1770167699999999,0.0,0,0.0,0.0,0
1770167700000000,76443.15,76450.58,76443.15,76445.14,0.00216,1770167999999999,165.1184286,3,0.0019,145.241985,0
1770168000000000,76386.54,76386.54,76386.54,76386.54,0.00013,1770168299999999,9.9302502,1,0.00013,9.9302502,0
1770168300000000,76342.91,76342.91,76342.91,76342.91,0.00065,1770168599999999,49.6228915,1,0.00065,49.6228915,0
1770168600000000,76521.59,76521.59,76521.59,76521.59,0.00504,1770168899999999,385.6688136,1,0.00504,385.6688136,0
1770168900000000,76636.38,76659.27,76576.12,76586.65,0.03476,1770169199999999,2662.9911518,6,0.01346,1031.6955068,0
1770169200000000,76625.92,76625.92,76596.62,76596.62,0.00515,1770169499999999,394.476402,2,0.0,0.0,0
1770169500000000,76597.05,76597.05,76462.09,76462.09,0.03832,1770169799999999,2932.1312395,8,0.00018,13.7631762,0
1770169800000000,76351.24,76376.09,76225.47,76255.71,0.07355,1770170099999999,5614.7234024,7,0.05842,4461.3979498,0
1770170100000000,76363.47,76373.8,76350.4,76350.65,0.08444,1770170399999999,6448.0204551,4,0.08431,6438.093204,0
1770170400000000,76350.65,76350.65,76350.65,76350.65,0.0,1770170699999999,0.0,0,0.0,0.0,0
1770170700000000,76492.37,76492.37,76467.7,76467.7,0.00513,1770170999999999,392.402651,2,0.005,382.46185,0
1770171000000000,76382.93,76382.93,76321.6,76321.6,0.01011,1770171299999999,771.9182612,3,0.00502,383.134432,0
1770171300000000,76332.21,76425.56,76332.21,76414.69,0.02,1770171599999999,1527.8066019,6,0.01987,1517.8726922,0
1770171600000000,76277.7,76399.33,76277.7,76386.4,0.26749,1770171899999999,20414.9527281,7,0.16705,12743.0430883,0
1770171900000000,76349.14,76362.09,76119.2,76119.2,0.02052,1770172199999999,1565.7636063,13,0.02039,1555.8537596,0
1770172200000000,76085.23,76085.23,75940.98,75982.8,0.08666,1770172499999999,6591.2990921,30,0.01333,1012.8117686,0
1770172500000000,75987.75,76007.09,75915.0,75984.12,0.06005,1770172799999999,4562.3067311,24,0.01045,793.617634,0
1770172800000000,75957.91,75957.91,75646.39,75863.02,0.30819,1770173099999999,23324.6792587,79,0.03188,2414.7772948,0
1770173100000000,75974.04,75974.04,75940.28,75940.28,0.00026,1770173399999999,19.7488616,2,0.0,0.0,0
1770173400000000,75772.6,75807.37,75735.87,75807.37,0.0273,1770173699999999,2068.8578188,11,0.02704,2049.1618178,0
1770173700000000,75844.25,75938.59,75803.45,75891.59,1.21965,1770173999999999,92583.1522914,258,0.19107,14502.0835619,0
1770174000000000,75886.02,76015.52,75828.59,76007.4,1.57264,1770174299999999,119423.6860823,234,0.48892,37114.4851304,0
1770174300000000,76027.62,76250.27,76027.62,76250.27,2.61115,1770174599999999,198704.8965886,518,1.07521,81848.9779785,0
1770174600000000,76263.01,76563.37,76263.01,76563.37,2.48742,1770174899999999,190184.0249848,494,0.5589,42699.8138416,0
1770174900000000,76556.59,76619.61,76340.12,76402.24,3.38424,1770175199999999,258747.9909199,735,1.61519,123517.8872905,0
1770175200000000,76402.14,76421.35,76346.02,76346.02,1.04419,1770175499999999,79752.7574582,207,0.33456,25557.4557187,0
1770175500000000,76368.37,76398.15,76304.69,76306.23,1.44351,1770175799999999,110216.5205643,332,0.87122,66501.2631419,0
1770175800000000,76331.07,76459.73,76326.8,76415.39,0.64539,1770176099999999,49290.9229312,140,0.64474,49241.2643547,0
1770176100000000,76415.39,76794.52,76412.96,76773.57,1.15289,1770176399999999,88323.7425786,247,1.14432,87665.8642286,0
1770176400000000,76753.78,76874.87,76570.81,76584.31,3.47288,1770176699999999,266264.3681106,707,1.58623,121609.4842788,0
1770176700000000,76586.21,76668.62,76581.26,76609.7,1.40332,1770176999999999,107538.7328368,292,1.40267,107488.9134971,0
1770177000000000,76600.02,76670.58,76566.33,76630.09,0.74753,1770177299999999,57265.8558539,156,0.74688,57216.0507362,0
1770177300000000,76627.95,76627.95,76608.0,76608.0,0.00026,1770177599999999,19.9206735,2,0.0,0.0,0
1770177600000000,76598.85,76598.93,76541.7,76541.7,0.6718,1770177899999999,51442.5824867,140,0.67128,51402.76874,0
1770177900000000,76535.97,76721.17,76535.97,76649.52,0.45387,1770178199999999,34793.0496548,100,0.45296,34723.2594824,0
1770178200000000,76671.88,76696.12,76574.33,76632.82,0.20204,1770178499999999,15486.2707761,47,0.20139,15436.4564921,0
1770178500000000,76632.89,76632.89,76522.29,76547.97,0.75224,1770178799999999,57582.0723764,158,0.58365,44678.3283007,0
1770178800000000,76548.29,76573.63,76482.39,76483.8,0.37436,1770179099999999,28658.9318259,81,0.37371,28609.1755063,0
1770179100000000,76503.45,76525.73,76447.93,76504.02,3.44694,1770179399999999,263681.251355,632,0.41323,31605.2903982,0
1770179400000000,76504.02,76641.11,76498.82,76594.81,1.04189,1770179699999999,79751.58153,223,0.86329,66086.4604089,0
1770179700000000,76617.39,76617.39,76539.53,76553.54,0.01829,1770179999999999,1400.1393786,10,0.01777,1360.3180737,0
1770180000000000,76552.8,76553.55,76530.81,76530.81,0.02462,1770180299999999,1884.5968716,8,0.02423,1854.7450015,0
1770180300000000,76500.05,76500.05,76427.1,76448.57,0.09546,1770180599999999,7299.4749072,24,0.09481,7249.7752741,0
1770180600000000,76434.73,76446.25,76350.72,76359.29,0.01343,1770180899999999,1026.5111196,8,0.01265,966.9296743,0
1770180900000000,76382.16,76382.16,76350.33,76380.48,0.01537,1770181199999999,1173.8540333,7,0.01485,1134.141294,0
1770181200000000,76381.97,76428.16,76368.53,76380.43,0.15627,1770181499999999,11938.0684589,36,0.15588,11908.2724628,0
1770181500000000,76364.59,76396.73,76318.03,76321.86,0.3503,1770181799999999,26743.7491112,82,0.34786,26557.4659153,0
1770181800000000,76393.66,76422.17,76391.11,76395.85,0.15824,1770182099999999,12091.7098994,40,0.15696,11993.9183949,0
1770182100000000,76389.64,76428.16,76306.23,76306.23,0.41137,1770182399999999,31425.8639272,96,0.4097,31298.3647814,0
1770182400000000,76294.58,76294.58,76241.27,76291.28,0.44165,1770182699999999,33683.421747,102,0.43982,33543.8447662,0
1770182700000000,76354.6,76394.84,76322.9,76357.37,0.13765,1770182999999999,10512.3846985,37,0.13661,10432.9662399,0
1770183000000000,76370.77,76370.77,76285.49,76306.75,0.30173,1770183299999999,23025.4114384,70,0.30069,22946.032492,0
1770183300000000,76301.64,76301.64,76243.73,76243.73,0.56756,1770183599999999,43290.5993759,128,0.48769,37197.8659337,0
1770183600000000,76249.18,76249.18,76151.81,76173.36,0.8763,1770183899999999,66759.2225272,184,0.87539,66689.8846339,0
1770183900000000,76153.79,76233.61,76153.79,76188.0,0.23554,1770184199999999,17938.4084907,54,0.23476,17878.9734761,0
1770184200000000,76179.77,76179.77,76012.13,76014.37,0.87672,1770184499999999,66712.0788827,197,0.2891,21986.1682278,0
1770184500000000,76057.3,76176.63,76043.12,76176.43,0.57193,1770184799999999,43522.4324408,119,0.5718,43512.5295049,0
1770184800000000,76224.21,76236.59,76174.46,76233.63,0.70214,1770185099999999,53514.2781236,145,0.70175,53484.5604876,0
1770185100000000,76317.39,76433.32,76317.39,76433.32,0.08201,1770185399999999,6260.2376232,19,0.08175,6240.3754315,0
1770185400000000,76468.87,76475.03,76449.52,76449.52,0.16212,1770185699999999,12397.030448,34,0.16199,12387.0897068,0
1770185700000000,76448.4,76453.67,76391.54,76394.73,0.11462,1770185999999999,8759.7090352,28,0.11399,8711.5549901,0
1770186000000000,76390.2,76390.2,76315.23,76346.98,0.55343,1770186299999999,42255.8043585,120,0.55265,42196.2525935,0
1770186300000000,76373.46,76460.7,76366.5,76386.56,0.63238,1770186599999999,48315.1970974,133,0.60969,46582.1427754,0
1770186600000000,76386.56,76457.26,76362.82,76425.46,1.15711,1770186899999999,88405.8153583,232,1.09889,83956.5187845,0
1770186900000000,76430.52,76624.24,76430.52,76609.76,0.36735,1770187199999999,28134.9061038,82,0.36696,28105.0373012,0
1770187200000000,76604.03,76619.96,76574.8,76619.96,0.00525,1770187499999999,402.0277984,4,0.00486,372.153528,0
1770187500000000,76634.84,76681.05,76535.71,76555.58,0.05021,1770187799999999,3844.8189388,11,0.05008,3834.8504023,0
1770187800000000,76560.96,76649.58,76481.03,76523.21,0.17336,1770188099999999,13275.3397569,38,0.15731,12046.4356548,0
1770188100000000,76525.47,76625.82,76525.47,76567.48,0.52391,1770188399999999,40127.0546689,126,0.30288,23194.3619319,0
1770188400000000,76551.11,76571.22,76394.35,76417.44,1.04319,1770188699999999,79798.6677453,232,0.02682,2051.8628902,0
1770188700000000,76421.42,76442.35,76168.09,76258.08,1.02947,1770188999999999,78582.0329288,144,0.07628,5820.8683065,0
1770189000000000,76278.1,76370.12,76278.1,76370.12,0.2088,1770189299999999,15928.3028268,45,0.02376,1813.0778473,0
1770189300000000,76472.46,76472.46,76430.97,76430.97,0.00039,1770189599999999,29.8184055,3,0.0,0.0,0
1770189600000000,76441.12,76472.46,76306.82,76311.95,0.3966,1770189899999999,30275.39661,83,0.36209,27639.6843513,0
1770189900000000,76331.07,76370.33,76298.56,76363.38,1.49668,1770190199999999,114256.7801551,242,0.06945,5301.6883957,0
1770190200000000,76350.2,76486.09,76347.18,76351.93,1.73332,1770190499999999,132398.7913918,359,0.28315,21632.2056903,0
1770190500000000,76335.31,76468.57,76295.31,76468.11,0.38339,1770190799999999,29278.3552491,107,0.21158,16161.1281292,0
1770190800000000,76448.87,76518.88,76448.87,76469.49,0.39601,1770191099999999,30285.3072781,117,0.08891,6801.2789114,0
1770191100000000,76464.56,76465.88,76361.64,76445.34,0.28987,1770191399999999,22147.8596789,61,0.26842,20509.3598194,0
1770191400000000,76431.45,76489.45,76412.79,76412.79,0.52406,1770191699999999,40070.3012348,108,0.5238,40050.4230284,0
1770191700000000,76412.79,76434.95,76375.1,76411.48,0.08462,1770191999999999,6467.3527905,20,0.08066,6164.9032137,0
1770192000000000,76410.68,76435.58,76129.33,76129.33,1.26423,1770192299999999,96553.6873578,262,1.05816,80830.1377888,0
1770192300000000,76149.03,76256.13,76147.3,76235.9,1.08829,1770192599999999,82961.8901132,241,0.31792,24233.3588703,0
1770192600000000,76193.59,76315.8,76169.85,76282.87,0.67916,1770192899999999,51756.1077368,147,0.12265,9352.0632571,0
1770192900000000,76313.12,76428.93,76313.12,76417.29,0.51959,1770193199999999,39696.4286281,105,0.01005,767.4614832,0
1770193200000000,76366.35,76366.35,76206.69,76206.69,0.26893,1770193499999999,20521.318057,61,0.00658,501.4799352,0
1770193500000000,76206.7,76206.7,76018.66,76040.63,1.139,1770193799999999,86649.5017719,246,0.14785,11249.3541855,0
1770193800000000,76034.9,76116.49,75992.8,76099.19,0.47038,1770194099999999,35783.9770259,111,0.17387,13228.9864031,0
1770194100000000,76099.18,76283.16,76094.62,76283.16,0.52365,1770194399999999,39873.2432692,142,0.22442,17091.8088856,0
1770194400000000,76281.45,76281.45,76217.94,76268.11,0.56762,1770194699999999,43283.130487,120,0.01953,1489.2941447,0
1770194700000000,76281.82,76382.81,76281.82,76382.81,0.1366,1770194999999999,10431.7317074,29,0.0338,2579.5810117,0
1770195000000000,76402.69,76465.83,76402.69,76434.94,0.33171,1770195299999999,25361.0851154,80,0.04368,3338.7342507,0
1770195300000000,76408.64,76574.14,76385.88,76525.49,0.38861,1770195599999999,29713.0198954,54,0.27018,20660.3049845,0
1770195600000000,76466.35,76515.74,76396.42,76398.2,0.71841,1770195899999999,54939.8583319,83,0.09128,6983.4444068,0
1770195900000000,76411.66,76411.66,76240.76,76268.35,0.1186,1770196199999999,9048.7337289,31,0.04568,3482.8276348,0
1770196200000000,76261.52,76338.27,76261.52,76280.5,0.05443,1770196499999999,4153.1825167,16,0.04673,3565.9065304,0
1770196500000000,76215.97,76215.97,76073.15,76166.09,0.15483,1770196799999999,11790.9674771,35,0.00991,754.4272032,0
1770196800000000,76178.96,76201.67,76040.07,76170.11,0.69795,1770197099999999,53139.6396394,106,0.16456,12525.404062,0
1770197100000000,76115.69,76124.54,76027.15,76083.78,0.253,1770197399999999,19246.536073,49,0.04079,3103.3017376,0
1770197400000000,76069.5,76136.05,75994.19,76047.67,0.79814,1770197699999999,60719.5262947,71,0.04567,3475.0871198,0
1770197700000000,76020.84,76037.01,75904.79,75954.34,0.38081,1770197999999999,28938.155417,56,0.04662,3542.7000625,0
1770198000000000,76039.79,76145.01,76005.96,76016.27,0.37421,1770198299999999,28478.6069459,75,0.15459,11761.1331719,0
1770198300000000,76032.55,76088.3,76032.55,76072.83,0.13658,1770198599999999,10389.4384159,29,0.01674,1273.2922053,0
1770198600000000,76101.35,76158.8,76058.92,76058.92,0.2037,1770198899999999,15505.1991014,36,0.03206,2439.9076224,0
1770198900000000,76062.02,76062.42,75990.98,75991.17,0.54358,1770199199999999,41336.518018,105,0.00751,571.0507707,0
1770199200000000,76033.74,76033.74,76033.74,76033.74,0.00123,1770199499999999,93.5215002,1,0.00123,93.5215002,0
1770199500000000,76074.29,76100.44,76074.29,76085.38,0.20848,1770199799999999,15862.278024,9,0.18988,14446.8104588,0
1770199800000000,75989.21,76073.27,75989.21,76073.27,0.02093,1770200099999999,1590.8769871,2,0.02093,1590.8769871,0
1770200100000000,76108.41,76108.41,76108.41,76108.41,0.00424,1770200399999999,322.6996584,1,0.0,0.0,0
1770200400000000,76083.74,76108.56,76083.74,76093.29,0.12324,1770200699999999,9379.5367552,7,0.00502,382.064921,0
1770200700000000,76054.07,76054.07,76040.85,76040.85,0.16865,1770200999999999,12826.2508167,5,0.03053,2321.9307571,0
1770201000000000,76040.26,76135.81,76040.26,76135.81,0.12646,1770201299999999,9617.7652977,10,0.12646,9617.7652977,0
1770201300000000,76147.96,76199.18,76147.96,76199.18,0.15418,1770201599999999,11747.848253,5,0.15418,11747.848253,0
1770201600000000,76202.01,76202.01,76137.06,76178.82,0.28968,1770201899999999,22068.7518878,10,0.10391,7915.7411862,0
1770201900000000,76159.01,76159.77,76155.51,76159.77,0.06158,1770202199999999,4689.8732684,3,0.06158,4689.8732684,0
1770202200000000,76159.77,76159.77,76159.77,76159.77,0.0,1770202499999999,0.0,0,0.0,0.0,0
1770202500000000,76241.15,76241.15,76193.98,76234.09,0.00351,1770202799999999,267.549007,3,0.00252,192.1169668,0
1770202800000000,76193.98,76193.98,75828.77,75934.36,0.01737,1770203099999999,1318.5687981,11,0.01141,866.0390228,0
1770203100000000,75907.1,75907.1,75685.98,75731.82,1.05253,1770203399999999,79819.7836327,124,0.62758,47587.3792029,0
1770203400000000,75735.1,75835.54,75649.49,75712.62,0.43175,1770203699999999,32709.5393173,101,0.36853,27920.7437861,0
1770203700000000,75788.06,75821.3,75592.99,75592.99,0.41937,1770203999999999,31726.9299168,27,0.139,10519.4832373,0
1770204000000000,75698.35,75857.49,75698.35,75818.54,0.04516,1770204299999999,3423.0917474,13,0.04503,3413.2374107,0
1770204300000000,75846.28,75846.28,75846.28,75846.28,0.00013,1770204599999999,9.8600164,1,0.0,0.0,0
1770204600000000,75782.1,75886.42,75772.92,75886.42,0.04074,1770204899999999,3088.8688979,8,0.04074,3088.8688979,0
1770204900000000,75909.31,76128.27,75909.31,75985.1,0.18355,1770205199999999,13951.8025178,51,0.08085,6145.8580253,0
1770205200000000,75976.07,75976.07,75890.69,75925.59,0.16184,1770205499999999,12285.9048911,23,0.07052,5352.5270174,0
1770205500000000,75974.63,76022.74,75974.63,76012.3,0.08391,1770205799999999,6376.3228106,7,0.05875,4463.5920294,0
1770205800000000,76074.6,76074.6,75999.56,76011.55,0.17081,1770206099999999,12986.2423688,6,0.0,0.0,0
1770206100000000,75982.11,75982.11,75912.49,75912.5,0.02434,1770206399999999,1847.8836983,6,0.00022,16.7160642,0
1770206400000000,75961.31,76044.31,75935.77,76044.31,0.0967,1770206699999999,7345.5152897,10,0.0099,752.6950864,0
1770206700000000,76094.3,76110.78,75997.34,75997.34,0.11807,1770206999999999,8973.0529301,7,0.11742,8923.6076628,0
1770207000000000,75973.3,76002.81,75973.3,76002.81,0.08525,1770207299999999,6477.1138599,3,0.08517,6471.0336351,0
1770207300000000,76062.71,76155.31,76062.71,76155.31,0.03231,1770207599999999,2460.1261781,2,0.00488,371.1860248,0
1770207600000000,76140.65,76149.83,76126.06,76126.06,0.02998,1770207899999999,2282.7416491,5,0.02998,2282.7416491,0
1770207900000000,75966.69,76029.35,75917.8,76029.35,0.13209,1770208199999999,10034.2924421,18,0.08365,6354.4950952,0
1770208200000000,75974.79,76131.53,75974.79,76131.53,0.02891,1770208499999999,2199.1247881,8,0.02891,2199.1247881,0
1770208500000000,76160.82,76165.91,76147.52,76147.52,0.0132,1770208799999999,1005.2812779,3,0.00747,568.9559883,0
1770208800000000,76094.51,76125.87,76051.52,76051.52,0.00671,1770209099999999,510.3671803,5,0.00658,500.477611,0
1770209100000000,76064.56,76064.56,76064.56,76064.56,0.00013,1770209399999999,9.8883928,1,0.0,0.0,0
1770209400000000,76068.94,76069.14,76068.94,76069.14,0.0341,1770209699999999,2593.951108,2,0.00127,96.6078078,0
1770209700000000,76058.32,76093.19,76027.23,76093.19,0.02444,1770209999999999,1858.8191304,9,0.02431,1848.9315488,0
1770210000000000,76083.72,76083.72,76083.72,76083.72,0.00019,1770210299999999,14.4559068,1,0.00019,14.4559068,0
1770210300000000,76070.26,76070.26,76038.26,76038.26,0.00152,1770210599999999,115.6226352,2,0.00139,105.7376614,0
1770210600000000,76038.26,76038.26,76038.26,76038.26,0.0,1770210899999999,0.0,0,0.0,0.0,0
1770210900000000,76014.56,76014.56,75832.93,75832.93,0.39182,1770211199999999,29763.6765696,16,0.13307,10107.0050576,0
1770211200000000,75846.95,75846.95,75671.37,75718.88,0.04826,1770211499999999,3657.7376718,30,0.02474,1873.8635409,0
1770211500000000,75779.6,75806.19,75748.49,75761.91,0.19264,1770211799999999,14594.2905137,14,0.00579,438.7606022,0
1770211800000000,75754.03,75798.48,75668.47,75679.71,0.10353,1770212099999999,7842.2653651,34,0.0111,841.1615437,0
1770212100000000,75675.77,75682.22,75486.65,75486.65,0.03418,1770212399999999,2582.7520858,25,0.0108,816.6108473,0
1770212400000000,75477.69,75537.48,75176.07,75176.07,0.07277,1770212699999999,5479.4373336,33,0.01472,1109.4676383,0
1770212700000000,75255.14,75313.95,74986.85,75016.5,0.48831,1770212999999999,36637.9082217,57,0.13192,9902.8809164,0
1770213000000000,75025.22,75105.23,74965.92,75084.68,0.04025,1770213299999999,3020.1446433,23,0.02953,2215.9579253,0
1770213300000000,75088.02,75098.33,74864.75,74864.75,0.09082,1770213599999999,6812.2729202,9,0.00642,481.988926,0
1770213600000000,74732.18,74966.73,74732.18,74884.16,0.52724,1770213899999999,39463.4700785,18,0.33018,24709.8979548,0
1770213900000000,74935.67,75133.58,74935.67,74986.26,0.29727,1770214199999999,22310.268137,15,0.27755,20830.7626542,0
1770214200000000,74970.05,75252.54,74970.05,75251.26,0.28595,1770214499999999,21508.9864349,17,0.11372,8553.2880631,0
1770214500000000,75253.48,75253.48,75137.4,75195.66,0.04908,1770214799999999,3689.3195545,17,0.04177,3139.6689686,0
1770214800000000,75349.45,75444.73,75195.67,75195.67,0.02056,1770215099999999,1549.0205912,13,0.0203,1529.4261345,0
1770215100000000,75258.45,75258.45,75173.98,75213.24,0.09707,1770215399999999,7300.5957616,8,0.00196,147.3829982,0
1770215400000000,75222.61,75222.61,74598.79,74598.79,0.18168,1770215699999999,13602.4961757,53,0.12161,9103.6572804,0
1770215700000000,74681.6,75650.43,74599.08,75218.27,0.13991,1770215999999999,10537.8288228,70,0.0566,4263.5030986,0
1770216000000000,75171.06,75353.71,74986.86,75199.4,0.11612,1770216299999999,8728.1812551,43,0.05234,3936.0701702,0
1770216300000000,75135.47,75397.15,74959.69,75308.7,0.24197,1770216599999999,18217.968967,35,0.06773,5097.8729152,0
1770216600000000,75272.72,75278.96,74635.6,74790.89,0.52968,1770216899999999,39709.8868573,65,0.1605,12016.0899998,0
1770216900000000,74833.09,74989.15,74067.13,74236.89,1.0676,1770217199999999,79376.6391646,137,0.24208,18048.2295809,0
1770217200000000,74255.44,74510.92,73784.17,74396.7,1.46207,1770217499999999,108365.6535722,163,0.42801,31723.2218092,0
1770217500000000,74460.44,74944.14,74170.04,74895.16,0.42815,1770217799999999,31963.4231648,44,0.29004,21675.3443297,0
1770217800000000,74874.55,74901.98,74680.43,74798.81,0.22779,1770218099999999,17046.8316737,39,0.16242,12157.7744575,0
1770218100000000,74737.94,74811.72,74411.43,74499.75,0.14089,1770218399999999,10492.619399,40,0.10091,7512.9261472,0
1770218400000000,74537.03,75021.16,74455.05,75021.16,0.35771,1770218699999999,26674.9021265,34,0.02523,1887.6556853,0
1770218700000000,74984.29,75188.51,74723.43,74767.69,0.03449,1770218999999999,2587.0473424,15,0.01963,1473.0083155,0
1770219000000000,74813.73,74813.74,74095.57,74095.57,0.11157,1770219299999999,8304.8102222,28,0.01603,1195.1502505,0
1770219300000000,74073.15,74300.16,73734.67,74057.98,0.16992,1770219599999999,12556.9369674,59,0.09854,7281.6436433,0
1770219600000000,74092.96,74597.51,74082.23,74239.47,0.08813,1770219899999999,6552.0056863,32,0.02133,1585.8643961,0
1770219900000000,74264.26,74322.03,73939.39,74037.85,0.1406,1770220199999999,10415.9181566,29,0.09444,6993.312342,0
1770220200000000,74026.27,74166.98,73801.75,74030.17,0.43592,1770220499999999,32206.4597437,31,0.22385,16540.7525489,0
1770220500000000,74101.37,74198.92,73921.45,74054.82,0.02311,1770220799999999,1711.4084911,22,0.00865,639.800531,0
1770220800000000,74066.58,74066.58,73750.49,73801.11,0.43927,1770221099999999,32500.3843465,42,0.20666,15294.209089,0
1770221100000000,73791.25,73994.52,73541.29,73653.59,0.25879,1770221399999999,19065.5169117,35,0.11122,8193.5448705,0
1770221400000000,73603.85,74029.92,73482.91,73906.48,0.31505,1770221699999999,23215.4549697,51,0.1521,11219.7682434,0
1770221700000000,73829.0,73829.0,73478.86,73639.46,0.26293,1770221999999999,19359.3193874,46,0.11974,8820.4606614,0
1770222000000000,73677.6,73711.87,73323.3,73711.87,0.15891,1770222299999999,11671.4564574,23,0.02593,1907.0589392,0
1770222300000000,73770.29,74116.56,73612.8,74116.56,0.14015,1770222599999999,10375.5822551,34,0.03462,2560.9318941,0
1770222600000000,74117.68,74117.75,73455.42,73455.42,0.11459,1770222899999999,8445.2157259,40,0.02327,1715.080185,0
1770222900000000,73483.33,73483.33,73070.94,73129.36,0.33782,1770223199999999,24755.8640475,67,0.05773,4233.799269,0
1770223200000000,73159.74,73190.1,72994.01,72994.01,0.20515,1770223499999999,15000.8385271,36,0.05139,3759.5548203,0
1770223500000000,73012.11,73325.26,72984.8,73182.37,0.17856,1770223799999999,13043.4884214,26,0.09966,7279.2430049,0
1770223800000000,73331.11,73567.34,73097.1,73489.92,0.20139,1770224099999999,14743.7340867,53,0.13323,9750.0953112,0
1770224100000000,73545.23,73726.18,73505.83,73505.83,0.32103,1770224399999999,23641.4485009,30,0.20896,15392.60768,0
1770224400000000,73497.7,73716.22,73288.65,73387.68,0.46142,1770224699999999,33910.3201663,110,0.21174,15557.3373378,0
1770224700000000,73436.66,73436.66,73038.46,73038.46,0.21019,1770224999999999,15378.1559962,37,0.0685,5007.6552685,0
1770225000000000,73063.33,73543.12,72750.0,73489.5,0.14784,1770225299999999,10839.0773994,24,0.06387,4693.7941229,0
1770225300000000,73519.48,73717.67,73070.92,73070.92,0.60662,1770225599999999,44468.7565176,147,0.42521,31169.8314662,0
1770225600000000,73050.87,73050.87,72632.27,72632.27,0.09294,1770225899999999,6771.4726209,39,0.00333,242.4695262,0
1770225900000000,72772.88,72772.88,72328.47,72368.9,0.10426,1770226199999999,7557.8796782,54,0.00065,47.2081012,0
1770226200000000,72350.92,72823.04,72279.01,72600.79,0.21691,1770226499999999,15734.3447102,80,0.08021,5813.2902386,0
1770226500000000,72580.41,72580.41,72191.48,72191.48,0.10268,1770226799999999,7429.0026529,23,0.00939,678.9671028,0
1770226800000000,72153.99,72693.6,72039.17,72645.18,0.20214,1770227099999999,14613.5170649,62,0.06796,4913.5692152,0
1770227100000000,72766.28,72766.28,72281.17,72369.4,0.12362,1770227399999999,8954.5430683,51,0.05007,3627.8870873,0
1770227400000000,72368.05,72405.08,72144.52,72190.45,0.41034,1770227699999999,29640.977021,86,0.14708,10617.267959,0
1770227700000000,72262.08,72593.92,72262.08,72446.27,0.36618,1770227999999999,26507.5189721,66,0.17488,12656.9341217,0
1770228000000000,72434.5,72537.19,72135.21,72418.44,0.5549,1770228299999999,40163.3608481,89,0.29473,21353.6419778,0
1770228300000000,72464.27,72787.53,72394.86,72472.01,0.42567,1770228599999999,30865.706909,46,0.14348,10400.9610188,0
1770228600000000,72641.3,73072.65,72641.3,72732.58,0.52523,1770228899999999,38253.86897,56,0.27419,19988.7478464,0
1770228900000000,72820.32,72892.19,72547.9,72779.31,0.29957,1770229199999999,21780.3641862,60,0.1207,8782.5514518,0
1770229200000000,72802.34,72843.35,72681.87,72681.87,0.169,1770229499999999,12290.0560234,21,0.01968,1432.2230055,0
1770229500000000,72859.15,73452.84,72805.63,73318.46,0.50854,1770229799999999,37233.0385478,48,0.31001,22679.8378445,0
1770229800000000,73201.92,73604.36,73187.78,73434.22,0.54057,1770230099999999,39696.1869754,42,0.27794,20412.518375,0
1770230100000000,73490.88,73751.72,73355.57,73751.72,0.38432,1770230399999999,28261.2398917,34,0.12472,9163.2536748,0
1770230400000000,73739.69,73963.81,73582.64,73854.37,1.69479,1770230699999999,125157.7979082,260,0.53294,39350.1823021,0
1770230700000000,73859.0,73859.0,73521.8,73564.6,1.34323,1770230999999999,98997.7037687,284,0.34115,25145.4381579,0
1770231000000000,73583.29,73583.29,73374.66,73467.59,6.64427,1770231299999999,488264.3325208,1291,1.50276,110447.6232348,0
1770231300000000,73466.17,73466.61,73238.39,73238.39,3.8054,1770231599999999,279289.2510182,766,1.005,73762.1457562,0
1770231600000000,73288.73,73758.5,73255.86,73658.67,1.4858,1770231899999999,109148.4377357,316,0.08538,6288.3555649,0
1770231900000000,73627.69,73631.05,73389.41,73505.34,3.5675,1770232199999999,262336.0569586,715,1.9454,143112.0612222,0
1770232200000000,73569.0,73608.42,73359.4,73371.43,1.16123,1770232499999999,85306.0925402,221,0.80186,58905.1342176,0
1770232500000000,73440.64,73605.13,73352.6,73385.49,0.74372,1770232799999999,54634.6637828,101,0.40922,30057.8194017,0
1770232800000000,73388.58,73388.58,72984.67,73046.3,0.21936,1770233099999999,16044.954539,47,0.06161,4508.6853714,0
1770233100000000,73125.54,73125.54,72952.36,72995.96,0.04765,1770233399999999,3479.3199497,11,0.01946,1420.7640495,0
1770233400000000,73020.17,73244.44,72995.16,73244.44,0.15475,1770233699999999,11305.8122487,23,0.13246,9678.5685132,0
1770233700000000,73253.67,73344.58,73105.58,73114.87,0.71476,1770233999999999,52313.235725,145,0.3348,24491.7665161,0
1770234000000000,73126.82,73492.75,73108.03,73492.75,0.20869,1770234299999999,15293.11179,58,0.11971,8774.9303037,0
1770234300000000,73467.68,73772.1,73448.53,73512.2,0.86823,1770234599999999,63890.0570686,161,0.53968,39699.3931015,0
1770234600000000,73463.49,73795.52,73352.19,73671.9,0.91723,1770234899999999,67536.3877853,211,0.76789,56550.893037,0
1770234900000000,73653.12,73845.26,73620.53,73778.69,0.89766,1770235199999999,66183.2460199,149,0.35902,26460.1623382,0
1770235200000000,73822.01,73978.57,73549.53,73904.54,1.0713,1770235499999999,79183.8440527,151,0.58425,43193.8804945,0
1770235500000000,73915.23,73915.23,73624.3,73624.3,0.20885,1770235799999999,15419.2350281,52,0.0467,3450.9057796,0
1770235800000000,73608.97,73608.99,73345.13,73387.67,0.68638,1770236099999999,50411.8293857,129,0.44301,32554.0510095,0
1770236100000000,73387.65,73652.34,73387.62,73652.34,0.76767,1770236399999999,56461.8495248,146,0.70849,52110.9559405,0
1770236400000000,73624.92,73686.88,73553.38,73564.33,0.15054,1770236699999999,11081.5876668,44,0.04199,3090.7439053,0
1770236700000000,73588.1,73603.58,73417.05,73417.05,0.55628,1770236999999999,40890.1875208,112,0.4288,31519.5841883,0
1770237000000000,73435.17,73436.73,73278.83,73380.76,1.51926,1770237299999999,111399.4721126,312,0.76824,56325.5221426,0
1770237300000000,73402.68,73531.7,73264.49,73531.7,1.20713,1770237599999999,88508.9410379,260,0.66061,48436.2678031,0
1770237600000000,73509.57,73554.32,73440.59,73448.1,1.34267,1770237899999999,98653.1046888,296,0.96528,70913.9096643,0
1770237900000000,73490.79,73527.44,73438.45,73478.46,0.34039,1770238199999999,25006.9627946,95,0.05111,3755.9269232,0
1770238200000000,73517.81,73524.21,73373.38,73430.35,0.57528,1770238499999999,42258.1625945,125,0.40521,29768.4653361,0
1770238500000000,73431.12,73505.77,73337.71,73348.75,3.06496,1770238799999999,225015.019984,670,2.09579,153876.7612782,0
1770238800000000,73354.01,73484.56,73230.99,73356.87,1.22872,1770239099999999,90164.1848115,267,0.53928,39584.9559795,0
1770239100000000,73364.24,73391.44,73135.51,73199.07,1.2227,1770239399999999,89528.4680851,254,0.88816,65026.4207188,0
1770239400000000,73267.92,73415.9,73227.0,73415.1,0.2131,1770239699999999,15625.3539765,61,0.1184,8682.0991935,0
1770239700000000,73425.58,73425.58,73107.45,73107.45,0.18257,1770239999999999,13369.3221591,39,0.02724,1993.5031404,0
1770240000000000,73175.88,73175.88,73026.8,73026.8,0.08146,1770240299999999,5954.114762,24,0.04497,3286.4506781,0
1770240300000000,73051.05,73051.05,72960.27,73000.81,0.01193,1770240599999999,870.6519143,8,0.00034,24.837357,0
1770240600000000,72953.24,73144.74,72953.24,73074.87,0.47627,1770240899999999,34804.15111,84,0.37243,27214.5887414,0
1770240900000000,73081.99,73166.01,73002.34,73120.3,0.2104,1770241199999999,15374.7677889,51,0.17637,12888.7488351,0
1770241200000000,73108.04,73108.04,72435.68,72469.15,0.09345,1770241499999999,6802.0088827,32,0.01933,1402.8560949,0
1770241500000000,72451.65,72451.65,72059.36,72080.93,0.53762,1770241799999999,38804.676502,125,0.35383,25517.1248156,0
1770241800000000,72141.59,72439.41,72104.39,72174.21,0.21635,1770242099999999,15640.2122708,41,0.1585,11463.1161008,0
1770242100000000,72363.25,72773.46,72363.25,72668.81,0.05221,1770242399999999,3792.0388913,33,0.0516,3747.8179539,0
1770242400000000,72668.59,72668.59,72479.41,72479.41,0.02828,1770242699999999,2053.1554196,5,0.02828,2053.1554196,0
1770242700000000,72113.88,72113.88,71755.42,72049.32,1.07917,1770242999999999,77696.6618541,136,0.01736,1248.6458346,0
1770243000000000,71999.82,72126.93,71999.82,72126.93,0.00859,1770243299999999,618.8547046,10,0.00801,577.0210852,0
1770243300000000,72209.07,72549.5,72209.07,72483.22,0.00792,1770243599999999,574.116094,8,0.00792,574.116094,0
1770243600000000,72551.22,73143.08,72551.22,73139.7,0.00898,1770243899999999,654.8312319,13,0.00773,564.1422069,0
1770243900000000,73123.03,73501.15,73123.03,73501.15,0.0522,1770244199999999,3827.0548964,22,0.0522,3827.0548964,0
1770244200000000,73255.95,73395.69,73119.17,73119.17,0.01563,1770244499999999,1145.6631658,10,0.01495,1095.8491198,0
1770244500000000,73191.21,73191.21,72841.29,72863.36,0.01147,1770244799999999,836.8017305,6,0.00755,550.7667861,0
1770244800000000,73034.84,73034.84,72675.86,72675.86,0.05107,1770245099999999,3723.9602766,4,0.00068,49.6636912,0
1770245100000000,72687.61,72895.01,72687.61,72895.01,0.00355,1770245399999999,258.3505895,6,0.00355,258.3505895,0
1770245400000000,72667.19,72732.38,72605.29,72683.89,1.67288,1770245699999999,121557.481615,280,1.13767,82668.8989206,0
1770245700000000,72730.06,72730.06,72264.11,72372.48,2.75173,1770245999999999,199107.4888463,591,1.56079,112914.1167502,0
1770246000000000,72374.6,72468.72,72369.74,72424.03,0.05069,1770246299999999,3670.2623594,14,0.00636,460.5182552,0
1770246300000000,72432.97,72588.64,72342.79,72559.19,0.03651,1770246599999999,2645.4382224,9,0.00766,555.3244721,0
1770246600000000,72551.0,72594.32,72551.0,72594.32,0.00104,1770246899999999,75.4829308,2,0.00104,75.4829308,0
1770246900000000,72696.88,73113.16,72681.62,72903.69,0.10867,1770247199999999,7916.7148078,23,0.0515,3750.5176333,0
1770247200000000,72908.35,72908.35,72758.37,72788.67,0.04254,1770247499999999,3096.3694722,12,0.01735,1263.0299547,0
1770247500000000,73095.49,73176.54,73095.02,73174.18,0.22732,1770247799999999,16625.6868787,10,0.09347,6835.2170974,0
1770247800000000,73191.22,73272.97,73146.74,73262.28,0.2535,1770248099999999,18554.4070054,11,0.10619,7778.0436308,0
1770248100000000,73246.51,73323.47,73090.38,73323.47,0.29336,1770248399999999,21479.9490971,21,0.17693,12956.1608638,0
1770248400000000,73272.57,73272.57,73168.57,73215.06,0.36375,1770248699999999,26636.4622045,19,0.16954,12411.1443424,0
1770248700000000,73245.56,73346.08,73245.56,73346.08,0.04785,1770248999999999,3507.4180478,10,0.01941,1423.0142849,0
1770249000000000,73319.56,73353.37,73216.31,73216.31,0.00933,1770249299999999,683.4219056,6,0.00933,683.4219056,0
1770249300000000,73170.04,73170.04,73037.2,73037.85,0.01961,1770249599999999,1433.55713,8,0.00689,503.2466781,0
1770249600000000,73006.91,73039.21,72956.42,72956.42,0.0023,1770249899999999,167.9299384,4,0.0023,167.9299384,0
1770249900000000,72948.7,73035.13,72897.86,72963.1,0.20852,1770250199999999,15206.0788045,9,0.00345,251.7897147,0
1770250200000000,72885.03,72899.85,72687.06,72687.06,0.27775,1770250499999999,20210.5975109,16,0.15399,11209.2329929,0
1770250500000000,72634.69,72776.86,72620.87,72776.86,0.01545,1770250799999999,1123.4657231,9,0.00551,400.4328083,0
1770250800000000,72795.62,72994.94,72795.62,72946.37,0.00945,1770251099999999,689.168587,9,0.00433,315.5616486,0
1770251100000000,72868.08,73043.07,72868.08,73043.07,0.12787,1770251399999999,9332.2023082,7,0.12787,9332.2023082,0
1770251400000000,73039.03,73041.05,72775.94,72784.44,0.28522,1770251699999999,20821.4885441,11,0.28522,20821.4885441,0
1770251700000000,72840.98,72993.08,72840.98,72993.08,0.00673,1770251999999999,490.6080406,7,0.00647,471.6559074,0
1770252000000000,72995.57,73019.63,72995.57,73019.63,0.00569,1770252299999999,415.4653339,2,0.00569,415.4653339,0
1770252300000000,72909.06,72909.06,72909.06,72909.06,0.00137,1770252599999999,99.8854122,1,0.00137,99.8854122,0
1770252600000000,72954.81,72954.81,72792.08,72795.22,0.2325,1770252899999999,16932.770388,6,0.03189,2324.6596707,0
1770252900000000,72776.29,72776.29,72776.29,72776.29,0.04461,1770253199999999,3246.5502969,1,0.0,0.0,0
1770253200000000,72776.29,72776.29,72776.29,72776.29,0.0,1770253499999999,0.0,0,0.0,0.0,0
1770253500000000,72928.24,73046.21,72908.03,73046.21,0.01961,1770253799999999,1430.0242387,9,0.00339,247.3406225,0
1770253800000000,73168.31,73168.31,73083.05,73083.05,0.00064,1770254099999999,46.7953196,2,0.00064,46.7953196,0
1770254100000000,72989.37,72989.37,72500.0,72500.0,0.03828,1770254399999999,2788.5817288,11,0.00069,50.043699,0
1770254400000000,72310.36,72310.36,71874.99,72118.47,0.06805,1770254699999999,4903.6083372,19,0.00658,474.2891858,0
1770254700000000,72165.99,72778.71,72165.99,72770.62,0.01747,1770254999999999,1265.7482883,12,0.01179,852.6358499,0
1770255000000000,72900.42,72998.29,72660.97,72836.28,0.00991,1770255299999999,721.6147095,18,0.00413,300.8860601,0
1770255300000000,72791.73,72840.96,72670.76,72679.82,0.05183,1770255599999999,3771.0949554,19,0.00069,50.1749715,0
1770255600000000,72704.64,72704.64,72153.7,72413.47,0.3299,1770255899999999,23890.2033919,35,0.01345,972.2161819,0
1770255900000000,72365.81,72481.05,72310.44,72481.05,0.20702,1770256199999999,14986.8051753,23,0.10672,7725.6195463,0
1770256200000000,72485.11,72608.02,72322.49,72383.24,0.02129,1770256499999999,1542.2535121,17,0.01231,891.7586716,0
1770256500000000,72397.41,72441.11,72319.01,72319.01,0.19843,1770256799999999,14363.3718713,20,0.00982,710.768234,0
1770256800000000,72278.18,72368.52,71919.58,72014.77,0.17808,1770257099999999,12823.3250771,36,0.10704,7703.7889301,0
1770257100000000,72046.69,72157.27,71925.26,72157.27,0.12159,1770257399999999,8768.27866,13,0.09849,7105.4915348,0
1770257400000000,72102.6,72137.4,71946.03,71946.04,0.35525,1770257699999999,25583.2069588,13,0.35387,25483.6864786,0
1770257700000000,71854.1,72073.78,71594.79,72073.78,0.76248,1770257999999999,54745.9999232,39,0.24957,17931.5301401,0
1770258000000000,72160.19,72216.58,72075.96,72164.09,0.02488,1770258299999999,1795.305889,10,0.01337,964.8144326,0
1770258300000000,72185.84,72190.06,71973.17,72190.06,0.03472,1770258599999999,2503.0226427,24,0.01886,1359.1958765,0
1770258600000000,72181.25,72210.35,72134.63,72178.56,0.073,1770258899999999,5267.7155874,14,0.06426,4637.0884836,0
1770258900000000,72360.56,72483.12,72360.56,72477.79,0.01373,1770259199999999,994.3106554,10,0.01373,994.3106554,0
1770259200000000,72369.49,72533.18,72369.49,72468.26,0.36424,1770259499999999,26399.5656394,19,0.24149,17501.5278776,0
1770259500000000,72370.67,72370.67,71779.8,71779.8,0.18951,1770259799999999,13677.5990337,18,0.14571,10519.3858476,0
1770259800000000,71748.8,71863.01,71642.32,71642.32,0.16442,1770260099999999,11794.7638865,30,0.00784,562.5482738,0
1770260100000000,71632.28,71650.59,71199.65,71281.69,0.47524,1770260399999999,33959.5415646,40,0.35535,25391.217016,0
1770260400000000,71325.76,71684.68,71283.91,71473.18,0.58108,1770260699999999,41540.5630876,127,0.28724,20526.1436678,0
1770260700000000,71430.15,71717.97,71379.47,71717.97,0.06798,1770260999999999,4865.9329429,17,0.05221,3738.4138532,0
1770261000000000,71683.66,71736.17,71344.46,71405.45,0.3241,1770261299999999,23155.6077475,80,0.12823,9167.3264801,0
1770261300000000,71374.47,71431.18,71149.03,71371.89,0.5102,1770261599999999,36343.9928952,153,0.17542,12493.875676,0
1770261600000000,71411.11,71562.89,71403.96,71410.76,0.07871,1770261899999999,5626.1424053,44,0.02796,1997.7480799,0
1770261900000000,71533.11,71550.13,71304.76,71369.22,0.11937,1770262199999999,8534.1899434,30,0.03588,2564.0302681,0
1770262200000000,71361.96,71425.37,71292.56,71292.56,0.09785,1770262499999999,6984.3534754,31,0.03164,2257.7273744,0
1770262500000000,71359.48,71359.5,71199.4,71199.4,0.40016,1770262799999999,28514.6106255,39,0.05812,4139.8218296,0
1770262800000000,71281.21,71458.31,71281.21,71369.52,0.22373,1770263099999999,15949.3664659,8,0.02135,1523.4554839,0
1770263100000000,71351.9,71351.9,71244.66,71244.66,0.00259,1770263399999999,184.7791274,3,0.00245,174.804875,0
1770263400000000,71176.61,71188.51,71052.79,71052.79,0.08255,1770263699999999,5867.9464174,21,0.0007,49.799267,0
1770263700000000,71157.0,71157.0,71095.88,71108.31,0.19249,1770263999999999,13696.1989585,11,0.02403,1709.0907385,0
1770264000000000,71128.25,71144.56,71000.0,71000.0,0.02435,1770264299999999,1730.4947039,7,0.01055,750.4401825,0
1770264300000000,71018.38,71023.41,70625.04,70998.89,0.40353,1770264599999999,28583.5960563,32,0.19765,14011.7686931,0
1770264600000000,71170.39,71225.6,70729.34,70823.03,0.58013,1770264899999999,41149.9957222,32,0.31526,22379.4308762,0
1770264900000000,70872.88,71065.22,70608.93,71016.89,0.59979,1770265199999999,42585.7993817,47,0.3544,25158.9899261,0
1770265200000000,71097.1,71224.08,71001.93,71079.89,0.43107,1770265499999999,30664.1993187,119,0.22325,15884.2959739,0
1770265500000000,71085.27,71196.3,70850.14,70882.66,1.12221,1770265799999999,79640.9099647,101,0.42746,30315.0806784,0
1770265800000000,70843.04,70879.95,70772.72,70794.92,0.04226,1770266099999999,2992.9038756,13,0.04088,2895.1995024,0
1770266100000000,70794.92,70940.67,70794.92,70885.15,0.02956,1770266399999999,2095.8250301,7,0.02925,2073.8620821,0
1770266400000000,71007.46,71279.89,71007.46,71271.23,0.16055,1770266699999999,11423.6376517,38,0.08845,6295.8149683,0
1770266700000000,71225.41,71246.59,71148.98,71148.98,0.04794,1770266999999999,3413.9741405,16,0.02562,1823.8569989,0
1770267000000000,71183.91,71195.99,70882.3,70882.3,0.23068,1770267299999999,16419.4426179,10,0.00041,29.1826549,0
1770267300000000,70920.54,70920.54,70537.29,70726.05,1.52846,1770267599999999,108068.3648627,126,0.26042,18415.5257527,0
1770267600000000,70796.31,70796.31,70740.06,70741.57,0.08965,1770267899999999,6345.393371,4,0.08965,6345.393371,0
1770267900000000,70854.42,70854.42,70582.83,70582.83,0.90768,1770268199999999,64205.7486352,19,0.2747,19424.5178226,0
1770268200000000,70658.13,70922.81,70103.64,70753.07,0.97155,1770268499999999,68614.3695595,42,0.2436,17262.8855873,0
1770268500000000,70711.17,70841.59,70470.37,70470.37,0.65672,1770268799999999,46384.2123196,25,0.45426,32082.5214134,0
1770268800000000,70443.17,70443.17,70037.13,70150.14,0.38604,1770269099999999,27088.7930512,67,0.13994,9813.0213636,0
1770269100000000,70182.41,70488.02,70048.79,70488.02,0.29368,1770269399999999,20610.3768341,54,0.05593,3935.2861973,0
1770269400000000,70315.64,70422.29,70287.04,70335.04,0.73486,1770269699999999,51680.6047193,40,0.34502,24264.66203,0
1770269700000000,70424.46,70758.05,70411.89,70612.58,0.10893,1770269999999999,7691.0278503,29,0.06493,4582.5838426,0
1770270000000000,70774.5,70976.94,70774.5,70917.4,0.03448,1770270299999999,2444.6563702,9,0.02932,2078.7193172,0
1770270300000000,70906.26,70906.26,70472.76,70576.59,0.78841,1770270599999999,55767.2980053,93,0.26419,18658.7099937,0
1770270600000000,70591.85,70734.99,70547.8,70585.28,0.54645,1770270899999999,38584.449228,34,0.24271,17136.9594932,0
1770270900000000,70564.7,70623.81,70524.03,70593.63,0.09492,1770271199999999,6698.1105014,15,0.08411,5934.912721,0
1770271200000000,70754.21,70754.21,70486.42,70512.62,0.6649,1770271499999999,46986.8456687,25,0.15058,10648.3022818,0
1770271500000000,70452.24,70586.86,70369.54,70476.91,0.82003,1770271799999999,57766.1861836,40,0.51472,36261.8444363,0
1770271800000000,70451.7,70621.1,70388.49,70533.57,1.41564,1770272099999999,99814.8975837,24,0.79489,56069.8002816,0
1770272100000000,70554.28,70633.7,70368.82,70368.82,0.2663,1770272399999999,18766.6447179,18,0.01787,1259.9304114,0
1770272400000000,70390.34,70443.32,70365.21,70397.87,0.82198,1770272699999999,57861.9396391,20,0.40528,28529.1564774,0
1770272700000000,70384.76,70444.77,70311.18,70372.75,0.36809,1770272999999999,25906.4424656,39,0.13894,9782.020736,0
1770273000000000,70487.89,70770.32,70487.89,70770.32,0.14199,1770273299999999,10009.143517,11,0.13662,9630.4126297,0
1770273300000000,70793.1,70813.06,70658.12,70806.44,0.31674,1770273599999999,22417.3899653,21,0.28548,20206.4805653,0
1770273600000000,70812.98,70862.69,70777.24,70809.29,0.22548,1770273899999999,15966.3140531,13,0.00607,429.7830014,0
1770273900000000,70816.61,70851.12,70479.43,70682.44,0.34156,1770274199999999,24162.8771598,38,0.08213,5817.2973374,0
1770274200000000,70698.81,70698.81,70634.77,70650.32,0.15889,1770274499999999,11223.362726,9,0.00633,447.2165256,0
1770274500000000,70821.6,70821.6,70819.81,70819.81,0.1191,1770274799999999,8434.8436279,2,0.0,0.0,0
1770274800000000,70844.16,71475.15,70844.16,71420.84,0.44297,1770275099999999,31565.6447273,28,0.42319,30154.1222962,0
1770275100000000,71264.78,71347.62,70983.38,71038.97,1.4428,1770275399999999,102793.884588,45,0.6429,45804.2172108,0
1770275400000000,71027.16,71072.26,70983.0,70983.0,0.52663,1770275699999999,37401.0746222,14,0.0075,532.7037,0
1770275700000000,71000.57,71047.76,70933.23,71045.62,0.00602,1770275999999999,427.4248838,5,0.0,0.0,0
1770276000000000,71170.38,71238.62,71170.38,71177.37,0.00429,1770276299999999,305.4589681,7,0.0007,49.819266,0
1770276300000000,71304.06,71415.84,71279.59,71311.96,0.01208,1770276599999999,861.7880069,12,0.00942,672.1037879,0
1770276600000000,71297.81,71297.81,71173.66,71224.62,0.0709,1770276899999999,5051.2876754,12,0.03796,2703.6978488,0
1770276900000000,71205.46,71205.46,70977.5,70977.5,0.00218,1770277199999999,154.776542,3,0.0002,14.241092,0
1770277200000000,71057.61,71057.61,70839.44,70947.84,1.39471,1770277499999999,98841.1442961,148,1.15411,81788.2038708,0
1770277500000000,71027.63,71076.69,70963.31,70963.31,0.21083,1770277799999999,14967.1365136,22,0.04044,2873.4838571,0
1770277800000000,70854.95,70855.4,70800.0,70822.55,1.01055,1770278099999999,71587.6288418,176,0.96878,68628.9510724,0
1770278100000000,70841.71,70841.71,70506.13,70592.2,0.53346,1770278399999999,37728.6820503,26,0.02705,1909.515904,0
1770278400000000,70694.44,70714.84,70584.39,70714.83,0.6609,1770278699999999,46700.7086032,23,0.36618,25876.0622181,0
1770278700000000,70699.04,70842.5,70672.52,70757.36,0.25414,1770278999999999,17997.6499724,16,0.25366,17963.6688204,0
1770279000000000,70725.74,70908.58,70693.08,70900.3,0.39683,1770279299999999,28127.8593996,13,0.18264,12949.2254457,0
1770279300000000,70901.39,71029.1,70895.46,71029.1,0.3202,1770279599999999,22716.9029216,8,0.32006,22706.9775572,0
1770279600000000,71015.5,71140.94,70971.32,71113.54,0.48554,1770279899999999,34504.1181889,35,0.39375,27979.2975335,0
1770279900000000,71122.58,71366.29,71122.58,71190.04,0.31859,1770280199999999,22694.3608074,47,0.30475,21707.9836644,0
1770280200000000,71247.37,71397.48,71229.47,71287.57,0.15133,1770280499999999,10789.1326334,14,0.1335,9517.0797565,0
1770280500000000,71211.04,71269.09,71149.62,71269.09,0.08249,1770280799999999,5871.4473834,14,0.0758,5395.0542716,0
1770280800000000,71269.25,71269.28,71128.99,71128.99,0.34773,1770281099999999,24757.0810062,14,0.00612,436.1679936,0
1770281100000000,71120.4,71170.44,71043.33,71043.33,0.07802,1770281399999999,5548.0673442,12,0.0676,4807.5947178,0
1770281400000000,71061.97,71061.97,70959.72,70959.73,0.07651,1770281699999999,5434.5146471,9,0.01193,846.9261243,0
1770281700000000,71042.45,71084.63,70945.07,70945.07,0.01132,1770281999999999,804.2423268,11,0.00927,658.7127829,0
1770282000000000,70939.01,71107.74,70939.01,71107.74,0.26965,1770282299999999,19168.4627735,10,0.26951,19158.5148075,0
1770282300000000,71124.29,71653.86,71124.29,71563.9,0.54026,1770282599999999,38571.5314558,74,0.19391,13825.4535111,0
1770282600000000,71613.13,71731.49,71433.74,71731.49,0.55914,1770282899999999,40002.9421734,55,0.17519,12549.0752862,0
1770282900000000,71640.26,71803.28,71612.76,71717.79,0.26832,1770283199999999,19258.9302354,13,0.10824,7769.2833522,0
1770283200000000,71711.5,71783.77,71545.68,71619.32,0.3969,1770283499999999,28414.1361557,22,0.07357,5270.7619462,0
1770283500000000,71630.73,71633.36,71558.61,71624.31,0.22364,1770283799999999,16017.3733272,12,0.01526,1092.791504,0
1770283800000000,71663.0,71687.82,71435.47,71496.64,0.03568,1770284099999999,2553.3890115,15,0.01891,1353.271844,0
1770284100000000,71496.64,71519.0,71398.81,71398.81,0.53115,1770284399999999,37940.6005996,19,0.21129,15086.0949803,0
1770284400000000,71449.5,71544.17,71372.25,71372.25,0.49689,1770284699999999,35505.4756266,21,0.23874,17057.8482388,0
1770284700000000,71398.2,71437.39,71331.7,71331.7,0.09686,1770284999999999,6914.5104485,31,0.03997,2853.683882,0
1770285000000000,71427.96,71629.59,71427.96,71572.33,0.40847,1770285299999999,29207.5596843,43,0.281,20091.7172777,0
1770285300000000,71572.33,71572.73,71437.7,71437.7,0.03579,1770285599999999,2558.7871679,22,0.03497,2500.2077929,0
1770285600000000,71456.97,71527.6,71345.99,71345.99,0.07028,1770285899999999,5019.8470631,37,0.03844,2744.4307041,0
1770285900000000,71345.86,71345.9,71222.21,71224.2,0.02232,1770286199999999,1590.9648454,14,0.01567,1117.1404076,0
1770286200000000,71243.77,71397.05,71243.77,71397.05,0.02018,1770286499999999,1438.9462946,17,0.02018,1438.9462946,0
1770286500000000,71401.97,71531.09,71341.2,71494.84,0.09374,1770286799999999,6697.4525425,20,0.09374,6697.4525425,0
1770286800000000,71559.27,71564.59,71444.07,71564.59,0.3847,1770287099999999,27495.2148732,24,0.38463,27490.210345,0
1770287100000000,71585.3,71625.99,71541.96,71625.99,0.32924,1770287399999999,23572.8234809,28,0.32764,23458.2807693,0
1770287400000000,71625.99,71625.99,71453.87,71473.88,0.46152,1770287699999999,33026.5059075,31,0.24473,17522.7121842,0
1770287700000000,71482.34,71521.73,71410.5,71417.42,0.10069,1770287999999999,7194.9623542,22,0.04178,2985.2356072,0
1770288000000000,71372.28,71440.58,71256.58,71256.58,0.10051,1770288299999999,7170.2053848,26,0.0362,2582.7660907,0
1770288300000000,71261.01,71287.07,71027.43,71027.43,0.12163,1770288599999999,8657.8077686,39,0.08891,6327.77565,0
1770288600000000,71021.84,71041.63,70652.54,70652.54,0.39349,1770288899999999,27873.3190087,44,0.10979,7768.6965395,0
1770288900000000,70696.04,70772.93,70555.17,70767.46,0.36083,1770289199999999,25474.5746186,22,0.04722,3337.9634254,0
1770289200000000,70789.08,70834.28,70692.89,70785.67,0.55777,1770289499999999,39479.4995512,37,0.04066,2877.1639888,0
1770289500000000,70781.83,70921.85,70744.32,70921.85,0.18392,1770289799999999,13037.2748975,13,0.02013,1427.2667154,0
1770289800000000,70895.71,70958.79,70611.02,70611.02,0.27545,1770290099999999,19506.6056558,28,0.02246,1590.0327802,0
1770290100000000,70732.57,70826.92,70639.64,70639.64,0.0121,1770290399999999,855.9112022,14,0.00586,414.7968528,0
1770290400000000,70635.02,70635.02,69958.3,69958.3,6.05108,1770290699999999,424877.0261512,183,0.26605,18742.8468702,0
1770290700000000,69958.3,70205.16,69895.02,69962.06,0.35021,1770290999999999,24544.2707185,59,0.0252,1765.1604512,0
1770291000000000,70011.5,70132.72,69843.72,70098.65,0.5977,1770291299999999,41817.7141166,55,0.19732,13815.1876202,0
1770291300000000,70134.67,70512.65,70009.06,70485.2,0.29131,1770291599999999,20478.2342361,25,0.14596,10283.4522173,0
1770291600000000,70425.82,70613.06,70421.51,70421.51,0.10001,1770291899999999,7051.9988525,22,0.03398,2394.90043,0
1770291900000000,70412.93,70479.14,70282.19,70394.07,0.50376,1770292199999999,35465.6771722,36,0.1378,9703.3347903,0
1770292200000000,70485.99,70485.99,70121.97,70121.97,0.08891,1770292499999999,6250.8743882,25,0.01025,720.8793289,0
1770292500000000,70248.44,70248.44,70170.92,70204.97,0.14232,1770292799999999,9995.0173689,12,0.0061,428.2328635,0
1770292800000000,70189.81,70476.66,70189.81,70378.3,0.24422,1770293099999999,17194.0184498,11,0.00071,49.9662145,0
1770293100000000,70392.28,70454.96,70048.13,70048.13,0.34662,1770293399999999,24387.2704545,28,0.01639,1152.2208943,0
1770293400000000,70032.51,70032.51,69881.89,69881.89,0.34692,1770293699999999,24267.9659209,30,0.00981,685.9389318,0
1770293700000000,69845.97,69845.97,69363.28,69379.78,0.64386,1770293999999999,44752.1078496,75,0.35178,24436.2333021,0
1770294000000000,69332.8,69416.78,69094.17,69100.0,0.80558,1770294299999999,55829.3730627,105,0.33956,23519.8847995,0
1770294300000000,69077.13,69676.1,69077.12,69544.14,0.53265,1770294599999999,37010.9271837,38,0.22518,15627.6753273,0
1770294600000000,69486.39,69711.96,69328.81,69523.18,0.20047,1770294899999999,13920.92843,38,0.01511,1049.3839963,0
1770294900000000,69564.68,69564.68,69350.64,69377.12,0.24651,1770295199999999,17117.6050155,36,0.01546,1073.4079712,0
1770295200000000,69396.99,69398.84,69125.48,69245.65,0.41069,1770295499999999,28456.8770234,59,0.14368,9947.7663064,0
1770295500000000,69317.82,69416.76,69134.06,69286.84,0.8446,1770295799999999,58538.4542436,62,0.64447,44662.7606837,0
1770295800000000,69399.81,69666.94,69322.0,69322.0,0.60214,1770296099999999,41811.7540591,33,0.14605,10153.9527374,0
1770296100000000,69268.58,69659.04,69128.81,69442.6,0.47744,1770296399999999,33143.6203632,50,0.33301,23131.9073079,0
1770296400000000,69314.88,69426.17,69308.94,69377.24,0.16036,1770296699999999,11125.6692207,18,0.10546,7317.3981815,0
1770296700000000,69422.11,69710.6,69418.29,69657.24,0.30326,1770296999999999,21122.1829803,17,0.18085,12600.4485752,0
1770297000000000,69633.66,69633.66,69379.15,69403.74,0.09047,1770297299999999,6286.1780587,20,0.04805,3337.9545503,0
1770297300000000,69353.24,69463.38,69319.13,69385.09,0.03367,1770297599999999,2336.4909038,11,0.00434,301.2852915,0
1770297600000000,69346.4,69404.21,69260.37,69333.72,0.20805,1770297899999999,14424.233879,30,0.03134,2172.1163154,0
1770297900000000,69362.71,69371.25,69171.91,69192.58,0.09656,1770298199999999,6685.9752912,36,0.04569,3162.7553476,0
1770298200000000,69290.99,69515.54,69188.92,69515.54,0.50081,1770298499999999,34751.4198098,76,0.36118,25062.8892882,0
1770298500000000,69432.7,69526.05,69325.19,69325.19,0.44436,1770298799999999,30854.0548077,35,0.2999,20826.9721485,0
1770298800000000,69293.93,69381.63,69269.18,69344.5,0.12241,1770299099999999,8483.8172009,20,0.10895,7550.7152531,0
1770299100000000,69332.43,69387.01,69289.92,69289.92,0.68123,1770299399999999,47243.3814879,30,0.03324,2304.9956427,0
1770299400000000,69336.59,69607.18,69307.5,69607.18,0.14391,1770299699999999,9980.385029,13,0.01871,1298.1754633,0
1770299700000000,69572.82,69632.38,69465.43,69608.06,2.41466,1770299999999999,168054.1274929,112,0.50464,35103.0028149,0
1770300000000000,69732.65,70110.21,69642.08,70028.11,0.42992,1770300299999999,30100.5515885,71,0.3208,22463.0546551,0
1770300300000000,70013.24,70013.24,69733.69,69763.84,0.54487,1770300599999999,38048.9603744,125,0.24294,16955.8646637,0
1770300600000000,69791.84,69893.62,69622.7,69638.83,0.2373,1770300899999999,16550.1367171,61,0.10813,7542.5150047,0
1770300900000000,69683.2,69683.2,69400.0,69651.34,0.53839,1770301199999999,37379.5356883,32,0.02686,1868.0424699,0
1770301200000000,69667.85,69888.03,69647.79,69888.03,0.01219,1770301499999999,849.4828213,7,0.00179,124.9349569,0
1770301500000000,69953.2,70017.28,69919.76,70017.28,0.08003,1770301799999999,5602.20708,9,0.06936,4855.7152345,0
1770301800000000,70003.03,70356.88,69849.46,70325.48,0.28977,1770302099999999,20330.9727069,55,0.18838,13221.7857235,0
1770302100000000,70344.11,70760.81,70134.69,70555.65,1.14825,1770302399999999,80901.9226895,114,0.18593,13116.865535,0
1770302400000000,70577.25,70577.25,70289.71,70415.23,0.45911,1770302699999999,32333.272349,83,0.15766,11106.056176,0
1770302700000000,70364.84,70666.63,70153.55,70203.64,0.50386,1770302999999999,35414.0826662,142,0.303,21301.4316385,0
1770303000000000,70188.22,70300.82,69766.43,69830.37,1.18818,1770303299999999,83131.4847359,313,0.66468,46500.2532414,0
1770303300000000,69830.58,69830.58,69184.7,69348.13,2.07246,1770303599999999,144157.7366041,516,0.99887,69554.8753633,0
1770303600000000,69297.19,69493.51,68818.04,68936.05,1.6824,1770303899999999,116113.0826768,180,0.07612,5264.0239754,0
1770303900000000,68825.09,68825.09,68492.19,68502.04,0.10039,1770304199999999,6889.5316515,27,0.06656,4570.2324166,0
1770304200000000,68574.83,68821.48,67928.16,67964.66,1.51145,1770304499999999,102965.4190258,315,0.32519,22213.9915922,0
1770304500000000,68204.95,68579.03,68180.13,68227.83,0.12648,1770304799999999,8653.3522619,52,0.05367,3674.2940313,0
1770304800000000,68200.96,68200.96,66912.02,67436.44,0.46292,1770305099999999,31082.3478532,100,0.10687,7198.5907586,0
1770305100000000,67597.62,67927.83,66666.0,66711.63,4.05803,1770305399999999,271939.8343134,825,0.63625,42718.2766457,0
1770305400000000,66706.93,67342.33,66608.56,66863.14,5.51782,1770305699999999,369034.8676803,1042,3.66186,244818.3169208,0
1770305700000000,66877.78,67431.92,66797.21,67398.65,3.86717,1770305999999999,258999.0610658,798,2.76566,185246.4978886,0
1770306000000000,67405.28,67676.49,67095.81,67377.63,1.32179,1770306299999999,89047.9067606,288,0.9544,64300.8274323,0
1770306300000000,67429.04,67483.58,66911.53,67396.97,0.78517,1770306599999999,52783.1131106,108,0.60541,40701.5340134,0
1770306600000000,67431.91,68106.04,67431.91,67595.75,0.97956,1770306899999999,66416.953168,133,0.4397,29815.2309258,0
1770306900000000,67595.75,67720.59,67236.01,67400.02,0.40727,1770307199999999,27454.6551167,82,0.09539,6433.2136345,0
1770307200000000,67403.9,67660.84,67122.15,67160.99,2.24912,1770307499999999,151468.6229594,386,0.6861,46218.1377515,0
1770307500000000,67131.18,67406.78,66835.36,66835.36,0.54866,1770307799999999,36831.9478076,90,0.31052,20859.3240904,0
1770307800000000,66907.19,67351.29,66868.36,66942.08,2.06655,1770308099999999,138551.3390605,358,0.48913,32789.650786,0
1770308100000000,66965.11,67561.53,66942.76,67309.11,0.80872,1770308399999999,54384.6615934,318,0.36532,24583.5472543,0
1770308400000000,67360.92,68005.93,67340.8,67951.7,0.97997,1770308699999999,66306.3765754,350,0.36274,24545.0355981,0
1770308700000000,67977.87,68086.4,67836.72,68024.7,0.5895,1770308999999999,40099.9310048,97,0.33036,22472.1972618,0
1770309000000000,68061.69,68302.94,67806.5,68087.59,0.33809,1770309299999999,22986.9958981,72,0.11625,7918.2971799,0
1770309300000000,67991.91,68228.31,67860.55,67897.46,0.64716,1770309599999999,43973.2088493,46,0.40565,27575.2398084,0
1770309600000000,67854.03,67938.12,67724.19,67728.8,0.33364,1770309899999999,22608.0236685,39,0.14421,9774.6281474,0
1770309900000000,67735.83,67880.35,67471.25,67874.2,0.3875,1770310199999999,26201.0944458,37,0.29756,20115.2556741,0
1770310200000000,68019.65,68549.92,67975.8,68414.83,0.44769,1770310499999999,30553.05686,57,0.26473,18060.4378997,0
1770310500000000,68432.64,68439.05,68072.52,68157.04,0.398,1770310799999999,27152.5830342,38,0.24416,16659.6703371,0
1770310800000000,68097.7,68097.7,67616.71,67616.71,0.54684,1770311099999999,37077.520945,53,0.16526,11221.9233978,0
1770311100000000,67671.15,67908.03,67249.86,67249.86,1.25498,1770311399999999,84816.6162346,208,0.65822,44498.3397641,0
1770311400000000,67300.86,67312.76,67045.2,67284.07,0.86025,1770311699999999,57803.0682831,139,0.31013,20845.4553003,0
1770311700000000,67110.79,67161.41,66774.92,66781.96,1.11871,1770311999999999,74918.4129904,183,0.47973,32125.1119517,0
1770312000000000,66738.56,67371.22,66336.72,67354.05,0.74864,1770312299999999,50051.542424,137,0.17751,11878.8712182,0
1770312300000000,67344.96,67475.29,67215.56,67215.56,0.40403,1770312599999999,27205.3669721,71,0.14278,9618.761351,0
1770312600000000,67319.26,67319.26,66431.68,66657.23,0.94896,1770312899999999,63394.880278,139,0.31742,21184.0194946,0
1770312900000000,66678.66,66976.3,66553.24,66859.66,0.10879,1770313199999999,7266.7407829,48,0.06877,4594.0020868,0
1770313200000000,66781.28,67191.16,66781.28,66923.96,0.14009,1770313499999999,9370.8689128,28,0.04927,3297.8357589,0
1770313500000000,66996.86,67123.48,66656.47,66750.41,0.38029,1770313799999999,25448.0072513,31,0.101,6766.4637311,0
1770313800000000,66676.2,66875.61,66501.17,66512.33,0.29328,1770314099999999,19548.761673,55,0.11332,7558.1313102,0
1770314100000000,66470.88,66489.87,66046.46,66053.13,0.19666,1770314399999999,13037.3637664,63,0.05442,3605.2435331,0
1770314400000000,66112.84,66385.3,66046.94,66192.08,1.32132,1770314699999999,87491.3032371,236,0.90502,59924.4923788,0
1770314700000000,66147.18,66310.85,66100.25,66216.81,0.64178,1770314999999999,42496.6984892,68,0.27124,17967.0612878,0
1770315000000000,66152.05,66397.46,66108.88,66302.02,0.79059,1770315299999999,52346.7313889,128,0.66639,44121.9624958,0
1770315300000000,66361.36,66404.98,65671.33,65677.22,4.80446,1770315599999999,317153.8681642,895,3.11733,205788.5778852,0
1770315600000000,65708.99,65941.18,65357.62,65941.18,3.55187,1770315899999999,232598.8373492,293,2.6731,174968.9363851,0
1770315900000000,65932.16,65962.24,65432.71,65664.35,1.65313,1770316199999999,108377.5621639,86,0.28405,18637.8543377,0
1770316200000000,65732.45,65845.83,65365.44,65502.46,0.70918,1770316499999999,46533.6275232,155,0.43492,28550.0809839,0
1770316500000000,65517.67,65683.89,65409.97,65536.01,0.5924,1770316799999999,38833.2053456,94,0.22609,14824.1276478,0
1770316800000000,65558.4,65836.85,65499.65,65691.59,0.47764,1770317099999999,31361.4661224,116,0.33229,21821.1346694,0
1770317100000000,65646.5,65831.64,65285.18,65522.39,0.59458,1770317399999999,39052.6830031,62,0.06203,4066.2292939,0
1770317400000000,65407.36,65751.28,65395.83,65682.03,0.38132,1770317699999999,24953.9735447,40,0.23664,15490.3927125,0
1770317700000000,65666.18,66317.58,65666.18,66246.52,0.64772,1770317999999999,42854.165282,53,0.11617,7680.9262564,0
1770318000000000,66219.42,66272.81,65931.76,66184.68,0.34797,1770318299999999,23011.8206922,33,0.04591,3037.4966178,0
1770318300000000,66105.53,66468.34,66015.18,66015.18,0.59294,1770318599999999,39226.2951553,40,0.14186,9383.2314776,0
1770318600000000,66012.38,66306.44,65969.41,66187.08,0.96289,1770318899999999,63712.0607942,76,0.52282,34596.619962,0
1770318900000000,66173.34,66371.36,66062.41,66287.33,0.60574,1770319199999999,40097.7514649,80,0.34215,22650.5465638,0
1770319200000000,66288.37,66288.37,65754.72,65754.72,0.38172,1770319499999999,25167.0996451,60,0.14527,9569.6719547,0
1770319500000000,65798.44,65809.58,65512.3,65718.73,0.38065,1770319799999999,24979.8932202,89,0.18297,12001.6053572,0
1770319800000000,65724.06,65887.88,65585.19,65826.5,0.36494,1770320099999999,24001.584817,105,0.21892,14399.5159701,0
1770320100000000,65815.5,66027.74,65730.43,65854.96,0.32165,1770320399999999,21178.6433186,75,0.22779,14997.5996026,0
1770320400000000,65861.6,65896.46,65598.95,65690.77,0.43825,1770320699999999,28810.0195664,69,0.21198,13939.7740942,0
1770320700000000,65686.55,65765.88,65375.52,65408.85,0.14646,1770320999999999,9605.209315,46,0.03072,2015.0938177,0
1770321000000000,65443.93,65443.94,65076.35,65154.88,0.33877,1770321299999999,22102.6812662,55,0.15538,10141.9590885,0
1770321300000000,65183.11,65243.11,65121.33,65180.35,0.1179,1770321599999999,7685.0168064,40,0.01545,1007.4005454,0
1770321600000000,65182.22,65376.43,65050.0,65127.51,0.75199,1770321899999999,49081.972642,81,0.33305,21743.4435339,0
1770321900000000,65019.0,65577.63,64971.2,65462.25,0.74073,1770322199999999,48320.3071656,123,0.46977,30631.2396906,0
1770322200000000,65497.47,65497.47,64888.0,64926.96,0.84459,1770322499999999,55011.2010022,122,0.1837,11960.7677892,0
1770322500000000,64887.5,64937.73,63909.6,64075.82,3.20832,1770322799999999,206394.015771,605,1.26027,80922.8127594,0
1770322800000000,64121.29,64333.03,63447.95,63927.51,1.73658,1770323099999999,110851.706158,259,0.6759,43149.687415,0
1770323100000000,63932.72,64197.67,63296.47,63745.89,2.45199,1770323399999999,156343.1574526,289,0.97633,62113.624033,0
1770323400000000,63632.82,63877.6,63333.01,63601.81,2.34672,1770323699999999,149383.3027635,260,1.2895,82091.1021182,0
1770323700000000,63538.22,63831.78,63011.1,63443.04,1.7943,1770323999999999,113755.9758388,281,1.10042,69774.7332369,0
1770324000000000,63813.51,63980.29,63455.82,63597.96,0.94583,1770324299999999,60223.4532691,100,0.30967,19715.0456972,0
1770324300000000,63508.76,63739.28,63000.0,63000.0,0.93751,1770324599999999,59363.2152088,114,0.07767,4921.4694861,0
1770324600000000,63178.68,63263.84,62419.83,62485.75,4.49979,1770324899999999,282184.9459645,692,3.34638,209557.7812569,0
1770324900000000,62408.19,63654.05,62254.5,63636.92,2.98223,1770325199999999,186866.1742066,557,2.39613,149931.4975306,0
1770325200000000,63612.53,64495.39,63513.53,64290.25,1.28072,1770325499999999,81976.6358671,291,0.98844,63294.2803249,0
1770325500000000,64286.45,64552.46,63831.05,63831.05,0.38617,1770325799999999,24791.2453002,98,0.20587,13230.5023366,0
1770325800000000,63817.24,63869.57,63277.17,63322.43,0.30084,1770326099999999,19113.4962697,78,0.07037,4474.6130532,0
1770326100000000,63315.08,63602.03,62850.03,62877.2,0.30293,1770326399999999,19141.2012516,60,0.23539,14873.574869,0
1770326400000000,62849.55,64039.77,62824.31,63837.14,0.61048,1770326699999999,38799.3709432,116,0.28547,18164.5399336,0
1770326700000000,63747.25,63851.27,63283.45,63846.3,0.38799,1770326999999999,24678.4752088,92,0.16051,10210.3496665,0
1770327000000000,63874.47,64080.69,63347.26,63362.18,0.57298,1770327299999999,36493.6417719,145,0.18829,11981.337199,0
1770327300000000,63422.11,63719.67,63175.45,63674.43,0.77728,1770327599999999,49305.4087618,169,0.35801,22684.2945135,0
1770327600000000,63739.1,64012.45,63411.14,63568.05,0.69598,1770327899999999,44373.8911736,143,0.16781,10681.9219631,0
1770327900000000,63563.42,63865.0,63563.23,63588.26,0.38671,1770328199999999,24635.5404469,59,0.1348,8585.9999577,0
1770328200000000,63557.75,63575.22,63046.87,63237.26,0.7549,1770328499999999,47730.2657873,59,0.30073,19042.0647307,0
1770328500000000,63255.93,63303.84,62943.89,63178.23,0.40283,1770328799999999,25430.5391161,60,0.18632,11758.3771517,0
1770328800000000,63171.32,63308.0,63027.59,63206.12,0.91535,1770329099999999,57790.6157768,67,0.54493,34407.2576336,0
1770329100000000,63216.91,63433.6,62603.43,63386.33,0.39266,1770329399999999,24745.2848123,135,0.08633,5445.432201,0
1770329400000000,63502.39,63549.65,63261.28,63455.05,0.60868,1770329699999999,38584.4399599,69,0.35658,22600.3437646,0
1770329700000000,63412.36,63412.36,62570.35,62768.57,0.34174,1770329999999999,21508.7245992,96,0.06436,4045.7773659,0
1770330000000000,62830.66,62937.73,62659.47,62937.73,0.39932,1770330299999999,25088.4075689,68,0.24286,15257.9720064,0
1770330300000000,62932.68,64164.33,62900.6,64030.91,0.36819,1770330599999999,23396.1922705,79,0.26776,17034.2180573,0
1770330600000000,64030.92,64486.19,63582.19,63747.66,1.26369,1770330899999999,81068.9403582,180,0.51305,32975.4632989,0
1770330900000000,63712.33,63795.9,63582.37,63760.93,0.20173,1770331199999999,12844.3410867,35,0.07374,4698.1044222,0
1770331200000000,63740.36,63985.97,63703.6,63985.97,0.51481,1770331499999999,32896.3454519,98,0.01322,844.8480042,0
1770331500000000,63920.36,63920.36,63804.05,63804.05,0.01549,1770331799999999,989.3501171,7,0.00387,247.0100927,0
1770331800000000,63899.43,64402.23,63899.43,64322.39,0.70308,1770332099999999,45179.4441791,118,0.50899,32718.7287575,0
1770332100000000,64230.87,64230.87,63789.62,63811.14,0.11727,1770332399999999,7504.2036369,35,0.04862,3111.7737247,0
1770332400000000,63792.79,64667.87,63691.13,64667.87,0.85534,1770332699999999,54840.744799,147,0.52493,33625.684228,0
1770332700000000,64622.39,64789.68,64258.71,64490.17,1.60092,1770332999999999,103279.9753507,259,0.99186,63996.8214736,0
1770333000000000,64551.65,64690.32,64466.28,64466.28,0.28468,1770333299999999,18394.0516194,82,0.19534,12622.5553088,0
1770333300000000,64456.38,64613.16,64297.7,64297.7,0.33111,1770333599999999,21362.016519,77,0.27358,17653.543719,0
1770333600000000,64235.56,64235.56,63947.27,63947.27,0.31833,1770333899999999,20391.4671801,47,0.17023,10905.7480122,0
1770333900000000,64058.05,64295.33,64044.95,64242.03,0.36579,1770334199999999,23489.7758879,35,0.14151,9087.9156149,0
1770334200000000,64301.74,64388.04,63859.47,63859.47,0.14639,1770334499999999,9393.7974265,38,0.02741,1759.6388259,0
1770334500000000,63823.06,63823.06,63417.32,63611.35,0.52171,1770334799999999,33157.7626953,68,0.35217,22375.650699,0
1770334800000000,63501.32,63611.14,63283.34,63311.25,0.26128,1770335099999999,16564.1550603,58,0.00701,445.0346982,0
1770335100000000,63391.48,63495.63,63258.55,63301.3,0.24136,1770335399999999,15296.0617529,73,0.07208,4568.3846813,0
1770335400000000,63216.41,63237.93,62770.53,62921.39,0.69881,1770335699999999,43981.6528697,124,0.41148,25883.8368247,0
1770335700000000,63044.83,63051.99,62639.52,62734.53,0.25215,1770335999999999,15877.1820984,42,0.01253,788.2040478,0
1770336000000000,62855.61,62978.49,61880.61,62208.15,0.43813,1770336299999999,27395.24309,112,0.36833,23043.9091045,0
1770336300000000,62193.26,62193.26,61005.01,61356.85,0.22052,1770336599999999,13583.3039017,97,0.11893,7336.762721,0
1770336600000000,61323.03,61424.62,60035.06,60262.35,0.78629,1770336899999999,47609.4812749,299,0.16885,10255.4816386,0
1770336900000000,60180.79,69455.82,60000.0,60000.0,4.29016,1770337199999999,260716.4226777,732,0.43237,27649.4823382,0
1770337200000000,60162.43,60947.69,60098.92,60914.27,0.77428,1770337499999999,46868.3096701,340,0.14297,8661.1429317,0
1770337500000000,60959.54,61675.84,60913.65,61259.38,1.77269,1770337799999999,108988.2108049,211,0.46719,28660.5010561,0
1770337800000000,61335.67,62284.25,61281.1,62173.63,0.61176,1770338099999999,37753.4069715,117,0.16154,9977.1851402,0
1770338100000000,62203.07,63343.45,62203.07,63139.49,0.45277,1770338399999999,28373.2016983,168,0.04365,2738.0523383,0
1770338400000000,63102.19,63102.19,62646.08,62742.61,0.31206,1770338699999999,19583.4974246,47,0.19079,11968.5661749,0
1770338700000000,62996.82,63495.89,62454.95,62767.34,0.618,1770338999999999,38865.3232291,124,0.35781,22476.0779571,0
1770339000000000,62774.86,63746.33,62774.86,63727.1,0.5369,1770339299999999,33971.1571633,164,0.40905,25870.6646036,0
1770339300000000,63744.47,63744.47,63263.43,63421.09,0.17336,1770339599999999,10998.1894135,67,0.10557,6698.3783281,0
1770339600000000,63697.33,64153.77,63520.67,64153.77,0.2605,1770339899999999,16625.4682591,81,0.15797,10074.6771174,0
1770339900000000,64243.83,64572.45,63904.59,64398.96,0.35569,1770340199999999,22861.348107,65,0.28982,18620.4211656,0
1770340200000000,64341.08,64783.68,64080.88,64251.34,0.84272,1770340499999999,54308.7714471,100,0.41813,26960.4846061,0
1770340500000000,64241.53,64382.16,63913.75,64005.39,0.33983,1770340799999999,21819.868725,71,0.30625,19666.6679055,0
1770340800000000,64000.19,64322.65,64000.19,64286.68,0.15982,1770341099999999,10265.2591448,31,0.04589,2943.9306489,0
1770341100000000,64350.3,64370.26,64000.52,64030.88,0.60903,1770341399999999,39075.6330896,48,0.57436,36850.1910906,0
1770341400000000,64080.56,64376.52,63967.46,64376.52,0.06432,1770341699999999,4123.8559594,25,0.05713,3663.334589,0
1770341700000000,64388.98,64692.27,64184.37,64336.03,0.68968,1770341999999999,44422.6580495,82,0.40353,25988.6570004,0
1770342000000000,64353.84,64633.89,64216.76,64598.06,0.4004,1770342299999999,25775.6330073,84,0.34123,21965.088909,0
1770342300000000,64604.74,65396.68,64529.48,65188.06,0.39863,1770342599999999,25952.344006,71,0.27118,17649.1774813,0
1770342600000000,65117.26,65393.22,65085.33,65393.22,0.1062,1770342899999999,6927.574745,38,0.10042,6550.8098065,0
1770342900000000,65427.74,65663.81,65414.79,65522.78,0.14045,1770343199999999,9203.3297953,33,0.11574,7584.1159118,0
1770343200000000,65553.09,65896.1,65364.47,65442.97,0.38854,1770343499999999,25506.8250726,54,0.24977,16420.1759553,0
1770343500000000,65458.88,65458.88,65069.59,65069.59,0.48426,1770343799999999,31579.2783948,35,0.01226,799.416001,0
1770343800000000,65102.39,65102.39,64656.77,64752.65,0.43839,1770344099999999,28462.1044525,46,0.23809,15472.6051045,0
1770344100000000,64782.19,65039.69,64664.63,64783.24,0.68396,1770344399999999,44357.083601,42,0.30773,19942.6618643,0
1770344400000000,64559.64,64586.44,64184.52,64236.1,0.42258,1770344699999999,27192.9435768,69,0.22106,14228.8812831,0
1770344700000000,64313.1,64547.41,64268.2,64547.41,0.51073,1770344999999999,32895.6675526,60,0.45713,29444.6700128,0
1770345000000000,64546.74,64893.15,64353.85,64758.12,0.83861,1770345299999999,54305.6499211,227,0.45564,29510.8795227,0
1770345300000000,64757.76,64987.5,64607.37,64980.47,5.04353,1770345599999999,326514.8479186,1143,2.06531,133802.6142039,0
1770345600000000,64981.07,65334.23,64957.83,65103.54,2.10791,1770345899999999,137038.219275,509,0.38064,24769.9106027,0
1770345900000000,65095.27,65195.94,64637.26,64768.23,0.53939,1770346199999999,35026.8677884,94,0.28949,18785.3721833,0
1770346200000000,64924.05,65117.01,64736.2,64818.95,0.70735,1770346499999999,45861.4362258,171,0.19925,12929.4061471,0
1770346500000000,64810.36,64907.57,64683.88,64907.57,0.63107,1770346799999999,40886.9434437,157,0.32529,21081.6406582,0
1770346800000000,64928.49,65071.59,64745.4,64884.73,2.42688,1770347099999999,157510.165871,596,0.59975,38936.3819561,0
1770347100000000,64874.04,64997.66,64524.46,64635.39,2.79285,1770347399999999,180942.5972976,658,0.82768,53604.723133,0
1770347400000000,64629.91,64630.86,64302.93,64360.13,1.97356,1770347699999999,127317.2724285,446,0.33991,21903.5966254,0
1770347700000000,64360.61,64680.03,64348.59,64601.26,1.58263,1770347999999999,102114.4861779,430,0.62175,40096.1760735,0
1770348000000000,64605.87,64851.57,64407.32,64517.67,1.52938,1770348299999999,98812.4346862,304,0.43212,27919.9143861,0
1770348300000000,64520.06,64708.42,64437.21,64632.37,1.90571,1770348599999999,123116.9901784,367,0.7541,48717.4509372,0
1770348600000000,64623.04,64862.0,64603.21,64739.78,1.39856,1770348899999999,90549.625971,346,0.58723,38038.01522,0
1770348900000000,64721.26,64832.45,64582.33,64653.62,2.95292,1770349199999999,191149.3217115,666,0.7004,45353.5172213,0
1770349200000000,64651.38,64651.38,64383.82,64414.08,0.72626,1770349499999999,46877.6502958,193,0.08493,5482.1177879,0
1770349500000000,64421.25,64439.55,63897.61,64128.9,1.0182,1770349799999999,65291.6797414,270,0.14659,9395.2405054,0
1770349800000000,64151.17,64286.13,63718.5,63870.35,0.89632,1770350099999999,57345.4501041,256,0.30895,19764.5003068,0
1770350100000000,63947.39,64178.26,63947.39,64123.37,0.14521,1770350399999999,9300.7711511,43,0.09778,6264.3343623,0
1770350400000000,64098.13,64266.49,63847.87,64239.61,1.03143,1770350699999999,66107.8385664,308,0.42632,27328.2960915,0
1770350700000000,64221.64,64428.55,64168.17,64220.69,1.41588,1770350999999999,90947.2783571,323,0.28427,18274.623892,0
1770351000000000,64220.7,64491.36,64155.54,64416.38,1.62163,1770351299999999,104241.2344554,355,0.88719,57071.5034955,0
1770351300000000,64400.37,64740.95,64349.66,64669.94,3.1229,1770351599999999,201646.6836658,707,0.73949,47710.9706018,0
1770351600000000,64668.53,64846.52,64533.95,64832.45,1.53114,1770351899999999,99167.9246017,315,0.57595,37282.4544705,0
1770351900000000,64883.98,64928.68,64768.16,64864.32,1.01996,1770352199999999,66140.2963807,226,0.04444,2881.5332569,0
1770352200000000,64822.61,64846.46,64703.84,64834.83,0.16876,1770352499999999,10930.8726456,46,0.0343,2221.7086305,0
1770352500000000,64802.36,64802.36,64584.68,64584.68,0.02917,1770352799999999,1885.5013428,15,0.02747,1775.4970118,0
1770352800000000,64602.94,64673.73,64500.0,64673.73,0.08674,1770353099999999,5600.4997476,26,0.04968,3208.8543172,0
1770353100000000,64760.46,64874.91,64698.56,64874.91,0.72528,1770353399999999,46996.4284567,158,0.04627,2998.3132427,0
1770353400000000,64855.58,64889.58,64777.15,64794.86,0.17117,1770353699999999,11102.045324,40,0.03437,2228.4399673,0
1770353700000000,64812.52,64853.12,64782.9,64853.12,0.04479,1770353999999999,2903.5087219,11,0.04479,2903.5087219,0
1770354000000000,64835.33,65178.15,64726.23,65178.15,2.75296,1770354299999999,178549.7598044,599,1.43171,92887.5674682,0
1770354300000000,65178.15,65360.58,65055.23,65133.79,0.11962,1770354599999999,7801.5917829,31,0.03735,2437.5818457,0
1770354600000000,65060.11,65506.1,65060.11,65450.55,0.2388,1770354899999999,15623.7961348,38,0.16621,10872.6102486,0
1770354900000000,65427.93,65540.48,65240.6,65514.52,0.0427,1770355199999999,2796.6597163,7,0.04193,2746.4244543,0
1770355200000000,65485.34,65627.32,65402.44,65402.44,0.0498,1770355499999999,3263.0106452,13,0.04614,3023.5011352,0
1770355500000000,65282.08,65404.5,65253.1,65404.5,0.02034,1770355799999999,1327.6206047,7,0.00237,154.7102235,0
1770355800000000,65359.04,65723.08,65359.04,65641.4,0.01262,1770356099999999,827.3190271,10,0.01035,678.654596,0
1770356100000000,65641.4,65814.29,65641.4,65809.47,0.04962,1770356399999999,3261.1239047,18,0.03439,2261.4053827,0
1770356400000000,65789.5,65906.25,65742.96,65904.22,0.06046,1770356699999999,3981.0014373,20,0.0597,3931.0014173,0
1770356700000000,65896.73,65922.99,65731.94,65884.31,0.03222,1770356999999999,2121.7465897,17,0.03146,2071.7217177,0
1770357000000000,65970.97,66724.31,65970.97,66724.31,0.47271,1770357299999999,31290.3780507,80,0.43408,28725.7187416,0
1770357300000000,66659.97,66659.97,66194.36,66327.12,0.09041,1770357599999999,5997.636098,42,0.03431,2275.4913439,0
1770357600000000,66345.26,66717.26,66335.06,66666.76,0.04839,1770357899999999,3220.3679248,21,0.02784,1854.2793638,0
1770357900000000,66542.92,66607.08,66330.38,66393.09,0.34443,1770358199999999,22898.4640721,30,0.3393,22557.8599526,0
1770358200000000,66376.46,66376.46,66100.01,66100.01,0.26419,1770358499999999,17483.6011879,47,0.08801,5830.7110739,0
1770358500000000,66106.07,66120.75,65725.15,65725.15,1.10665,1770358799999999,72984.8747585,107,0.46232,30502.0714925,0
1770358800000000,65728.02,65889.69,65660.74,65746.51,0.42626,1770359099999999,28049.8287171,99,0.09542,6273.2845999,0
1770359100000000,65686.63,65795.63,65565.06,65795.63,0.63253,1770359399999999,41545.8468066,154,0.10832,7114.4142096,0
1770359400000000,65708.97,65708.97,65456.08,65456.08,0.32263,1770359699999999,21166.0718085,82,0.03987,2613.5818176,0
1770359700000000,65363.14,65379.85,65090.82,65206.97,0.87618,1770359999999999,57137.9070171,136,0.22763,14849.9230725,0
1770360000000000,65246.62,65342.64,64902.93,65013.24,0.32332,1770360299999999,21066.322708,88,0.15215,9906.3179561,0
1770360300000000,65017.53,65159.34,64794.26,64900.27,5.39521,1770360599999999,350510.3885062,1018,2.37594,154312.7572587,0
1770360600000000,64871.66,65179.64,64871.66,65134.08,1.63282,1770360899999999,106315.1952942,247,0.50842,33086.6716337,0
1770360900000000,65041.36,65118.1,64887.32,64913.02,0.40399,1770361199999999,26261.8011733,87,0.07056,4587.7625403,0
1770361200000000,64915.81,64932.46,64577.04,64759.91,3.02734,1770361499999999,195950.5381253,332,1.11225,71967.4427556,0
1770361500000000,64770.36,64956.78,64601.32,64658.79,0.2094,1770361799999999,13562.8737559,68,0.17097,11077.3362083,0
1770361800000000,64724.37,64884.87,64658.91,64884.87,0.34928,1770362099999999,22618.4995484,72,0.07495,4854.1165007,0
1770362100000000,64997.57,64997.57,64799.34,64984.91,0.84375,1770362399999999,54755.6789069,101,0.12559,8151.0355687,0
1770362400000000,65104.81,65247.25,64891.34,64936.67,0.73281,1770362699999999,47739.5530186,53,0.23753,15461.3416417,0
1770362700000000,64970.01,64999.84,64758.74,64893.76,0.26416,1770362999999999,17137.6974986,27,0.24145,15663.7712885,0
1770363000000000,64866.42,65427.14,64866.42,65112.36,1.68965,1770363299999999,109993.4621056,59,1.31677,85751.9948861,0
1770363300000000,65147.02,65320.72,65147.02,65320.72,0.03198,1770363599999999,2085.0244151,13,0.03198,2085.0244151,0
1770363600000000,65216.29,65455.74,65155.61,65155.61,0.37,1770363899999999,24161.5126551,32,0.27271,17803.6450442,0
1770363900000000,65150.11,65150.12,64859.29,64859.29,0.03067,1770364199999999,1995.2748836,12,0.02423,1576.356168,0
1770364200000000,64629.67,64870.19,64628.21,64769.66,0.21358,1770364499999999,13845.0266787,21,0.06022,3896.5343418,0
1770364500000000,64815.81,64815.81,64740.32,64780.2,0.27401,1770364799999999,17749.6088767,16,0.17082,11065.6650587,0
1770364800000000,64757.43,64816.14,64451.16,64616.02,0.37772,1770365099999999,24422.4100566,30,0.17274,11177.2942222,0
1770365100000000,64664.0,65123.0,64664.0,65038.3,0.29933,1770365399999999,19427.5671655,37,0.07078,4594.150664,0
1770365400000000,65042.31,65042.31,64856.8,65003.99,0.46068,1770365699999999,29932.9458117,23,0.22799,14813.395002,0
1770365700000000,65054.96,65063.43,64755.77,64756.51,0.25589,1770365999999999,16602.8875992,24,0.14912,9665.0069798,0
1770366000000000,64806.57,65125.2,64781.11,64857.68,0.06751,1770366299999999,4391.3562612,18,0.02493,1621.0415463,0
1770366300000000,64900.74,65032.41,64697.67,64722.3,0.3686,1770366599999999,23899.6764305,30,0.21412,13867.7921853,0
1770366600000000,64620.37,64684.22,64462.64,64559.67,0.45257,1770366899999999,29250.4113001,61,0.25082,16209.1228226,0
1770366900000000,64515.9,64849.12,64515.9,64844.68,0.0815,1770367199999999,5273.0106575,25,0.07333,4744.9419831,0
1770367200000000,64793.87,64793.87,64492.12,64687.46,0.22259,1770367499999999,14392.5780481,52,0.15399,9958.3088042,0
1770367500000000,64687.45,64956.59,64651.04,64956.59,0.05886,1770367799999999,3810.5839547,21,0.04567,2956.792423,0
1770367800000000,64956.59,65038.11,64843.1,64927.14,0.09194,1770368099999999,5974.5478169,17,0.03784,2456.5879334,0
1770368100000000,64888.75,65003.87,64800.66,64833.82,0.0148,1770368399999999,959.8500937,7,0.01381,895.6130953,0
1770368400000000,64864.88,64922.19,64749.24,64804.57,0.37425,1770368699999999,24265.959907,14,0.13618,8826.879286,0
1770368700000000,64743.1,64889.16,64711.51,64889.16,0.22848,1770368999999999,14797.3472996,11,0.1084,7016.2705214,0
1770369000000000,64894.29,65051.1,64875.33,65051.1,0.08565,1770369299999999,5561.6917274,18,0.04012,2607.0575507,0
1770369300000000,65007.18,65320.9,64968.28,65225.68,0.08933,1770369599999999,5819.6731116,31,0.05344,3482.7714263,0
1770369600000000,65229.43,65464.44,65181.11,65464.44,0.1253,1770369899999999,8181.7207158,40,0.0917,5990.5299209,0
1770369900000000,65451.66,65577.88,65333.86,65556.36,0.10494,1770370199999999,6868.7581435,34,0.0444,2907.510296,0
1770370200000000,65563.63,65890.11,65550.15,65888.82,0.1502,1770370499999999,9871.2864492,76,0.09631,6331.1813196,0
1770370500000000,65858.6,65997.65,65670.73,65719.11,0.37157,1770370799999999,24432.0821006,65,0.21186,13925.1384713,0
1770370800000000,65678.76,65802.76,65527.83,65802.76,0.28299,1770371099999999,18570.0524665,50,0.28224,18520.830757,0
1770371100000000,65760.77,65944.15,65552.84,65874.96,0.14298,1770371399999999,9393.457892,52,0.09207,6052.424841,0
1770371400000000,65913.21,66099.8,65862.9,65960.42,0.17888,1770371699999999,11794.8969787,49,0.0634,4180.6533897,0
1770371700000000,65932.91,65960.6,65705.29,65744.48,0.26705,1770371999999999,17584.4871061,49,0.2166,14260.3552736,0
1770372000000000,65741.46,65847.49,65607.99,65734.27,0.11444,1770372299999999,7521.2394904,38,0.0454,2984.9898062,0
1770372300000000,65756.1,65822.17,65723.21,65822.17,0.64926,1770372599999999,42708.9396231,106,0.49707,32699.7037342,0
1770372600000000,65857.93,65857.93,65493.64,65746.33,0.65358,1770372899999999,42939.7766233,122,0.45356,29793.2894319,0
1770372900000000,65785.82,66026.27,65764.87,65980.98,0.33218,1770373199999999,21870.7121963,62,0.17908,11788.3894305,0
1770373200000000,65952.97,66152.6,65842.1,65842.1,0.78514,1770373499999999,51787.7607369,65,0.68396,45121.3645531,0
1770373500000000,65921.52,65995.57,65872.03,65962.09,0.2179,1770373799999999,14371.8040195,22,0.13577,8954.3735653,0
1770373800000000,65937.17,66075.25,65937.0,65974.93,0.14649,1770374099999999,9664.2866447,28,0.11898,7849.1921897,0
1770374100000000,65978.35,66055.71,65911.22,65935.58,0.42834,1770374399999999,28271.809755,73,0.42266,27897.067682,0
1770374400000000,65897.22,66018.08,65891.13,66004.31,0.13726,1770374699999999,9056.8624272,39,0.13225,8726.2677576,0
1770374700000000,65982.88,66035.54,65906.13,65932.03,0.07486,1770374999999999,4938.1110999,28,0.03718,2452.1669003,0
1770375000000000,65932.03,65932.03,65752.05,65917.5,0.42981,1770375299999999,28307.1246034,44,0.14287,9409.612187,0
1770375300000000,65939.92,65956.93,65852.72,65877.26,0.07686,1770375599999999,5067.3970785,29,0.06084,4011.4739406,0
1770375600000000,65894.47,65896.83,65718.75,65869.27,0.4839,1770375899999999,31844.4257401,88,0.36428,23980.5895884,0
1770375900000000,65870.28,65870.28,65754.04,65769.96,0.06628,1770376199999999,4361.1097054,15,0.03503,2305.1153695,0
1770376200000000,65748.91,65942.27,65748.91,65878.85,0.70862,1770376499999999,46652.236806,131,0.65921,43398.2940784,0
1770376500000000,65857.86,66020.43,65786.49,65786.49,0.79463,1770376799999999,52365.2949805,146,0.7246,47747.9539102,0
1770376800000000,65815.87,65973.55,65813.81,65970.05,0.35028,1770377099999999,23087.5633829,55,0.21815,14375.1474571,0
1770377100000000,65927.84,65987.8,65843.84,65963.62,0.14199,1770377399999999,9357.9725463,36,0.12072,7956.5019832,0
1770377400000000,65960.0,66156.3,65957.37,66111.25,0.5032,1770377699999999,33271.3105376,99,0.45044,29788.5831575,0
1770377700000000,66149.73,66343.64,66001.62,66080.24,0.49925,1770377999999999,33020.4358149,118,0.36261,23980.735486,0
1770378000000000,66131.45,66300.78,66113.44,66238.42,0.42049,1770378299999999,27843.2667007,106,0.322,21318.2608315,0
1770378300000000,66194.6,66259.91,66109.88,66213.72,0.25122,1770378599999999,16624.9572298,37,0.21508,14232.2628499,0
1770378600000000,66213.72,66494.13,66213.72,66482.8,0.66094,1770378899999999,43860.2727613,106,0.50604,33573.8220768,0
1770378900000000,66474.26,66676.6,66473.11,66554.1,0.23506,1770379199999999,15643.4435403,66,0.14948,9946.3610532,0
1770379200000000,66574.09,66574.09,66373.98,66373.98,0.2039,1770379499999999,13564.5333481,56,0.1777,11823.8030398,0
1770379500000000,66373.98,66373.98,66215.36,66254.6,0.27863,1770379799999999,18464.6224186,51,0.21844,14475.2004968,0
1770379800000000,66301.52,66353.27,66193.25,66353.27,0.15504,1770380099999999,10274.2982037,27,0.12306,8155.3916309,0
1770380100000000,66289.8,66289.8,66139.45,66163.4,0.13012,1770380399999999,8618.4041728,40,0.069,4571.8724994,0
1770380400000000,66247.65,66409.34,66231.0,66409.34,0.19755,1770380699999999,13104.4996852,55,0.12645,8392.5527519,0
1770380700000000,66367.88,66394.13,66270.3,66331.23,0.81865,1770380999999999,54320.0993344,154,0.72007,47780.6083698,0
1770381000000000,66301.29,66301.29,66056.8,66144.8,0.93031,1770381299999999,61549.0368054,134,0.74911,49559.1779578,0
1770381300000000,66119.08,66212.5,66107.54,66107.54,0.37512,1770381599999999,24811.2928524,44,0.12799,8464.4630105,0
1770381600000000,66197.55,66319.63,66197.55,66291.49,0.1358,1770381899999999,8998.815296,41,0.09246,6127.804558,0
1770381900000000,66324.26,66362.86,66298.06,66349.62,0.14343,1770382199999999,9513.9053521,38,0.09359,6207.7045682,0
1770382200000000,66310.83,66358.55,66265.49,66306.55,0.20288,1770382499999999,13452.5705854,31,0.11716,7768.0101307,0
1770382500000000,66338.69,66525.89,66338.69,66466.6,0.12007,1770382799999999,7975.9159036,28,0.11903,7906.7567511,0
1770382800000000,66521.45,66819.94,66437.37,66819.94,0.09582,1770383099999999,6382.6797227,39,0.04297,2863.1790017,0
1770383100000000,66802.6,66802.6,66545.68,66603.02,0.28987,1770383399999999,19304.828122,27,0.15745,10483.7437258,0
1770383400000000,66654.04,66990.29,66654.04,66935.27,0.11372,1770383699999999,7603.886484,44,0.05662,3786.293428,0
1770383700000000,66967.37,67172.95,66806.23,67172.95,0.63023,1770383999999999,42245.878625,119,0.43535,29181.0501541,0
1770384000000000,67223.14,67433.72,67219.04,67367.79,0.73625,1770384299999999,49576.1903443,165,0.57108,38456.1365793,0
1770384300000000,67349.88,67349.88,66769.83,66851.77,0.41241,1770384599999999,27677.6066324,95,0.30772,20653.7985057,0
1770384600000000,66851.84,67044.75,66789.67,66975.91,0.59832,1770384899999999,40023.849355,33,0.30551,20431.6870303,0
1770384900000000,66933.58,67212.18,66933.57,67153.48,0.18191,1770385199999999,12203.4005161,36,0.03653,2451.6387154,0
1770385200000000,67131.29,67332.59,67119.43,67241.53,0.04799,1770385499999999,3227.7309253,22,0.02912,1958.7504047,0
1770385500000000,67203.99,67467.3,67201.65,67467.3,0.02704,1770385799999999,1820.1816689,22,0.02332,1570.1167401,0
1770385800000000,67519.19,67626.2,67228.83,67468.47,0.07791,1770386099999999,5252.135877,41,0.07071,4765.7664119,0
1770386100000000,67468.47,67490.54,67246.72,67272.96,0.12451,1770386399999999,8384.9914225,44,0.09744,6561.7956945,0
1770386400000000,67235.9,67366.94,66965.35,66965.35,0.22503,1770386699999999,15119.1606496,45,0.19887,13364.1229544,0
1770386700000000,67001.48,67064.26,66988.55,67022.48,0.03781,1770386999999999,2533.8254705,10,0.0276,1849.5818437,0
1770387000000000,66941.98,67147.22,66872.82,67147.22,0.13205,1770387299999999,8848.9789924,25,0.12144,8138.7032205,0
1770387300000000,67113.79,67113.79,66839.44,66886.17,0.2535,1770387599999999,16979.2174365,42,0.08277,5551.1502423,0
1770387600000000,66819.62,66832.28,66590.27,66620.58,0.54081,1770387899999999,36081.5674401,68,0.35484,23672.8364992,0
1770387900000000,66646.72,67044.27,66646.72,67037.84,0.39563,1770388199999999,26423.0181778,27,0.1768,11804.0138427,0
1770388200000000,67060.13,68040.84,67026.75,67796.92,1.3198,1770388499999999,89339.357397,176,1.12651,76297.7502296,0
1770388500000000,67933.65,68309.64,67824.54,68006.56,0.90331,1770388799999999,61528.4088917,141,0.41287,28111.8239114,0
1770388800000000,68011.1,68250.22,67828.47,68246.37,0.89682,1770389099999999,61032.0871977,255,0.45837,31182.810404,0
1770389100000000,68309.25,68609.01,68157.48,68216.56,2.02611,1770389399999999,138480.1123465,450,0.60075,41086.7056566,0
1770389400000000,68228.14,68510.11,68062.66,68265.79,2.42864,1770389699999999,165745.3665713,517,0.47996,32772.1688389,0
1770389700000000,68251.1,68300.17,67919.74,68159.67,0.28659,1770389999999999,19526.8021283,79,0.15672,10676.5018691,0
1770390000000000,68159.55,68179.32,67752.08,68136.37,1.71015,1770390299999999,116204.7536359,308,0.88219,59942.314228,0
1770390300000000,68094.3,68334.5,67875.98,68177.01,0.99849,1770390599999999,67966.2122889,174,0.2119,14435.5248877,0
1770390600000000,68233.65,68559.28,67903.61,67903.61,0.33809,1770390899999999,23086.8037886,50,0.283,19325.6878484,0
1770390900000000,67958.09,68211.09,67884.29,68041.49,0.39545,1770391199999999,26949.6972309,29,0.20867,14226.7521972,0
1770391200000000,68169.38,68400.33,68138.11,68251.15,0.11481,1770391499999999,7840.5513716,19,0.10674,7289.6293004,0
1770391500000000,68416.52,68484.3,67963.36,68118.36,0.17095,1770391799999999,11648.3104535,33,0.07708,5253.6290185,0
1770391800000000,68140.49,68390.32,68045.55,68390.32,0.56892,1770392099999999,38791.998567,120,0.29857,20352.2439753,0
1770392100000000,68396.08,68678.26,68364.11,68615.71,0.72073,1770392399999999,49381.7526384,61,0.46935,32139.2375068,0
1770392400000000,68623.47,68831.36,68449.65,68773.97,0.57669,1770392699999999,39611.0840781,45,0.56212,38610.178165,0
1770392700000000,68789.79,69132.94,68789.79,68946.22,0.1023,1770392999999999,7053.3449728,36,0.07951,5481.9135272,0
1770393000000000,68946.21,68946.21,68375.24,68375.24,0.73045,1770393299999999,50223.584835,141,0.20734,14251.9175374,0
1770393300000000,68393.83,68612.44,68336.08,68585.3,0.52912,1770393599999999,36289.1147781,34,0.29002,19887.571604,0
1770393600000000,68564.53,68859.77,68429.83,68858.95,0.1028,1770393899999999,7062.8135477,38,0.1022,7021.6557062,0
1770393900000000,68955.11,69293.07,68854.44,69275.06,1.36113,1770394199999999,94013.4138168,251,0.5301,36630.740031,0
1770394200000000,69275.06,69452.96,69179.09,69263.97,6.03104,1770394499999999,418011.1910802,1219,1.39154,96439.4293149,0
1770394500000000,69268.3,69593.04,69147.66,69593.04,1.63911,1770394799999999,113691.6062723,266,0.77154,53512.2817489,0
1770394800000000,69600.36,69790.39,69515.22,69621.45,3.97701,1770395099999999,277012.7149366,837,1.09518,76278.7012579,0
1770395100000000,69584.2,69788.24,69381.78,69499.86,1.77374,1770395399999999,123351.5477675,363,0.54428,37867.4447761,0
1770395400000000,69488.99,69655.89,69426.21,69513.64,0.6001,1770395699999999,41721.8361443,150,0.18543,12886.6134076,0
1770395700000000,69558.16,69786.97,69490.79,69539.74,0.1607,1770395999999999,11191.9743114,69,0.13334,9286.0936744,0
1770396000000000,69520.29,69806.53,69520.29,69755.0,0.72108,1770396299999999,50249.4389244,57,0.38309,26700.7134129,0
1770396300000000,69806.5,69998.51,69789.01,69924.58,0.21292,1770396599999999,14878.2392202,57,0.19142,13375.9552063,0
1770396600000000,69931.48,70171.78,69838.17,70092.51,0.51483,1770396899999999,36016.7461597,75,0.23627,16536.7225953,0
1770396900000000,70177.7,70200.43,69689.84,69931.05,0.46366,1770397199999999,32459.7420778,52,0.0481,3359.0923973,0
1770397200000000,69900.57,69900.57,69595.31,69788.22,0.08358,1770397499999999,5824.896002,36,0.04252,2963.8552721,0
1770397500000000,69810.45,70053.7,69723.41,70053.7,0.0935,1770397799999999,6523.1916783,15,0.08116,5662.2703161,0
1770397800000000,70175.95,70297.85,70044.11,70217.45,0.59685,1770398099999999,41847.1368627,61,0.28499,19990.9460269,0
1770398100000000,70210.39,70669.78,70137.55,70635.74,0.82806,1770398399999999,58305.1309259,106,0.48276,33996.1363242,0
1770398400000000,70600.0,70749.26,70519.19,70692.0,0.42652,1770398699999999,30126.4262867,63,0.38274,27035.5542477,0
1770398700000000,70674.97,71001.75,70478.11,70915.66,1.20915,1770398999999999,85520.1590903,115,0.67251,47586.5140789,0
1770399000000000,70964.33,71480.85,70955.43,71121.26,0.7018,1770399299999999,49958.5579344,65,0.43044,30632.2934583,0
1770399300000000,71012.34,71101.8,70758.53,70923.72,0.55626,1770399599999999,39413.6245946,49,0.40047,28378.8572182,0
1770399600000000,70882.93,71274.31,70849.47,71084.27,0.29038,1770399899999999,20645.1314663,50,0.06979,4958.5673104,0
1770399900000000,71137.29,71254.76,70754.19,70939.23,0.67524,1770400199999999,48028.2604981,104,0.39811,28329.4885621,0
1770400200000000,70936.16,70967.4,70549.99,70656.94,0.256,1770400499999999,18137.6825657,34,0.11898,8433.9690236,0
1770400500000000,70686.78,70892.45,70663.2,70805.53,0.68883,1770400799999999,48780.6643824,48,0.29547,20924.1434384,0
1770400800000000,70726.04,70759.05,70473.24,70473.24,0.58497,1770401099999999,41327.5657382,49,0.19155,13533.2785491,0
1770401100000000,70481.54,70481.54,69694.42,69697.5,1.28137,1770401399999999,89874.4447707,118,0.70564,49519.8497427,0
1770401400000000,69749.36,70036.54,69721.28,70011.97,0.44445,1770401699999999,31057.1268726,61,0.13346,9337.6505925,0
1770401700000000,70052.73,70056.23,69838.93,69855.17,0.13844,1770401999999999,9677.9486246,61,0.05077,3549.2084201,0
1770402000000000,69917.99,69928.38,69344.32,69439.73,0.17029,1770402299999999,11863.4044195,51,0.09693,6750.0327192,0
1770402300000000,69539.74,69613.95,69367.45,69523.91,0.17439,1770402599999999,12119.7626113,58,0.0896,6225.6210547,0
1770402600000000,69523.91,69809.03,69360.4,69798.17,0.82043,1770402899999999,57058.4372312,188,0.56361,39201.6513203,0
1770402900000000,69810.36,70188.13,69691.81,70135.81,1.07814,1770403199999999,75405.802937,247,0.69988,48946.6275645,0
1770403200000000,70110.47,70209.41,70000.71,70000.71,0.69621,1770403499999999,48819.0825233,113,0.52206,36604.5295122,0
1770403500000000,69992.79,70123.2,69953.21,70098.55,0.56882,1770403799999999,39831.1756807,53,0.26546,18580.4180216,0
1770403800000000,70092.53,70109.21,69809.68,69872.56,0.62699,1770404099999999,43884.9875859,38,0.29801,20865.2583357,0
1770404100000000,70010.57,70023.69,69729.42,69729.42,0.09759,1770404399999999,6818.9908998,20,0.03636,2541.0940201,0
1770404400000000,69719.33,69972.24,69703.89,69942.07,0.01939,1770404699999999,1354.5830054,15,0.0058,405.7304267,0
1770404700000000,70003.55,70359.58,69928.71,69935.21,1.15996,1770404999999999,81300.8818852,119,0.98521,69057.4010227,0
1770405000000000,69851.36,69923.21,69698.59,69754.69,0.08465,1770405299999999,5905.6066776,29,0.04947,3451.0760764,0
1770405300000000,69754.7,69845.16,69623.1,69845.16,0.3569,1770405599999999,24889.9796862,82,0.29872,20832.4365135,0
1770405600000000,69879.57,70296.68,69879.57,70296.68,0.66537,1770405899999999,46604.6078273,74,0.37985,26594.6002971,0
1770405900000000,70279.08,70414.41,70203.06,70203.06,0.47232,1770406199999999,33222.2403947,83,0.32828,23095.4807367,0
1770406200000000,70215.24,70398.45,70104.59,70398.45,0.31696,1770406499999999,22245.6141876,18,0.22965,16117.2629514,0
1770406500000000,70395.12,70435.42,70270.1,70288.9,0.12537,1770406799999999,8824.3630741,11,0.12509,8804.6487151,0
1770406800000000,70286.11,70374.7,70181.88,70347.48,0.38618,1770407099999999,27130.9884047,30,0.01724,1211.5140591,0
1770407100000000,70409.58,70623.6,70384.34,70623.59,0.31378,1770407399999999,22115.0958321,38,0.15621,11006.9002549,0
1770407400000000,70597.02,70843.59,70436.05,70694.29,0.11519,1770407699999999,8143.4652628,47,0.04437,3137.9275571,0
1770407700000000,70702.52,70884.14,70662.03,70689.41,0.3677,1770407999999999,26007.1760448,64,0.31119,22006.7158953,0
1770408000000000,70636.71,70802.66,70588.6,70776.25,0.09697,1770408299999999,6849.3866933,14,0.00778,549.4750213,0
1770408300000000,70653.99,70653.99,70393.06,70443.69,0.18138,1770408599999999,12794.573142,21,0.01157,815.1475064,0
1770408600000000,70450.16,70499.94,70363.02,70415.29,0.10126,1770408899999999,7138.1018272,8,0.09327,6575.3432932,0
1770408900000000,70387.32,70418.15,70245.84,70322.09,0.22506,1770409199999999,15821.968328,26,0.11736,8255.535414,0
1770409200000000,70488.41,70626.15,70398.68,70499.96,0.02476,1770409499999999,1745.4957795,17,0.02177,1534.7061403,0
1770409500000000,70551.43,70557.72,70401.08,70557.72,0.35535,1770409799999999,25067.0702414,20,0.18783,13247.2498676,0
1770409800000000,70515.45,70767.66,70515.45,70681.87,0.28035,1770410099999999,19779.1460389,32,0.26219,18498.3838481,0
1770410100000000,70759.24,70921.26,70377.73,70407.33,0.19111,1770410399999999,13487.4779321,31,0.16613,11722.1322933,0
1770410400000000,70349.95,70349.95,70139.63,70234.46,0.50635,1770410699999999,35583.5255669,39,0.15315,10751.7090952,0
1770410700000000,70262.63,70355.88,70191.1,70355.88,0.15994,1770410999999999,11231.3864568,19,0.03948,2773.4261759,0
1770411000000000,70392.01,70530.83,70367.29,70367.29,0.07609,1770411299999999,5359.2388776,27,0.03651,2572.3498831,0
1770411300000000,70367.29,70367.29,69972.5,70024.77,0.2203,1770411599999999,15435.2163187,52,0.09815,6875.6514701,0
1770411600000000,70015.88,70180.97,69896.98,70135.3,0.33026,1770411899999999,23145.7243515,40,0.30206,21172.1733961,0
1770411900000000,70099.15,70105.42,69872.12,69971.9,0.33392,1770412199999999,23378.8491075,45,0.06295,4406.9724309,0
1770412200000000,69961.99,70086.28,69944.3,69973.92,0.05797,1770412499999999,4057.1294496,24,0.01424,996.3852917,0
1770412500000000,69986.85,70230.07,69906.56,70207.82,1.25097,1770412799999999,87677.8933894,200,1.10261,77281.463577,0
1770412800000000,70209.48,70322.01,70185.29,70237.73,0.30162,1770413099999999,21182.7925979,78,0.20082,14099.8665498,0
1770413100000000,70307.07,70456.69,70294.58,70377.37,0.25292,1770413399999999,17810.7244284,51,0.16746,11793.1040509,0
1770413400000000,70358.53,70358.53,70121.93,70151.12,0.12495,1770413699999999,8774.7002411,42,0.05477,3844.7190169,0
1770413700000000,70149.91,70272.24,70125.49,70272.24,0.12569,1770413999999999,8820.0565919,35,0.07639,5361.1963405,0
1770414000000000,70249.82,70319.67,70211.02,70256.48,0.0376,1770414299999999,2642.2061188,14,0.02324,1633.5986895,0
1770414300000000,70256.48,70319.92,70222.8,70248.98,0.21105,1770414599999999,14828.8924232,40,0.13714,9635.6612867,0
1770414600000000,70393.1,70408.68,70249.38,70249.38,0.30519,1770414899999999,21472.6929706,30,0.15446,10868.6132111,0
1770414900000000,70283.4,70379.38,70283.4,70352.21,0.13366,1770415199999999,9402.8680019,14,0.01104,776.4085845,0
1770415200000000,70283.83,70596.51,70255.96,70520.25,0.35717,1770415499999999,25154.3277454,14,0.25512,17957.6579733,0
1770415500000000,70515.38,70711.32,70494.5,70609.28,0.58796,1770415799999999,41521.6039434,46,0.28011,19771.1977035,0
1770415800000000,70596.16,70631.5,70351.9,70407.4,0.26199,1770416099999999,18495.2441794,35,0.14969,10566.8055144,0
1770416100000000,70405.74,70552.59,70376.78,70504.12,0.20237,1770416399999999,14265.4673503,17,0.12934,9117.0070358,0
1770416400000000,70499.58,70634.96,70497.9,70559.44,0.0668,1770416699999999,4710.9244898,21,0.01199,846.2449077,0
1770416700000000,70592.96,70748.88,70592.96,70747.94,0.1385,1770416999999999,9788.2685401,27,0.08002,5654.5838185,0
1770417000000000,70906.57,70921.23,70769.01,70921.23,0.18133,1770417299999999,12848.0100987,22,0.07544,5345.176893,0
1770417300000000,70949.06,71423.52,70938.6,71182.14,0.25716,1770417599999999,18307.1245888,47,0.20444,14550.6610078,0
1770417600000000,71124.5,71286.66,71124.5,71171.01,0.00508,1770417899999999,361.5398767,9,0.00424,301.7410089,0
1770417900000000,71136.15,71350.57,71046.87,71350.57,0.00172,1770418199999999,122.2897776,6,0.00083,58.9689021,0
1770418200000000,71367.41,71420.15,71365.25,71403.67,0.07363,1770418499999999,5258.486649,11,0.0003,21.410223,0
1770418500000000,71521.9,71521.9,71265.52,71331.44,0.11403,1770418799999999,8131.8268977,16,0.02518,1796.1260114,0
1770418800000000,71346.63,71635.4,71308.88,71620.11,0.08977,1770419099999999,6416.8063053,30,0.01299,929.7085623,0
1770419100000000,71632.57,71707.85,71371.69,71371.88,0.1507,1770419399999999,10764.2257168,29,0.13208,9431.5099576,0
1770419400000000,71275.87,71275.87,71054.76,71113.5,0.14736,1770419699999999,10485.6558952,12,0.03155,2246.0426099,0
1770419700000000,71092.95,71092.95,70625.89,70707.51,0.18335,1770419999999999,12979.3496589,40,0.05262,3718.7209628,0
1770420000000000,70704.95,70874.5,70557.66,70560.73,0.2185,1770420299999999,15451.7505585,49,0.11887,8403.938046,0
1770420300000000,70624.12,70715.59,70524.04,70528.7,0.08625,1770420599999999,6089.8929987,19,0.0064,451.6041632,0
1770420600000000,70699.54,70812.59,70669.61,70706.58,0.01047,1770420899999999,740.4109055,18,0.00935,661.1990371,0
1770420900000000,70746.67,70762.92,70642.47,70642.47,0.08799,1770421199999999,6220.2907199,22,0.00605,427.933066,0
1770421200000000,70775.68,70775.68,70611.34,70636.44,0.01894,1770421499999999,1337.6705856,12,0.01838,1298.0801648,0
1770421500000000,70594.49,70669.43,70594.49,70663.16,0.04171,1770421799999999,2945.9913075,16,0.01805,1275.1239102,0
1770421800000000,70681.13,70681.13,70545.53,70563.46,0.06107,1770422099999999,4313.1864143,14,0.00365,257.9861225,0
1770422100000000,70520.32,70591.63,70506.97,70528.32,0.15792,1770422399999999,11144.1963859,21,0.06303,4448.5861029,0
1770422400000000,70543.86,70550.83,70181.68,70255.49,0.13433,1770422699999999,9465.6123079,51,0.06379,4497.5057982,0
1770422700000000,70221.52,70221.52,70000.0,70060.67,0.10932,1770422999999999,7668.8834004,40,0.02983,2091.5604611,0
1770423000000000,70065.85,70243.72,70065.85,70230.63,0.01083,1770423299999999,759.6059182,13,0.00769,539.1774317,0
1770423300000000,70252.01,70310.2,70037.73,70133.19,0.0514,1770423599999999,3602.1744462,39,0.00554,388.9035242,0
1770423600000000,70165.69,70364.31,70132.04,70339.23,0.10232,1770423899999999,7186.4398941,19,0.09864,6927.6715469,0
1770423900000000,70328.56,70344.0,70078.43,70078.43,0.09602,1770424199999999,6748.9245985,24,0.01086,762.8168583,0
1770424200000000,70097.8,70161.02,69850.03,69964.03,0.10368,1770424499999999,7255.5841002,41,0.02133,1493.8205189,0
1770424500000000,69963.73,69963.73,69781.38,69795.79,0.08853,1770424799999999,6180.4978946,39,0.00469,327.5686227,0
1770424800000000,69782.63,69844.04,69713.9,69714.33,0.30575,1770425099999999,21326.6994079,29,0.20765,14485.562141,0
1770425100000000,69730.0,69887.15,69730.0,69872.3,0.32076,1770425399999999,22389.6248293,17,0.17672,12331.1616473,0
1770425400000000,69984.0,70266.9,69984.0,70136.02,0.28356,1770425699999999,19886.6623041,23,0.12988,9103.5405474,0
1770425700000000,70111.05,70111.05,69945.76,69945.76,0.10678,1770425999999999,7486.1480643,8,0.00117,81.839073,0
1770426000000000,69889.08,69989.56,69872.87,69989.56,0.20361,1770426299999999,14240.5861551,9,0.09878,6903.6287025,0
1770426300000000,70032.2,70032.2,69966.47,69966.47,0.0006,1770426599999999,41.9954662,4,0.0,0.0,0
1770426600000000,69950.82,69950.82,69748.93,69760.94,0.09897,1770426899999999,6907.2248515,21,0.00021,14.6777148,0
1770426900000000,69913.84,70043.02,69905.56,69973.42,0.20978,1770427199999999,14669.7104216,27,0.20398,14263.7122834,0
1770427200000000,69925.76,70023.44,69861.2,69961.89,0.3021,1770427499999999,21138.5731872,24,0.15194,10624.3384765,0
1770427500000000,69996.78,70158.11,69975.53,69975.53,0.01412,1770427799999999,989.0675343,18,0.01375,963.1662259,0
1770427800000000,69977.01,70212.97,69943.74,70212.97,0.31191,1770428099999999,21839.6435841,23,0.1974,13829.5101987,0
1770428100000000,70200.55,70295.6,70182.8,70252.74,0.03183,1770428399999999,2236.2884899,18,0.03169,2226.4604129,0
1770428400000000,70202.89,70311.05,70202.89,70271.42,0.01504,1770428699999999,1056.7375434,13,0.01504,1056.7375434,0
1770428700000000,70271.41,70538.01,70270.94,70510.51,0.30145,1770428999999999,21233.3962136,31,0.16137,11364.6255185,0
1770429000000000,70534.88,70657.53,70434.67,70513.13,0.05598,1770429299999999,3949.9009883,31,0.05569,3929.459604,0
1770429300000000,70445.63,70539.51,70428.02,70471.41,0.02603,1770429599999999,1835.0536106,31,0.02589,1825.1912252,0
1770429600000000,70433.77,70542.93,70391.75,70542.93,0.0418,1770429899999999,2944.526768,35,0.02674,1883.6615034,0
1770429900000000,70562.03,70598.4,70365.84,70365.84,0.01229,1770430199999999,866.3497939,16,0.01215,856.4882415,0
1770430200000000,70381.52,70479.26,70381.52,70423.64,0.01514,1770430499999999,1066.4838759,23,0.01453,1023.523941,0
1770430500000000,70405.88,70436.18,70324.23,70397.95,0.00875,1770430799999999,615.5786218,13,0.00861,605.730039,0
1770430800000000,70390.72,70446.94,70356.71,70446.94,0.00588,1770431099999999,413.985885,12,0.00588,413.985885,0
1770431100000000,70486.19,70545.3,70396.5,70428.34,0.00658,1770431399999999,463.7803747,13,0.00644,453.9047593,0
1770431400000000,70408.59,70514.26,70389.23,70497.05,0.01096,1770431699999999,772.1936126,14,0.00572,403.0147368,0
1770431700000000,70430.79,70528.51,70430.79,70464.53,0.01564,1770431999999999,1102.8228334,13,0.0155,1092.9577992,0
1770432000000000,70445.48,70445.48,70445.48,70445.48,0.00022,1770432299999999,15.4980056,1,0.00022,15.4980056,0
1770432300000000,70310.3,70310.3,70162.89,70162.89,0.00876,1770432599999999,615.0091958,5,0.0,0.0,0
1770432600000000,70162.89,70253.54,70162.89,70253.54,0.04762,1770432899999999,3342.9353748,2,0.01962,1378.3744548,0
1770432900000000,70253.11,70335.77,70253.11,70335.77,0.00993,1770433199999999,698.0233759,2,0.00993,698.0233759,0
1770433200000000,70371.15,70441.26,70371.15,70441.26,0.01791,1770433499999999,1261.1218768,4,0.01791,1261.1218768,0
1770433500000000,70366.88,70477.55,70272.26,70477.55,0.02558,1770433799999999,1800.155985,11,0.01547,1089.6809686,0
1770433800000000,70518.38,70756.51,70518.38,70688.21,0.00635,1770434099999999,449.0395429,5,0.00593,419.3352613,0
1770434100000000,70718.93,70764.27,70642.23,70682.45,0.01156,1770434399999999,817.0488204,6,0.00501,354.3018393,0
1770434400000000,70648.88,70648.88,70574.12,70593.21,0.08804,1770434699999999,6216.3610246,6,0.0,0.0,0
1770434700000000,70650.88,70823.95,70650.88,70823.95,0.01088,1770434999999999,769.4577409,5,0.0106,749.6512647,0
1770435000000000,70767.95,70799.92,70741.69,70741.69,0.00808,1770435299999999,571.7843425,5,0.0078,551.9669827,0
1770435300000000,70702.7,70828.94,70702.7,70768.21,0.00605,1770435599999999,428.4582491,7,0.00498,352.7281212,0
1770435600000000,70590.06,70702.32,70585.72,70670.95,0.02334,1770435899999999,1649.1634114,10,0.02306,1629.3988022,0
1770435900000000,70621.33,70621.33,70621.33,70621.33,0.00043,1770436199999999,30.3671719,1,0.00043,30.3671719,0
1770436200000000,70729.48,70790.02,70729.48,70751.15,0.22662,1770436499999999,16032.8451453,13,0.03191,2258.6540072,0
1770436500000000,70768.14,70902.13,70696.26,70902.13,0.28993,1770436799999999,20529.1889699,10,0.21028,14897.9174903,0
1770436800000000,70842.93,71171.12,70842.93,71129.35,0.0888,1770437099999999,6296.5904854,21,0.08866,6286.63906,0
1770437100000000,71117.12,71117.12,70960.69,71047.65,0.02372,1770437399999999,1683.8629109,17,0.02288,1624.1931301,0
1770437400000000,71106.7,71259.85,71059.36,71211.17,0.23007,1770437699999999,16385.6676522,35,0.10134,7217.793432,0
1770437700000000,71186.22,71359.26,71131.93,71359.26,0.07819,1770437999999999,5573.3241687,22,0.07748,5522.7266999,0
1770438000000000,71301.54,71652.4,71301.54,71620.24,0.22603,1770438299999999,16149.3330282,27,0.08222,5880.3163829,0
1770438300000000,71382.46,71382.46,71069.25,71069.25,0.16856,1770438599999999,12017.3168816,22,0.01296,923.3243238,0
1770438600000000,71130.2,71214.66,71049.23,71183.49,0.16959,1770438899999999,12069.6214698,13,0.16889,12019.817622,0
1770438900000000,71128.5,71128.5,70867.12,70886.9,0.26602,1770439199999999,18881.6605212,22,0.10686,7578.5681811,0
1770439200000000,70837.01,70868.82,70677.25,70677.25,0.1119,1770439499999999,7911.1485845,8,0.00068,48.1697652,0
1770439500000000,70777.08,70777.08,70624.66,70638.65,0.01402,1770439799999999,990.5313836,6,0.0,0.0,0
1770439800000000,70670.77,70770.92,70670.77,70696.37,0.06363,1770440099999999,4499.0962273,5,0.06335,4479.3023483,0
1770440100000000,70653.85,70670.08,70653.85,70670.08,0.00346,1770440399999999,244.4955925,2,0.00346,244.4955925,0
1770440400000000,70756.65,70824.86,70693.17,70693.17,0.0214,1770440699999999,1514.7342809,12,0.00975,690.1988862,0
1770440700000000,70680.02,70903.5,70680.02,70903.5,0.00042,1770440999999999,29.7481828,2,0.00028,19.85298,0
1770441000000000,70877.82,70877.82,70877.82,70877.82,0.00014,1770441299999999,9.9228948,1,0.0,0.0,0
1770441300000000,70958.97,70982.01,70958.97,70982.01,0.20962,1770441599999999,14875.1952235,4,0.20962,14875.1952235,0
1770441600000000,70997.89,71148.57,70979.42,71060.09,0.53744,1770441899999999,38185.605857,30,0.21529,15295.6135405,0
1770441900000000,71037.22,71039.04,70159.96,70245.74,0.33268,1770442199999999,23504.7779212,99,0.00924,650.9682016,0
1770442200000000,70251.89,70340.67,70207.89,70302.04,0.74759,1770442499999999,52528.1410674,82,0.44161,31040.5398512,0
1770442500000000,70313.59,70367.75,70219.59,70219.59,0.20721,1770442799999999,14557.7701533,20,0.03511,2469.6395327,0
1770442800000000,70150.79,70259.03,70126.58,70227.58,0.02751,1770443099999999,1931.6248539,8,0.02643,1855.8288501,0
1770443100000000,70196.43,70196.43,70196.43,70196.43,0.00014,1770443399999999,9.8275002,1,0.0,0.0,0
1770443400000000,70193.65,70195.18,69966.87,69966.87,0.38788,1770443699999999,27182.9841739,34,0.09223,6473.9437533,0
1770443700000000,70023.97,70078.97,69942.42,70078.97,0.24839,1770443999999999,17394.9405415,16,0.24755,17336.1626153,0
1770444000000000,70118.2,70153.44,70026.54,70153.44,0.04048,1770444299999999,2838.3008513,18,0.03391,2377.7093919,0
1770444300000000,70197.15,70255.92,70038.79,70124.77,0.33707,1770444599999999,23656.4616847,44,0.09057,6359.8374104,0
1770444600000000,70150.31,70156.84,69901.12,70033.68,0.41142,1770444899999999,28817.9904176,63,0.22552,15791.5299189,0
1770444900000000,70041.64,70041.64,69873.0,69927.94,0.53329,1770445199999999,37295.937756,85,0.17077,11938.2752866,0
1770445200000000,69996.5,70139.32,69996.5,70139.32,0.08356,1770445499999999,5857.5878474,12,0.06361,4459.7656594,0
1770445500000000,70155.06,70254.39,70155.06,70181.43,0.0425,1770445799999999,2985.1908189,15,0.0263,1847.1186291,0
1770445800000000,70167.56,70249.86,70140.8,70187.63,0.04076,1770446099999999,2861.1579577,20,0.03439,2414.1091528,0
1770446100000000,70248.16,70263.15,70207.81,70222.76,0.16214,1770446399999999,11388.0724865,9,0.01505,1057.1289001,0
1770446400000000,70260.41,70263.61,69945.66,70050.13,0.49535,1770446699999999,34725.5466452,118,0.03742,2622.7076795,0
1770446700000000,70049.58,70049.58,69784.62,69790.98,0.93742,1770446999999999,65504.8555094,143,0.29664,20734.2376631,0
1770447000000000,69785.43,69785.43,69366.26,69366.26,0.43848,1770447299999999,30529.1604144,93,0.19695,13719.1844964,0
1770447300000000,69358.06,69387.52,68727.17,68752.26,0.5777,1770447599999999,39928.0681724,186,0.24886,17185.7756217,0
1770447600000000,68794.25,69041.06,68741.27,68770.34,0.28487,1770447899999999,19619.3356899,85,0.14447,9947.366722,0
1770447900000000,68773.98,68773.98,68246.2,68460.45,0.36738,1770448199999999,25155.444978,119,0.23314,15965.2072874,0
1770448200000000,68467.72,68609.93,67918.8,67918.8,0.34404,1770448499999999,23463.2066107,77,0.1027,7014.1263916,0
1770448500000000,67952.79,68153.02,67335.95,67781.07,1.02412,1770448799999999,69252.2728081,216,0.41452,28053.8816024,0
1770448800000000,67838.48,68071.39,67616.76,67761.17,1.02036,1770449099999999,69129.1829847,201,0.47449,32161.9493065,0
1770449100000000,67805.07,68023.34,67805.07,68023.34,0.6838,1770449399999999,46449.0986453,166,0.25104,17054.5288096,0
1770449400000000,68022.23,68022.23,67578.07,67648.3,0.22852,1770449699999999,15482.2648599,38,0.04362,2958.6426991,0
1770449700000000,67693.53,67982.09,67693.53,67982.09,0.34544,1770449999999999,23452.2552872,75,0.12263,8320.4206056,0
1770450000000000,68016.69,68659.58,68012.82,68472.31,0.68814,1770450299999999,47125.6315579,199,0.37448,25620.7671157,0
1770450300000000,68448.84,68448.84,67878.41,68155.82,1.6895,1770450599999999,115051.0517035,377,0.52184,35522.9452566,0
1770450600000000,68155.82,68232.94,68110.96,68123.61,0.4417,1770450899999999,30107.8354196,106,0.0242,1650.3802503,0
1770450900000000,68182.07,68215.38,68076.36,68076.36,0.43343,1770451199999999,29530.4682867,111,0.07878,5368.97644,0
1770451200000000,68060.91,68067.43,67780.46,68067.43,0.16818,1770451499999999,11436.4926391,49,0.059,4012.8524124,0
1770451500000000,68081.16,68219.79,67958.65,67976.01,0.11868,1770451799999999,8085.5345491,30,0.04246,2891.4432336,0
1770451800000000,67976.01,68455.68,67951.82,68245.69,0.39601,1770452099999999,27014.8291443,112,0.32376,22092.0087574,0
1770452100000000,68248.85,68281.03,68110.61,68281.03,0.06471,1770452399999999,4412.7496099,24,0.05816,3965.8546417,0
1770452400000000,68310.34,68547.06,68310.34,68500.57,0.15054,1770452699999999,10302.2902839,46,0.13438,9196.642223,0
1770452700000000,68410.0,68639.12,68407.1,68410.21,0.23238,1770452999999999,15917.3808667,42,0.08113,5560.6421543,0
1770453000000000,68417.54,68783.69,68417.54,68583.44,0.44167,1770453299999999,30285.7928907,93,0.31719,21738.9484164,0
1770453300000000,68574.85,68574.85,68353.48,68356.11,0.37081,1770453599999999,25406.9380566,56,0.08774,6015.9097225,0
1770453600000000,68351.78,68461.73,68345.54,68345.54,0.06908,1770453899999999,4723.9298161,17,0.04779,3267.4793814,0
1770453900000000,68376.43,68597.35,68376.43,68546.67,0.28625,1770454199999999,19605.4957349,66,0.11514,7886.64264,0
1770454200000000,68548.94,68683.96,68548.94,68584.84,0.25373,1770454499999999,17408.1784605,57,0.04065,2788.9100849,0
1770454500000000,68545.76,68600.28,68493.05,68508.72,0.31516,1770454799999999,21605.8227146,44,0.02682,1838.0545048,0
1770454800000000,68476.27,68648.73,68454.74,68547.31,0.17364,1770455099999999,11903.101039,42,0.09476,6495.6904418,0
1770455100000000,68501.15,68624.21,68446.15,68584.55,0.10872,1770455399999999,7448.7643631,31,0.06611,4529.2190755,0
1770455400000000,68603.72,68722.22,68585.29,68707.3,0.24883,1770455699999999,17086.7795663,56,0.06881,4724.1888326,0
1770455700000000,68706.38,68706.38,68511.91,68582.55,0.24366,1770455999999999,16727.7186891,59,0.02504,1717.4526561,0
1770456000000000,68584.32,68691.39,68555.07,68691.39,0.2424,1770456299999999,16633.8004469,54,0.01657,1137.1357249,0
1770456300000000,68672.78,68672.78,68458.09,68458.09,0.09711,1770456599999999,6648.7183014,23,0.00073,50.1311294,0
1770456600000000,68415.82,68440.9,68057.79,68057.79,0.09316,1770456899999999,6344.2817271,36,0.01668,1137.4499968,0
1770456900000000,68195.31,68215.78,68043.12,68043.12,0.04149,1770457199999999,2828.2697794,19,0.0201,1369.7464864,0
1770457200000000,68030.37,68139.95,67988.2,68113.83,0.03425,1770457499999999,2332.3559659,15,0.0332,2260.8855334,0
1770457500000000,68096.78,68131.59,67951.72,67965.82,0.48311,1770457799999999,32861.1769658,49,0.16191,11011.1082394,0
1770457800000000,67979.47,68007.58,67898.68,68007.58,0.20523,1770458099999999,13946.4165339,39,0.10341,7027.136646,0
1770458100000000,68010.55,68104.17,68002.43,68091.7,0.02272,1770458399999999,1546.0069899,11,0.02209,1503.1300029,0
1770458400000000,68206.96,68274.41,68206.96,68214.03,0.0142,1770458699999999,969.3036745,5,0.01405,959.07157,0
1770458700000000,68147.34,68147.34,67973.06,67995.18,0.01181,1770458999999999,803.1137755,12,0.01041,707.839001,0
1770459000000000,67956.22,68008.04,67940.52,67940.52,0.30135,1770459299999999,20478.6245733,11,0.00014,9.5157482,0
1770459300000000,67927.48,68028.44,67906.46,67915.01,0.01243,1770459599999999,844.8625327,10,0.00664,451.5396985,0
1770459600000000,67930.33,68069.79,67930.33,68069.79,0.0166,1770459899999999,1128.7958357,8,0.01542,1048.6137598,0
1770459900000000,68078.8,68079.75,67913.26,67913.26,0.08593,1770460199999999,5846.503918,26,0.00574,389.9479228,0
1770460200000000,67972.37,67976.77,67855.32,67855.32,0.00958,1770460499999999,650.8331975,9,0.00726,493.3478821,0
1770460500000000,67911.56,67911.56,67622.19,67622.19,0.1632,1770460799999999,11065.4120656,40,0.03159,2139.3865927,0
1770460800000000,67626.5,67783.1,67626.5,67774.23,0.05349,1770461099999999,3622.6146342,15,0.0229,1550.2342647,0
1770461100000000,67790.93,67790.93,67607.41,67607.41,0.01964,1770461399999999,1330.4979942,9,0.01904,1289.8727562,0
1770461400000000,67699.16,67861.03,67699.16,67835.1,0.0141,1770461699999999,955.5306032,10,0.0138,935.1837902,0
1770461700000000,67956.83,68030.63,67910.02,67977.86,0.02241,1770461999999999,1523.2733605,17,0.0219,1488.6265441,0
1770462000000000,67992.52,68061.65,67992.52,68061.65,0.0059,1770462299999999,401.4828289,4,0.0059,401.4828289,0
1770462300000000,68110.58,68110.58,68002.9,68084.09,0.01221,1770462599999999,830.9635723,10,0.01121,762.8845381,0
1770462600000000,68050.88,68058.13,67951.59,67981.07,0.00612,1770462899999999,416.4057289,8,0.00526,357.9297909,0
1770462900000000,67974.4,68003.34,67962.49,67962.49,0.00062,1770463199999999,42.1495879,4,0.00016,10.875904,0
1770463200000000,68027.28,68027.28,67926.21,67956.48,0.11709,1770463499999999,7956.0038346,28,0.00712,484.0443504,0
1770463500000000,67896.9,67966.39,67894.57,67924.66,0.14621,1770463799999999,9931.2725342,9,0.07012,4765.1694315,0
1770463800000000,67943.81,68016.62,67911.94,67920.88,0.05576,1770464099999999,3789.5461398,9,0.05002,3399.6974822,0
1770464100000000,67958.97,67958.97,67801.82,67828.38,0.01734,1770464399999999,1177.3998329,11,0.01734,1177.3998329,0
1770464400000000,67871.2,67885.81,67786.27,67830.6,0.00704,1770464699999999,477.4982536,12,0.00704,477.4982536,0
1770464700000000,67873.3,67887.62,67721.85,67739.66,0.04208,1770464999999999,2851.8465014,20,0.04193,2841.6778724,0
1770465000000000,67740.64,67832.54,67687.77,67689.14,0.58015,1770465299999999,39282.5365771,34,0.10263,6948.7638429,0
1770465300000000,67705.06,67954.37,67705.06,67928.01,0.16389,1770465599999999,11129.1101067,21,0.15819,10741.7733714,0
1770465600000000,67887.0,68352.6,67887.0,68329.86,0.29622,1770465899999999,20201.634059,31,0.12924,8793.4911277,0
1770465900000000,68257.35,68760.38,68252.0,68754.71,0.16706,1770466199999999,11448.8160779,33,0.15572,10672.0011273,0
1770466200000000,68745.29,68921.82,68576.46,68796.27,0.13243,1770466499999999,9101.5766625,33,0.12169,8362.6902934,0
1770466500000000,68780.12,69895.08,68707.01,69801.71,0.72145,1770466799999999,50047.7434916,115,0.24927,17327.7633119,0
1770466800000000,69528.46,69528.46,69171.06,69171.06,0.30752,1770467099999999,21300.8501319,28,0.17406,12060.4084711,0
1770467100000000,69214.96,69398.53,69119.7,69293.79,0.42206,1770467399999999,29245.0314655,21,0.21856,15141.7934831,0
1770467400000000,69346.56,69920.9,69346.56,69535.2,0.66533,1770467699999999,46351.9761764,117,0.43191,30098.3670593,0
1770467700000000,69529.45,69595.0,69246.85,69246.85,0.11985,1770467999999999,8320.2651634,23,0.03363,2332.7839685,0
1770468000000000,69258.98,69336.62,69001.88,69104.8,0.74178,1770468299999999,51356.7489841,44,0.39884,27609.9369069,0
1770468300000000,69061.32,69225.37,69055.98,69194.58,0.11402,1770468599999999,7875.7328631,14,0.09201,6355.2382075,0
1770468600000000,69227.45,69238.7,68800.99,68868.2,0.24663,1770468899999999,17032.4999352,36,0.00392,270.9246614,0
1770468900000000,68871.26,68934.34,68860.3,68922.48,0.17626,1770469199999999,12138.2343007,11,0.17582,12107.9310333,0
1770469200000000,68999.16,69167.35,68973.4,69061.46,0.13034,1770469499999999,8997.3161784,14,0.12064,8328.1480323,0
1770469500000000,69079.34,69079.34,69000.0,69005.55,0.25055,1770469799999999,17293.374862,12,0.09167,6325.7147167,0
1770469800000000,69061.04,69093.2,68904.88,68947.53,0.23403,1770470099999999,16134.2553828,20,0.072,4969.282642,0
1770470100000000,68966.92,69059.82,68885.82,69059.82,0.3706,1770470399999999,25559.7252016,16,0.23929,16514.3167225,0
1770470400000000,69068.67,69133.75,69018.19,69133.75,0.05403,1770470699999999,3734.9166131,12,0.05375,3715.5799405,0
1770470700000000,69147.4,69147.41,69147.4,69147.41,0.01288,1770470999999999,890.6185621,2,0.01288,890.6185621,0
1770471000000000,69220.47,69285.98,68992.96,69046.94,0.01328,1770471299999999,916.7985664,11,0.00234,161.5274186,0
1770471300000000,69072.44,69079.3,68910.66,68913.21,0.51011,1770471599999999,35173.2176383,24,0.14981,10324.5363318,0
1770471600000000,68791.84,68943.59,68791.84,68806.27,0.23522,1770471899999999,16213.494558,10,0.12748,8787.2481322,0
1770471900000000,68915.57,68943.07,68915.57,68943.07,0.15071,1770472199999999,10388.2788297,3,0.15071,10388.2788297,0
1770472200000000,68973.46,69048.11,68946.34,69014.3,0.33903,1770472499999999,23383.9611348,20,0.15621,10774.8575853,0
1770472500000000,68968.56,69000.43,68934.48,68962.45,0.21633,1770472799999999,14921.397353,12,0.01962,1353.2088322,0
1770472800000000,69000.43,69000.43,68964.67,68964.84,0.01796,1770473099999999,1238.9802567,4,0.00011,7.5861324,0
1770473100000000,69013.1,69032.86,68900.48,68979.93,0.05158,1770473399999999,3554.9943401,16,0.0095,655.3672494,0
1770473400000000,68963.17,69127.44,68894.58,68931.03,0.02792,1770473699999999,1927.0007887,19,0.02193,1513.7709023,0
1770473700000000,68937.34,68983.78,68823.86,68955.78,0.01805,1770473999999999,1243.6348165,18,0.01611,1110.0494559,0
1770474000000000,69000.58,69032.16,68943.95,68997.08,0.01354,1770474299999999,934.0932918,12,0.0134,924.4337006,0
1770474300000000,68989.41,69099.25,68959.28,68959.28,0.1444,1770474599999999,9974.155306,10,0.14411,9954.1532004,0
1770474600000000,68991.83,68991.83,68873.96,68873.96,0.26703,1770474899999999,18399.1687409,10,0.12632,8700.7256833,0
1770474900000000,68862.9,68924.42,68428.43,68485.36,0.16849,1770475199999999,11597.2112671,25,0.00644,441.6781114,0
1770475200000000,68674.01,68800.0,68573.37,68742.45,0.26978,1770475499999999,18527.3323462,40,0.13465,9248.1319899,0
1770475500000000,68783.58,68783.59,68292.11,68426.6,0.22179,1770475799999999,15209.9693294,56,0.03468,2385.1417638,0
1770475800000000,68497.0,68609.04,68481.13,68520.29,0.00987,1770476099999999,676.9234748,9,0.00237,162.3726665,0
1770476100000000,68499.74,68649.51,68481.36,68606.25,0.05374,1770476399999999,3683.3609355,10,0.00567,388.7835377,0
1770476400000000,68606.25,68987.61,68545.7,68987.61,0.15133,1770476699999999,10420.1694331,22,0.13697,9434.8629179,0
1770476700000000,68987.24,69067.56,68856.87,68931.78,0.17917,1770476999999999,12366.3106502,27,0.0111,765.1934414,0
1770477000000000,68883.01,68895.93,68803.02,68871.05,0.01209,1770477299999999,832.557651,15,0.01049,722.391251,0
1770477300000000,69062.89,69108.96,68935.09,69038.07,0.2289,1770477599999999,15809.1747541,10,0.18012,12445.8251269,0
1770477600000000,69073.17,69397.29,69070.93,69286.61,0.55277,1770477899999999,38270.8590027,31,0.28295,19551.85803,0
1770477900000000,69273.98,69273.98,69115.43,69115.44,0.08363,1770478199999999,5789.1138347,15,0.00072,49.8336912,0
1770478200000000,69164.63,69692.56,69164.63,69574.33,0.50922,1770478499999999,35347.2274647,57,0.46006,31924.7608907,0
1770478500000000,69431.28,69464.9,69407.04,69464.47,0.28292,1770478799999999,19640.7160795,9,0.1028,7135.0593342,0
1770478800000000,69407.04,69432.75,69273.31,69273.31,0.01848,1770479099999999,1280.6595268,10,0.00968,670.9166782,0
1770479100000000,69300.9,69368.96,69300.9,69345.79,0.20693,1770479399999999,14352.7383654,7,0.00397,275.193754,0
1770479400000000,69284.72,69284.72,69007.13,69007.13,0.3828,1770479699999999,26454.7623255,35,0.17485,12086.3125695,0
1770479700000000,69047.47,69104.51,69047.47,69081.8,0.11396,1770479999999999,7874.6024291,5,0.11382,7864.9357833,0
1770480000000000,69126.29,69145.89,69070.97,69124.11,0.27044,1770480299999999,18689.4908898,26,0.13229,9142.3228313,0
1770480300000000,69185.15,69811.65,68994.44,69442.15,2.22243,1770480599999999,154209.1862114,312,1.16826,80999.7607789,0
1770480600000000,69403.23,69587.63,69131.16,69359.67,1.92772,1770480899999999,133697.0415223,267,1.07291,74428.5782638,0
1770480900000000,69491.19,69809.36,69269.88,69282.48,0.66451,1770481199999999,46142.1127385,131,0.37506,26044.8530182,0
1770481200000000,69284.56,69465.98,69284.56,69295.79,0.10914,1770481499999999,7569.2802017,29,0.04468,3100.0654117,0
1770481500000000,69364.31,69369.31,69279.86,69287.67,0.04303,1770481799999999,2982.8296097,19,0.04231,2932.9389023,0
1770481800000000,69306.03,69383.29,69306.03,69307.66,0.04285,1770482099999999,2971.6466499,17,0.04257,2952.2341939,0
1770482100000000,69325.45,69379.64,69145.89,69368.94,0.04701,1770482399999999,3257.8751542,21,0.04491,3112.5412068,0
1770482400000000,69354.09,69354.09,69241.96,69251.66,0.0249,1770482699999999,1725.3713032,19,0.02462,1705.9677526,0
1770482700000000,69327.73,69327.73,69056.88,69072.47,0.0164,1770482999999999,1134.2483393,15,0.01483,1025.6704658,0
1770483000000000,69000.87,69000.87,68970.78,68985.27,0.01431,1770483299999999,987.1949262,5,0.01387,956.8401429,0
1770483300000000,68875.17,68976.74,68851.74,68976.74,0.0181,1770483599999999,1246.7462737,6,0.0167,1150.1788377,0
1770483600000000,68917.38,68948.95,68917.38,68948.95,0.00196,1770483899999999,135.1311024,2,0.00196,135.1311024,0
1770483900000000,68948.95,68948.95,68948.95,68948.95,0.0,1770484199999999,0.0,0,0.0,0.0,0
1770484200000000,68777.36,68777.36,68677.61,68677.61,0.00597,1770484499999999,410.345442,6,0.00552,379.436658,0
1770484500000000,68777.37,68777.37,68548.12,68548.12,0.00366,1770484799999999,251.3450571,6,0.0,0.0,0
1770484800000000,68886.22,68886.22,68851.46,68851.46,0.00058,1770485099999999,39.9464472,3,0.00028,19.2857952,0
1770485100000000,69060.2,69092.78,69032.69,69092.78,0.00051,1770485399999999,35.2197828,3,0.00037,25.5552062,0
1770485400000000,68970.06,68972.42,68970.06,68970.06,0.00163,1770485699999999,112.4215282,4,0.00056,38.6232336,0
1770485700000000,68997.61,69353.79,68997.61,69353.79,0.01219,1770485999999999,844.3293525,7,0.01172,811.8796374,0
1770486000000000,69353.79,69353.79,69353.79,69353.79,0.0,1770486299999999,0.0,0,0.0,0.0,0
1770486300000000,69236.35,69256.69,69220.79,69256.69,0.00927,1770486599999999,641.9811797,5,0.00842,583.1413298,0
1770486600000000,69247.44,69251.25,69094.27,69120.54,0.00791,1770486899999999,546.7916633,8,0.00271,187.4710513,0
1770486900000000,69139.77,69145.65,69120.54,69127.46,0.083,1770487199999999,5737.5179176,6,0.00947,654.5715138,0
1770487200000000,69120.54,69144.82,69120.54,69144.82,0.00607,1770487499999999,419.565651,5,0.00035,24.192763,0
1770487500000000,69197.32,69199.49,69121.3,69121.3,0.00042,1770487799999999,29.0525354,3,0.0,0.0,0
1770487800000000,69007.01,69048.2,69007.01,69048.2,0.01218,1770488099999999,840.8225448,5,0.01218,840.8225448,0
1770488100000000,69048.2,69195.81,69048.2,69176.41,0.01556,1770488399999999,1076.4715292,4,0.01542,1066.7868318,0
1770488400000000,69366.14,69366.14,69346.4,69346.4,0.00078,1770488699999999,54.0943374,2,0.00078,54.0943374,0
1770488700000000,69310.3,69310.3,69217.35,69247.64,0.00081,1770488999999999,56.0942326,4,0.00039,27.0065796,0
1770489000000000,69396.67,69503.94,69396.67,69503.94,0.00688,1770489299999999,477.8232317,4,0.00546,379.1986653,0
1770489300000000,69564.52,69564.52,69459.82,69459.82,0.00044,1770489599999999,30.5775348,4,0.0003,20.838502,0
1770489600000000,69422.52,69535.43,69368.13,69535.43,0.03467,1770489899999999,2408.1854687,14,0.03453,2398.4738591,0
1770489900000000,69480.15,69583.87,69435.22,69583.87,0.00697,1770490199999999,484.1156802,14,0.00683,474.3945744,0
1770490200000000,69635.89,69661.35,69490.12,69510.1,0.00136,1770490499999999,94.6104006,9,0.00136,94.6104006,0
1770490500000000,69527.99,69527.99,69425.53,69474.75,0.00812,1770490799999999,563.8123869,11,0.00094,65.2922783,0
1770490800000000,69500.0,69500.0,69404.93,69406.0,0.01665,1770491099999999,1156.0560617,17,0.00839,582.7309413,0
1770491100000000,69440.77,69555.98,69429.46,69429.46,0.00135,1770491399999999,93.8091476,13,0.00135,93.8091476,0
1770491400000000,69337.97,69360.55,69285.56,69356.44,0.00427,1770491699999999,296.0084295,11,0.00427,296.0084295,0
1770491700000000,69352.45,69385.99,69348.66,69366.45,0.00073,1770491999999999,50.6335459,7,0.00059,40.9247335,0
1770492000000000,69331.32,69501.04,69331.32,69501.04,0.01063,1770492299999999,738.6484894,10,0.00879,610.7665758,0
1770492300000000,69483.14,69483.14,69425.51,69425.51,0.00124,1770492599999999,86.1266021,10,0.00096,66.6763685,0
1770492600000000,69389.11,69389.11,69271.08,69309.96,0.01153,1770492899999999,799.7901852,15,0.00169,117.2111092,0
1770492900000000,69345.2,69429.12,69343.26,69393.03,0.00239,1770493199999999,165.79621,16,0.00111,77.0189354,0
1770493200000000,69410.85,69434.83,69327.2,69327.2,0.00342,1770493499999999,237.3505035,11,0.00286,198.5007163,0
1770493500000000,69327.2,69463.16,69327.2,69463.16,0.00204,1770493799999999,141.4772765,9,0.0019,131.7648465,0
1770493800000000,69408.46,69426.29,69333.72,69351.71,0.00104,1770494099999999,72.1690209,9,0.00067,46.502295,0
1770494100000000,69328.84,69328.84,69252.95,69293.56,0.00074,1770494399999999,51.2723523,7,0.0006,41.5711041,0
1770494400000000,69305.92,69398.81,69269.98,69398.81,0.00083,1770494699999999,57.5297034,6,0.00069,47.8318222,0
1770494700000000,69341.48,69341.48,69323.8,69323.8,0.00154,1770494999999999,106.7823432,2,0.00154,106.7823432,0
1770495000000000,69347.78,69347.78,69301.81,69301.81,0.00746,1770495299999999,517.2098995,4,0.0,0.0,0
1770495300000000,69295.28,69295.28,69295.28,69295.28,0.00021,1770495599999999,14.5520088,1,0.00021,14.5520088,0
1770495600000000,69372.94,69437.16,69355.89,69355.89,0.00105,1770495899999999,72.8886494,3,0.0,0.0,0
1770495900000000,69398.99,69398.99,69398.99,69398.99,0.00014,1770496199999999,9.7158586,1,0.0,0.0,0
1770496200000000,69425.98,69512.88,69425.98,69512.88,0.00092,1770496499999999,63.9396836,2,0.00078,54.2200464,0
1770496500000000,69599.99,69599.99,69599.99,69599.99,0.00145,1770496799999999,100.9199855,1,0.00145,100.9199855,0
1770496800000000,69573.74,69573.74,69573.74,69573.74,0.00104,1770497099999999,72.3566896,1,0.00104,72.3566896,0
1770497100000000,69574.45,69574.45,69574.45,69574.45,0.00257,1770497399999999,178.8063365,2,0.00021,14.6106345,0
1770497400000000,69595.78,69600.0,69595.78,69600.0,0.00159,1770497699999999,110.6619322,2,0.00159,110.6619322,0
1770497700000000,69546.26,69581.98,69545.66,69581.98,0.01657,1770497999999999,1152.5864434,8,0.01643,1142.849967,0
1770498000000000,69558.41,69558.41,69475.1,69514.1,0.00597,1770498299999999,414.9979401,5,0.00565,392.7526847,0
1770498300000000,69514.1,69514.1,69474.81,69505.76,0.00113,1770498599999999,78.5391722,4,0.00099,68.810267,0
1770498600000000,69505.76,69505.76,69479.2,69479.2,0.00028,1770498899999999,19.4578944,2,0.00014,9.7308064,0
1770498900000000,69479.2,69479.33,69449.48,69479.33,0.09459,1770499199999999,6571.9068523,6,0.00511,354.9080363,0
1770499200000000,69479.33,69479.33,69479.33,69479.33,0.0,1770499499999999,0.0,0,0.0,0.0,0
1770499500000000,69540.84,69540.84,69540.84,69540.84,0.00029,1770499799999999,20.1668436,1,0.00029,20.1668436,0
1770499800000000,69512.91,69517.1,69512.91,69517.1,0.00105,1770500099999999,72.9899382,2,0.00105,72.9899382,0
1770500100000000,69576.02,69576.02,69576.02,69576.02,0.00014,1770500399999999,9.7406428,1,0.0,0.0,0
1770500400000000,69576.02,69576.02,69576.02,69576.02,0.0,1770500699999999,0.0,0,0.0,0.0,0
1770500700000000,69369.51,69369.51,69353.15,69353.15,0.00028,1770500999999999,19.4211724,2,0.0,0.0,0
1770501000000000,69449.24,69520.53,69449.24,69520.53,0.02056,1770501299999999,1428.4009429,6,0.02056,1428.4009429,0
1770501300000000,69457.36,69484.33,69422.27,69422.27,0.00779,1770501599999999,541.1182025,4,0.00779,541.1182025,0
1770501600000000,69422.27,69422.27,69422.27,69422.27,0.0,1770501899999999,0.0,0,0.0,0.0,0
1770501900000000,69668.58,69668.58,69668.58,69668.58,0.00333,1770502199999999,231.9963714,1,0.00333,231.9963714,0
1770502200000000,69506.21,69519.09,69506.21,69519.09,0.0025,1770502499999999,173.7884514,2,0.0025,173.7884514,0
1770502500000000,69422.27,69422.27,69420.2,69420.2,0.00175,1770502799999999,121.4859089,4,0.00148,102.741896,0
1770502800000000,69449.43,69449.43,69449.43,69449.43,0.00014,1770503099999999,9.7229202,1,0.0,0.0,0
1770503100000000,69502.11,69502.12,69502.11,69502.12,0.0013,1770503399999999,90.3527545,2,0.0013,90.3527545,0
1770503400000000,69493.63,69495.63,69493.63,69495.63,0.00179,1770503699999999,124.3962321,3,0.00179,124.3962321,0
1770503700000000,69478.05,69478.05,69478.05,69478.05,0.00055,1770503999999999,38.2129275,1,0.00055,38.2129275,0
1770504000000000,69478.05,69478.05,69478.05,69478.05,0.0,1770504299999999,0.0,0,0.0,0.0,0
1770504300000000,69339.32,69339.32,69339.32,69339.32,0.00014,1770504599999999,9.7075048,1,0.0,0.0,0
1770504600000000,69382.68,69431.46,69382.68,69413.23,0.00375,1770504899999999,260.2304063,3,0.00375,260.2304063,0
1770504900000000,69406.49,69406.49,69393.95,69393.95,0.00709,1770505199999999,492.0047357,2,0.00696,482.981892,0
1770505200000000,69411.98,69411.98,69158.88,69158.88,0.01986,1770505499999999,1374.9099479,10,0.00654,453.5268869,0
1770505500000000,69202.15,69202.15,68851.46,68934.93,0.03234,1770505799999999,2230.0719886,24,0.01311,904.7007449,0
1770505800000000,68934.24,69063.09,68934.24,69054.49,0.06074,1770506099999999,4192.6082941,17,0.01249,861.9179623,0
1770506100000000,69054.49,69103.25,68958.65,68958.65,0.002,1770506399999999,138.0324787,13,0.00186,128.3764463,0
1770506400000000,68897.02,68923.7,68808.28,68923.69,0.05973,1770506699999999,4113.4185077,18,0.05462,3761.8064609,0
1770506700000000,68933.06,69091.5,68933.06,69053.43,0.01123,1770506999999999,774.7862793,15,0.01109,765.1187991,0
1770507000000000,69073.56,69137.65,69056.08,69119.9,0.00151,1770507299999999,104.3209064,11,0.00123,84.985204,0
1770507300000000,69183.2,69249.87,69183.2,69221.62,0.01226,1770507599999999,848.7762518,15,0.00731,505.9893953,0
1770507600000000,69221.62,69251.16,69211.83,69233.54,0.00151,1770507899999999,104.5433792,12,0.00151,104.5433792,0
1770507900000000,69272.12,69363.12,69233.53,69363.12,0.00145,1770508199999999,100.5180836,10,0.00145,100.5180836,0
1770508200000000,69345.96,69391.37,69288.99,69319.96,0.00479,1770508499999999,332.2919092,12,0.00465,322.5914506,0
1770508500000000,69309.71,69309.71,69265.84,69309.57,0.00068,1770508799999999,47.121213,6,0.00054,37.4239954,0
1770508800000000,69286.85,69356.48,69152.53,69356.48,0.11313,1770509099999999,7824.9525391,14,0.00237,164.1837564,0
1770509100000000,69352.12,69397.85,69327.36,69329.06,0.0076,1770509399999999,526.9625886,12,0.0076,526.9625886,0
1770509400000000,69329.06,69353.09,69288.14,69342.47,0.00136,1770509699999999,94.2800827,11,0.00136,94.2800827,0
1770509700000000,69288.85,69299.58,69102.49,69113.9,0.08405,1770509999999999,5808.2401865,12,0.0013,90.009139,0
1770510000000000,69147.13,69151.68,69046.57,69046.57,0.10211,1770510299999999,7057.3297188,14,0.00581,401.3985455,0
1770510300000000,69018.34,69130.86,69013.92,69068.23,0.00307,1770510599999999,212.0356513,13,0.00307,212.0356513,0
1770510600000000,69032.35,69068.0,69000.0,69000.0,0.00515,1770510899999999,355.4203437,15,0.00291,200.8603437,0
1770510900000000,68974.96,69151.62,68964.27,69078.88,0.00263,1770511199999999,181.6240394,15,0.00226,156.0934882,0
1770511200000000,69004.19,69004.19,68855.17,68980.19,0.12268,1770511499999999,8455.3309599,28,0.12238,8434.6573719,0
1770511500000000,68921.1,69098.82,68902.81,69097.95,0.19341,1770511799999999,13337.1661743,32,0.10913,7524.5940582,0
1770511800000000,69076.54,69160.16,69005.35,69005.35,0.00377,1770512099999999,260.5478046,6,0.00363,250.8870556,0
1770512100000000,69008.93,69008.93,69008.93,69008.93,0.01863,1770512399999999,1285.6363659,1,0.01863,1285.6363659,0
1770512400000000,69172.6,69173.01,69172.6,69173.01,0.00835,1770512699999999,577.5943383,2,0.00835,577.5943383,0
1770512700000000,69173.01,69173.01,69173.01,69173.01,0.0,1770512999999999,0.0,0,0.0,0.0,0
1770513000000000,69173.01,69173.01,69173.01,69173.01,0.0,1770513299999999,0.0,0,0.0,0.0,0
1770513300000000,69268.73,69268.73,69268.73,69268.73,0.00014,1770513599999999,9.6976222,1,0.0,0.0,0
1770513600000000,69218.05,69218.05,69167.87,69167.87,0.08378,1770513899999999,5799.0812038,3,0.0,0.0,0
1770513900000000,69136.6,69136.6,69136.6,69136.6,0.00014,1770514199999999,9.679124,1,0.0,0.0,0
1770514200000000,69232.07,69232.07,69232.07,69232.07,0.00056,1770514499999999,38.7699592,1,0.00056,38.7699592,0
1770514500000000,69287.65,69287.65,69287.65,69287.65,0.03813,1770514799999999,2641.9380945,2,0.03813,2641.9380945,0
1770514800000000,69330.41,69330.41,69257.74,69257.74,0.00874,1770515099999999,605.9329756,3,0.00846,586.5352686,0
1770515100000000,69301.05,69301.05,69267.79,69283.86,0.00042,1770515399999999,29.099378,3,0.0,0.0,0
1770515400000000,69283.86,69283.86,69283.86,69283.86,0.0,1770515699999999,0.0,0,0.0,0.0,0
1770515700000000,69377.76,69381.13,69324.73,69324.73,0.06655,1770515999999999,4617.2112151,7,0.00702,487.0318752,0
1770516000000000,69367.44,69367.44,69226.74,69256.49,0.12264,1770516299999999,8498.4045171,22,0.06418,4446.0499268,0
1770516300000000,69288.11,69349.83,69271.67,69349.83,0.1157,1770516599999999,8019.3045406,7,0.04915,3408.5075295,0
1770516600000000,69349.83,69349.83,69349.83,69349.83,0.0,1770516899999999,0.0,0,0.0,0.0,0
1770516900000000,69448.82,69448.95,69448.82,69448.95,0.03055,1770517199999999,2121.6620984,2,0.03055,2121.6620984,0
1770517200000000,69515.67,69610.03,69515.67,69597.29,0.03987,1770517499999999,2773.8273595,7,0.01967,1367.9621015,0
1770517500000000,69533.76,69554.62,69369.89,69369.89,0.16699,1770517799999999,11614.8404081,7,0.00012,8.3440512,0
1770517800000000,69372.89,69372.89,69326.82,69326.82,0.099,1770518099999999,6867.6659695,4,0.0,0.0,0
1770518100000000,69306.11,69309.04,69261.92,69262.16,0.17345,1770518399999999,12015.1191343,8,0.17331,12005.4158687,0
1770518400000000,69239.25,69306.95,69239.24,69306.95,0.13135,1770518699999999,9102.3321336,4,0.11459,7941.882305,0
1770518700000000,69236.11,69236.11,69236.11,69236.11,0.00014,1770518999999999,9.6930554,1,0.0,0.0,0
1770519000000000,69170.31,69170.31,69149.5,69149.5,0.01011,1770519299999999,699.1277224,3,0.0,0.0,0
1770519300000000,69334.63,69334.63,69334.63,69334.63,0.00498,1770519599999999,345.2864574,1,0.00498,345.2864574,0
1770519600000000,69329.71,69329.75,69260.54,69260.54,0.01146,1770519899999999,794.1639482,4,0.00628,435.390746,0
1770519900000000,69264.53,69264.53,69199.33,69261.3,0.29805,1770520199999999,20625.4044432,13,0.29749,20586.621933,0
1770520200000000,69189.99,69231.96,69189.99,69231.96,0.00042,1770520499999999,29.0715474,2,0.00028,19.3849488,0
1770520500000000,69231.96,69231.96,69231.96,69231.96,0.0,1770520799999999,0.0,0,0.0,0.0,0
1770520800000000,69258.36,69342.8,69258.36,69342.8,0.10552,1770521099999999,7316.2509256,5,0.10483,7268.4043936,0
1770521100000000,69342.8,69342.8,69342.8,69342.8,0.0,1770521399999999,0.0,0,0.0,0.0,0
1770521400000000,69342.8,69342.8,69342.8,69342.8,0.0,1770521699999999,0.0,0,0.0,0.0,0
1770521700000000,69352.04,69352.04,69262.44,69262.44,0.38795,1770521999999999,26894.056339,9,0.0,0.0,0
1770522000000000,69242.89,69242.89,69212.94,69230.7,0.00056,1770522299999999,38.7684122,3,0.00028,19.384596,0
1770522300000000,69241.23,69261.57,69187.8,69187.8,0.05116,1770522599999999,3542.0156389,6,0.00098,67.8564054,0
1770522600000000,69187.8,69187.8,69187.8,69187.8,0.0,1770522899999999,0.0,0,0.0,0.0,0
1770522900000000,69073.67,69076.73,69058.21,69076.73,0.00172,1770523199999999,118.7848784,3,0.00144,99.4438224,0
1770523200000000,69076.73,69076.73,69076.73,69076.73,0.0,1770523499999999,0.0,0,0.0,0.0,0
1770523500000000,69076.73,69076.73,69076.73,69076.73,0.0,1770523799999999,0.0,0,0.0,0.0,0
1770523800000000,69149.9,69149.9,69067.36,69067.36,0.17237,1770524099999999,11919.3505796,4,0.17209,11900.006291,0
1770524100000000,69000.57,69117.14,68964.34,69117.14,0.0077,1770524399999999,532.0844186,7,0.007,483.77287,0
1770524400000000,69123.41,69204.84,69123.41,69204.84,0.0126,1770524699999999,871.8817918,3,0.01246,862.2045144,0
1770524700000000,69306.36,69306.36,69306.36,69306.36,0.00126,1770524999999999,87.3260136,1,0.00126,87.3260136,0
1770525000000000,69220.17,69220.17,69191.74,69191.74,0.00361,1770525299999999,249.7861616,2,0.00347,240.0953378,0
1770525300000000,69158.48,69212.69,69158.48,69199.17,0.00483,1770525599999999,334.2281873,3,0.0,0.0,0
1770525600000000,69199.17,69199.17,69199.17,69199.17,0.0,1770525899999999,0.0,0,0.0,0.0,0
1770525900000000,69199.17,69199.17,69199.17,69199.17,0.0,1770526199999999,0.0,0,0.0,0.0,0
1770526200000000,69224.99,69224.99,69224.99,69224.99,9e-05,1770526499999999,6.2302491,1,0.0,0.0,0
1770526500000000,69224.99,69224.99,69224.99,69224.99,0.0,1770526799999999,0.0,0,0.0,0.0,0
1770526800000000,69298.84,69298.84,69215.42,69215.42,0.00038,1770527099999999,26.3135404,3,0.0,0.0,0
1770527100000000,69215.42,69215.42,69215.42,69215.42,0.0,1770527399999999,0.0,0,0.0,0.0,0
1770527400000000,69278.46,69340.15,69237.73,69335.6,0.04175,1770527699999999,2892.4283804,10,0.01658,1149.0235176,0
1770527700000000,69367.9,69367.9,69316.32,69316.33,0.00043,1770527999999999,29.8132397,4,0.00029,20.1017337,0
1770528000000000,69300.3,69300.3,69234.51,69234.51,0.00028,1770528299999999,19.3948734,2,0.0,0.0,0
1770528300000000,69208.45,69257.35,69183.0,69257.35,0.26876,1770528599999999,18600.8765581,9,0.12955,8969.7367338,0
1770528600000000,69237.08,69237.08,69178.32,69179.29,0.07727,1770528899999999,5345.9825906,9,0.07685,5316.9146762,0
1770528900000000,69141.93,69141.93,69141.91,69141.91,0.00153,1770529199999999,105.7871501,2,0.00139,96.1072827,0
1770529200000000,69201.12,69201.12,69132.69,69132.69,0.00042,1770529499999999,29.0504578,3,0.0,0.0,0
1770529500000000,69150.16,69160.24,69144.4,69159.2,0.03438,1770529799999999,2377.648972,6,0.0,0.0,0
1770529800000000,69140.5,69140.5,69140.5,69140.5,0.00028,1770530099999999,19.35934,1,0.00028,19.35934,0
1770530100000000,69188.64,69188.64,69188.64,69188.64,0.00014,1770530399999999,9.6864096,1,0.0,0.0,0
1770530400000000,69193.02,69201.42,69109.57,69109.57,0.13322,1770530699999999,9215.6242134,5,0.00279,193.0485258,0
1770530700000000,69121.25,69121.25,69065.08,69065.08,0.00028,1770530999999999,19.3460862,2,0.0,0.0,0
1770531000000000,69146.32,69302.67,69146.32,69302.66,0.33068,1770531299999999,22892.5075596,20,0.18091,12513.0467238,0
1770531300000000,69306.25,69367.7,69262.66,69305.06,0.25048,1770531599999999,17358.7296635,17,0.15544,10772.3191284,0
1770531600000000,69345.66,69365.58,69308.75,69364.5,0.15895,1770531899999999,11018.334273,10,0.05619,3896.165631,0
1770531900000000,69319.37,69341.96,69319.37,69323.27,0.22252,1770532199999999,15427.1256126,8,0.11056,7664.4028619,0
1770532200000000,69305.28,69305.28,69305.28,69305.28,0.00023,1770532499999999,15.9402144,1,0.0,0.0,0
1770532500000000,69305.28,69305.28,69305.28,69305.28,0.0,1770532799999999,0.0,0,0.0,0.0,0
1770532800000000,69268.47,69268.47,69268.47,69268.47,0.04328,1770533099999999,2997.9393816,1,0.0,0.0,0
1770533100000000,69335.06,69373.56,69291.95,69291.95,0.05869,1770533399999999,4069.3970668,6,0.03381,2345.413184,0
1770533400000000,69291.95,69291.95,69291.95,69291.95,0.0,1770533699999999,0.0,0,0.0,0.0,0
1770533700000000,69328.03,69328.03,69328.03,69328.03,0.00126,1770533999999999,87.3533178,1,0.00126,87.3533178,0
1770534000000000,69350.93,69350.93,69333.29,69333.29,0.00558,1770534299999999,386.9279154,3,0.00273,189.3280389,0
1770534300000000,69307.84,69307.84,69254.52,69254.52,0.00825,1770534599999999,571.7415949,6,0.0,0.0,0
1770534600000000,69230.56,69383.0,69200.0,69373.94,0.36031,1770534899999999,24970.4613135,21,0.27204,18847.1206819,0
1770534900000000,69374.71,69458.2,69374.71,69418.49,0.2175,1770535199999999,15098.9507345,13,0.03224,2237.8770143,0
1770535200000000,69403.16,69454.01,69310.53,69408.59,0.03244,1770535499999999,2250.6802747,18,0.01764,1223.4282417,0
1770535500000000,69408.59,69408.59,69408.59,69408.59,0.0,1770535799999999,0.0,0,0.0,0.0,0
1770535800000000,69405.61,69464.08,69394.83,69464.08,0.00755,1770536099999999,523.94074,3,0.00755,523.94074,0
1770536100000000,69464.08,69464.08,69464.08,69464.08,0.0,1770536399999999,0.0,0,0.0,0.0,0
1770536400000000,69526.04,69526.04,69482.56,69482.56,0.00111,1770536699999999,77.1526537,3,0.00097,67.4250953,0
1770536700000000,69519.69,69519.69,69519.69,69519.69,0.00033,1770536999999999,22.9414977,1,0.00033,22.9414977,0
1770537000000000,69579.45,69579.47,69579.45,69579.47,0.09892,1770537299999999,6882.7992487,3,0.09892,6882.7992487,0
1770537300000000,69607.21,69607.21,69607.21,69607.21,0.0647,1770537599999999,4503.586487,2,0.06456,4493.8414776,0
1770537600000000,69642.62,69670.79,69577.49,69670.77,0.3587,1770537899999999,24981.3714878,13,0.13912,9692.2696891,0
1770537900000000,69781.82,69813.24,69697.19,69698.07,0.1173,1770538199999999,8180.0038968,13,0.00421,293.5934963,0
1770538200000000,69599.94,69663.6,69599.94,69663.6,0.00415,1770538499999999,289.0950276,2,0.00401,279.351036,0
1770538500000000,69663.6,69663.6,69663.6,69663.6,0.0,1770538799999999,0.0,0,0.0,0.0,0
1770538800000000,69617.09,70015.91,69617.09,70015.91,0.30049,1770539099999999,20979.1934923,22,0.30021,20959.6079837,0
1770539100000000,69959.39,70333.52,69959.39,70221.44,0.34467,1770539399999999,24129.526374,27,0.16483,11541.2896291,0
1770539400000000,70111.51,70722.19,70111.51,70710.77,0.36551,1770539699999999,25718.097794,33,0.24455,17207.5676965,0
1770539700000000,70524.94,70560.85,70431.62,70543.21,0.20265,1770539999999999,14297.1554522,11,0.00296,208.7970272,0
1770540000000000,70360.78,70421.14,70356.44,70356.44,0.14465,1770540299999999,10182.0747504,11,0.0,0.0,0
1770540300000000,70365.4,70428.66,70249.8,70428.66,0.19094,1770540599999999,13446.1375089,9,0.1908,13436.3025369,0
1770540600000000,70454.64,70551.87,70420.11,70541.35,0.59935,1770540899999999,42234.2224482,23,0.25397,17893.576464,0
1770540900000000,70498.48,70662.04,70484.57,70587.4,0.36178,1770541199999999,25541.0127501,13,0.33699,23792.8709024,0
1770541200000000,70622.81,70637.44,70498.01,70498.01,0.12315,1770541499999999,8682.9285238,8,0.00014,9.8871934,0
1770541500000000,70611.28,70611.28,70590.86,70590.86,0.00085,1770541799999999,60.0167292,2,0.00071,50.1340088,0
1770541800000000,70519.85,70519.85,70304.08,70304.08,0.22308,1770542099999999,15715.8132101,26,0.02462,1736.183935,0
1770542100000000,70295.3,70386.29,70271.45,70386.29,0.12612,1770542399999999,8864.9869803,10,0.0,0.0,0
1770542400000000,70381.29,70446.93,70333.96,70407.43,0.02918,1770542699999999,2053.2586781,14,0.00731,514.5078629,0
1770542700000000,70362.78,70463.27,70362.77,70445.83,0.01139,1770542999999999,801.7396934,11,0.00621,437.2272276,0
1770543000000000,70506.3,70527.31,70323.46,70323.46,0.0473,1770543299999999,3328.4645273,17,0.03394,2387.4511604,0
1770543300000000,70289.83,70289.83,70105.41,70240.79,0.18025,1770543599999999,12651.1318713,50,0.10839,7609.9003355,0
1770543600000000,70158.85,70160.56,70140.9,70140.9,0.01985,1770543899999999,1392.5239369,6,0.01457,1022.0852584,0
1770543900000000,70099.16,70154.73,70099.16,70154.73,0.00742,1770544199999999,520.1874473,3,0.00742,520.1874473,0
1770544200000000,70062.22,70125.38,70062.22,70107.55,0.00789,1770544499999999,553.1293371,5,0.0,0.0,0
1770544500000000,70197.89,70197.89,70111.84,70111.84,0.0733,1770544799999999,5145.4810492,3,0.07316,5135.6653916,0
1770544800000000,70168.89,70270.82,70168.89,70209.8,0.05948,1770545099999999,4177.7072596,14,0.03168,2224.8978027,0
1770545100000000,70220.66,70342.06,70220.66,70342.06,0.00422,1770545399999999,296.5654612,3,0.00422,296.5654612,0
1770545400000000,70354.06,70354.06,70242.39,70297.48,0.01636,1770545699999999,1150.109111,4,0.01608,1130.4372294,0
1770545700000000,70304.54,70348.27,70304.54,70304.54,0.0191,1770545999999999,1343.2733931,8,0.00688,483.7219563,0
1770546000000000,70262.01,70262.01,69854.07,69854.07,0.21176,1770546299999999,14833.9378043,74,0.0002,14.011438,0
1770546300000000,69885.14,70131.2,69864.25,70061.17,0.00506,1770546599999999,353.8904544,9,0.00436,304.8841362,0
1770546600000000,69992.52,70056.03,69992.52,70003.97,0.16747,1770546899999999,11723.1604631,15,0.1047,7329.0295364,0
1770546900000000,70217.8,70253.5,70217.8,70253.5,0.05456,1770547199999999,3833.020607,10,0.00029,20.363162,0
1770547200000000,70211.58,70211.58,70181.65,70181.65,0.001,1770547499999999,70.2003035,4,0.001,70.2003035,0
1770547500000000,70181.65,70181.65,70181.65,70181.65,0.0,1770547799999999,0.0,0,0.0,0.0,0
1770547800000000,70355.33,70355.33,70314.23,70314.23,0.03046,1770548099999999,2143.0091808,5,0.0003,21.094269,0
1770548100000000,70238.15,70238.15,70191.6,70191.6,0.00246,1770548399999999,172.7276615,2,0.00246,172.7276615,0
1770548400000000,70323.23,70323.23,70323.23,70323.23,0.00014,1770548699999999,9.8452522,1,0.0,0.0,0
1770548700000000,70466.89,70466.89,70398.32,70398.32,0.00506,1770548999999999,356.4455518,5,0.0006,42.2609344,0
1770549000000000,70488.83,70488.83,70488.83,70488.83,0.01371,1770549299999999,966.4018593,1,0.01371,966.4018593,0
1770549300000000,70585.19,70834.14,70554.6,70613.22,0.04421,1770549599999999,3120.8712288,12,0.00071,50.2743616,0
1770549600000000,70626.12,70626.12,70537.3,70537.3,0.00642,1770549899999999,453.3385428,8,0.0007,49.3914352,0
1770549900000000,70537.3,70537.3,70537.3,70537.3,0.0,1770550199999999,0.0,0,0.0,0.0,0
1770550200000000,70669.1,70909.39,70669.1,70823.03,0.19055,1770550499999999,13507.9767889,11,0.15667,11107.0330437,0
1770550500000000,70872.84,70912.93,70811.57,70842.7,0.24318,1770550799999999,17227.8619334,23,0.08371,5930.4114608,0
1770550800000000,70815.32,70863.67,70815.32,70837.25,0.06419,1770551099999999,4547.5178819,9,0.01532,1085.0729079,0
1770551100000000,70846.22,70911.37,70781.19,70911.37,0.01003,1770551399999999,710.1744849,6,0.00098,69.4384262,0
1770551400000000,70996.45,71068.67,70928.64,71002.98,0.06809,1770551699999999,4835.9688066,21,0.03905,2773.1791324,0
1770551700000000,70949.13,70960.76,70912.46,70922.76,0.07902,1770551999999999,5604.5543966,6,0.07397,5246.2642237,0
1770552000000000,70984.89,70984.89,70875.56,70944.26,0.10364,1770552299999999,7352.3461646,8,0.08459,6000.6357133,0
1770552300000000,70996.76,70996.76,70822.27,70907.46,0.13794,1770552599999999,9771.0332554,9,0.00686,486.04916,0
1770552600000000,70912.34,70912.34,70807.24,70807.24,0.00249,1770552899999999,176.3922264,3,0.00235,166.472686,0
1770552900000000,70842.78,70842.78,70807.24,70807.24,0.02978,1770553199999999,2108.6523128,3,0.00042,29.7517464,0
1770553200000000,70788.46,70788.46,70746.48,70761.63,0.00299,1770553499999999,211.5788962,3,0.00299,211.5788962,0
1770553500000000,70926.21,70926.23,70926.21,70926.23,0.07175,1770553799999999,5088.9557536,3,0.07175,5088.9557536,0
1770553800000000,70870.55,70870.55,70870.55,70870.55,0.00144,1770554099999999,102.053592,1,0.00144,102.053592,0
1770554100000000,70783.56,70865.69,70783.56,70865.69,0.08327,1770554399999999,5895.8915181,4,0.08234,5829.9864264,0
1770554400000000,70873.84,70873.84,70709.62,70709.62,0.10185,1770554699999999,7217.3950888,7,0.0032,226.570874,0
1770554700000000,70672.89,71055.69,70672.89,71041.35,0.33195,1770554999999999,23521.9691713,35,0.33181,23512.0749667,0
1770555000000000,70998.42,71076.16,70961.78,71076.16,0.16896,1770555299999999,12001.5542938,7,0.02331,1656.0785858,0
1770555300000000,71057.28,71208.78,71039.61,71195.47,0.16475,1770555599999999,11709.3486163,19,0.01554,1105.8908078,0
1770555600000000,71188.58,71205.28,71027.33,71063.45,0.02021,1770555899999999,1437.6572123,17,0.00697,496.0722698,0
1770555900000000,70990.87,71038.31,70961.78,71038.31,0.06334,1770556199999999,4496.5248808,8,0.00953,676.9950943,0
1770556200000000,71020.1,71079.95,71020.1,71079.95,0.01127,1770556499999999,800.958524,4,0.00657,466.882759,0
1770556500000000,71071.07,71336.31,71071.07,71277.84,0.0072,1770556799999999,513.4615114,3,0.00496,353.8280976,0
1770556800000000,71295.87,71338.0,71288.07,71338.0,0.10349,1770557099999999,7380.6378453,11,0.08614,6143.3771212,0
1770557100000000,71453.11,71453.11,71317.79,71409.16,0.14263,1770557399999999,10183.8235189,12,0.13477,9622.547441,0
1770557400000000,71323.58,71331.62,71288.07,71317.8,0.02892,1770557699999999,2062.2141206,12,0.00774,552.0510196,0
1770557700000000,71252.87,71348.44,71158.71,71158.71,0.04305,1770557999999999,3068.9825745,22,0.02315,1651.2174552,0
1770558000000000,71228.11,71349.48,71228.11,71255.19,0.1037,1770558299999999,7392.4795165,15,0.0978,6971.8232647,0
1770558300000000,71259.09,71305.16,71243.49,71257.69,0.1777,1770558599999999,12662.2498642,14,0.17756,12652.2693734,0
1770558600000000,71331.75,71376.02,71331.75,71376.02,0.00487,1770558899999999,347.4051013,2,0.0,0.0,0
1770558900000000,71331.75,71470.4,71330.33,71431.14,0.12319,1770559199999999,8798.2062246,7,0.0958,6844.3969679,0
1770559200000000,71493.92,71500.5,71405.93,71405.93,0.15521,1770559499999999,11095.0998041,12,0.15451,11045.0926161,0
1770559500000000,71369.36,71369.36,71367.42,71367.42,0.00028,1770559799999999,19.9831492,2,0.0,0.0,0
1770559800000000,71270.98,71369.68,71270.98,71367.3,0.00856,1770560099999999,610.8849824,6,0.00814,580.932562,0
1770560100000000,71397.09,71397.09,71189.72,71215.61,0.0419,1770560399999999,2984.2749828,9,0.04148,2954.360221,0
1770560400000000,71210.7,71210.7,71149.11,71149.11,0.00928,1770560699999999,660.6915474,4,0.009,640.761174,0
1770560700000000,71258.58,71258.58,71146.0,71146.0,0.01183,1770560999999999,841.7289256,8,0.01113,791.882739,0
1770561000000000,71224.47,71224.47,71210.55,71210.55,0.00286,1770561299999999,203.7000354,2,0.00272,193.7305584,0
1770561300000000,71283.89,71283.89,71258.19,71274.62,0.00195,1770561599999999,138.9816534,5,0.00153,109.0475786,0
1770561600000000,71230.53,71230.53,71084.9,71114.55,0.21837,1770561899999999,15535.7995668,14,0.07886,5606.4324744,0
1770561900000000,71184.13,71184.13,71104.22,71158.8,0.06535,1770562199999999,4647.5798139,11,0.06479,4607.7411507,0
1770562200000000,71224.18,71224.18,71167.08,71167.08,0.00515,1770562499999999,366.7118506,5,0.00515,366.7118506,0
1770562500000000,71200.68,71200.68,71164.91,71164.91,0.15117,1770562799999999,10761.1629224,5,0.06728,4788.1425868,0
1770562800000000,71211.84,71388.76,71205.87,71266.19,0.02428,1770563099999999,1730.5866832,10,0.0226,1610.7065088,0
1770563100000000,71272.18,71322.51,71272.18,71322.51,0.00515,1770563399999999,367.0587732,2,0.00501,357.0736218,0
1770563400000000,71398.91,71398.91,71322.85,71322.85,0.00556,1770563699999999,396.9609926,4,0.00501,357.7085391,0
1770563700000000,71277.96,71277.96,71221.71,71221.71,0.04636,1770563999999999,3302.8850109,8,0.0,0.0,0
1770564000000000,71399.28,71399.28,71170.98,71170.98,0.0181,1770564299999999,1291.9110233,12,0.00191,136.1140299,0
1770564300000000,71143.0,71143.0,70786.92,70870.27,0.06157,1770564599999999,4364.5954313,30,0.01676,1187.8554225,0
1770564600000000,70865.89,71114.13,70865.89,71114.13,0.25387,1770564899999999,18037.6386329,24,0.25286,17965.899267,0
1770564900000000,71095.91,71113.52,71025.47,71075.54,0.00961,1770565199999999,682.6695537,9,0.00919,652.8250943,0
1770565200000000,71207.5,71214.62,71095.92,71110.8,0.10049,1770565499999999,7144.7911857,9,0.00295,210.0389685,0
1770565500000000,71072.46,71072.46,70996.3,70996.3,0.00423,1770565799999999,300.4752789,5,0.00395,280.5842665,0
1770565800000000,71004.61,71032.67,71004.61,71032.67,0.0667,1770566099999999,4737.8601912,3,0.0667,4737.8601912,0
1770566100000000,71042.31,71103.1,71042.31,71087.24,0.005,1770566399999999,355.2697691,4,0.00472,335.3652957,0
1770566400000000,71102.52,71129.8,71033.29,71129.8,0.00549,1770566699999999,390.134209,6,0.00479,340.3742386,0
1770566700000000,71202.34,71202.34,71054.77,71059.33,0.08252,1770566999999999,5864.2601283,7,0.0821,5834.3958267,0
1770567000000000,71058.87,71058.87,70974.78,70989.78,0.15179,1770567299999999,10775.405795,12,0.15064,10693.757088,0
1770567300000000,70989.8,71105.2,70989.8,71105.2,0.00203,1770567599999999,144.14399,5,0.00144,102.236724,0
1770567600000000,71124.93,71170.19,71120.19,71136.45,0.11722,1770567899999999,8339.4257659,10,0.07505,5340.0721896,0
1770567900000000,71138.12,71138.12,71129.86,71129.86,0.00122,1770568199999999,86.7795856,2,0.00108,76.8202488,0
1770568200000000,71105.46,71105.46,71066.18,71085.26,0.00042,1770568499999999,29.855966,3,0.0,0.0,0
1770568500000000,71039.02,71039.02,70925.63,70925.63,0.00569,1770568799999999,404.1617792,6,0.00499,354.4847098,0
1770568800000000,70896.37,70896.37,70706.26,70729.66,0.00931,1770569099999999,658.7169711,22,0.00117,82.830762,0
1770569100000000,70788.13,70788.13,70299.93,70374.58,0.09419,1770569399999999,6633.0335037,64,0.01029,725.6796246,0
1770569400000000,70491.37,70514.09,70208.85,70343.82,0.03704,1770569699999999,2606.5395691,33,0.01966,1383.4639447,0
1770569700000000,70372.9,70462.75,70324.79,70371.64,0.02411,1770569999999999,1696.7122029,21,0.00825,580.45119,0
1770570000000000,70471.12,70575.76,70455.1,70551.28,0.02619,1770570299999999,1847.9998833,15,0.02205,1556.0272665,0
1770570300000000,70651.62,70672.94,70594.89,70638.31,0.1029,1770570599999999,7269.1096925,16,0.00757,534.8327634,0
1770570600000000,70633.65,70633.75,70552.51,70552.51,0.12386,1770570899999999,8748.3756371,15,0.0,0.0,0
1770570900000000,70591.6,70806.61,70591.6,70721.3,0.1119,1770571199999999,7914.4293956,18,0.10567,7473.9486943,0
1770571200000000,70789.88,70789.88,70458.43,70458.43,0.00265,1770571499999999,187.2043364,10,0.00111,78.3538716,0
1770571500000000,70532.34,70596.56,70532.34,70570.0,0.00381,1770571799999999,268.7489006,3,0.00367,258.8691006,0
1770571800000000,70570.0,70570.0,70570.0,70570.0,0.0,1770572099999999,0.0,0,0.0,0.0,0
1770572100000000,70691.11,70697.54,70677.25,70690.55,0.1173,1770572399999999,8292.7659663,7,0.00093,65.7312368,0
1770572400000000,70672.39,70733.68,70661.9,70716.38,0.3568,1770572699999999,25222.9204669,7,0.12815,9055.4190778,0
1770572700000000,70702.0,70702.0,70702.0,70702.0,0.00052,1770572999999999,36.76504,1,0.00052,36.76504,0
1770573000000000,70755.91,70755.91,70755.91,70755.91,0.00383,1770573299999999,270.9951353,1,0.00383,270.9951353,0
1770573300000000,70729.4,70729.4,70729.4,70729.4,0.00082,1770573599999999,57.998108,1,0.00082,57.998108,0
1770573600000000,70785.36,70922.59,70735.9,70902.21,0.13372,1770573899999999,9483.66538,7,0.13358,9473.762354,0
1770573900000000,70902.19,70902.19,70848.8,70882.1,0.003,1770574199999999,212.6444506,3,0.00272,192.799312,0
1770574200000000,70918.3,70923.33,70905.02,70923.33,0.05745,1770574499999999,4074.2557575,3,0.05745,4074.2557575,0
1770574500000000,70886.71,71011.31,70830.67,71011.31,0.00876,1770574799999999,620.6305335,8,0.00862,610.6889501,0
1770574800000000,70897.38,70897.38,70835.4,70835.4,0.00063,1770575099999999,44.6349813,3,0.00021,14.8754361,0
1770575100000000,70854.5,70941.77,70854.5,70941.77,0.00479,1770575399999999,339.7464533,3,0.00465,329.8268233,0
1770575400000000,71049.69,71192.15,71000.71,71149.75,0.12963,1770575699999999,9210.507768,9,0.01121,796.6124184,0
1770575700000000,71333.17,71333.17,71225.61,71225.61,0.00042,1770575999999999,29.9351878,3,0.0,0.0,0
1770576000000000,71221.07,71221.07,71173.79,71173.79,0.02206,1770576299999999,1571.1306098,4,0.0,0.0,0
1770576300000000,71333.17,71333.17,71303.55,71303.55,0.0025,1770576599999999,178.3127118,4,0.00236,168.3276206,0
1770576600000000,71224.97,71224.97,71173.79,71190.44,0.1102,1770576899999999,7844.1749778,5,0.04892,3482.63572,0
1770576900000000,71143.02,71203.18,71143.02,71146.53,0.12285,1770577199999999,8746.4506153,11,0.00676,481.0429609,0
1770577200000000,71191.48,71191.48,71191.48,71191.48,0.00023,1770577499999999,16.3740404,1,0.00023,16.3740404,0
1770577500000000,71253.07,71253.07,71253.07,71253.07,0.00407,1770577799999999,289.9999949,1,0.00407,289.9999949,0
1770577800000000,71246.34,71246.34,71166.67,71166.67,0.02106,1770578099999999,1499.6586474,4,0.00674,480.2003316,0
1770578100000000,71299.27,71321.73,71209.45,71209.45,0.00589,1770578399999999,419.6501329,7,0.00054,38.5002796,0
1770578400000000,71209.45,71209.45,71209.45,71209.45,0.0,1770578699999999,0.0,0,0.0,0.0,0
1770578700000000,71209.45,71209.45,71209.45,71209.45,0.0,1770578999999999,0.0,0,0.0,0.0,0
1770579000000000,71209.45,71209.45,71209.45,71209.45,0.0,1770579299999999,0.0,0,0.0,0.0,0
1770579300000000,71133.64,71275.7,71133.63,71275.7,0.00902,1770579599999999,641.9048343,4,0.00631,449.132697,0
1770579600000000,71267.47,71267.47,71256.38,71263.22,0.03918,1770579899999999,2791.8982486,4,0.00563,401.2350061,0
1770579900000000,71256.39,71256.39,71256.38,71256.38,0.00322,1770580199999999,229.4455716,2,0.0028,199.517892,0
1770580200000000,71408.55,71449.47,71408.55,71449.47,0.00206,1770580499999999,147.1340027,8,0.00047,33.5731246,0
1770580500000000,71421.56,71421.56,71378.85,71394.56,0.02007,1770580799999999,1433.0704036,7,0.00443,316.3303924,0
1770580800000000,71289.33,71289.33,70928.09,70980.2,0.01177,1770581099999999,837.8284071,14,0.0,0.0,0
1770581100000000,70986.67,71069.01,70940.26,71065.18,0.00713,1770581399999999,506.0123936,10,0.00492,349.1313672,0
1770581400000000,71065.18,71065.18,71065.18,71065.18,0.0,1770581699999999,0.0,0,0.0,0.0,0
1770581700000000,71125.56,71125.56,71076.18,71076.19,0.06321,1770581999999999,4492.749121,3,0.06321,4492.749121,0
1770582000000000,71116.2,71116.39,71116.2,71116.38,0.04828,1770582299999999,3433.499233,4,0.0,0.0,0
1770582300000000,71034.24,71059.04,70928.14,70979.8,0.21441,1770582599999999,15221.6178019,12,0.10827,7689.1233267,0
1770582600000000,71015.71,71015.71,71015.71,71015.71,0.13618,1770582899999999,9670.9193878,2,0.13618,9670.9193878,0
1770582900000000,71091.92,71103.84,71091.91,71091.91,0.00755,1770583199999999,536.7709339,3,0.00742,527.5289856,0
1770583200000000,71142.57,71142.57,71138.05,71138.05,0.01359,1770583499999999,966.8213791,2,0.01359,966.8213791,0
1770583500000000,71068.52,71068.52,70814.9,70871.94,0.10653,1770583799999999,7550.4311766,11,0.00408,289.9595616,0
1770583800000000,70890.75,70890.75,70715.82,70715.82,0.00101,1770584099999999,71.5115163,7,0.00017,12.0514275,0
1770584100000000,70690.85,70824.84,70690.85,70824.84,0.00568,1770584399999999,402.0361234,4,0.00554,392.1394044,0
1770584400000000,70709.03,70865.72,70709.03,70865.72,0.1171,1770584699999999,8285.1583976,6,0.1165,8242.6624926,0
1770584700000000,70910.84,70911.12,70892.52,70911.12,0.06909,1770584999999999,4898.1757823,5,0.06773,4801.7370399,0
1770585000000000,70899.73,71034.85,70899.73,71014.82,0.03038,1770585299999999,2154.4350372,4,0.02986,2117.4997194,0
1770585300000000,70995.86,71021.29,70988.46,71002.7,0.00687,1770585599999999,487.8060695,4,0.0055,390.5114984,0
1770585600000000,70991.83,71088.51,70945.54,71055.23,0.02938,1770585899999999,2086.630132,12,0.02902,2061.0632956,0
1770585900000000,71058.67,71058.67,70974.86,70974.86,0.00654,1770586199999999,464.5318499,5,0.00109,77.4539503,0
1770586200000000,70911.12,70911.12,70810.5,70828.73,0.21965,1770586499999999,15558.4067526,7,0.07946,5628.0902904,0
1770586500000000,70700.65,70744.42,70655.04,70655.04,0.00057,1770586799999999,40.298019,4,0.00015,10.611663,0
1770586800000000,70718.36,70755.73,70700.18,70724.03,0.04218,1770587099999999,2983.8349968,6,0.04176,2954.135037,0
1770587100000000,70724.03,70724.03,70724.03,70724.03,0.0,1770587399999999,0.0,0,0.0,0.0,0
1770587400000000,70724.03,70724.03,70541.74,70601.92,0.01925,1770587699999999,1358.5402715,8,0.01844,1301.3178666,0
1770587700000000,70647.68,70647.68,70647.68,70647.68,0.00071,1770587999999999,50.1598528,1,0.00071,50.1598528,0
1770588000000000,70695.2,70695.2,70695.2,70695.2,0.00034,1770588299999999,24.036368,1,0.00034,24.036368,0
1770588300000000,70751.03,70751.03,70751.03,70751.03,0.00071,1770588599999999,50.2332313,1,0.00071,50.2332313,0
1770588600000000,70762.72,70821.08,70762.72,70821.08,0.00704,1770588899999999,498.28013,3,0.00704,498.28013,0
1770588900000000,70820.17,70889.13,70761.48,70889.13,0.01906,1770589199999999,1350.1419864,7,0.01892,1340.2299276,0
1770589200000000,70899.63,70899.63,70862.22,70898.35,0.00232,1770589499999999,164.4800098,3,0.00218,154.559299,0
1770589500000000,70877.59,70877.59,70839.73,70839.73,0.00028,1770589799999999,19.8404248,2,0.0,0.0,0
1770589800000000,70800.42,70800.42,70745.13,70745.13,0.01094,1770590099999999,774.0269166,2,0.00958,677.7383454,0
1770590100000000,70745.13,70745.13,70745.13,70745.13,0.0,1770590399999999,0.0,0,0.0,0.0,0
1770590400000000,70749.32,70860.07,70735.81,70860.07,0.09779,1770590699999999,6917.2915441,3,0.00028,19.8408196,0
1770590700000000,70907.17,70907.17,70907.17,70907.17,0.0002,1770590999999999,14.181434,1,0.0002,14.181434,0
1770591000000000,70913.42,70913.42,70823.29,70823.29,0.00846,1770591299999999,599.6474471,4,0.00273,193.3475817,0
1770591300000000,70978.67,70978.67,70978.67,70978.67,0.00681,1770591599999999,483.3647427,1,0.00681,483.3647427,0
1770591600000000,71022.56,71459.37,71008.66,71459.37,0.15661,1770591899999999,11179.4722913,6,0.00265,189.333861,0
1770591900000000,71479.64,72243.49,71479.64,71879.5,0.39626,1770592199999999,28493.3969694,102,0.379,27252.606241,0
1770592200000000,71814.43,71814.43,71224.12,71296.25,0.02462,1770592499999999,1758.6421474,17,0.0077,549.5267624,0
1770592500000000,71272.18,71442.15,71241.69,71267.73,0.01127,1770592799999999,803.3236625,12,0.01043,743.3806745,0
1770592800000000,71292.03,71292.03,70328.51,70328.51,0.29368,1770593099999999,20775.8850677,62,0.15946,11281.7288087,0
1770593100000000,70329.32,70624.5,70311.53,70503.99,1.22541,1770593399999999,86440.6364333,175,0.87039,61400.6906871,0
1770593400000000,70457.44,70457.44,70139.08,70204.49,0.09595,1770593699999999,6751.5546969,21,0.00336,236.346792,0
1770593700000000,70269.88,70313.78,69997.93,70172.23,0.16913,1770593999999999,11864.2179999,30,0.15453,10840.5496613,0
1770594000000000,70161.3,70426.92,70058.81,70347.97,0.26555,1770594299999999,18645.9922063,49,0.26025,18274.3829011,0
1770594300000000,70502.12,70691.32,70464.86,70691.32,0.27003,1770594599999999,19071.8263543,21,0.1315,9288.1780281,0
1770594600000000,70722.24,70724.73,70519.04,70519.04,0.41842,1770594899999999,29531.1866992,21,0.17389,12275.4349956,0
1770594900000000,70470.59,70470.59,70278.66,70302.22,0.15978,1770595199999999,11238.8701048,22,0.01921,1350.2636628,0
1770595200000000,70349.63,70529.2,70306.32,70363.54,0.45614,1770595499999999,32125.5308881,19,0.32429,22847.146791,0
1770595500000000,70403.5,70578.97,70383.55,70458.06,0.58865,1770595799999999,41492.2313629,31,0.20893,14721.4519562,0
1770595800000000,70448.31,70568.22,70406.51,70568.21,0.00639,1770596099999999,450.7673371,6,0.00081,57.0334531,0
1770596100000000,70580.07,70580.07,70379.3,70540.27,0.04093,1770596399999999,2884.0943518,12,0.00637,448.9695459,0
1770596400000000,70549.57,70678.17,70549.57,70678.17,0.38763,1770596699999999,27382.4324359,14,0.29716,20993.9752718,0
1770596700000000,70713.64,70734.64,70440.88,70440.88,0.37634,1770596999999999,26605.3827003,17,0.11526,8150.532668,0
1770597000000000,70414.48,70549.64,70346.78,70549.64,0.06488,1770597299999999,4571.5612811,4,0.02397,1691.0748708,0
1770597300000000,70530.89,70530.89,70385.57,70385.57,0.10859,1770597599999999,7656.9354737,7,0.01122,789.9581864,0
1770597600000000,70385.56,70385.56,70133.87,70241.53,0.06532,1770597899999999,4585.925369,22,0.0223,1566.3616985,0
1770597900000000,70213.03,70320.91,70122.85,70320.91,0.31151,1770598199999999,21856.480302,11,0.15555,10907.8085212,0
1770598200000000,70320.91,70320.91,70320.91,70320.91,0.0,1770598499999999,0.0,0,0.0,0.0,0
1770598500000000,70484.65,70503.57,70452.65,70452.65,0.34163,1770598799999999,24079.3807751,5,0.24088,16979.7026508,0
1770598800000000,70460.65,70592.57,70363.89,70479.63,0.23026,1770599099999999,16226.1501908,7,0.16803,11842.6901169,0
1770599100000000,70411.57,70411.57,70301.49,70301.49,0.16155,1770599399999999,11369.3450516,6,0.0,0.0,0
1770599400000000,70393.86,70393.86,70368.07,70368.07,0.18923,1770599699999999,13316.1700024,3,0.17294,12169.4540258,0
1770599700000000,70340.61,70514.6,70340.61,70514.6,0.0057,1770599999999999,401.8096871,2,0.00071,49.9418331,0
1770600000000000,70800.99,70869.02,70681.71,70681.71,0.08926,1770600299999999,6320.1833923,9,0.0839,5941.3270959,0
1770600300000000,70875.22,70875.22,70795.01,70795.01,0.03908,1770600599999999,2768.0456892,6,0.0386,2734.0565426,0
1770600600000000,70734.45,70740.09,70683.5,70683.5,0.49346,1770600899999999,34898.07269,12,0.13222,9347.0535818,0
1770600900000000,70441.9,70441.9,70441.9,70441.9,0.00014,1770601199999999,9.861866,1,0.0,0.0,0
1770601200000000,70331.22,70331.22,70143.51,70215.99,0.44456,1770601499999999,31199.200403,14,0.27672,19415.0243953,0
1770601500000000,70208.25,70293.22,70072.66,70072.66,0.51451,1770601799999999,36118.3760258,12,0.29729,20882.8651584,0
1770601800000000,70085.0,70423.6,70069.43,70310.35,0.11617,1770602099999999,8149.6757504,33,0.08706,6102.620801,0
1770602100000000,70346.01,70379.56,70283.31,70325.88,0.04479,1770602399999999,3151.3215205,16,0.02749,1934.7335546,0
1770602400000000,70294.1,70297.5,70209.19,70291.17,0.28694,1770602699999999,20165.3173869,16,0.27779,19522.5274289,0
1770602700000000,70334.9,70450.76,70225.8,70395.26,0.06633,1770602999999999,4665.3170254,23,0.0585,4113.8271902,0
1770603000000000,70370.71,70425.24,70311.8,70311.8,0.34156,1770603299999999,24033.4256741,74,0.02454,1726.463455,0
1770603300000000,70290.35,70382.06,70261.58,70364.42,0.09304,1770603599999999,6544.4376695,16,0.09265,6517.0089703,0
1770603600000000,70384.94,70460.83,70344.82,70425.17,0.44747,1770603899999999,31501.7354819,93,0.25825,18184.5420476,0
1770603900000000,70401.69,70440.56,70346.91,70422.78,0.3626,1770604199999999,25530.2577283,82,0.11884,8366.6422979,0
1770604200000000,70434.16,70535.25,70422.77,70441.23,0.59037,1770604499999999,41609.2581247,110,0.29358,20691.8657003,0
1770604500000000,70469.16,70655.72,70469.16,70655.72,0.8025,1770604799999999,56613.0716643,169,0.22696,16009.9763246,0
1770604800000000,70622.71,70957.05,70603.97,70841.08,1.14606,1770605099999999,81155.4163296,256,0.3898,27595.9402798,0
1770605100000000,70840.4,70859.68,70703.43,70748.56,1.08184,1770605399999999,76549.5580986,225,0.28846,20411.6081662,0
1770605400000000,70742.55,70742.55,70566.09,70566.09,0.84058,1770605699999999,59359.6394144,200,0.16092,11369.5273909,0
1770605700000000,70576.4,70656.93,70562.54,70589.62,1.15627,1770605999999999,81632.9574508,294,0.14914,10528.9159286,0
1770606000000000,70602.78,70673.59,70573.82,70666.25,0.58277,1770606299999999,41160.4161819,125,0.10429,7364.8408149,0
1770606300000000,70703.04,70821.5,70657.34,70784.28,0.07443,1770606599999999,5262.7073484,21,0.02301,1628.525875,0
1770606600000000,70757.68,70757.68,70689.76,70705.12,0.02854,1770606899999999,2017.7490874,8,0.02343,1656.5179031,0
1770606900000000,70760.99,70913.05,70744.68,70783.33,0.12399,1770607199999999,8780.728768,40,0.06357,4504.3962028,0
1770607200000000,70783.33,70821.52,70681.77,70685.72,0.18649,1770607499999999,13191.7276419,47,0.04045,2862.1886283,0
1770607500000000,70747.74,70770.46,70709.03,70770.46,0.12445,1770607799999999,8806.1743996,34,0.01496,1058.5007872,0
1770607800000000,70829.92,71018.62,70829.92,70968.99,0.2021,1770608099999999,14327.8273522,46,0.07437,5274.7739833,0
1770608100000000,70938.52,71025.29,70876.87,71025.29,0.04539,1770608399999999,3221.5575715,20,0.03654,2594.2510552,0
1770608400000000,70996.69,71262.82,70980.5,71189.73,0.08887,1770608699999999,6318.9280975,25,0.05566,3957.9670239,0
1770608700000000,71088.97,71202.87,71011.38,71163.2,0.04135,1770608999999999,2939.8281188,19,0.01578,1122.0866979,0
1770609000000000,71132.83,71300.26,71053.03,71300.26,0.00559,1770609299999999,397.4771846,4,0.00531,377.5711642,0
1770609300000000,71300.2,71384.24,71179.71,71272.16,0.02032,1770609599999999,1447.9686234,11,0.01825,1300.2997215,0
1770609600000000,71271.91,71272.16,71097.52,71097.52,0.01064,1770609899999999,758.187587,9,0.00996,709.8008232,0
1770609900000000,71097.53,71139.63,71075.36,71088.1,0.03196,1770610199999999,2272.3066378,20,0.02112,1501.6192906,0
1770610200000000,71048.3,71085.98,71000.62,71000.62,0.00075,1770610499999999,53.2919864,5,0.00017,12.078211,0
1770610500000000,71016.39,71120.75,70985.84,71103.99,0.12926,1770610799999999,9183.4064888,8,0.12898,9163.5072892,0
1770610800000000,71159.75,71215.61,71130.9,71141.69,0.12339,1770611099999999,8781.8255065,10,0.12283,8741.9760059,0
1770611100000000,71204.14,71216.36,71195.58,71216.36,0.072,1770611399999999,5127.552978,28,0.0139,989.883043,0
1770611400000000,71177.42,71186.35,71057.09,71075.53,0.02966,1770611699999999,2109.0675892,20,0.02924,2079.1871554,0
1770611700000000,71075.53,71075.53,70938.05,70938.05,0.00709,1770611999999999,503.7989396,7,0.00667,473.9924734,0
1770612000000000,70903.99,70903.99,70903.99,70903.99,0.00014,1770612299999999,9.9265586,1,0.0,0.0,0
1770612300000000,71012.44,71091.77,71000.16,71000.16,0.33021,1770612599999999,23448.0974439,8,0.0813,5772.9634965,0
1770612600000000,70994.01,70994.01,70948.71,70958.65,0.20617,1770612899999999,14631.6615997,7,0.16978,12049.8336104,0
1770612900000000,70958.65,70958.65,70958.65,70958.65,0.0,1770613199999999,0.0,0,0.0,0.0,0
1770613200000000,70965.53,70965.53,70849.55,70867.33,0.01245,1770613499999999,882.4605216,16,0.01189,842.7549928,0
1770613500000000,70830.2,70921.06,70823.57,70823.57,0.02452,1770613799999999,1737.4356029,21,0.01939,1373.9802539,0
1770613800000000,70823.57,70875.43,70809.91,70809.91,0.01587,1770614099999999,1124.3179077,7,0.01545,1094.5644483,0
1770614100000000,70792.26,70792.26,70792.26,70792.26,0.00014,1770614399999999,9.9109164,1,0.0,0.0,0
1770614400000000,70876.69,70940.05,70876.69,70919.52,0.14889,1770614699999999,10559.192087,6,0.00068,48.2071536,0
1770614700000000,70981.05,70981.05,70981.04,70981.04,0.00509,1770614999999999,361.2935431,2,0.0,0.0,0
1770615000000000,70984.71,70993.07,70892.33,70986.76,0.01351,1770615299999999,958.6783084,15,0.01263,896.2407758,0
1770615300000000,71054.28,71081.1,71007.32,71013.82,0.11279,1770615599999999,8016.1718629,32,0.008,568.3338274,0
1770615600000000,70989.7,71013.84,70926.95,70931.17,0.01805,1770615899999999,1280.8521742,24,0.01763,1251.0501586,0
1770615900000000,70914.51,70914.51,70820.74,70833.05,0.03422,1770616199999999,2424.4806836,19,0.03408,2414.564744,0
1770616200000000,70895.77,70989.86,70860.97,70970.53,0.02885,1770616499999999,2046.5585098,17,0.01496,1061.2092812,0
1770616500000000,70939.23,70994.0,70911.81,70994.0,0.04826,1770616799999999,3424.0210446,29,0.03403,2414.6310423,0
1770616800000000,71003.02,71003.02,70729.67,70773.14,0.34567,1770617099999999,24475.7159453,33,0.06386,4519.2492269,0
1770617100000000,70780.82,70850.94,70770.27,70850.94,0.01443,1770617399999999,1021.9032482,12,0.01429,1011.9939824,0
1770617400000000,70818.46,70875.57,70755.75,70864.54,0.03752,1770617699999999,2657.3376071,24,0.0371,2627.5902167,0
1770617700000000,70845.23,70845.23,70444.84,70522.06,0.35929,1770617999999999,25338.2677937,46,0.16717,11787.6344349,0
1770618000000000,70467.95,70482.57,70364.06,70371.13,0.12908,1770618299999999,9086.891182,41,0.03869,2724.7987827,0
1770618300000000,70365.06,70433.56,70298.37,70378.67,0.44636,1770618599999999,31386.7806679,32,0.03194,2248.5202127,0
1770618600000000,70378.65,70454.16,70378.65,70454.16,0.01014,1770618899999999,714.2165179,3,0.01,704.3635069,0
1770618900000000,70423.16,70528.32,70412.55,70528.32,0.01845,1770619199999999,1300.0598379,6,0.01831,1290.2005969,0
1770619200000000,70446.26,70481.57,70436.51,70436.51,0.0032,1770619499999999,225.4171184,6,0.00164,115.5158764,0
1770619500000000,70527.83,70527.83,70527.83,70527.83,0.00014,1770619799999999,9.8738962,1,0.0,0.0,0
1770619800000000,70536.2,70536.2,70536.2,70536.2,0.00014,1770620099999999,9.875068,1,0.0,0.0,0
1770620100000000,70658.07,70658.07,70658.07,70658.07,0.00014,1770620399999999,9.8921298,1,0.0,0.0,0
1770620400000000,70582.39,70598.42,70522.2,70570.53,0.03601,1770620699999999,2541.2105581,14,0.01568,1106.1224793,0
1770620700000000,70570.34,70631.47,70441.57,70631.47,0.05438,1770620999999999,3836.0835064,10,0.03881,2738.4471594,0
1770621000000000,70658.98,70789.66,70658.98,70789.66,0.00677,1770621299999999,478.3874801,3,0.00677,478.3874801,0
1770621300000000,70737.36,70737.36,70682.5,70712.8,0.01784,1770621599999999,1261.1119008,4,0.01784,1261.1119008,0
1770621600000000,70857.1,70857.1,70665.55,70713.63,0.02291,1770621899999999,1619.3855853,13,0.00329,232.7478297,0
1770621900000000,70654.61,70728.38,70605.2,70688.62,0.10651,1770622199999999,7528.6068055,21,0.02539,1794.3544869,0
1770622200000000,70683.69,70683.69,70554.48,70617.82,0.05381,1770622499999999,3798.8098219,16,0.05283,3729.6010025,0
1770622500000000,70580.7,70580.7,70401.02,70461.14,0.01111,1770622799999999,783.0283352,12,0.00354,249.6041592,0
1770622800000000,70421.57,70421.57,70349.9,70405.9,0.37602,1770623099999999,26460.5353752,35,0.24708,17386.1248805,0
1770623100000000,70411.08,70462.21,70327.81,70383.85,0.1105,1770623399999999,7781.2838765,24,0.10952,7712.3213017,0
1770623400000000,70349.79,70451.54,70349.79,70427.88,0.01723,1770623699999999,1213.01525,6,0.01681,1183.4479948,0
1770623700000000,70464.76,70499.52,70375.17,70375.17,0.19636,1770623999999999,13820.2567049,9,0.01501,1057.7070492,0
1770624000000000,70399.04,70435.24,70399.04,70435.24,0.00028,1770624299999999,19.7157132,2,0.00028,19.7157132,0
1770624300000000,70415.47,70469.34,70338.34,70469.34,0.24807,1770624599999999,17474.9341186,8,0.15339,10807.4729424,0
1770624600000000,70506.14,70548.45,70453.76,70520.45,0.30977,1770624899999999,21843.4550215,13,0.18398,12976.3567551,0
1770624900000000,70426.65,70426.65,70342.15,70342.15,0.02472,1770625199999999,1738.869778,2,0.02458,1729.010047,0
1770625200000000,70292.0,70292.0,70126.34,70189.62,0.19214,1770625499999999,13492.0362951,17,0.00496,348.1433592,0
1770625500000000,70163.07,70163.07,70036.34,70036.34,0.07789,1770625799999999,5455.1482648,3,0.0,0.0,0
1770625800000000,70000.0,70000.0,69364.96,69534.78,0.39223,1770626099999999,27330.0518513,59,0.18333,12721.7731165,0
1770626100000000,69683.41,69812.84,69636.0,69812.08,0.10039,1770626399999999,7000.8777297,17,0.09394,6550.9783289,0
1770626400000000,69812.08,69847.34,69745.48,69765.55,0.19531,1770626699999999,13626.795208,22,0.02446,1707.3942988,0
1770626700000000,69848.49,69880.01,69812.55,69841.25,0.06923,1770626999999999,4834.2227805,17,0.06798,4746.8822346,0
1770627000000000,69841.63,70030.44,69720.29,69765.62,0.44873,1770627299999999,31321.7855424,21,0.32128,22430.1010652,0
1770627300000000,69956.77,69956.77,69853.93,69864.46,0.09502,1770627599999999,6638.5386136,4,0.09466,6613.3697836,0
1770627600000000,69886.81,69914.72,69886.81,69887.04,0.24741,1770627899999999,17294.8015637,8,0.06233,4357.7839245,0
1770627900000000,69923.03,70062.75,69922.03,69997.61,0.64875,1770628199999999,45408.4406081,22,0.33071,23144.3813267,0
1770628200000000,69967.37,69967.37,69870.57,69870.57,0.25171,1770628499999999,17605.0727646,11,0.15908,11125.8929384,0
1770628500000000,69837.57,69891.45,69678.24,69678.24,0.0126,1770628799999999,878.426432,5,0.00236,164.8166652,0
1770628800000000,69824.74,69862.36,69741.89,69786.46,0.42505,1770629099999999,29658.3395116,14,0.27742,19357.4726473,0
1770629100000000,69883.86,69883.86,69881.01,69881.01,0.14112,1770629399999999,9861.8761149,4,0.0,0.0,0
1770629400000000,69878.02,69878.02,69751.48,69751.48,0.00022,1770629699999999,15.3554488,2,8e-05,5.5902416,0
1770629700000000,69624.26,69624.26,69576.29,69576.29,0.00529,1770629999999999,368.2350788,3,0.0,0.0,0
1770630000000000,69622.41,69643.12,69533.77,69594.26,0.32294,1770630299999999,22477.2884968,20,0.08785,6116.1803351,0
1770630300000000,69615.71,69708.41,69610.04,69708.4,0.00663,1770630599999999,461.6207712,6,0.0,0.0,0
1770630600000000,69683.19,69852.83,69529.72,69852.83,0.2584,1770630899999999,17993.881753,27,0.25268,17595.4125548,0
1770630900000000,69548.59,69563.98,69408.19,69563.98,0.32346,1770631199999999,22482.7756822,15,0.11262,7832.7851213,0
1770631200000000,69578.69,69578.69,69447.52,69451.06,0.4378,1770631499999999,30413.0140985,11,0.12467,8658.1158884,0
1770631500000000,69384.28,69491.85,69347.2,69491.85,0.00331,1770631799999999,229.9044718,5,0.00145,100.700441,0
1770631800000000,69636.49,69660.67,69511.07,69511.07,0.49823,1770632099999999,34677.7783874,16,0.14277,9942.0405971,0
1770632100000000,69422.71,69422.71,69122.98,69188.04,0.02778,1770632399999999,1923.9775609,20,0.00029,20.079252,0
1770632400000000,69270.82,69270.82,69008.02,69008.02,0.10981,1770632699999999,7590.424343,17,0.00019,13.1614558,0
1770632700000000,69000.0,69045.78,68939.8,68961.78,0.12091,1770632999999999,8347.8171999,7,0.00431,297.3596145,0
1770633000000000,68947.53,68947.53,68642.91,68642.91,0.20205,1770633299999999,13899.2865491,18,0.10586,7274.7667417,0
1770633300000000,68685.79,68800.0,68525.53,68658.37,0.53256,1770633599999999,36578.4805132,53,0.0676,4650.14001,0
1770633600000000,68689.42,68689.42,68396.71,68502.02,0.4924,1770633899999999,33729.5312936,44,0.33843,23166.3407987,0
1770633900000000,68552.73,68691.89,68419.57,68419.57,0.05832,1770634199999999,3996.7165826,21,0.0114,782.0691213,0
1770634200000000,68463.23,68726.84,68463.23,68690.48,0.11292,1770634499999999,7746.8140628,30,0.09257,6353.1744741,0
1770634500000000,68717.86,68783.2,68658.12,68666.89,0.3964,1770634799999999,27235.1199282,10,0.11195,7687.4642234,0
1770634800000000,68738.28,68891.27,68726.85,68891.27,0.58985,1770635099999999,40573.6081622,41,0.37281,25639.4234323,0
1770635100000000,68848.68,68877.23,68765.47,68765.47,0.02784,1770635399999999,1916.2302134,14,0.02211,1521.9665675,0
1770635400000000,68787.72,68787.72,68574.47,68574.47,0.0062,1770635699999999,425.8346726,16,0.0,0.0,0
1770635700000000,68584.73,68697.49,68537.54,68649.65,0.1189,1770635999999999,8154.0246002,32,0.01903,1305.9721489,0
1770636000000000,68649.64,68817.06,68615.76,68806.68,0.02781,1770636299999999,1912.3988297,17,0.02766,1902.1013837,0
1770636300000000,68788.16,68889.4,68788.16,68889.4,0.06692,1770636599999999,4608.2548836,18,0.0153,1053.2812956,0
1770636600000000,68895.84,68895.84,68748.2,68787.31,0.24509,1770636899999999,16861.3853778,17,0.01203,827.8884118,0
1770636900000000,68790.02,68887.9,68790.02,68877.81,0.1658,1770637199999999,11409.4837453,18,0.1658,11409.4837453,0
1770637200000000,68883.24,68932.18,68846.81,68932.18,0.00563,1770637499999999,387.8415561,7,0.00563,387.8415561,0
1770637500000000,68847.61,68847.61,68751.54,68751.54,0.25282,1770637799999999,17395.3054475,9,0.0,0.0,0
1770637800000000,68803.05,68816.88,68648.77,68787.53,0.271,1770638099999999,18639.8514211,13,0.25575,17591.7771939,0
1770638100000000,68820.12,68839.17,68820.12,68823.57,0.01091,1770638399999999,751.0137376,5,0.01091,751.0137376,0
1770638400000000,68896.53,69059.67,68896.53,69059.67,0.00759,1770638699999999,523.8620902,7,0.00759,523.8620902,0
1770638700000000,69014.94,69140.4,69000.0,69140.39,0.0534,1770638999999999,3688.0041761,45,0.05194,3587.2518841,0
1770639000000000,69123.93,69188.03,69072.88,69158.22,0.25219,1770639299999999,17434.3826968,23,0.10289,7113.766241,0
1770639300000000,69119.8,69119.8,69002.23,69073.87,0.2156,1770639599999999,14893.5509573,15,0.02469,1705.4117111,0
1770639600000000,69073.87,69073.87,69073.87,69073.87,0.0,1770639899999999,0.0,0,0.0,0.0,0
1770639900000000,69013.0,69013.0,68968.96,68986.71,0.00612,1770640199999999,422.2732452,4,0.00536,369.8568356,0
1770640200000000,68969.22,68982.81,68895.8,68982.81,0.17899,1770640499999999,12340.8932084,12,0.15473,10667.9733318,0
1770640500000000,69023.11,69113.5,69016.92,69083.45,0.18323,1770640799999999,12656.820174,20,0.17165,11857.0429008,0
1770640800000000,69087.19,69163.98,69087.19,69119.41,0.0133,1770641099999999,919.2081216,9,0.0133,919.2081216,0
1770641100000000,69119.41,69141.54,69019.56,69044.91,0.02503,1770641399999999,1729.1384704,34,0.01804,1246.4739815,0
1770641400000000,69044.91,69071.73,68969.25,68979.57,0.21796,1770641699999999,15043.9967811,70,0.05407,3732.0582047,0
1770641700000000,68979.57,69107.77,68974.72,69081.89,0.22969,1770641999999999,15849.5340358,55,0.21307,14702.3995874,0
1770642000000000,69099.43,69124.96,68940.06,68940.06,0.27853,1770642299999999,19241.3963213,23,0.00799,552.0334295,0
1770642300000000,68933.05,69042.38,68913.0,69023.75,0.07209,1770642599999999,4971.5580541,11,0.06149,4240.9477699,0
1770642600000000,69027.91,69248.46,69001.52,69185.72,0.26462,1770642899999999,18308.5592838,42,0.14839,10267.2991462,0
1770642900000000,69195.35,69195.35,68949.54,69116.88,0.05235,1770643199999999,3616.8099326,33,0.04467,3086.3514742,0
1770643200000000,69099.44,69222.81,69099.44,69182.82,0.0473,1770643499999999,3270.696049,33,0.0473,3270.696049,0
1770643500000000,69196.85,69204.51,69143.28,69148.31,0.02659,1770643799999999,1838.7996939,17,0.01261,872.1675525,0
1770643800000000,69189.04,69189.04,69033.83,69033.83,0.01455,1770644099999999,1005.4472743,23,0.00697,481.7920325,0
1770644100000000,69063.81,69140.99,69001.02,69140.99,0.0496,1770644399999999,3424.8005781,33,0.04191,2893.9104132,0
1770644400000000,69140.98,69140.98,69000.38,69000.38,0.2036,1770644699999999,14061.5456946,34,0.12421,8579.9305995,0
1770644700000000,69043.23,69087.89,68914.68,68914.68,0.01916,1770644999999999,1321.951434,28,0.00748,515.7889752,0
1770645000000000,68914.67,68973.23,68744.17,68764.89,0.06005,1770645299999999,4133.4481506,77,0.05,3441.6289355,0
1770645300000000,68764.88,68764.88,68539.88,68539.88,0.41248,1770645599999999,28311.9231541,180,0.16916,11616.162008,0
1770645600000000,68539.88,68780.17,68528.87,68668.15,0.58715,1770645899999999,40321.2341862,141,0.25946,17821.7865046,0
1770645900000000,68668.16,68705.98,68334.6,68475.37,0.17345,1770646199999999,11876.5419429,60,0.10834,7418.6953425,0
1770646200000000,68475.39,68550.52,68273.32,68546.63,0.05667,1770646499999999,3879.2282049,35,0.04115,2816.0001528,0
1770646500000000,68596.56,68641.8,68343.67,68490.38,0.08531,1770646799999999,5840.9308193,84,0.03152,2158.7365432,0
1770646800000000,68524.97,68762.59,68442.47,68684.4,0.14053,1770647099999999,9640.7648051,105,0.06589,4521.4651888,0
1770647100000000,68709.25,69008.84,68709.25,68936.51,0.23436,1770647399999999,16146.4587628,94,0.11921,8212.399396,0
1770647400000000,68936.49,68999.46,68618.75,68666.76,0.23735,1770647699999999,16326.9539953,144,0.11859,8158.4455169,0
1770647700000000,68606.39,69315.41,68440.79,69310.13,0.40226,1770647999999999,27764.1465039,132,0.2785,19219.2601324,0
1770648000000000,69308.16,69686.16,69179.15,69179.15,0.6555,1770648299999999,45482.99761,188,0.27511,19097.7729529,0
1770648300000000,69196.13,69322.38,68974.45,69280.43,0.14541,1770648599999999,10060.4100017,67,0.04899,3389.9517841,0
1770648600000000,69285.95,69402.84,69155.68,69311.62,0.75768,1770648899999999,52493.0498935,221,0.26789,18564.6839023,0
1770648900000000,69341.46,69408.24,69113.96,69259.41,0.55836,1770649199999999,38651.7950944,108,0.13369,9256.8305183,0
1770649200000000,69308.47,69655.48,69286.46,69637.09,0.21885,1770649499999999,15203.618259,71,0.11716,8141.2063975,0
1770649500000000,69768.66,69815.78,69525.06,69525.06,0.15651,1770649799999999,10913.6499628,59,0.08993,6272.8659801,0
1770649800000000,69535.78,69546.82,69370.51,69425.2,0.03735,1770650099999999,2594.4028979,25,0.01072,744.7503072,0
1770650100000000,69507.93,69623.95,69240.81,69285.11,0.19848,1770650399999999,13768.0709402,36,0.07393,5135.6657369,0
1770650400000000,69302.06,69381.64,68973.4,69023.99,0.59032,1770650699999999,40868.1811632,54,0.52261,36188.0720011,0
1770650700000000,68968.26,68968.26,68774.21,68903.83,0.47257,1770650999999999,32542.2309151,33,0.04883,3361.927727,0
1770651000000000,68923.2,69090.19,68816.68,68991.28,0.18339,1770651299999999,12655.1023433,37,0.06809,4703.7026375,0
1770651300000000,69013.69,69483.73,69013.69,69381.3,0.09728,1770651599999999,6741.4808085,53,0.03241,2244.1907476,0
1770651600000000,69431.63,69613.26,69360.6,69502.25,0.51101,1770651899999999,35517.3320007,46,0.37794,26269.2429516,0
1770651900000000,69507.51,69507.53,69267.22,69396.27,0.27019,1770652199999999,18756.2741993,19,0.13196,9149.8202261,0
1770652200000000,69381.65,69433.85,69178.86,69433.85,0.22872,1770652499999999,15840.394344,19,0.2082,14419.6006842,0
1770652500000000,69491.66,69534.08,69422.5,69459.83,0.07541,1770652799999999,5240.1177438,40,0.00557,387.1648615,0
1770652800000000,69524.13,69663.31,69364.5,69457.13,0.02638,1770653099999999,1832.4966478,21,0.00688,478.0411981,0
1770653100000000,69437.97,69448.68,69117.83,69195.32,0.03987,1770653399999999,2762.9458404,28,0.03505,2428.4697697,0
1770653400000000,69196.87,69309.18,69060.48,69184.66,0.30719,1770653699999999,21242.398211,57,0.13014,8999.9661263,0
1770653700000000,69203.12,69355.68,69141.07,69189.29,0.24697,1770653999999999,17104.948367,42,0.10587,7327.748487,0
1770654000000000,69250.69,69450.53,69250.69,69437.17,0.22483,1770654299999999,15596.2322281,28,0.16143,11196.9606248,0
1770654300000000,69437.45,69593.51,69381.41,69593.51,0.05346,1770654599999999,3716.8636065,10,0.05317,3696.7429976,0
1770654600000000,69582.76,69663.87,69373.81,69406.6,0.0381,1770654899999999,2649.6459093,16,0.02361,1642.3305234,0
1770654900000000,69394.59,69479.0,69355.01,69393.5,0.0319,1770655199999999,2214.9215259,12,0.02305,1600.5929792,0
1770655200000000,69482.55,69990.41,69447.21,69904.04,0.41934,1770655499999999,29209.6848956,57,0.20319,14170.7377964,0
1770655500000000,69883.12,70344.35,69883.12,70101.46,0.4949,1770655799999999,34725.9060407,62,0.25363,17805.2171914,0
1770655800000000,70068.61,70127.77,69887.44,70031.67,0.23102,1770656099999999,16177.4367082,37,0.18928,13256.3127145,0
1770656100000000,70040.55,70172.01,70018.8,70018.84,0.1461,1770656399999999,10242.0964887,40,0.09838,6896.8261028,0
1770656400000000,70088.62,70264.72,70085.7,70209.46,0.05843,1770656699999999,4101.6239206,41,0.00205,143.8601199,0
1770656700000000,70224.4,70224.4,69961.07,69995.9,0.35207,1770656999999999,24677.7255764,41,0.12375,8670.9986797,0
1770657000000000,70017.5,70093.6,69854.87,69857.33,0.21433,1770657299999999,14985.0873813,42,0.00159,111.1030246,0
1770657300000000,69883.55,70147.98,69883.55,70111.27,0.15929,1770657599999999,11153.0045209,33,0.1052,7362.4408575,0
1770657600000000,70048.99,70088.78,69926.52,69926.52,0.55967,1770657899999999,39179.5571186,31,0.18675,13082.6679901,0
1770657900000000,69924.77,69997.34,69856.42,69987.94,0.06211,1770658199999999,4346.8717858,14,0.04618,3232.398023,0
1770658200000000,70006.65,70287.37,69995.87,70145.52,0.22544,1770658499999999,15832.4019549,34,0.02235,1567.8297245,0
1770658500000000,70093.97,70548.01,70093.88,70481.85,0.46155,1770658799999999,32471.694442,51,0.07496,5271.2510623,0
1770658800000000,70518.53,70923.71,70518.53,70854.15,0.33177,1770659099999999,23420.307632,23,0.31618,22317.1914837,0
1770659100000000,70825.73,70873.44,70672.08,70775.91,0.19276,1770659399999999,13658.7985161,17,0.04057,2874.0523349,0
1770659400000000,70730.59,70823.89,70668.64,70673.43,0.17121,1770659699999999,12114.981971,21,0.16075,11375.6889524,0
1770659700000000,70681.46,70768.17,70577.86,70591.24,0.03799,1770659999999999,2686.3702565,20,0.02449,1732.2310063,0
1770660000000000,70559.23,70843.09,70539.06,70816.94,0.0166,1770660299999999,1171.595392,17,9e-05,6.3526059,0
1770660300000000,70812.49,70812.49,70533.99,70533.99,0.34667,1770660599999999,24504.4221745,15,0.07997,5653.6369825,0
1770660600000000,70494.62,70592.76,70458.61,70468.54,0.06955,1770660899999999,4904.8013189,16,0.03211,2264.5398331,0
1770660900000000,70541.4,70541.4,70321.6,70428.83,0.27049,1770661199999999,19050.803017,15,0.20833,14672.8057377,0
1770661200000000,70500.02,70500.02,70127.91,70220.54,0.16341,1770661499999999,11476.66038,23,0.10932,7678.3961138,0
1770661500000000,70189.03,70192.71,70157.19,70192.71,0.05553,1770661799999999,3897.7871479,4,0.05553,3897.7871479,0
1770661800000000,70279.58,70432.29,70154.72,70430.78,0.1161,1770662099999999,8148.2355459,15,0.00184,129.4092706,0
1770662100000000,70442.07,70442.07,70279.16,70287.51,0.0146,1770662399999999,1026.3433625,6,0.00454,319.1052954,0
1770662400000000,70272.63,70425.15,70272.61,70425.15,0.00062,1770662699999999,43.5797042,3,7e-05,4.9297605,0
1770662700000000,70465.3,70465.3,70369.41,70369.41,0.01492,1770662999999999,1050.6373874,7,0.00832,585.9959719,0
1770663000000000,70370.68,70408.87,70246.8,70246.8,0.01288,1770663299999999,905.6223903,11,0.00047,33.0742196,0
1770663300000000,70297.58,70330.49,70297.58,70299.29,0.16856,1770663599999999,11849.5185475,6,0.12269,8624.8901152,0
1770663600000000,70347.14,70474.53,70306.08,70436.8,0.24227,1770663899999999,17045.0758764,6,0.15082,10603.6421571,0
1770663900000000,70402.61,70402.61,70358.19,70358.19,0.04462,1770664199999999,3141.2120976,2,0.04462,3141.2120976,0
1770664200000000,70436.76,70482.38,70402.61,70482.38,0.18681,1770664499999999,13158.4757987,11,0.18603,13103.5529919,0
1770664500000000,70464.23,70580.26,70445.79,70476.98,0.24842,1770664799999999,17509.4161978,13,0.24119,16999.6740942,0
1770664800000000,70484.75,70581.78,70464.13,70581.78,0.08915,1770665099999999,6284.698667,13,0.08901,6274.8336888,0
1770665100000000,70611.51,70655.22,70608.89,70608.89,0.02262,1770665399999999,1597.3800584,6,0.02248,1587.4883276,0
1770665400000000,70712.44,70712.44,70712.44,70712.44,0.00014,1770665699999999,9.8997416,1,0.0,0.0,0
1770665700000000,70826.92,70826.92,70791.46,70791.46,0.00028,1770665999999999,19.8265732,2,0.0,0.0,0
1770666000000000,70871.74,70916.49,70871.74,70916.49,0.01473,1770666299999999,1044.4125584,4,0.01052,746.04142,0
1770666300000000,70951.38,70951.38,70772.87,70793.48,0.01583,1770666599999999,1121.8660033,6,0.01569,1111.9578015,0
1770666600000000,70930.13,70977.63,70867.53,70913.23,0.56931,1770666899999999,40383.3376151,41,0.30234,21443.5421206,0
1770666900000000,70983.56,71018.31,70889.48,70889.48,0.40382,1770667199999999,28668.968114,13,0.15308,10867.4750564,0
1770667200000000,70775.81,70828.4,70722.04,70772.78,0.34689,1770667499999999,24551.122805,15,0.17874,12650.1842613,0
1770667500000000,70890.05,71091.79,70890.05,71005.87,0.02513,1770667799999999,1784.2182443,11,0.0233,1654.3214405,0
1770667800000000,70995.34,71062.64,70972.59,71032.78,0.05224,1770668099999999,3709.383469,15,0.0372,2641.9544288,0
1770668100000000,70884.68,70884.68,70642.01,70642.01,0.0123,1770668399999999,869.7145329,7,0.00949,670.5625559,0
1770668400000000,70608.06,70676.89,70515.09,70676.89,0.21257,1770668699999999,15004.8421531,11,0.06245,4405.1819924,0
1770668700000000,70623.86,70623.86,70499.93,70533.89,0.0297,1770668999999999,2095.5303475,10,0.02928,2065.9170169,0
1770669000000000,70533.9,70655.28,70502.24,70589.68,0.26397,1770669299999999,18636.531041,24,0.0805,5682.6152138,0
1770669300000000,70585.81,70656.78,70585.81,70656.78,0.06704,1770669599999999,4732.3093619,10,0.06677,4713.2511878,0
1770669600000000,70734.63,70795.36,70707.96,70795.36,0.3812,1770669899999999,26968.9954349,11,0.21238,15027.5761295,0
1770669900000000,70808.88,70817.45,70696.31,70803.78,0.41769,1770670199999999,29549.4020506,19,0.21062,14901.1406933,0
1770670200000000,70756.22,70785.37,70715.85,70785.37,0.02272,1770670499999999,1607.2729611,9,0.02258,1597.3670903,0
1770670500000000,70789.36,70789.36,70700.76,70754.06,0.16388,1770670799999999,11589.1633139,16,0.05377,3802.120485,0
1770670800000000,70737.84,70750.62,70585.96,70585.96,0.04,1770671099999999,2826.3873389,8,0.03986,2816.5053045,0
1770671100000000,70534.62,70539.11,70469.61,70469.61,0.0011,1770671399999999,77.5820338,3,0.00096,67.7162884,0
1770671400000000,70383.43,70449.44,70383.43,70396.36,0.02856,1770671699999999,2010.9409149,8,0.02332,1641.7960553,0
1770671700000000,70330.86,70349.89,70330.86,70349.89,0.0051,1770671999999999,358.7817748,2,0.00496,348.9354544,0
1770672000000000,70310.19,70452.26,70310.19,70452.26,0.04869,1770672299999999,3427.3553664,10,0.01661,1169.569593,0
1770672300000000,70452.25,70452.25,70317.88,70317.88,0.18903,1770672599999999,13301.8640044,6,0.00198,139.242132,0
1770672600000000,70318.66,70318.66,69940.71,69940.71,0.26636,1770672899999999,18694.1897723,45,0.00815,571.2472275,0
1770672900000000,70047.95,70047.95,69875.23,69910.75,0.03702,1770673199999999,2591.0480697,18,0.00063,44.0313405,0
1770673200000000,69971.86,69993.66,69971.86,69993.01,0.00049,1770673499999999,34.2937049,3,0.00021,14.6985321,0
1770673500000000,69988.49,70010.49,69877.89,70010.49,0.30612,1770673799999999,21412.4867045,22,0.30006,20988.7189235,0
1770673800000000,70137.06,70462.37,70137.06,70462.37,0.05383,1770674099999999,3784.2574145,13,0.05369,3774.4382261,0
1770674100000000,70361.32,70422.95,70361.32,70378.95,0.01408,1770674399999999,991.1456241,5,0.01394,981.2925711,0
1770674400000000,70394.0,70394.0,70262.4,70355.25,0.00194,1770674699999999,136.5134098,6,0.0,0.0,0
1770674700000000,70289.56,70302.73,70289.56,70302.73,0.00028,1770674999999999,19.6829206,2,0.0,0.0,0
1770675000000000,70493.64,70612.43,70493.64,70612.43,0.14854,1770675299999999,10481.2594605,6,0.00104,73.3133856,0
1770675300000000,70570.26,70597.14,70521.3,70525.35,0.07218,1770675599999999,5091.2378294,11,0.05699,4019.2486665,0
1770675600000000,70434.6,70434.6,70388.89,70388.89,0.03844,1770675899999999,2707.4943256,3,0.03816,2687.784336,0
1770675900000000,70442.67,70442.67,70442.67,70442.67,0.0151,1770676199999999,1063.684317,1,0.0151,1063.684317,0
1770676200000000,70416.3,70419.96,70416.3,70419.96,0.00028,1770676499999999,19.7170764,2,0.0,0.0,0
1770676500000000,70419.96,70419.96,70419.96,70419.96,0.0,1770676799999999,0.0,0,0.0,0.0,0
1770676800000000,70420.04,70507.81,70420.04,70507.81,0.00977,1770677099999999,688.0174786,3,0.00963,678.1463852,0
1770677100000000,70523.4,70523.4,70491.83,70491.83,0.00028,1770677399999999,19.7421322,2,0.0,0.0,0
1770677400000000,70347.96,70347.96,70347.96,70347.96,0.00014,1770677699999999,9.8487144,1,0.0,0.0,0
1770677700000000,70378.15,70378.15,70378.15,70378.15,0.00285,1770677999999999,200.5777275,1,0.00285,200.5777275,0
1770678000000000,70349.43,70349.43,70349.43,70349.43,0.00019,1770678299999999,13.3663917,1,0.00019,13.3663917,0
1770678300000000,70517.48,70517.48,70515.14,70515.14,0.00028,1770678599999999,19.7445668,2,0.0,0.0,0
1770678600000000,70507.58,70507.58,70386.56,70441.87,0.00085,1770678899999999,59.8975126,4,0.00043,30.3182594,0
1770678900000000,70437.23,70437.23,70414.89,70414.89,0.00048,1770679199999999,33.8022748,2,0.00034,23.9410626,0
1770679200000000,70438.09,70438.09,70286.09,70323.88,0.09543,1770679499999999,6711.5928359,8,0.00545,383.8318369,0
1770679500000000,70281.21,70285.29,70267.36,70267.36,0.00215,1770679799999999,151.1102921,3,0.00187,131.4334923,0
1770679800000000,70267.36,70267.36,70267.36,70267.36,0.0,1770680099999999,0.0,0,0.0,0.0,0
1770680100000000,70321.34,70321.34,70319.68,70319.68,0.11317,1770680399999999,7958.1846414,2,0.11317,7958.1846414,0
1770680400000000,70350.72,70396.35,70350.72,70365.19,0.04527,1770680699999999,3185.1736965,5,0.04499,3165.4670809,0
1770680700000000,70354.54,70354.54,70295.21,70295.21,0.00042,1770680999999999,29.5351308,3,0.0,0.0,0
1770681000000000,70160.88,70160.88,70089.59,70089.59,0.00043,1770681299999999,30.1591978,2,0.00029,20.3466552,0
1770681300000000,70111.47,70111.47,70082.71,70082.71,0.16103,1770681599999999,11285.4228177,4,0.0,0.0,0
1770681600000000,70162.71,70191.58,70094.59,70094.59,0.08964,1770681899999999,6289.4370718,6,0.08723,6120.3113594,0
1770681900000000,70103.06,70103.06,69986.23,69986.23,0.19401,1770682199999999,13582.2641889,10,0.0,0.0,0
1770682200000000,69959.37,70063.22,69959.35,70063.22,0.08284,1770682499999999,5797.8362769,9,0.02405,1684.9249174,0
1770682500000000,70145.23,70149.98,70045.06,70045.06,0.10023,1770682799999999,7030.6579795,5,0.09995,7011.0395835,0
1770682800000000,69898.4,69898.4,69851.61,69866.16,0.13945,1770683099999999,9744.2647811,20,0.12847,8976.9867397,0
1770683100000000,69917.58,69950.31,69917.58,69931.03,0.22541,1770683399999999,15765.671341,6,0.09447,6606.3788896,0
1770683400000000,69944.37,70014.03,69944.37,70014.03,0.02873,1770683699999999,2009.5115025,3,0.02859,1999.7095383,0
1770683700000000,70033.73,70033.73,69959.29,69959.29,0.17628,1770683999999999,12342.5951772,15,0.03274,2291.3155078,0
1770684000000000,69918.65,69918.65,69756.98,69777.75,0.27197,1770684299999999,18981.9477039,17,0.19695,13740.5797137,0
1770684300000000,69738.47,69768.81,69738.44,69768.81,0.00166,1770684599999999,115.7723492,4,0.00124,86.4757028,0
1770684600000000,69809.17,69865.89,69809.17,69810.58,0.049,1770684899999999,3420.7307144,3,0.049,3420.7307144,0
1770684900000000,69813.14,69855.34,69813.14,69855.34,0.00046,1770685199999999,32.1199524,2,0.00032,22.3402048,0
1770685200000000,69997.83,69997.83,69973.58,69973.58,0.00028,1770685499999999,19.5959974,2,0.0,0.0,0
1770685500000000,69923.11,69923.11,69923.11,69923.11,0.00014,1770685799999999,9.7892354,1,0.0,0.0,0
1770685800000000,70103.54,70121.03,70063.96,70121.03,0.06409,1770686099999999,4491.1562483,5,0.06381,4471.5327983,0
1770686100000000,70153.92,70153.92,70119.35,70119.35,0.00524,1770686399999999,367.5998922,3,0.00496,347.9634432,0
1770686400000000,70204.25,70226.79,70186.08,70226.79,0.01262,1770686699999999,885.765403,4,0.01262,885.765403,0
1770686700000000,70250.96,70409.68,70250.96,70374.61,0.01149,1770686999999999,807.9223123,5,0.01121,788.2125117,0
1770687000000000,70246.07,70246.07,70246.07,70246.07,0.00014,1770687299999999,9.8344498,1,0.0,0.0,0
1770687300000000,70290.17,70467.59,70290.17,70467.59,0.12929,1770687599999999,9100.9483841,6,0.12901,9081.2422977,0
1770687600000000,70367.87,70424.67,70367.87,70424.67,0.0041,1770687899999999,288.733195,2,0.0,0.0,0
1770687900000000,70385.86,70442.11,70358.1,70359.9,0.25937,1770688199999999,18260.8240871,13,0.16166,11381.6464344,0
1770688200000000,70359.88,70424.23,70256.92,70382.17,0.39777,1770688499999999,27972.2601361,22,0.21162,14889.995454,0
1770688500000000,70352.8,70412.93,70352.8,70370.32,0.00552,1770688799999999,388.6589854,5,0.00496,349.2481328,0
1770688800000000,70417.43,70417.43,70329.92,70380.82,0.00592,1770689099999999,416.7832438,4,0.0055,387.2253,0
1770689100000000,70386.2,70386.2,70275.49,70276.47,0.14606,1770689399999999,10274.4150168,9,0.01984,1395.3763164,0
1770689400000000,70287.2,70298.15,70255.87,70278.83,0.28233,1770689699999999,19835.83376,14,0.27079,19024.7967461,0
1770689700000000,70326.84,70396.83,70248.93,70248.93,0.29972,1770689999999999,21085.9695967,17,0.28479,20037.014459,0
1770690000000000,70286.35,70330.75,70286.35,70330.75,0.04139,1770690299999999,2910.3017067,8,0.04111,2890.6173371,0
1770690300000000,70311.07,70311.07,70208.59,70208.59,0.02132,1770690599999999,1498.6990613,5,0.02103,1478.3232472,0
1770690600000000,70201.21,70215.85,70201.21,70215.83,0.01014,1770690899999999,711.9156626,3,0.00499,350.3040379,0
1770690900000000,70204.5,70204.5,70087.71,70105.81,0.21207,1770691199999999,14877.2846955,50,0.08598,6028.8204205,0
1770691200000000,70073.77,70108.29,70027.31,70027.31,0.11063,1770691499999999,7751.5110568,39,0.05253,3681.3360542,0
1770691500000000,70000.0,70144.8,69971.79,70124.18,0.55217,1770691799999999,38699.3831385,122,0.0711,4982.0626262,0
1770691800000000,70094.93,70154.37,70070.83,70104.2,0.16995,1770692099999999,11916.8086394,46,0.02753,1929.8461542,0
1770692100000000,70067.33,70090.94,70004.06,70073.26,0.73866,1770692399999999,51739.6512113,95,0.10516,7365.2741568,0
1770692400000000,70073.27,70124.1,69967.69,69967.69,0.59096,1770692699999999,41400.074328,119,0.08619,6040.0465805,0
1770692700000000,69958.01,69958.01,69720.66,69764.47,1.1595,1770692999999999,80920.8512962,276,0.22299,15562.1481239,0
1770693000000000,69766.93,69842.01,69749.28,69799.69,0.97632,1770693299999999,68141.5135735,237,0.1963,13703.4214775,0
1770693300000000,69851.05,69851.05,69530.02,69531.99,1.15087,1770693599999999,80217.688472,254,0.65356,45558.8820513,0
1770693600000000,69551.13,69666.99,69551.13,69620.89,0.67524,1770693899999999,47006.2104322,89,0.17784,12378.5411387,0
1770693900000000,69638.26,69691.73,69470.27,69528.32,0.54957,1770694199999999,38234.0701902,103,0.32759,22792.2669419,0
1770694200000000,69501.58,69501.58,69167.08,69400.4,2.35961,1770694499999999,163429.0566758,445,1.17661,81471.7044099,0
1770694500000000,69400.39,69418.16,69275.15,69343.76,0.63783,1770694799999999,44239.6055075,133,0.31407,21785.1163867,0
1770694800000000,69326.12,69338.0,69272.42,69306.79,0.07001,1770695099999999,4852.7825824,19,0.05429,3762.8228497,0
1770695100000000,69331.95,69441.37,69331.95,69441.37,0.26175,1770695399999999,18164.5735297,71,0.08408,5835.679938,0
1770695400000000,69468.2,69535.31,69468.2,69490.28,0.10698,1770695699999999,7435.3780407,41,0.06505,4521.1201882,0
1770695700000000,69544.27,69544.27,69446.27,69481.99,0.02418,1770695999999999,1680.1451781,15,0.0188,1306.5067441,0
1770696000000000,69442.94,69532.46,69442.93,69508.01,0.12827,1770696299999999,8908.4904723,30,0.01185,823.6541605,0
1770696300000000,69610.97,69706.75,69610.97,69650.85,0.0192,1770696599999999,1337.4147174,9,0.01892,1317.9083844,0
1770696600000000,69683.53,69817.45,69661.59,69733.59,0.20737,1770696899999999,14458.4080828,35,0.03079,2147.7484774,0
1770696900000000,69743.15,69743.15,69624.83,69624.83,0.01299,1770697199999999,905.27888,7,0.01243,866.2631354,0
1770697200000000,69642.38,69698.57,69640.14,69640.14,0.04707,1770697499999999,3279.3530107,12,0.04693,3269.6033911,0
1770697500000000,69639.27,69745.23,69585.14,69732.34,0.40745,1770697799999999,28387.7417547,87,0.25524,17777.2277005,0
1770697800000000,69732.34,69732.34,69732.34,69732.34,0.0,1770698099999999,0.0,0,0.0,0.0,0
1770698100000000,69752.47,69752.47,69752.47,69752.47,0.00503,1770698399999999,350.8549241,1,0.00503,350.8549241,0
1770698400000000,69650.99,69650.99,69598.42,69619.31,0.0053,1770698699999999,368.9838536,3,0.00502,349.4889362,0
1770698700000000,69635.61,69753.05,69635.61,69753.05,0.01273,1770698999999999,887.5003849,3,0.01259,877.7513995,0
1770699000000000,69773.3,69811.04,69767.86,69811.04,0.13091,1770699299999999,9133.5056771,5,0.00884,616.9427806,0
1770699300000000,69837.03,69844.88,69798.28,69798.28,0.06575,1770699599999999,4589.9796958,11,0.03514,2453.2764588,0
1770699600000000,69799.09,69817.11,69691.2,69691.2,0.10173,1770699899999999,7096.8289996,24,0.10117,7057.7814288,0
1770699900000000,69713.22,69713.22,69713.22,69713.22,0.00014,1770700199999999,9.7598508,1,0.0,0.0,0
1770700200000000,69708.64,69770.91,69651.21,69770.91,0.0734,1770700499999999,5116.5939507,14,0.07326,5106.8340621,0
1770700500000000,69741.02,69741.02,69610.31,69614.03,0.00548,1770700799999999,381.4875568,4,0.00499,347.3554469,0
1770700800000000,69596.16,69596.16,69547.89,69554.74,0.22836,1770701099999999,15885.2402436,9,0.07527,5235.3499702,0
1770701100000000,69554.09,69554.09,69454.96,69469.42,0.20344,1770701399999999,14133.1797252,6,0.0332,2309.1670002,0
1770701400000000,69457.12,69511.83,69393.85,69511.82,0.06722,1770701699999999,4672.5603681,4,0.0,0.0,0
1770701700000000,69510.14,69626.19,69510.14,69596.08,0.04428,1770701999999999,3082.2144504,8,0.00519,361.3355556,0
1770702000000000,69578.08,69578.09,69270.29,69270.29,0.32337,1770702299999999,22490.1347734,21,0.22929,15945.5780934,0
1770702300000000,69369.13,69369.13,69232.3,69246.38,0.06254,1770702599999999,4333.0903236,18,0.05294,3668.2591166,0
1770702600000000,69225.23,69367.59,69172.54,69352.36,0.69851,1770702899999999,48372.2225864,108,0.38241,26472.1500539,0
1770702900000000,69369.78,69428.58,69300.42,69428.58,0.37318,1770703199999999,25883.562378,79,0.0762,5284.6197823,0
1770703200000000,69408.78,69446.89,69344.17,69421.52,0.05862,1770703499999999,4066.6071158,13,0.0582,4037.459113,0
1770703500000000,69440.11,69440.11,69300.0,69330.37,1.07871,1770703799999999,74828.327908,160,0.57083,39591.0355144,0
1770703800000000,69330.38,69347.86,69273.82,69273.82,0.40463,1770704099999999,28044.1964569,82,0.12982,8997.4140285,0
1770704100000000,69297.4,69316.58,69065.8,69304.83,0.50939,1770704399999999,35272.6576493,115,0.07885,5461.8273861,0
1770704400000000,69322.96,69345.09,69070.51,69098.52,1.77869,1770704699999999,123003.2842683,308,0.89019,61538.8834188,0
1770704700000000,69098.26,69236.43,69041.23,69164.48,0.81376,1770704999999999,56257.5236905,141,0.27847,19251.6479374,0
1770705000000000,69184.6,69244.05,69152.16,69152.16,0.65157,1770705299999999,45091.4612675,118,0.23805,16474.4829316,0
1770705300000000,69187.47,69249.23,69135.28,69135.28,0.29712,1770705599999999,20555.6624419,68,0.05994,4146.6988452,0
1770705600000000,69063.53,69076.33,68963.84,69010.86,1.60542,1770705899999999,110822.5359721,320,1.07856,74451.6747085,0
1770705900000000,68979.53,69015.47,68651.91,68828.7,1.47388,1770706199999999,101431.999264,274,1.12977,77754.5326816,0
1770706200000000,68824.22,68842.57,68721.7,68760.4,0.61077,1770706499999999,42012.9996095,124,0.42947,29538.9355392,0
1770706500000000,68760.4,68906.31,68734.66,68855.2,0.19382,1770706799999999,13333.827031,51,0.17105,11767.5043076,0
1770706800000000,68834.94,68972.03,68834.94,68972.03,0.02106,1770707099999999,1452.2198817,7,0.02076,1431.5580462,0
1770707100000000,68998.29,68998.29,68998.29,68998.29,0.00498,1770707399999999,343.6114842,1,0.00498,343.6114842,0
1770707400000000,68974.51,69074.15,68974.51,69046.3,0.00599,1770707699999999,413.1817543,4,0.00571,393.8448913,0
1770707700000000,68963.16,68993.64,68956.81,68993.64,0.0089,1770707999999999,613.7534169,4,0.0089,613.7534169,0
1770708000000000,69039.06,69072.44,69039.06,69072.44,0.00295,1770708299999999,203.6892606,2,0.00295,203.6892606,0
1770708300000000,68996.68,68996.68,68996.68,68996.68,0.00014,1770708599999999,9.6595352,1,0.0,0.0,0
1770708600000000,69019.76,69028.13,68996.68,68996.68,0.0005,1770708899999999,34.5059742,3,0.0,0.0,0
1770708900000000,68996.68,68996.68,68996.68,68996.68,0.0,1770709199999999,0.0,0,0.0,0.0,0
1770709200000000,68996.68,68996.68,68996.68,68996.68,0.0,1770709499999999,0.0,0,0.0,0.0,0
1770709500000000,68913.67,68990.62,68913.67,68978.9,0.01361,1770709799999999,938.8100979,4,0.01361,938.8100979,0
1770709800000000,68940.27,68960.19,68858.91,68858.91,0.11575,1770710099999999,7977.6193886,14,0.07665,5283.6613073,0
1770710100000000,68900.76,68900.76,68871.7,68871.7,0.00574,1770710399999999,395.4860034,3,0.00499,343.8147924,0
1770710400000000,68904.86,68932.41,68860.77,68860.77,0.02608,1770710699999999,1796.8463898,12,0.01596,1099.6592071,0
1770710700000000,68867.8,68927.83,68867.8,68916.93,0.02072,1770710999999999,1427.6760873,5,0.02072,1427.6760873,0
1770711000000000,68915.59,68922.63,68791.99,68799.85,0.00622,1770711299999999,428.6476639,5,0.00577,397.6784359,0
1770711300000000,68730.0,68753.18,68679.13,68753.18,0.02623,1770711599999999,1802.6315962,15,0.01198,823.5032324,0
1770711600000000,68725.98,69054.72,68725.98,69054.72,0.09236,1770711899999999,6370.7263675,9,0.01542,1060.3729145,0
1770711900000000,69027.36,69041.9,68982.54,68982.54,0.12642,1770712199999999,8721.3876415,13,0.01149,792.9691747,0
1770712200000000,69000.93,69085.39,68982.52,69036.42,0.13471,1770712499999999,9295.3160491,14,0.07813,5392.2850675,0
1770712500000000,68957.57,68957.57,68811.98,68949.5,0.41989,1770712799999999,28938.4850177,13,0.20799,14334.2694462,0
1770712800000000,68877.62,69055.32,68877.62,68999.1,0.23982,1770713099999999,16551.567676,5,0.1246,8595.0137056,0
1770713100000000,69034.36,69126.96,69034.36,69120.5,0.00756,1770713399999999,522.4475712,9,0.00756,522.4475712,0
1770713400000000,69120.51,69175.5,69075.58,69139.45,0.08948,1770713699999999,6181.9413933,27,0.08948,6181.9413933,0
1770713700000000,69174.09,69174.09,69060.74,69092.17,0.02876,1770713999999999,1987.2271499,27,0.0196,1354.3746219,0
1770714000000000,69092.17,69291.58,69072.08,69279.34,0.5732,1770714299999999,39641.3221376,58,0.19551,13522.6438318,0
1770714300000000,69314.27,69314.27,69248.42,69248.42,0.08077,1770714599999999,5593.4695869,19,0.07559,5234.6169053,0
1770714600000000,69248.42,69248.42,69191.7,69226.29,0.09097,1770714899999999,6297.9338191,24,0.05168,3578.5107987,0
1770714900000000,69203.9,69314.8,69203.9,69314.8,0.01881,1770715199999999,1303.0175351,22,0.01881,1303.0175351,0
1770715200000000,69251.16,69353.97,69215.87,69353.97,0.05372,1770715499999999,3721.6383071,27,0.03681,2549.1793987,0
1770715500000000,69355.22,69355.22,69238.79,69238.79,0.02,1770715799999999,1385.4914199,30,0.01938,1342.5190062,0
1770715800000000,69199.22,69243.34,69119.37,69133.77,0.05758,1770716099999999,3983.4751332,55,0.05758,3983.4751332,0
1770716100000000,69133.77,69684.79,69097.55,69150.63,0.75851,1770716399999999,52663.2169473,82,0.75851,52663.2169473,0
1770716400000000,69117.46,69160.43,69099.79,69160.43,0.13791,1770716699999999,9534.3958536,51,0.13696,9468.7204916,0
1770716700000000,69160.43,69202.54,68984.48,69003.79,0.19542,1770716999999999,13503.1323568,55,0.04852,3352.4886717,0
1770717000000000,68981.96,69086.34,68931.12,69068.79,0.06255,1770717299999999,4317.048311,53,0.06241,4307.3827404,0
1770717300000000,69066.75,69135.75,69066.75,69108.73,0.05468,1770717599999999,3778.448967,51,0.0544,3759.10579,0
1770717600000000,69135.32,69190.73,69084.59,69094.68,0.05244,1770717899999999,3624.7030652,45,0.04468,3088.4722578,0
1770717900000000,69094.68,69151.36,69051.46,69147.72,0.05679,1770718199999999,3923.5191138,50,0.05679,3923.5191138,0
1770718200000000,69124.1,69124.1,69064.39,69093.9,0.18839,1770718499999999,13016.6250174,49,0.08515,5882.6207728,0
1770718500000000,69112.99,69112.99,68982.56,69004.12,0.03691,1770718799999999,2549.1654626,26,0.03397,2346.1965202,0
1770718800000000,69004.12,69080.83,68984.4,69080.83,0.02207,1770719099999999,1523.5183545,25,0.02207,1523.5183545,0
1770719100000000,69117.29,69225.55,69117.29,69142.61,0.0217,1770719399999999,1501.1604057,31,0.0217,1501.1604057,0
1770719400000000,69110.76,69131.4,69015.13,69015.13,0.0464,1770719699999999,3203.4917527,17,0.0464,3203.4917527,0
1770719700000000,69015.13,69015.13,68915.03,68961.61,0.10104,1770719999999999,6968.3934889,22,0.01333,919.4925301,0
1770720000000000,68961.61,68967.13,68914.78,68961.7,0.02416,1770720299999999,1665.9773139,32,0.02416,1665.9773139,0
1770720300000000,68961.7,69019.96,68919.19,68949.5,0.02034,1770720599999999,1402.6315279,36,0.02034,1402.6315279,0
1770720600000000,69003.82,69003.82,68958.78,68999.73,0.02199,1770720899999999,1516.9119501,36,0.02199,1516.9119501,0
1770720900000000,68999.73,68999.73,68881.08,68881.08,0.13621,1770721199999999,9394.0506345,43,0.02854,1968.0344046,0
1770721200000000,68881.08,68881.08,68785.07,68835.86,0.11118,1770721499999999,7653.1186494,54,0.05708,3928.8997301,0
1770721500000000,68835.36,68950.43,68820.24,68820.24,0.02372,1770721799999999,1633.1763911,21,0.01066,734.1385232,0
1770721800000000,68806.4,68884.26,68806.4,68863.73,0.00723,1770722099999999,497.7887928,11,0.00723,497.7887928,0
1770722100000000,68863.73,68961.76,68851.02,68934.29,0.00661,1770722399999999,455.3715978,14,0.00661,455.3715978,0
1770722400000000,68934.29,68951.12,68871.15,68912.17,0.00718,1770722699999999,494.8675385,15,0.00668,460.4146545,0
1770722700000000,68912.16,68912.32,68868.84,68868.84,0.01281,1770722999999999,882.6054786,12,0.00782,538.7330018,0
1770723000000000,68868.87,69013.17,68868.87,69004.19,0.0111,1770723299999999,764.9964309,10,0.0111,764.9964309,0
1770723300000000,69030.31,69030.31,68941.73,68957.49,0.12515,1770723599999999,8634.5984614,18,0.07782,5368.9709247,0
1770723600000000,68957.49,68957.49,68500.0,68575.74,0.5205,1770723899999999,35714.7622724,44,0.01686,1159.347415,0
1770723900000000,68589.95,68711.53,68421.93,68684.81,0.52792,1770724199999999,36176.1213211,22,0.0897,6158.6895185,0
1770724200000000,68687.67,68723.49,68485.59,68485.59,0.20183,1770724499999999,13860.1242948,21,0.02279,1564.2306764,0
1770724500000000,68514.44,68594.61,68459.99,68486.22,0.06596,1770724799999999,4519.6861794,37,0.04032,2763.2208217,0
1770724800000000,68538.56,68745.18,68538.56,68668.34,0.04404,1770725099999999,3023.439185,43,0.0409,2807.8211333,0
1770725100000000,68668.34,68789.91,68596.91,68596.91,0.21129,1770725399999999,14509.7648666,30,0.03453,2372.4194749,0
1770725400000000,68690.82,68690.82,68634.12,68634.12,0.07197,1770725699999999,4942.205789,6,0.00509,349.3890618,0
1770725700000000,68603.62,68644.49,68520.62,68524.0,0.05423,1770725999999999,3717.5941053,11,0.01662,1140.2943017,0
1770726000000000,68542.57,68715.1,68542.57,68715.1,0.06968,1770726299999999,4783.5592087,17,0.0514,3529.3081222,0
1770726300000000,68715.1,68738.14,68686.2,68726.75,0.30823,1770726599999999,21174.5815344,20,0.01634,1122.8478922,0
1770726600000000,68726.75,68809.0,68660.77,68678.99,0.14914,1770726899999999,10251.8190855,24,0.02155,1481.2986192,0
1770726900000000,68599.45,68609.25,68599.45,68609.25,0.00115,1770727199999999,78.8990695,3,0.00115,78.8990695,0
1770727200000000,68592.22,68592.22,68518.86,68518.86,0.02518,1770727499999999,1726.5129489,15,0.00523,358.4641619,0
1770727500000000,68544.3,68559.1,68409.02,68516.2,0.63953,1770727799999999,43806.149293,28,0.08168,5593.6305714,0
1770727800000000,68516.2,68605.8,68511.66,68589.6,0.0147,1770728099999999,1007.8136095,11,0.0147,1007.8136095,0
1770728100000000,68625.85,68628.51,68560.81,68578.1,0.039,1770728399999999,2675.6549595,21,0.01419,973.3847584,0
1770728400000000,68542.75,68564.62,68438.76,68451.26,0.27504,1770728699999999,18844.4152232,41,0.12263,8399.1492119,0
1770728700000000,68391.31,68556.04,68319.65,68556.04,0.18201,1770728999999999,12449.1926845,36,0.04431,3034.4981495,0
1770729000000000,68521.49,68521.49,68395.54,68465.84,0.28292,1770729299999999,19365.9455313,32,0.17573,12031.2424343,0
1770729300000000,68500.0,68640.21,68500.0,68578.0,0.06535,1770729599999999,4482.2305226,11,0.05049,3464.233591,0
1770729600000000,68597.67,68714.12,68597.46,68704.94,0.07253,1770729899999999,4980.956869,17,0.02358,1618.78598,0
1770729900000000,68660.0,68740.25,68660.0,68712.1,1.19736,1770730199999999,82220.3778341,34,1.1351,77942.7387377,0
1770730200000000,68677.03,68953.47,68656.85,68953.47,0.28567,1770730499999999,19664.4354022,22,0.14531,10006.7805706,0
1770730500000000,68989.58,68989.58,68891.06,68929.52,0.06386,1770730799999999,4399.7420945,7,0.01088,749.8756382,0
1770730800000000,68886.92,68957.81,68864.63,68957.81,0.06081,1770731099999999,4190.4856036,12,0.00072,49.5825336,0
1770731100000000,68975.15,69086.39,68943.72,68943.73,0.04543,1770731399999999,3135.1963226,31,0.01974,1362.5794236,0
1770731400000000,68881.58,68982.13,68843.63,68981.94,0.04479,1770731699999999,3086.2458296,28,0.02915,2008.6605204,0
1770731700000000,68951.96,69005.98,68928.51,69005.98,0.04102,1770731999999999,2828.6908204,36,0.03981,2745.2465947,0
1770732000000000,68975.46,69024.47,68854.0,68854.0,0.02891,1770732299999999,1993.0414593,27,0.02059,1419.4380069,0
1770732300000000,68853.81,68995.13,68853.81,68995.13,0.06145,1770732599999999,4236.0919776,15,0.06145,4236.0919776,0
1770732600000000,69087.65,69124.76,69047.16,69088.39,0.02431,1770732899999999,1679.0540251,11,0.02398,1656.2637928,0
1770732900000000,69122.12,69518.67,69122.12,69501.36,0.34997,1770733199999999,24278.5424143,36,0.23269,16128.2942799,0
1770733200000000,69375.76,69398.45,69246.07,69246.07,0.1028,1770733499999999,7128.940154,20,0.00013,9.0160811,0
1770733500000000,69318.98,69318.98,69243.58,69259.15,0.01038,1770733799999999,718.857567,3,0.00042,29.1139716,0
1770733800000000,69151.85,69292.1,68961.74,69065.23,0.28418,1770734099999999,19655.8344118,87,0.13359,9242.1963252,0
1770734100000000,69061.15,69061.15,68389.14,68420.61,0.05982,1770734399999999,4101.4562285,36,0.01454,998.2521423,0
1770734400000000,68516.15,68516.15,67900.78,68216.87,0.95966,1770734699999999,65304.3178545,174,0.58911,40073.8306553,0
1770734700000000,68193.71,68193.71,67909.04,67965.36,0.06545,1770734999999999,4449.3938685,19,0.05868,3988.9345747,0
1770735000000000,67990.33,68372.4,67990.33,68273.32,0.09686,1770735299999999,6600.7053602,14,0.08088,5511.7740031,0
1770735300000000,68334.92,68489.53,68334.92,68454.61,0.06217,1770735599999999,4251.2279201,19,0.04941,3378.0322089,0
1770735600000000,68296.51,68515.29,68266.52,68483.74,0.08086,1770735899999999,5536.366674,10,0.03738,2559.2175882,0
1770735900000000,68569.45,69047.98,68569.45,68880.86,0.14673,1770736199999999,10110.9882988,15,0.14159,9756.9388836,0
1770736200000000,68989.59,68992.03,68575.68,68595.69,0.20646,1770736499999999,14201.3695298,34,0.18302,12590.2751748,0
1770736500000000,68526.0,68880.51,68526.0,68821.13,0.01584,1770736799999999,1088.3191114,12,0.01569,1078.0402114,0
1770736800000000,68833.12,69130.4,68833.12,68970.71,0.06887,1770737099999999,4752.9143279,37,0.05871,4051.7990936,0
1770737100000000,68953.88,69278.58,68928.2,69136.1,0.13861,1770737399999999,9586.0970458,45,0.12155,8405.6865363,0
1770737400000000,69159.69,69337.06,69159.69,69299.41,0.09379,1770737699999999,6500.9832919,24,0.08473,5873.103509,0
1770737700000000,69260.16,69467.75,69200.29,69326.46,0.08323,1770737999999999,5773.3920477,50,0.04902,3401.3476696,0
1770738000000000,69343.25,69467.65,69193.64,69227.37,0.05892,1770738299999999,4086.6578516,36,0.03778,2620.4118406,0
1770738300000000,69097.42,69370.36,69097.42,69337.22,0.18158,1770738599999999,12568.3525615,27,0.06838,4738.8844501,0
1770738600000000,69330.09,69330.09,69149.91,69298.28,0.0483,1770738899999999,3345.2784426,21,0.04402,3049.0842519,0
1770738900000000,69335.69,69337.47,69089.7,69197.68,0.26442,1770739199999999,18318.4349669,42,0.132,9142.5710309,0
1770739200000000,69246.12,69246.12,69086.81,69086.81,0.00914,1770739499999999,632.1518769,7,0.00743,513.8350668,0
1770739500000000,69002.4,69113.66,69002.4,69031.75,0.01898,1770739799999999,1310.5776954,11,0.01354,934.9482744,0
1770739800000000,69106.86,69660.34,69106.86,69628.49,0.3401,1770740099999999,23602.9370341,41,0.30968,21487.8579529,0
1770740100000000,69601.74,69733.0,69462.36,69492.12,0.67158,1770740399999999,46702.8273908,69,0.26396,18356.5955869,0
1770740400000000,69491.16,69491.17,69280.61,69419.36,0.43975,1770740699999999,30515.2331862,80,0.25938,18003.7938992,0
1770740700000000,69426.74,69537.91,69381.28,69429.9,0.2884,1770740999999999,20024.5308396,16,0.16333,11340.9291708,0
1770741000000000,69312.27,69466.12,69274.8,69335.51,0.13049,1770741299999999,9047.8145292,22,0.10523,7296.8117652,0
1770741300000000,69375.59,69638.77,69375.59,69546.55,0.06167,1770741599999999,4285.9963909,26,0.05608,3897.4924928,0
1770741600000000,69546.56,69596.08,69394.34,69407.17,0.03187,1770741899999999,2216.185519,23,0.01627,1131.8929317,0
1770741900000000,69502.94,69502.94,69403.67,69403.67,0.12877,1770742199999999,8937.342396,3,0.00163,113.2897922,0
1770742200000000,69399.92,69399.92,69280.88,69367.63,0.05112,1770742499999999,3543.37135,13,0.05084,3523.95587,0
1770742500000000,69357.62,69575.35,69357.62,69531.43,0.17723,1770742799999999,12322.3514877,31,0.15172,10548.778824,0
1770742800000000,69488.67,69492.19,69309.09,69328.81,0.33196,1770743099999999,23041.6438948,21,0.32867,22813.5712143,0
1770743100000000,69361.63,69415.6,69329.19,69415.6,0.17977,1770743399999999,12473.9095137,14,0.07088,4916.7165182,0
1770743400000000,69447.62,69447.62,69330.37,69355.9,0.17921,1770743699999999,12427.7083395,16,0.05032,3490.860912,0
1770743700000000,69374.75,69632.46,69340.38,69589.06,0.25213,1770743999999999,17533.367388,65,0.05572,3875.202736,0
1770744000000000,69592.76,69676.85,69592.5,69669.53,0.18442,1770744299999999,12837.5420129,45,0.06436,4481.7779581,0
1770744300000000,69639.37,69770.69,69639.37,69644.0,0.01981,1770744599999999,1381.5304509,10,0.01853,1292.3246589,0
1770744600000000,69610.38,69882.65,69604.84,69810.45,0.0514,1770744899999999,3582.5684435,15,0.02453,1712.1814503,0
1770744900000000,69759.07,69904.46,69749.33,69862.46,0.08208,1770745199999999,5733.2509133,40,0.0453,3163.6516572,0
1770745200000000,69807.33,69955.68,69804.47,69844.46,0.10461,1770745499999999,7309.9329005,31,0.0691,4829.0632142,0
1770745500000000,69863.94,69907.53,69809.46,69811.05,0.40144,1770745799999999,28049.4091156,34,0.39925,27896.4070147,0
1770745800000000,69828.79,69899.98,69701.02,69703.77,0.24604,1770746099999999,17176.6641737,61,0.05618,3922.6295019,0
1770746100000000,69739.08,69885.4,69697.13,69885.4,0.13555,1770746399999999,9461.6117018,39,0.11209,7824.2390389,0
1770746400000000,69903.43,69903.43,69735.53,69735.53,0.13324,1770746699999999,9304.3610424,33,0.03753,2621.2791539,0
1770746700000000,69698.8,69723.58,69573.21,69577.13,0.1022,1770746999999999,7119.5035287,28,0.04166,2900.4086589,0
1770747000000000,69631.26,69631.26,69597.81,69598.53,0.00751,1770747299999999,522.6894417,3,0.00723,503.1973719,0
1770747300000000,69550.19,69550.19,69505.14,69541.02,0.00154,1770747599999999,107.0851302,5,0.00112,77.8857152,0
1770747600000000,69421.88,69421.88,69219.25,69297.0,0.01323,1770747899999999,917.2598673,10,0.00679,470.5463889,0
1770747900000000,69337.1,69337.1,68913.98,68913.98,0.01243,1770748199999999,857.1723335,14,0.01016,700.3850864,0
1770748200000000,68875.02,69062.92,68775.92,68791.0,0.03611,1770748499999999,2486.8898594,14,0.02596,1788.3308135,0
1770748500000000,68959.12,68981.71,68842.74,68981.71,0.10339,1770748799999999,7126.6703637,8,0.10294,7095.6703812,0
1770748800000000,69018.36,69044.8,68961.26,68961.26,0.04934,1770749099999999,3405.5599819,7,0.04906,3386.2372715,0
1770749100000000,68956.34,68956.34,68609.42,68726.16,0.00585,1770749399999999,401.5219893,7,0.00496,340.3027232,0
1770749400000000,68705.78,68813.92,68705.78,68800.26,0.33896,1770749699999999,23312.9999581,13,0.06368,4375.8443658,0
1770749700000000,68787.17,68977.06,68775.92,68877.91,0.00609,1770749999999999,419.9234337,7,0.00534,368.2757007,0
1770750000000000,68890.97,68900.82,68682.48,68691.71,0.06913,1770750299999999,4758.7000634,24,0.01137,782.3824241,0
1770750300000000,68739.51,68870.32,68739.51,68856.06,0.06901,1770750599999999,4750.1998103,17,0.06841,4708.9120418,0
1770750600000000,68906.2,68906.2,68840.51,68888.97,0.09594,1770750899999999,6607.3539964,9,0.0536,3691.9863379,0
1770750900000000,68868.06,68872.15,68729.73,68836.39,0.00556,1770751199999999,382.2004218,6,0.00481,330.5900013,0
1770751200000000,68817.98,68847.06,68817.98,68823.31,0.05315,1770751499999999,3657.6808484,4,0.05285,3637.0302929,0
1770751500000000,68828.58,68863.88,68729.62,68863.88,0.08626,1770751799999999,5938.1288069,11,0.08581,5907.1805264,0
1770751800000000,68902.3,69019.33,68902.3,69019.33,0.02418,1770752099999999,1666.4682938,6,0.00562,387.5316522,0
1770752100000000,69074.04,69251.93,69074.04,69183.25,0.20947,1770752399999999,14493.1086688,20,0.03994,2763.3461736,0
1770752400000000,69156.65,69156.65,69131.54,69131.54,0.00036,1770752699999999,24.8909902,3,8e-05,5.5305232,0
1770752700000000,69188.25,69205.21,69188.25,69205.21,0.03994,1770752999999999,2763.9711178,2,0.03994,2763.9711178,0
1770753000000000,69157.1,69172.23,69013.55,69013.55,0.15926,1770753299999999,11009.7071718,11,0.00102,70.5388471,0
1770753300000000,69010.44,69038.38,69010.44,69038.38,0.08156,1770753599999999,5629.3861502,8,0.04057,2800.6433426,0
1770753600000000,68996.62,69074.51,68949.42,68953.36,0.1129,1770753899999999,7789.8688763,17,0.03287,2268.0262391,0
1770753900000000,69019.5,69019.5,68953.36,68990.91,0.03696,1770754199999999,2550.9299225,4,0.0367,2533.0020489,0
1770754200000000,68891.89,68891.89,68729.62,68729.62,0.14136,1770754499999999,9722.4436915,10,0.00114,78.4041752,0
1770754500000000,68777.35,68851.22,68777.35,68839.29,0.0895,1770754799999999,6158.9624149,14,0.05594,3849.7982165,0
1770754800000000,68853.15,68883.23,68748.26,68748.26,0.0581,1770755099999999,3996.050579,18,0.00838,576.8618373,0
1770755100000000,68725.22,68803.01,68725.21,68803.0,0.01054,1770755399999999,724.6277429,8,0.00214,147.0976415,0
1770755400000000,68887.72,68887.72,68644.8,68644.8,0.01085,1770755699999999,745.5569247,9,0.0,0.0,0
1770755700000000,68624.21,68688.99,68620.74,68688.99,0.00627,1770755999999999,430.490937,3,0.00336,230.7950064,0
1770756000000000,68823.3,68861.31,68792.2,68861.31,0.15493,1770756299999999,10661.3705308,13,0.00294,202.356455,0
1770756300000000,68875.76,68912.15,68836.71,68912.15,0.06407,1770756599999999,4413.3405886,5,0.0,0.0,0
1770756600000000,68824.68,68827.42,68742.6,68784.47,0.08179,1770756899999999,5628.0454217,13,0.00698,480.1156006,0
1770756900000000,68788.06,68788.06,68707.22,68707.22,0.07433,1770757199999999,5109.3804864,18,0.0033,226.8025444,0
1770757200000000,68726.72,68913.22,68726.72,68913.22,0.0003,1770757499999999,20.645991,2,0.0,0.0,0
1770757500000000,68884.77,68897.3,68879.93,68891.31,0.05441,1770757799999999,3747.7618561,5,0.00014,9.645622,0
1770757800000000,68846.14,68846.14,68830.09,68830.09,0.0703,1770758099999999,4839.7067971,5,0.0,0.0,0
1770758100000000,68830.09,68830.09,68830.09,68830.09,0.0,1770758399999999,0.0,0,0.0,0.0,0
1770758400000000,68806.54,68806.54,68806.54,68806.54,0.00045,1770758699999999,30.962943,1,0.00045,30.962943,0
1770758700000000,68787.1,68787.1,68628.86,68628.86,0.03321,1770758999999999,2284.2646637,6,0.0,0.0,0
1770759000000000,68588.17,68591.96,68368.7,68437.69,0.02775,1770759299999999,1901.4133099,12,0.00281,192.3259938,0
1770759300000000,68496.15,68496.15,68485.41,68485.41,0.00297,1770759599999999,203.4071064,3,0.00297,203.4071064,0
1770759600000000,68374.55,68459.18,68354.08,68451.18,0.04366,1770759899999999,2985.640619,15,0.03724,2546.6815967,0
1770759900000000,68451.09,68529.23,68451.09,68527.68,0.01916,1770760199999999,1312.4319543,8,0.00743,508.5918597,0
1770760200000000,68623.26,68623.69,68589.67,68589.67,0.00654,1770760499999999,448.7534485,5,0.00586,402.1088809,0
1770760500000000,68680.3,68690.8,68605.37,68605.37,0.01163,1770760799999999,798.6404621,5,0.01053,723.1745551,0
1770760800000000,68673.73,68673.73,68613.3,68613.3,0.01268,1770761099999999,870.0787326,7,0.00067,46.0113991,0
1770761100000000,68739.98,68739.98,68641.31,68641.31,0.00195,1770761399999999,133.9792221,5,0.00146,100.3036054,0
1770761400000000,68661.21,68661.21,68607.19,68607.19,0.00146,1770761699999999,100.2345617,4,0.00039,26.7778719,0
1770761700000000,68613.47,68674.44,68590.9,68590.9,0.01484,1770761999999999,1018.7578358,11,0.01484,1018.7578358,0
1770762000000000,68613.89,68641.02,68594.0,68594.0,0.03331,1770762299999999,2284.908544,7,0.03255,2232.7742236,0
1770762300000000,68623.24,68657.19,68544.57,68657.19,0.06114,1770762599999999,4194.7550016,8,0.0009,61.708405,0
1770762600000000,68643.99,68657.56,68627.82,68657.56,0.00076,1770762899999999,52.1640297,3,0.0,0.0,0
1770762900000000,68743.95,68749.6,68743.95,68749.6,0.00048,1770763199999999,32.9979435,2,0.00033,22.6855035,0
1770763200000000,68749.6,68749.6,68749.6,68749.6,0.0,1770763499999999,0.0,0,0.0,0.0,0
1770763500000000,68636.28,68636.28,68636.28,68636.28,0.00025,1770763799999999,17.15907,1,0.00025,17.15907,0
1770763800000000,68621.27,68632.85,68614.03,68614.03,0.00525,1770764099999999,360.2955097,4,0.0008,54.897016,0
1770764100000000,68614.03,68614.03,68614.03,68614.03,0.0,1770764399999999,0.0,0,0.0,0.0,0
1770764400000000,68701.06,68701.06,68701.06,68701.06,0.00145,1770764699999999,99.616537,1,0.00145,99.616537,0
1770764700000000,68644.6,68644.6,68597.7,68597.7,0.00972,1770764999999999,667.1254356,6,0.0,0.0,0
1770765000000000,68597.7,68597.7,68597.7,68597.7,0.0,1770765299999999,0.0,0,0.0,0.0,0
1770765300000000,68669.89,68669.89,68489.82,68592.12,0.02543,1770765599999999,1742.9256593,11,0.00091,62.4493961,0
1770765600000000,68639.3,68639.3,68555.02,68555.02,0.01037,1770765899999999,711.5742016,5,0.00021,14.3965542,0
1770765900000000,68573.07,68588.48,68573.07,68588.48,0.00724,1770766199999999,496.5060108,2,0.00724,496.5060108,0
1770766200000000,68616.11,68616.25,68594.11,68594.11,0.07124,1770766499999999,4887.7410242,4,0.0496,3403.3644838,0
1770766500000000,68609.36,68725.26,68609.36,68725.26,0.01407,1770766799999999,966.3930212,2,0.00493,338.2441448,0
1770766800000000,68689.97,68757.01,68689.97,68756.92,0.00643,1770767099999999,441.9087993,5,0.00267,183.5809521,0
1770767100000000,68721.35,68728.36,68721.35,68728.36,0.00176,1770767399999999,120.9590127,3,0.00155,106.5275292,0
1770767400000000,68750.51,68750.51,68750.51,68750.51,0.00282,1770767699999999,193.8764382,1,0.00282,193.8764382,0
1770767700000000,68783.24,68783.24,68783.24,68783.24,0.00703,1770767999999999,483.5461772,1,0.00703,483.5461772,0
1770768000000000,68790.26,68834.63,68780.2,68809.15,0.00705,1770768299999999,485.1275408,4,0.00549,377.8147352,0
1770768300000000,68893.26,68919.75,68864.75,68891.5,0.0017,1770768599999999,117.0959202,5,0.00027,18.6011802,0
1770768600000000,68828.95,68831.31,68752.62,68752.62,0.01202,1770768899999999,827.2422783,5,0.00281,193.338078,0
1770768900000000,68752.62,68752.62,68752.62,68752.62,0.0,1770769199999999,0.0,0,0.0,0.0,0
1770769200000000,68992.53,69046.74,68985.77,69042.97,0.06694,1770769499999999,4621.6491603,5,0.06114,4221.5176836,0
1770769500000000,69012.61,69159.52,68999.06,69159.52,0.21481,1770769799999999,14841.3818297,16,0.12804,8841.7430648,0
1770769800000000,69140.96,69140.96,69093.47,69093.47,0.0739,1770770099999999,5108.3005786,5,0.0,0.0,0
1770770100000000,69095.53,69095.53,69095.53,69095.53,0.00053,1770770399999999,36.6206309,1,0.00053,36.6206309,0
1770770400000000,69083.46,69083.46,69037.13,69037.13,0.00448,1770770699999999,309.4160664,2,0.00448,309.4160664,0
1770770700000000,69051.63,69051.63,69051.63,69051.63,0.00629,1770770999999999,434.3347527,1,0.0,0.0,0
1770771000000000,69100.73,69160.04,69100.73,69160.04,0.0147,1770771299999999,1016.6098848,2,0.0147,1016.6098848,0
1770771300000000,69165.2,69176.97,69165.2,69176.97,0.00087,1770771599999999,60.1753718,2,0.00073,50.490596,0
1770771600000000,69151.3,69239.8,69150.0,69239.8,0.08208,1770771899999999,5681.5464577,9,0.07363,5097.2114932,0
1770771900000000,69143.62,69143.62,69094.14,69094.14,0.06682,1770772199999999,4619.6132993,6,0.00153,105.7631166,0
1770772200000000,69059.96,69059.96,69059.96,69059.96,0.00061,1770772499999999,42.1265756,1,0.0,0.0,0
1770772500000000,69235.13,69235.13,69180.34,69180.34,0.00349,1770772799999999,241.4826389,3,0.00349,241.4826389,0
1770772800000000,69096.13,69096.13,68985.77,68985.77,0.00569,1770773099999999,392.5528009,4,0.00017,11.7463421,0
1770773100000000,68985.77,68985.77,68985.77,68985.77,0.0,1770773399999999,0.0,0,0.0,0.0,0
1770773400000000,68926.59,68926.59,68926.59,68926.59,0.00078,1770773699999999,53.7627402,1,0.00078,53.7627402,0
1770773700000000,68938.57,68990.14,68938.57,68990.14,0.01337,1770773999999999,921.7452956,4,0.01337,921.7452956,0
1770774000000000,68963.1,69060.16,68963.1,69028.52,0.16006,1770774299999999,11039.9446933,8,0.10862,7491.6179865,0
1770774300000000,69051.64,69051.64,69016.69,69016.69,0.01039,1770774599999999,717.1323391,2,0.0014,96.672296,0
1770774600000000,69015.11,69055.02,69015.11,69055.02,0.03805,1770774899999999,2626.066841,3,0.00105,72.507771,0
1770774900000000,68968.5,68968.5,68958.32,68958.32,0.02519,1770775199999999,1737.2026869,5,0.0,0.0,0
1770775200000000,68977.81,69030.56,68977.81,69030.56,0.06042,1770775499999999,4170.7520577,2,0.06042,4170.7520577,0
1770775500000000,69042.45,69042.45,69041.67,69041.67,0.1014,1770775799999999,7000.903338,2,0.0014,96.658338,0
1770775800000000,69057.15,69057.15,68940.32,68940.32,0.27733,1770776099999999,19132.943778,10,0.15265,10532.7456151,0
1770776100000000,68909.46,68909.46,68909.46,68909.46,0.00145,1770776399999999,99.918717,1,0.00145,99.918717,0
1770776400000000,68990.28,69016.7,68965.82,69016.7,0.16837,1770776699999999,11613.412119,4,0.11769,8116.9847286,0
1770776700000000,69039.09,69039.61,68998.83,68998.83,0.07483,1770776999999999,5163.2354911,4,0.00131,90.4415095,0
1770777000000000,69020.35,69071.2,69020.34,69071.2,0.06126,1770777299999999,4228.2542348,4,0.0,0.0,0
1770777300000000,69056.07,69056.07,69024.72,69028.37,0.02875,1770777599999999,1984.9146782,7,0.00306,211.2156432,0
1770777600000000,68979.08,68979.08,68836.62,68836.62,0.05211,1770777899999999,3590.8800238,12,0.02243,1546.3581819,0
1770777900000000,68828.95,68828.95,68670.94,68683.78,0.13358,1770778199999999,9178.4366843,11,0.11183,7683.6443411,0
1770778200000000,68664.68,68667.0,68664.68,68667.0,0.08048,1770778499999999,5526.3087688,2,0.08048,5526.3087688,0
1770778500000000,68664.74,68664.74,68664.74,68664.74,0.00021,1770778799999999,14.4195954,1,0.00021,14.4195954,0
1770778800000000,68655.57,68655.57,68506.2,68506.2,0.16182,1770779099999999,11100.5691143,7,0.00409,280.5483557,0
1770779100000000,68506.2,68506.2,68506.2,68506.2,0.0,1770779399999999,0.0,0,0.0,0.0,0
1770779400000000,68697.72,68702.33,68558.52,68558.52,0.13383,1770779699999999,9194.388544,5,0.13368,9184.104766,0
1770779700000000,68495.34,68495.34,68144.07,68144.07,0.26935,1770779999999999,18425.5099277,22,0.13275,9076.5183688,0
1770780000000000,68043.62,68220.39,67960.06,68200.6,0.18392,1770780299999999,12536.9917252,21,0.01008,686.6835939,0
1770780300000000,68235.72,68325.77,68207.53,68262.2,0.04716,1770780599999999,3219.8417267,20,0.01752,1195.7527283,0
1770780600000000,68256.65,68387.0,68256.65,68312.58,0.11929,1770780899999999,8154.2981008,30,0.11823,8081.871184,0
1770780900000000,68358.29,68423.22,68310.1,68377.78,0.15374,1770781199999999,10506.7499661,21,0.09792,6693.6801841,0
1770781200000000,68372.24,68528.65,68372.24,68432.18,0.06844,1770781499999999,4680.4312139,14,0.06844,4680.4312139,0
1770781500000000,68412.48,68490.17,68351.63,68375.48,0.06028,1770781799999999,4127.9956759,12,0.06028,4127.9956759,0
1770781800000000,68375.48,68399.46,68238.96,68243.09,0.19365,1770782099999999,13217.6199452,17,0.09978,6809.6360237,0
1770782100000000,68243.09,68284.97,68139.71,68153.89,0.18101,1770782399999999,12352.5316244,30,0.18086,12342.3062654,0
1770782400000000,68172.66,68257.01,68172.66,68236.17,0.03076,1770782699999999,2098.5426725,25,0.03061,2088.3121535,0
1770782700000000,68273.61,68290.15,68137.25,68220.25,0.09127,1770782999999999,6230.1392309,27,0.02854,1947.3465641,0
1770783000000000,68189.52,68223.8,67984.81,67992.49,0.03883,1770783299999999,2644.4727482,26,0.03868,2634.2750267,0
1770783300000000,68010.43,68122.68,68003.39,68122.67,0.02061,1770783599999999,1402.5595087,24,0.02046,1392.3583537,0
1770783600000000,68139.67,68139.67,67661.98,67833.6,0.17863,1770783899999999,12113.1181638,69,0.13885,9414.3556943,0
1770783900000000,67813.15,67877.5,67523.73,67529.99,0.48688,1770784199999999,32967.2557384,114,0.21052,14239.2678445,0
1770784200000000,67544.21,67664.61,67509.11,67539.01,0.27074,1770784499999999,18297.6831334,63,0.17211,11633.8690143,0
1770784500000000,67539.01,67674.06,67427.52,67472.1,0.27061,1770784799999999,18288.729527,82,0.14961,10108.2386135,0
1770784800000000,67424.81,67511.44,67334.8,67509.44,0.25508,1770785099999999,17183.8696759,66,0.05365,3616.1086567,0
1770785100000000,67520.23,67617.75,67465.49,67611.41,0.01713,1770785399999999,1157.0898821,16,0.01653,1116.5760866,0
1770785400000000,67573.62,67601.88,67358.42,67358.42,0.02913,1770785699999999,1966.3002225,22,0.02263,1527.3856054,0
1770785700000000,67393.25,67585.38,67393.25,67547.85,0.23391,1770785999999999,15792.5889818,59,0.05732,3869.635312,0
1770786000000000,67534.45,67741.69,67534.45,67684.78,0.2283,1770786299999999,15442.7066629,72,0.1078,7292.9489468,0
1770786300000000,67703.35,67715.61,67660.59,67715.61,0.02635,1770786599999999,1783.7575864,20,0.02575,1743.1476454,0
1770786600000000,67713.33,67743.02,67632.93,67688.35,0.14026,1770786899999999,9492.5629394,49,0.037,2504.6683688,0
1770786900000000,67688.34,67761.73,67635.19,67650.38,0.26717,1770787199999999,18081.8773182,74,0.04649,3147.915208,0
1770787200000000,67613.49,67752.11,67611.42,67642.74,0.2375,1770787499999999,16072.4448538,59,0.03707,2508.4116128,0
1770787500000000,67638.94,67661.67,67519.34,67519.36,0.22927,1770787799999999,15487.4372037,61,0.02968,2006.2226082,0
1770787800000000,67546.84,67546.87,67379.51,67398.27,0.52334,1770788099999999,35293.926433,124,0.04425,2984.3648655,0
1770788100000000,67364.31,67527.29,67364.31,67500.61,0.04311,1770788399999999,2907.8246486,16,0.03976,2682.0417826,0
1770788400000000,67508.39,67534.42,67411.47,67411.47,0.01188,1770788699999999,801.0090945,8,0.01128,760.520151,0
1770788700000000,67455.34,67484.78,67384.3,67484.78,0.04859,1770788999999999,3277.4578154,13,0.04829,3257.2292759,0
1770789000000000,67513.98,67538.4,67434.13,67520.99,0.24882,1770789299999999,16786.1937467,53,0.03934,2655.0432694,0
1770789300000000,67490.45,67490.45,67367.71,67385.35,0.42561,1770789599999999,28714.2346525,72,0.1424,9606.4518171,0
1770789600000000,67384.03,67433.23,67384.03,67421.7,0.04692,1770789899999999,3162.7337255,14,0.04413,2974.6520819,0
1770789900000000,67421.69,67421.69,67073.87,67079.71,0.48192,1770790199999999,32351.0839459,72,0.26642,17885.7156323,0
1770790200000000,67066.45,67107.76,66816.65,66858.91,1.00493,1770790499999999,67364.5877506,55,0.48441,32470.0918528,0
1770790500000000,66832.57,66953.86,66700.63,66822.21,0.35444,1770790799999999,23699.9537439,68,0.24079,16096.7457126,0
1770790800000000,66788.25,67069.69,66788.25,67069.69,0.46038,1770791099999999,30832.5516235,28,0.14598,9773.4833886,0
1770791100000000,67072.29,67120.91,67064.09,67064.09,0.111,1770791399999999,7445.1921358,24,0.04045,2713.8062523,0
1770791400000000,67063.18,67095.92,66944.09,66944.09,0.32991,1770791699999999,22103.1423097,34,0.01798,1205.5277753,0
1770791700000000,66957.95,67032.06,66957.95,66996.72,0.07157,1770791999999999,4794.4025411,22,0.07127,4774.3027826,0
1770792000000000,66998.03,66998.03,66818.01,66818.01,0.06687,1770792299999999,4475.8485503,26,0.05533,3703.3295423,0
1770792300000000,66811.92,66816.78,66653.29,66689.82,0.24412,1770792599999999,16298.9903076,33,0.13188,8801.9477903,0
1770792600000000,66698.14,66748.89,66527.72,66698.11,0.18379,1770792899999999,12248.0292196,48,0.17959,11968.2684916,0
1770792900000000,66712.0,66789.16,66712.0,66761.06,0.08664,1770793199999999,5783.6653607,14,0.08664,5783.6653607,0
1770793200000000,66754.19,66796.92,66712.63,66791.93,0.18752,1770793499999999,12516.3370377,20,0.1849,12341.4560817,0
1770793500000000,66774.59,66934.15,66700.02,66700.71,0.32332,1770793799999999,21598.0023391,51,0.26591,17763.2343782,0
1770793800000000,66724.9,66724.9,66686.63,66686.63,0.01098,1770794099999999,732.3342589,4,8e-05,5.3349304,0
1770794100000000,66666.75,66800.0,66643.39,66800.0,0.02713,1770794399999999,1810.4023828,14,0.01689,1127.1010207,0
1770794400000000,66803.58,66815.69,66691.3,66815.69,0.01905,1770794699999999,1271.1371979,8,0.00502,334.790326,0
1770794700000000,66798.39,66972.15,66745.32,66972.15,0.0644,1770794999999999,4307.7722499,25,0.05598,3745.0347395,0
1770795000000000,66955.64,67056.63,66915.03,67056.63,0.02293,1770795299999999,1536.3476636,15,0.02284,1530.3253109,0
1770795300000000,67100.0,67156.46,67100.0,67121.84,0.05473,1770795599999999,3673.749627,31,0.05458,3663.6825075,0
1770795600000000,67101.56,67124.33,66999.04,67124.33,0.05673,1770795899999999,3804.0609643,42,0.05643,3783.9537598,0
1770795900000000,67124.32,67146.39,67095.07,67095.07,0.00957,1770796199999999,642.2913887,12,0.00942,632.2263152,0
1770796200000000,67112.43,67208.59,67112.43,67208.59,0.02577,1770796499999999,1730.773432,6,0.02577,1730.773432,0
1770796500000000,67158.27,67158.27,67012.47,67012.47,0.0082,1770796799999999,549.5826895,9,0.00775,519.3928885,0
1770796800000000,67013.81,67066.43,66980.42,67011.73,0.03758,1770797099999999,2518.6332852,28,0.03713,2488.4738997,0
1770797100000000,67011.77,67076.86,66842.55,66851.97,0.08475,1770797399999999,5671.6593445,49,0.04634,3103.823338,0
1770797400000000,66873.78,66972.62,66829.69,66918.0,0.1198,1770797699999999,8016.412595,26,0.04579,3064.7460353,0
1770797700000000,66873.37,66985.58,66795.63,66967.78,0.4714,1770797999999999,31529.529625,46,0.21606,14460.2536807,0
1770798000000000,66967.79,67029.85,66967.78,66993.75,0.07577,1770798299999999,5076.0114482,21,0.07472,5005.6634117,0
1770798300000000,67005.84,67005.84,66816.55,66819.43,0.0087,1770798599999999,582.1216746,15,0.0084,562.0626231,0
1770798600000000,66863.69,66924.67,66776.76,66924.67,0.0313,1770798899999999,2092.1415832,39,0.03055,2042.0244892,0
1770798900000000,66910.63,67032.02,66910.63,66917.59,0.0134,1770799199999999,897.2850603,20,0.0131,877.1943003,0
1770799200000000,66962.59,67014.44,66962.59,67014.44,0.00082,1770799499999999,54.9409523,2,0.00082,54.9409523,0
1770799500000000,67012.75,67012.75,66934.55,66934.55,0.11991,1770799799999999,8030.9919118,17,0.0153,1024.967294,0
1770799800000000,66983.03,67001.64,66929.91,66929.91,0.10184,1770800099999999,6820.018681,19,0.10184,6820.018681,0
1770800100000000,66931.66,66984.4,66889.65,66971.89,0.01655,1770800399999999,1107.8971851,25,0.01655,1107.8971851,0
1770800400000000,66988.65,67073.86,66971.89,67005.84,0.12521,1770800699999999,8394.9258892,27,0.12506,8384.8702207,0
1770800700000000,67002.94,67015.65,66813.65,66814.01,0.24373,1770800999999999,16286.9651222,32,0.11436,7642.4779814,0
1770801000000000,66846.41,66912.54,66834.5,66875.93,0.08024,1770801299999999,5364.8283215,18,0.07994,5344.7681945,0
1770801300000000,66915.52,66915.52,66796.93,66799.41,0.13744,1770801599999999,9181.0382385,9,0.00799,534.1315305,0
1770801600000000,66883.91,66883.91,66793.37,66793.37,0.00374,1770801899999999,250.1322424,2,0.00359,240.1132369,0
1770801900000000,66892.19,66926.64,66860.19,66895.93,0.01122,1770802199999999,750.5187619,13,0.01092,730.4530879,0
1770802200000000,66958.64,66971.72,66889.97,66911.94,0.01401,1770802499999999,937.7527513,19,0.01296,867.4862068,0
1770802500000000,66893.12,66893.12,66847.97,66847.97,0.0004,1770802799999999,26.7504755,2,0.00025,16.72328,0
1770802800000000,66842.95,66852.64,66793.9,66793.9,0.02062,1770803099999999,1378.1931857,9,0.00509,340.2304131,0
1770803100000000,66802.76,66802.76,66715.57,66715.57,0.0003,1770803399999999,20.0277495,2,0.0,0.0,0
1770803400000000,66715.57,66812.32,66715.57,66785.36,0.03081,1770803699999999,2057.6161354,10,0.0166,1108.3518632,0
1770803700000000,66786.26,66786.26,66785.36,66785.36,0.01463,1770803999999999,977.0699518,2,0.0,0.0,0
1770804000000000,66759.8,66781.54,66671.51,66671.51,0.01055,1770804299999999,703.9097864,15,0.00492,328.1720459,0
1770804300000000,66636.4,66704.19,66636.4,66680.64,0.05624,1770804599999999,3748.6002419,14,0.05624,3748.6002419,0
1770804600000000,66656.5,66798.07,66656.5,66698.94,0.01825,1770804899999999,1216.9577879,13,0.00693,462.4062079,0
1770804900000000,66724.38,66724.38,66663.79,66663.79,0.00406,1770805199999999,270.7696786,3,0.0022,146.7750292,0
1770805200000000,66703.97,66755.16,66703.97,66755.16,0.0006,1770805499999999,40.0300605,2,0.00045,30.0167865,0
1770805500000000,66722.21,66854.2,66722.21,66799.47,0.02601,1770805799999999,1737.4936618,10,0.02541,1697.4183793,0
1770805800000000,66841.84,66841.84,66655.79,66655.79,0.11623,1770806099999999,7765.5162105,11,0.11548,7715.455206,0
1770806100000000,66550.18,66675.69,66550.18,66675.5,0.02357,1770806399999999,1569.9031116,19,0.02287,1523.2838196,0
1770806400000000,66704.6,66718.71,66664.84,66713.96,0.00463,1770806699999999,308.7499464,16,0.00433,288.7417284,0
1770806700000000,66705.22,66746.56,66590.18,66590.18,0.51541,1770806999999999,34372.8989655,82,0.12378,8255.5077344,0
1770807000000000,66554.75,66665.86,66400.45,66458.2,0.2759,1770807299999999,18344.3343367,49,0.0259,1720.3275037,0
1770807300000000,66501.84,66541.44,66355.68,66485.47,0.15308,1770807599999999,10176.9720597,30,0.04433,2943.8859679,0
1770807600000000,66506.85,66658.64,66488.49,66658.64,0.03772,1770807899999999,2511.4394265,15,0.02989,1990.0794594,0
1770807900000000,66652.69,66652.69,66640.58,66640.58,0.00513,1770808199999999,341.9264832,2,0.00498,331.9303962,0
1770808200000000,66683.62,66683.62,66683.62,66683.62,0.00038,1770808499999999,25.3397756,1,0.00038,25.3397756,0
1770808500000000,66649.8,66818.34,66616.03,66818.34,0.16394,1770808799999999,10945.8774519,40,0.06648,4436.0492222,0
1770808800000000,66818.35,67030.47,66818.35,66995.4,0.41001,1770809099999999,27454.7746918,91,0.1139,7627.0644866,0
1770809100000000,67008.41,67082.97,66976.59,66985.93,0.6404,1770809399999999,42920.46599,131,0.10698,7170.8087704,0
1770809400000000,66964.62,66981.74,66863.17,66976.63,0.57991,1770809699999999,38813.9556853,122,0.10804,7230.4126751,0
1770809700000000,66958.61,66993.64,66941.41,66941.41,0.10525,1770809999999999,7047.6481227,25,0.02875,1925.2226577,0
1770810000000000,66905.63,66911.23,66874.89,66902.8,0.03659,1770810299999999,2447.8543597,11,0.03276,2191.674264,0
1770810300000000,66902.81,66999.64,66891.49,66998.33,0.12832,1770810599999999,8595.4272471,12,0.02627,1758.6221325,0
1770810600000000,66999.79,67049.76,66999.79,67002.49,0.06324,1770810899999999,4238.5827037,12,0.05297,3550.3685953,0
1770810900000000,67019.13,67019.13,67019.13,67019.13,0.00318,1770811199999999,213.1208334,1,0.00318,213.1208334,0
1770811200000000,67038.9,67062.18,66959.87,66959.87,0.04744,1770811499999999,3180.152084,10,0.04714,3160.0591025,0
1770811500000000,66939.35,67273.41,66939.35,67233.02,0.37965,1770811799999999,25486.8378134,106,0.10649,7149.8684642,0
1770811800000000,67130.46,67130.46,67090.7,67090.7,0.01016,1770812099999999,681.7267418,3,0.01001,671.6571728,0
1770812100000000,67073.07,67182.34,67073.07,67172.74,0.0499,1770812399999999,3349.8260708,12,0.0499,3349.8260708,0
1770812400000000,67168.56,67384.05,67168.56,67368.36,0.16271,1770812699999999,10937.6183111,39,0.05284,3557.7119174,0
1770812700000000,67333.31,67333.31,67254.01,67254.01,0.19323,1770812999999999,13005.9127624,15,0.01888,1270.5993155,0
1770813000000000,67196.84,67226.23,67170.06,67218.39,0.04172,1770813299999999,2803.5984351,14,0.04142,2783.4384306,0
1770813300000000,67199.08,67267.12,67199.08,67267.12,0.02439,1770813599999999,1639.2316558,10,0.02439,1639.2316558,0
1770813600000000,67103.67,67103.67,67011.27,67059.32,0.00746,1770813899999999,500.3072656,6,0.00731,490.2555751,0
1770813900000000,67059.32,67059.32,67059.32,67059.32,0.0,1770814199999999,0.0,0,0.0,0.0,0
1770814200000000,67069.51,67143.89,67069.51,67143.89,0.03751,1770814499999999,2517.1884242,10,0.03751,2517.1884242,0
1770814500000000,67118.29,67143.89,67100.31,67114.38,0.36889,1770814799999999,24760.3446247,11,0.12117,8132.8137705,0
1770814800000000,67128.04,67128.04,67076.58,67083.42,0.07869,1770815099999999,5278.5905675,7,0.07854,5268.5280545,0
1770815100000000,67054.27,67076.67,66980.41,66980.41,0.08278,1770815399999999,5550.6849929,9,0.00542,363.1163674,0
1770815400000000,66935.09,66935.09,66858.29,66858.7,0.07051,1770815699999999,4714.3613766,6,0.07021,4694.2923711,0
1770815700000000,66858.7,66864.49,66785.22,66816.51,0.09992,1770815999999999,6679.5239319,21,0.09245,6180.478349,0
1770816000000000,66816.51,67004.48,66816.51,66915.64,0.07576,1770816299999999,5072.2925879,30,0.06835,4576.7460213,0
1770816300000000,66904.1,66989.86,66824.7,66989.86,0.13021,1770816599999999,8703.6237523,30,0.02971,1987.728632,0
1770816600000000,66989.01,67613.19,66871.54,67465.23,0.70552,1770816899999999,47446.2169854,142,0.35317,23721.1267728,0
1770816900000000,67468.32,67468.32,67214.37,67437.53,0.738,1770817199999999,49715.8949504,94,0.34413,23178.4689537,0
1770817200000000,67385.31,67385.31,67134.0,67134.0,0.07347,1770817499999999,4941.9716113,31,0.03094,2081.3885389,0
1770817500000000,67236.07,67321.97,67232.42,67276.69,0.14357,1770817799999999,9657.8472361,11,0.08557,5758.1256797,0
1770817800000000,67227.36,67227.36,66936.23,67020.45,0.1557,1770818099999999,10459.9237452,24,0.09606,6455.3270686,0
1770818100000000,67094.96,67531.11,67094.96,67408.76,0.50209,1770818399999999,33840.7132687,50,0.37478,25250.0761299,0
1770818400000000,67443.99,67863.71,67443.99,67863.71,0.59531,1770818699999999,40282.7746998,76,0.3913,26471.0728296,0
1770818700000000,67742.6,67992.32,67703.54,67965.15,0.2198,1770818999999999,14918.3561602,31,0.14241,9675.7322097,0
1770819000000000,67963.83,68780.19,67963.83,68381.04,0.37935,1770819299999999,25950.0434528,98,0.32809,22432.8614519,0
1770819300000000,68443.31,68486.17,68225.91,68298.37,0.51996,1770819599999999,35549.1050896,44,0.22011,15032.6911359,0
1770819600000000,68282.81,68282.81,67937.71,67947.38,0.38911,1770819899999999,26495.0713148,50,0.19767,13450.7171113,0
1770819900000000,68011.62,68055.82,67953.27,67953.27,0.13649,1770820199999999,9282.3695675,17,0.07554,5139.1884767,0
1770820200000000,67979.6,68195.26,67631.05,67692.55,0.08319,1770820499999999,5645.8536929,54,0.03226,2191.5834581,0
1770820500000000,67649.54,67649.54,67185.01,67212.2,0.12,1770820799999999,8082.0766852,62,0.0357,2404.2415469,0
1770820800000000,67304.56,67304.56,66927.21,67224.9,0.14233,1770821099999999,9553.127195,70,0.05954,3996.1978109,0
1770821100000000,67199.05,67371.94,66831.36,66831.36,0.15661,1770821399999999,10509.6832136,58,0.08375,5621.8937617,0
1770821400000000,66931.18,67040.53,66728.07,66982.59,0.15088,1770821699999999,10099.3159438,60,0.11822,7915.4946123,0
1770821700000000,66938.19,67029.24,66436.94,66518.66,0.16738,1770821999999999,11155.9424563,68,0.04834,3221.2274239,0
1770822000000000,66566.68,66598.22,66335.79,66407.87,0.10409,1770822299999999,6924.558174,29,0.0109,725.4001089,0
1770822300000000,66412.76,66536.45,65839.97,65920.0,0.24362,1770822599999999,16103.5342289,71,0.06019,3982.5423491,0
1770822600000000,65860.12,66055.99,65766.56,65952.47,0.2343,1770822899999999,15449.599674,40,0.05015,3308.5186461,0
1770822900000000,66173.57,66334.95,65900.53,66217.39,0.18473,1770823199999999,12209.5104439,62,0.10079,6656.1245986,0
1770823200000000,66200.6,66474.8,66163.44,66163.44,0.17041,1770823499999999,11297.8106395,36,0.05609,3720.5885064,0
1770823500000000,66242.27,66297.35,65947.25,66143.8,0.29442,1770823799999999,19469.1056069,54,0.05272,3483.4505443,0
1770823800000000,66175.17,66334.3,66130.45,66276.24,0.196,1770824099999999,12985.917333,42,0.01501,993.8805609,0
1770824100000000,66331.14,66566.19,66202.06,66384.68,0.38457,1770824399999999,25536.8523377,73,0.27121,18020.9265023,0
1770824400000000,66378.87,66706.65,66378.87,66675.99,0.26857,1770824699999999,17890.2922074,35,0.04676,3113.9974707,0
1770824700000000,66703.53,66734.78,66209.33,66209.33,0.1665,1770824999999999,11070.9830832,21,0.00389,258.3752369,0
1770825000000000,66188.68,66535.58,66053.59,66525.25,0.18959,1770825299999999,12583.6217219,23,0.12804,8498.2353029,0
1770825300000000,66527.9,66631.55,66512.13,66512.14,0.20542,1770825599999999,13666.0601597,10,0.20527,13656.0788117,0
1770825600000000,66433.52,66585.33,66401.45,66546.86,0.15389,1770825899999999,10227.2890825,17,0.12807,8508.4448652,0
1770825900000000,66518.07,66667.69,66503.83,66662.46,0.38891,1770826199999999,25904.8572039,11,0.28866,19222.3637519,0
1770826200000000,66648.61,67213.12,66648.61,67148.96,0.10892,1770826499999999,7302.3709329,40,0.08798,5900.9173148,0
1770826500000000,67123.65,67149.41,66888.67,66983.48,0.0285,1770826799999999,1911.7713599,14,0.0279,1871.6141699,0
1770826800000000,67013.3,67145.52,66845.63,66896.88,0.26943,1770827099999999,18052.5675734,28,0.02388,1598.7534657,0
1770827100000000,66892.92,66892.92,66580.14,66580.14,0.25694,1770827399999999,17159.9967312,19,0.00581,388.5257065,0
1770827400000000,66571.47,66571.47,66571.47,66571.47,0.0015,1770827699999999,99.857205,1,0.0015,99.857205,0
1770827700000000,66589.21,66589.21,66150.95,66240.15,0.19354,1770827999999999,12824.3442658,33,0.12133,8038.9226182,0
1770828000000000,66344.32,66401.09,66100.0,66100.0,0.26694,1770828299999999,17689.1529916,30,0.08393,5571.6112658,0
1770828300000000,66101.15,66269.31,65931.92,66016.57,0.28873,1770828599999999,19102.5518854,50,0.24204,16011.38498,0
1770828600000000,66002.02,66160.56,65981.69,66134.49,0.11644,1770828899999999,7692.7363601,23,0.10586,6993.7605161,0
1770828900000000,66150.75,66150.75,66013.62,66013.62,0.23435,1770829199999999,15480.3319744,15,0.10326,6819.5330292,0
1770829200000000,65965.47,66045.7,65900.0,66034.49,0.08553,1770829499999999,5643.5751957,20,0.03273,2159.9570968,0
1770829500000000,65988.62,66192.02,65984.29,66192.02,0.07937,1770829799999999,5246.7633198,33,0.05425,3587.0005296,0
1770829800000000,66181.43,66280.58,66123.72,66280.58,0.04915,1770830099999999,3254.4056414,24,0.0235,1556.2414598,0
1770830100000000,66384.68,66384.68,66262.27,66294.74,0.01186,1770830399999999,786.1141362,8,0.01031,683.2685482,0
1770830400000000,66386.15,66570.21,66372.8,66476.94,0.1531,1770830699999999,10167.305488,21,0.04367,2901.1994022,0
1770830700000000,66646.07,66696.46,66507.06,66630.82,0.05052,1770830999999999,3365.5699888,27,0.03432,2286.9088244,0
1770831000000000,66618.6,66761.17,66568.36,66754.29,0.23511,1770831299999999,15660.0582648,13,0.02994,1996.7433711,0
1770831300000000,66806.29,66867.07,66732.35,66793.13,0.2119,1770831599999999,14165.6894509,17,0.03576,2391.0457821,0
1770831600000000,66721.1,66721.75,66520.66,66566.55,0.31502,1770831899999999,20974.4335459,31,0.09612,6401.3905263,0
1770831900000000,66562.95,66612.35,66437.38,66612.35,0.29531,1770832199999999,19630.6318755,38,0.14066,9352.1138328,0
1770832200000000,66712.21,66873.97,66566.8,66566.8,0.04072,1770832499999999,2719.7495929,12,0.04042,2699.7597904,0
1770832500000000,66583.98,66596.82,66489.09,66489.09,0.17147,1770832799999999,11415.1176476,11,0.06914,4602.5646098,0
1770832800000000,66489.07,66489.07,66363.97,66373.44,0.00469,1770833099999999,311.4893935,4,0.00454,301.534798,0
1770833100000000,66269.47,66299.4,66195.46,66241.52,0.01303,1770833399999999,863.5390604,6,0.01258,833.7356594,0
1770833400000000,66176.84,66348.56,66176.84,66348.56,0.00821,1770833699999999,544.3468854,4,0.00821,544.3468854,0
1770833700000000,66742.48,66746.26,66742.48,66746.26,0.00082,1770833999999999,54.7313662,3,0.0,0.0,0
1770834000000000,66738.82,66866.02,66704.37,66866.02,0.01307,1770834299999999,873.1137784,9,0.01196,799.0115911,0
1770834300000000,66898.56,67017.66,66852.37,66882.6,0.24644,1770834599999999,16481.1218479,23,0.13112,8771.2918512,0
1770834600000000,66907.73,66907.73,66810.2,66810.2,0.00494,1770834899999999,330.3793015,7,0.00246,164.5451442,0
1770834900000000,66821.28,67096.07,66821.28,67046.7,0.02262,1770835199999999,1515.104372,9,0.0165,1104.8284772,0
1770835200000000,67119.05,67119.43,66927.58,66992.82,0.51233,1770835499999999,34306.2016181,24,0.26645,17844.7811135,0
1770835500000000,67004.41,67181.53,67004.41,67181.53,0.01877,1770835799999999,1259.6722147,11,0.01313,881.2453929,0
1770835800000000,67198.58,67206.69,67069.05,67186.22,0.01762,1770836099999999,1183.5810153,13,0.01717,1153.3735083,0
1770836100000000,67214.82,67214.84,67214.82,67214.84,0.00507,1770836399999999,340.7792364,2,0.00507,340.7792364,0
1770836400000000,67243.14,67345.33,67243.14,67345.33,0.00842,1770836699999999,566.9695574,3,0.00842,566.9695574,0
1770836700000000,67371.79,67614.27,67240.82,67434.31,0.3005,1770836999999999,20231.3221332,44,0.14883,10025.6793129,0
1770837000000000,67434.68,67619.03,67397.95,67619.03,0.30772,1770837299999999,20754.4130623,18,0.14894,10043.5728655,0
1770837300000000,67570.62,67694.01,67486.79,67486.79,0.01826,1770837599999999,1234.4775596,10,0.01021,690.7790643,0
1770837600000000,67404.02,67519.75,67404.02,67519.74,0.02847,1770837899999999,1920.6123503,8,0.02847,1920.6123503,0
1770837900000000,67511.32,67511.32,67511.32,67511.32,0.00029,1770838199999999,19.5782828,1,0.00029,19.5782828,0
1770838200000000,67322.79,67382.01,67291.45,67382.01,0.00332,1770838499999999,223.5276888,3,0.00035,23.5837035,0
1770838500000000,67437.57,67650.62,67437.57,67650.62,0.00531,1770838799999999,358.3664023,4,0.00531,358.3664023,0
1770838800000000,67699.96,67800.26,67695.26,67748.44,0.03046,1770839099999999,2063.7049125,6,0.03031,2053.5499185,0
1770839100000000,67712.1,67744.26,67589.72,67656.15,0.37972,1770839399999999,25673.4948216,24,0.11507,7781.3370138,0
1770839400000000,67610.61,67649.75,67578.0,67578.0,0.11363,1770839699999999,7682.8546646,5,0.11348,7672.7179646,0
1770839700000000,67554.73,67554.73,67514.2,67553.91,0.14154,1770839999999999,9556.5904163,5,0.06229,4205.8906717,0
1770840000000000,67585.99,67637.4,67585.98,67632.53,0.14319,1770840299999999,9677.6845224,4,0.00095,64.2545073,0
1770840300000000,67543.87,67543.87,67405.7,67472.08,0.25903,1770840599999999,17489.950706,7,0.09367,6326.8343029,0
1770840600000000,67548.07,67548.07,67521.62,67521.62,0.01883,1770840899999999,1271.9037693,3,0.0,0.0,0
1770840900000000,67684.76,67684.76,67555.52,67583.34,0.27434,1770841199999999,18541.8446375,13,0.16088,10876.065119,0
1770841200000000,67508.35,67570.64,67409.03,67409.03,0.08584,1770841499999999,5793.5434704,11,0.00357,241.2271848,0
1770841500000000,67361.45,67361.45,67171.2,67171.2,0.03118,1770841799999999,2097.0774263,18,0.00572,384.9726708,0
1770841800000000,67156.0,67252.08,67146.96,67213.96,0.02183,1770842099999999,1467.1028259,10,0.0,0.0,0
1770842100000000,67270.11,67374.87,67252.95,67320.68,0.03318,1770842399999999,2233.0395194,17,0.0,0.0,0
1770842400000000,67345.8,67345.8,67276.57,67276.57,0.02056,1770842699999999,1383.7164296,6,0.00785,528.4665322,0
1770842700000000,67272.11,67470.04,67272.11,67470.04,0.00066,1770842999999999,44.4569923,2,0.00066,44.4569923,0
1770843000000000,67581.89,67581.89,67492.39,67543.24,0.0074,1770843299999999,499.92368,4,0.0023,155.269109,0
1770843300000000,67528.89,67589.15,67501.46,67501.46,0.02865,1770843599999999,1934.8743222,11,0.00171,115.489769,0
1770843600000000,67556.92,67556.92,67459.77,67473.7,0.00289,1770843899999999,195.0208792,8,0.00238,160.6146181,0
1770843900000000,67508.75,67670.29,67508.75,67670.29,0.23179,1770844199999999,15659.8932999,14,0.12106,8177.7214641,0
1770844200000000,67706.96,67706.97,67642.84,67642.84,0.14667,1770844499999999,9926.5555509,6,0.0835,5653.5311674,0
1770844500000000,67626.87,67626.87,67564.91,67613.21,0.00393,1770844799999999,265.6551538,6,0.00378,255.5111233,0
1770844800000000,67615.69,67945.61,67572.69,67909.54,0.25032,1770845099999999,16996.161338,39,0.09148,6204.923548,0
1770845100000000,67926.25,68194.97,67924.32,68171.78,0.78586,1770845399999999,53458.6030871,97,0.42254,28738.814734,0
1770845400000000,68134.67,68231.41,67969.4,68039.81,0.52139,1770845699999999,35510.6418828,81,0.2629,17905.8789608,0
1770845700000000,68118.03,68306.44,68097.08,68127.51,0.22037,1770845999999999,15018.050309,33,0.099,6744.8333774,0
1770846000000000,68000.0,68000.0,67901.6,67901.6,0.08925,1770846299999999,6065.4813714,20,0.08069,5483.646937,0
1770846300000000,67902.77,67939.62,67870.86,67870.86,0.05736,1770846599999999,3894.9760298,14,0.00949,644.6454453,0
1770846600000000,67911.36,67927.63,67911.36,67927.61,0.00732,1770846899999999,497.2010258,4,0.00179,121.5613344,0
1770846900000000,67843.13,67843.13,67766.65,67766.65,0.03851,1770847199999999,2610.572501,7,0.00674,457.2626962,0
1770847200000000,67797.01,67797.01,67740.5,67740.5,0.02093,1770847499999999,1418.7549815,4,0.0,0.0,0
1770847500000000,67823.15,67823.79,67823.15,67823.79,0.03776,1770847799999999,2561.0257024,2,0.00095,64.4319925,0
1770847800000000,67702.12,67702.12,67568.89,67622.22,0.05597,1770848099999999,3786.3255339,13,0.00584,394.6023176,0
1770848100000000,67678.13,67719.99,67638.61,67638.61,0.01576,1770848399999999,1066.6145428,6,0.00415,280.8257747,0
1770848400000000,67612.64,67620.05,67520.64,67534.5,0.03629,1770848699999999,2451.8975999,23,0.01266,855.341461,0
1770848700000000,67539.95,67539.95,67352.92,67352.92,0.0876,1770848999999999,5908.5220052,22,0.04255,2870.1991574,0
1770849000000000,67522.28,67557.74,67456.88,67456.88,0.05448,1770849299999999,3677.7770955,20,0.00148,99.9063714,0
1770849300000000,67472.54,67503.82,67380.86,67503.82,0.02767,1770849599999999,1865.4219468,10,0.00219,147.7393308,0
1770849600000000,67564.89,67665.89,67564.89,67665.89,0.00424,1770849899999999,286.6137208,5,0.00424,286.6137208,0
1770849900000000,67587.57,67587.57,67587.57,67587.57,0.00074,1770850199999999,50.0148018,1,0.00074,50.0148018,0
1770850200000000,67528.98,67528.98,67403.92,67403.92,0.05614,1770850499999999,3787.7937559,17,0.0089,600.4558156,0
1770850500000000,67437.84,67460.58,67413.08,67413.08,0.06168,1770850799999999,4159.3529911,19,0.02627,1771.5086381,0
1770850800000000,67273.67,67280.87,67236.59,67280.87,0.01341,1770851099999999,901.8473519,6,0.00037,24.8905651,0
1770851100000000,67448.21,67448.21,67326.04,67334.08,0.03773,1770851399999999,2543.2139214,18,0.00043,28.9767669,0
1770851400000000,67310.07,67316.86,67201.6,67282.24,0.04587,1770851699999999,3084.5009325,18,0.00956,643.2149344,0
1770851700000000,67324.21,67324.21,67222.99,67224.49,0.05612,1770851999999999,3773.8328992,16,0.03963,2664.1710973,0
1770852000000000,67262.07,67262.07,66871.92,66957.31,0.07656,1770852299999999,5131.549024,34,0.0021,140.7913623,0
1770852300000000,66907.74,67010.91,66866.96,67010.91,0.01156,1770852599999999,773.3351362,4,0.00144,96.4957104,0
1770852600000000,67021.87,67021.87,66869.79,66869.79,0.02469,1770852899999999,1651.9164879,8,0.00523,349.9188232,0
1770852900000000,66866.96,66866.96,66774.56,66774.56,0.01246,1770853199999999,832.0985648,4,0.0,0.0,0
1770853200000000,67041.86,67070.77,66940.38,66972.45,0.06107,1770853499999999,4093.1420354,18,0.0,0.0,0
1770853500000000,66970.34,66970.34,66902.01,66902.01,0.01312,1770853799999999,878.0885877,7,0.0,0.0,0
1770853800000000,66875.12,66959.75,66875.12,66941.65,0.17174,1770854099999999,11489.6611474,14,0.08708,5824.0931724,0
1770854100000000,66954.99,67047.96,66950.74,67047.96,0.04231,1770854399999999,2834.8176373,13,0.01273,853.0113822,0
1770854400000000,67023.33,67152.02,67023.31,67060.88,0.02896,1770854699999999,1943.6630129,8,0.01369,919.2607797,0
1770854700000000,67116.81,67297.04,67116.81,67278.89,0.23997,1770854999999999,16124.870834,59,0.20124,13520.1115395,0
1770855000000000,67288.31,67309.08,67288.29,67309.08,0.00687,1770855299999999,462.2786768,5,0.0,0.0,0
1770855300000000,67324.51,67350.29,67311.79,67338.57,0.05739,1770855599999999,3864.4654941,9,0.00571,384.5576277,0
1770855600000000,67304.84,67326.92,67304.84,67326.92,0.01532,1770855899999999,1031.2411647,6,0.01532,1031.2411647,0
1770855900000000,67416.95,67416.95,67360.18,67360.18,0.12439,1770856199999999,8385.3293798,7,0.0,0.0,0
1770856200000000,67394.71,67426.49,67394.71,67426.49,0.16757,1770856499999999,11297.1821741,5,0.054,3639.6073516,0
1770856500000000,67531.36,67640.42,67531.36,67640.42,0.15377,1770856799999999,10389.6629495,13,0.15377,10389.6629495,0
1770856800000000,67640.42,67640.42,67640.42,67640.42,0.0,1770857099999999,0.0,0,0.0,0.0,0
1770857100000000,67576.39,67576.39,67535.81,67535.81,0.01036,1770857399999999,700.0853134,2,0.0,0.0,0
1770857400000000,67480.24,67480.24,67474.32,67474.32,0.14071,1770857699999999,9495.0298346,4,0.0,0.0,0
1770857700000000,67527.13,67527.13,67449.62,67449.62,0.26091,1770857999999999,17605.2811196,7,0.14058,9482.0675796,0
1770858000000000,67431.62,67554.57,67431.62,67485.59,0.39737,1770858299999999,26829.1680047,18,0.20776,14021.5190207,0
1770858300000000,67485.59,67566.71,67458.69,67461.29,0.86566,1770858599999999,58432.6010129,18,0.35722,24116.426615,0
1770858600000000,67574.19,67574.2,67574.19,67574.2,0.13909,1770858899999999,9398.8940945,2,0.13909,9398.8940945,0
1770858900000000,67659.58,67671.33,67588.89,67588.89,0.14651,1770859199999999,9912.5526741,14,0.14626,9895.6482346,0
1770859200000000,67582.05,67582.05,67582.05,67582.05,0.00015,1770859499999999,10.1373075,1,0.0,0.0,0
1770859500000000,67763.39,67797.02,67727.26,67770.95,0.37491,1770859799999999,25404.6456146,11,0.0008,54.210712,0
1770859800000000,67769.16,67769.17,67751.81,67767.88,0.35451,1770860099999999,24023.8881202,7,0.18631,12626.0738982,0
1770860100000000,67760.72,67927.14,67760.72,67910.26,0.26932,1770860399999999,18272.6681987,16,0.26917,18262.4816597,0
1770860400000000,67877.08,67909.35,67838.36,67838.36,0.00103,1770860699999999,69.9003038,5,0.0,0.0,0
1770860700000000,67813.63,67813.63,67653.88,67653.88,0.31493,1770860999999999,21347.5268635,11,0.13918,9430.4497815,0
1770861000000000,67658.91,67658.91,67579.67,67581.94,0.35146,1770861299999999,23757.5369778,10,0.0601,4066.300491,0
1770861300000000,67583.91,67672.3,67583.91,67642.32,0.32015,1770861599999999,21661.5209567,7,0.32015,21661.5209567,0
1770861600000000,67581.81,67581.81,67536.37,67536.37,0.00085,1770861899999999,57.4377225,2,0.0007,47.307267,0
1770861900000000,67552.43,67690.73,67552.43,67690.73,0.00752,1770862199999999,508.9598626,4,0.00737,498.8269981,0
1770862200000000,67599.65,67599.65,67474.03,67474.03,0.00119,1770862499999999,80.3744122,8,0.0,0.0,0
1770862500000000,67443.17,67447.03,67381.05,67420.15,0.01637,1770862799999999,1103.4699079,7,0.01592,1073.1292204,0
1770862800000000,67424.53,67518.4,67424.53,67518.4,0.04265,1770863099999999,2878.1492594,10,0.04235,2857.8948764,0
1770863100000000,67500.46,67500.48,67388.19,67461.47,0.3791,1770863399999999,25570.9027605,14,0.18272,12318.8034666,0
1770863400000000,67472.25,67665.11,67472.25,67665.11,0.07087,1770863699999999,4787.8982515,19,0.06529,4410.7863058,0
1770863700000000,67687.37,67687.37,67641.44,67641.44,0.42475,1770863999999999,28736.8586726,33,0.15951,10791.1826225,0
1770864000000000,67620.96,67696.88,67620.96,67695.4,0.05495,1770864299999999,3716.965118,8,0.0548,3706.8129335,0
1770864300000000,67692.21,67692.21,67620.62,67679.37,0.02225,1770864599999999,1505.6474238,12,0.00956,647.0045891,0
1770864600000000,67690.08,67690.08,67525.96,67525.96,0.43099,1770864899999999,29150.8184095,27,0.23807,16095.523923,0
1770864900000000,67537.7,67537.7,67393.48,67395.02,0.21994,1770865199999999,14826.8179952,49,0.02726,1839.0365583,0
1770865200000000,67364.51,67481.22,67361.07,67481.21,0.12706,1770865499999999,8572.6080924,31,0.02254,1520.404981,0
1770865500000000,67479.68,67494.17,67404.54,67424.34,1.27144,1770865799999999,85756.874948,270,0.50623,34149.8992716,0
1770865800000000,67442.42,67505.75,67410.03,67429.15,1.15472,1770866099999999,77880.1903664,226,0.57337,38675.3110741,0
1770866100000000,67446.99,67469.02,67348.65,67348.65,0.32132,1770866399999999,21670.0578469,75,0.16864,11373.8917062,0
1770866400000000,67343.36,67378.06,67284.66,67361.21,1.2651,1770866699999999,85188.0600883,302,0.46917,31602.0831786,0
1770866700000000,67329.28,67337.42,67259.14,67337.41,0.53371,1770866999999999,35921.8033842,122,0.1023,6885.5542496,0
1770867000000000,67344.36,67426.18,67304.89,67426.18,0.21292,1770867299999999,14337.3141302,29,0.04424,2979.7708347,0
1770867300000000,67408.25,67408.25,67381.53,67391.54,0.01519,1770867599999999,1023.7624406,4,0.01001,674.6731996,0
1770867600000000,67391.54,67391.54,67391.54,67391.54,0.0,1770867899999999,0.0,0,0.0,0.0,0
1770867900000000,67391.54,67391.54,67391.54,67391.54,0.0,1770868199999999,0.0,0,0.0,0.0,0
1770868200000000,67391.54,67391.54,67391.54,67391.54,0.0,1770868499999999,0.0,0,0.0,0.0,0
1770868500000000,67510.44,67550.82,67510.44,67550.82,0.00964,1770868799999999,650.8622244,3,0.00964,650.8622244,0
1770868800000000,67523.41,67585.57,67468.46,67520.15,0.04325,1770869099999999,2921.0544555,16,0.03908,2639.6175063,0
1770869100000000,67486.18,67562.75,67484.31,67562.75,0.01495,1770869399999999,1009.533465,4,0.0148,999.410538,0
1770869400000000,67554.6,67621.69,67540.69,67540.69,0.03895,1770869699999999,2632.2161792,10,0.03865,2611.9420712,0
1770869700000000,67540.28,67541.03,67268.39,67268.39,0.03721,1770869999999999,2509.2613223,15,0.03483,2348.8367316,0
1770870000000000,67370.57,67370.57,67251.75,67251.75,0.00533,1770870299999999,359.0541811,3,0.00503,338.8739671,0
1770870300000000,67233.19,67233.19,67165.44,67165.44,0.0399,1770870599999999,2681.113064,7,0.0,0.0,0
1770870600000000,67181.92,67181.92,67056.03,67056.03,0.01465,1770870899999999,982.414206,4,0.0142,952.195626,0
1770870900000000,67185.01,67218.49,67185.01,67218.49,0.0193,1770871199999999,1297.1480248,3,0.0193,1297.1480248,0
1770871200000000,67181.22,67210.24,67174.32,67210.24,0.04265,1770871499999999,2865.164913,3,0.01717,1153.3830744,0
1770871500000000,67162.07,67232.87,67162.07,67232.87,0.00512,1770871799999999,344.2216744,2,0.00497,334.1473639,0
1770871800000000,67174.3,67174.31,67169.84,67169.84,0.01542,1770872099999999,1035.8270872,3,0.01527,1025.7516112,0
1770872100000000,67051.66,67063.42,66959.11,66994.21,0.15484,1770872399999999,10374.1348521,36,0.02503,1677.0052466,0
1770872400000000,66947.11,67102.2,66947.11,67102.2,0.02495,1770872699999999,1672.7836012,5,0.02495,1672.7836012,0
1770872700000000,67119.81,67119.81,66974.98,66974.98,0.01136,1770872999999999,762.3016195,11,0.01001,671.798989,0
1770873000000000,66990.25,66990.25,66754.13,66763.6,0.00678,1770873299999999,453.0045162,13,0.00498,332.6333232,0
1770873300000000,66763.97,66807.37,66619.59,66619.59,0.03904,1770873599999999,2601.7540679,9,0.01003,669.0161681,0
1770873600000000,66820.72,66820.72,66791.43,66791.43,0.00045,1770873899999999,30.0605565,3,0.0,0.0,0
1770873900000000,66918.69,66918.69,66756.68,66770.02,0.14316,1770874199999999,9562.2509874,17,0.01435,959.4896465,0
1770874200000000,66839.62,67058.29,66817.46,67058.29,0.04778,1770874499999999,3195.023788,9,0.04763,3184.997845,0
1770874500000000,67027.34,67027.34,66918.86,66918.86,0.0006,1770874799999999,40.181037,4,0.0,0.0,0
1770874800000000,66957.65,67065.53,66955.16,67065.53,0.02488,1770875099999999,1666.3648477,6,0.00443,297.0897102,0
1770875100000000,67033.38,67033.38,67000.0,67000.0,0.6003,1770875399999999,40220.2428793,13,0.50348,33733.16,0
1770875400000000,66972.0,67046.96,66972.0,67025.48,0.01735,1770875699999999,1162.600601,12,0.01735,1162.600601,0
1770875700000000,67121.55,67121.55,67081.29,67097.39,0.00677,1770875999999999,454.2079405,13,0.00677,454.2079405,0
1770876000000000,67097.38,67119.01,67046.22,67052.82,0.02244,1770876299999999,1505.833719,12,0.02189,1468.9478355,0
1770876300000000,67052.82,67052.82,67052.82,67052.82,0.0,1770876599999999,0.0,0,0.0,0.0,0
1770876600000000,67138.4,67164.4,67085.79,67085.79,0.01308,1770876899999999,878.1491414,6,0.00995,668.15682,0
1770876900000000,67170.76,67170.76,67170.76,67170.76,0.00501,1770877199999999,336.5255076,1,0.00501,336.5255076,0
1770877200000000,67060.54,67060.54,67059.77,67059.77,0.00501,1770877499999999,335.9695632,2,0.00486,325.9104822,0
1770877500000000,67232.5,67282.93,67232.5,67282.93,0.01083,1770877799999999,728.2495868,4,0.01068,718.1571473,0
1770877800000000,67281.0,67296.06,67186.5,67210.04,0.00882,1770878099999999,593.245603,10,0.00882,593.245603,0
1770878100000000,67201.91,67219.13,67126.65,67199.63,0.21168,1770878399999999,14226.7583383,22,0.04386,2947.4929224,0
1770878400000000,67187.82,67457.7,67173.37,67217.26,0.20954,1770878699999999,14086.2026975,38,0.20939,14076.1246925,0
1770878700000000,67200.55,67211.87,67179.52,67198.43,0.05646,1770878999999999,3793.6006249,9,0.05501,3696.1531669,0
1770879000000000,67180.22,67180.22,67082.02,67107.83,0.03044,1770879299999999,2042.8082616,23,0.00622,417.4568612,0
1770879300000000,67099.75,67099.75,67059.85,67059.85,0.0085,1770879599999999,570.160086,16,0.00824,552.7187582,0
1770879600000000,67089.36,67126.27,66976.57,67048.03,0.09339,1770879899999999,6257.7153015,38,0.02056,1378.0940335,0
1770879900000000,67020.52,67020.52,66936.38,66973.88,0.01577,1770880199999999,1056.3856375,29,0.01547,1036.2865345,0
1770880200000000,66949.98,66969.38,66916.16,66969.38,0.00848,1770880499999999,567.5460529,9,0.00848,567.5460529,0
1770880500000000,66922.77,67054.58,66922.77,67054.58,0.02201,1770880799999999,1474.754703,17,0.02186,1464.7042125,0
1770880800000000,67054.58,67164.93,67054.58,67164.93,0.0184,1770881099999999,1234.3675698,16,0.0184,1234.3675698,0
1770881100000000,67226.65,67278.35,67176.97,67205.75,0.0111,1770881399999999,746.5079516,21,0.01069,718.9451587,0
1770881400000000,67151.83,67209.51,67151.65,67178.4,0.00714,1770881699999999,479.6963315,21,0.00714,479.6963315,0
1770881700000000,67180.17,67180.19,67106.62,67162.44,0.01172,1770881999999999,787.0260765,24,0.01172,787.0260765,0
1770882000000000,67170.32,67195.85,67099.37,67105.92,0.02247,1770882299999999,1508.7758298,22,0.02232,1498.7019033,0
1770882300000000,67099.42,67137.35,67054.1,67111.1,0.1201,1770882599999999,8057.9850205,35,0.00883,592.4102014,0
1770882600000000,67116.95,67161.81,67073.51,67073.51,0.04323,1770882899999999,2901.7322214,17,0.03474,2332.0295784,0
1770882900000000,67126.04,67198.61,67126.04,67173.4,0.00918,1770883199999999,616.69476,13,0.0077,517.2766924,0
1770883200000000,67205.34,67254.45,67129.05,67163.5,0.27815,1770883499999999,18690.2504617,71,0.06932,4657.1778715,0
1770883500000000,67134.97,67286.22,67062.46,67286.22,0.26171,1770883799999999,17570.9443661,49,0.03313,2226.3872797,0
1770883800000000,67184.72,67209.71,67184.72,67207.39,0.10557,1770884099999999,7095.1994465,24,0.01254,842.7043882,0
1770884100000000,67187.78,67187.78,67082.86,67082.86,0.02331,1770884399999999,1564.9249398,10,0.02256,1514.5732308,0
1770884400000000,67058.47,67058.47,66993.37,67037.16,0.0239,1770884699999999,1601.7393774,23,0.02375,1591.6880919,0
1770884700000000,67014.73,67014.73,66869.07,66907.0,0.02817,1770884999999999,1884.9150158,31,0.01971,1319.1679316,0
1770885000000000,66907.0,66968.92,66880.38,66932.56,0.00835,1770885299999999,558.7753189,15,0.0066,441.7077788,0
1770885300000000,66988.35,67006.08,66913.69,66918.43,0.15004,1770885599999999,10049.4866548,38,0.01392,932.3173816,0
1770885600000000,66953.39,67023.35,66936.31,66957.74,0.09052,1770885899999999,6062.2919662,26,0.03113,2085.5087851,0
1770885900000000,66951.98,66992.54,66951.98,66964.7,0.06494,1770886199999999,4348.4581278,8,0.06345,4248.6716941,0
1770886200000000,66992.55,67066.39,66980.7,67066.39,0.26384,1770886499999999,17680.4622608,39,0.05378,3605.0942047,0
1770886500000000,67048.99,67117.91,67048.99,67095.08,0.05887,1770886799999999,3949.3780272,47,0.04006,2687.7283137,0
1770886800000000,67111.08,67111.08,67024.73,67098.46,0.03292,1770887099999999,2207.7911871,38,0.03263,2188.3494276,0
1770887100000000,67098.45,67098.46,67026.46,67043.27,0.03773,1770887399999999,2530.1298206,30,0.01881,1261.2923738,0
1770887400000000,67043.27,67191.74,67043.27,67147.58,0.03708,1770887699999999,2488.8385786,30,0.03005,2017.0145648,0
1770887700000000,67137.47,67224.62,67137.07,67170.21,1.16495,1770887999999999,78257.195917,288,0.82371,55331.1278978,0
1770888000000000,67170.04,67238.63,67025.97,67238.63,1.26867,1770888299999999,85247.9940596,234,0.37854,25427.6404903,0
1770888300000000,67228.27,67270.34,67228.27,67270.34,0.02236,1770888599999999,1503.5306787,7,0.01743,1172.0891306,0
1770888600000000,67231.79,67417.7,67223.32,67405.03,0.05293,1770888899999999,3565.7312319,14,0.0424,2855.9556771,0
1770888900000000,67411.74,67421.41,67331.28,67331.28,0.01541,1770889199999999,1038.3560931,7,0.01526,1028.2529601,0
1770889200000000,67347.67,67409.34,67332.32,67397.91,0.12146,1770889499999999,8185.0157818,16,0.02456,1654.8181918,0
1770889500000000,67397.91,67415.02,67346.6,67346.6,0.03728,1770889799999999,2512.1876396,23,0.0324,2183.2961977,0
1770889800000000,67346.6,67516.27,67320.04,67499.3,0.098,1770890099999999,6607.8118381,31,0.098,6607.8118381,0
1770890100000000,67481.42,67658.45,67481.42,67512.43,0.09057,1770890399999999,6117.8673046,35,0.0545,3680.960075,0
1770890400000000,67503.53,67542.42,67486.29,67542.42,0.01596,1770890699999999,1077.6567636,10,0.01506,1016.9035956,0
1770890700000000,67495.77,67573.31,67495.77,67573.31,0.00756,1770890999999999,510.405872,7,0.00741,500.2698755,0
1770891000000000,67493.43,67493.43,67460.5,67460.5,0.00114,1770891299999999,76.9292787,4,0.00099,66.8102037,0
1770891300000000,67469.17,67486.82,67468.7,67486.82,0.01072,1770891599999999,723.3632633,4,0.01057,713.2428878,0
1770891600000000,67430.57,67430.57,67392.87,67392.87,0.00045,1770891899999999,30.333594,3,0.0,0.0,0
1770891900000000,67490.42,67586.21,67490.42,67576.84,0.01036,1770892199999999,699.4966127,10,0.01036,699.4966127,0
1770892200000000,67587.75,67799.4,67587.75,67673.96,0.08361,1770892499999999,5663.1121349,38,0.08157,5524.8741701,0
1770892500000000,67726.7,67776.4,67671.05,67708.81,0.14725,1770892799999999,9977.5628152,31,0.09163,6208.0333354,0
1770892800000000,67709.04,67709.04,67602.53,67639.2,0.02064,1770893099999999,1396.3355957,19,0.02034,1376.0510777,0
1770893100000000,67656.95,67849.56,67632.46,67813.73,0.10519,1770893399999999,7128.8645072,50,0.09486,6428.0380102,0
1770893400000000,67790.15,67879.97,67770.26,67842.36,0.30356,1770893699999999,20587.4760646,66,0.09593,6507.3166407,0
1770893700000000,67880.01,67989.83,67821.58,67971.87,0.22175,1770893999999999,15065.3830415,58,0.07006,4757.3218145,0
1770894000000000,67955.95,68076.04,67918.14,68003.96,1.33579,1770894299999999,90846.3986613,223,0.20017,13607.3689346,0
1770894300000000,68019.64,68059.97,67900.01,67928.36,0.34353,1770894599999999,23359.278666,58,0.02417,1642.804493,0
1770894600000000,67897.41,67897.41,67728.39,67876.82,0.59484,1770894899999999,40333.1802055,92,0.04168,2826.4200314,0
1770894900000000,67858.1,67962.93,67822.08,67904.2,0.02887,1770895199999999,1959.736612,12,0.02432,1651.1300025,0
1770895200000000,67960.73,68067.3,67960.73,68067.3,0.05185,1770895499999999,3526.1926929,21,0.02326,1581.8384862,0
1770895500000000,68037.21,68204.05,68002.28,68170.3,0.23083,1770895799999999,15715.8133665,48,0.11213,7630.4830613,0
1770895800000000,68152.35,68236.32,68104.27,68142.74,0.14723,1770896099999999,10039.3601778,23,0.1217,8298.3109491,0
1770896100000000,68123.99,68133.59,68053.95,68108.75,0.68315,1770896399999999,46513.9824172,141,0.22086,15035.5993637,0
1770896400000000,68091.65,68091.65,68008.23,68036.59,0.58992,1770896699999999,40134.181406,123,0.07652,5205.9644927,0
1770896700000000,68039.88,68060.66,68014.16,68034.76,0.006,1770896999999999,408.1110679,7,0.00518,352.3176748,0
1770897000000000,68043.95,68108.13,67994.09,68101.63,0.18254,1770897299999999,12416.0585641,41,0.02562,1743.1297795,0
1770897300000000,68101.62,68135.48,68055.27,68055.69,0.17344,1770897599999999,11806.3808404,43,0.04121,2807.082858,0
1770897600000000,68068.55,68068.55,67911.44,67914.82,0.06826,1770897899999999,4638.4522564,25,0.04044,2747.2519945,0
1770897900000000,67899.3,67950.47,67855.33,67900.28,0.6291,1770898199999999,42719.1486493,136,0.31587,21448.2755245,0
1770898200000000,67917.91,68008.78,67913.33,67999.46,0.1434,1770898499999999,9742.2625795,18,0.10338,7022.9587459,0
1770898500000000,67984.65,67998.61,67889.21,67889.21,0.25639,1770898799999999,17422.2326045,41,0.05992,4070.9615057,0
1770898800000000,67886.88,67959.56,67838.05,67880.49,0.08169,1770899099999999,5545.7364981,37,0.08124,5515.1908566,0
1770899100000000,67847.69,67972.8,67846.86,67968.02,0.0479,1770899399999999,3252.8953871,20,0.04775,3242.7023186,0
1770899400000000,67947.4,67982.52,67849.2,67849.2,0.03642,1770899699999999,2472.6033878,16,0.03582,2431.8685718,0
1770899700000000,67872.4,67873.35,67831.1,67855.85,0.23331,1770899999999999,15828.8820942,54,0.02806,1904.2654199,0
1770900000000000,67879.58,67926.87,67828.96,67852.38,0.15462,1770900299999999,10493.1858221,40,0.0519,3522.4227895,0
1770900300000000,67826.22,67880.75,67803.77,67880.75,0.12901,1770900599999999,8748.290674,33,0.02583,1752.2739442,0
1770900600000000,67887.65,67917.1,67734.94,67760.91,0.17272,1770900899999999,11711.0177661,55,0.01998,1356.0363775,0
1770900900000000,67749.72,67807.63,67693.48,67805.4,0.13633,1770901199999999,9236.0493168,50,0.05461,3699.9851043,0
1770901200000000,67823.37,67840.85,67752.3,67752.3,0.26298,1770901499999999,17831.5364575,35,0.13619,9233.8775556,0
1770901500000000,67788.99,67788.99,67662.9,67715.83,0.22125,1770901799999999,14974.5321702,36,0.015,1015.7711734,0
1770901800000000,67794.68,67837.73,67762.74,67816.7,0.009,1770902099999999,610.339387,15,0.0084,569.663776,0
1770902100000000,67837.18,68020.95,67837.18,67960.53,0.09679,1770902399999999,6579.185796,23,0.03879,2637.1272769,0
1770902400000000,67977.68,68004.67,67930.63,67932.76,0.04216,1770902699999999,2865.4631431,26,0.02091,1420.9238885,0
1770902700000000,67906.56,67906.56,67673.17,67736.13,0.05151,1770902999999999,3488.5915824,44,0.04725,3199.5869627,0
1770903000000000,67706.18,67979.91,67706.18,67954.71,0.43614,1770903299999999,29580.4320558,99,0.36773,24946.8874767,0
1770903300000000,67925.87,67943.95,67902.06,67903.63,0.00646,1770903599999999,438.6851913,11,0.00572,388.4209472,0
1770903600000000,67991.65,68119.57,67991.65,68119.57,0.00595,1770903899999999,405.2590443,4,0.00524,356.9171252,0
1770903900000000,68085.64,68085.64,68020.36,68020.4,0.00425,1770904199999999,289.1234276,4,0.0041,278.9116556,0
1770904200000000,67997.34,68060.49,67997.34,68046.92,0.01533,1770904499999999,1043.119287,5,0.01504,1023.3926214,0
1770904500000000,68042.29,68298.12,68042.29,68298.12,0.17205,1770904799999999,11726.953488,9,0.17161,11696.9457114,0
1770904800000000,68341.01,68341.01,68020.4,68020.4,0.00544,1770905099999999,370.3444916,7,0.00014,9.5316648,0
1770905100000000,67981.28,67981.28,67847.8,67963.36,0.10618,1770905399999999,7217.3688738,15,0.01378,935.9165448,0
1770905400000000,68012.97,68078.02,67975.8,67975.8,0.01306,1770905699999999,888.7453574,13,0.01262,858.8253675,0
1770905700000000,67946.66,67980.76,67869.58,67929.19,0.21565,1770905999999999,14649.7870332,20,0.21446,14568.9823825,0
1770906000000000,67946.96,68043.52,67936.84,67948.19,0.10208,1770906299999999,6941.3830816,32,0.06663,4530.3781856,0
1770906300000000,67955.94,67983.76,67937.24,67983.3,0.20524,1770906599999999,13946.8933004,14,0.00774,525.9595598,0
1770906600000000,67953.2,68241.39,67879.07,68129.48,0.18391,1770906899999999,12507.1674326,66,0.14059,9564.7708147,0
1770906900000000,68074.4,68080.22,67755.93,67835.39,0.14894,1770907199999999,10104.9466429,49,0.03479,2361.7266921,0
1770907200000000,67864.61,68029.12,67624.6,67625.36,1.37043,1770907499999999,92937.3083576,276,1.02728,69660.3619144,0
1770907500000000,67625.37,67771.42,67469.52,67674.44,2.11025,1770907799999999,142611.0036691,430,1.64162,110924.6672409,0
1770907800000000,67649.61,67962.78,67649.61,67962.78,0.74817,1770908099999999,50705.0192005,144,0.54755,37107.9860843,0
1770908100000000,67927.94,67935.59,67561.2,67561.2,0.58803,1770908399999999,39868.6027253,128,0.43425,29447.1500705,0
1770908400000000,67583.81,67720.64,67269.84,67286.71,0.15001,1770908699999999,10126.4319534,45,0.03153,2129.5072907,0
1770908700000000,67252.9,67374.34,67073.85,67142.46,0.2665,1770908999999999,17916.0288158,83,0.10521,7073.4028227,0
1770909000000000,67144.48,67416.27,67002.15,67388.95,0.17967,1770909299999999,12068.8808142,56,0.11891,7993.9560886,0
1770909300000000,67433.1,67648.12,67373.37,67499.75,0.33834,1770909599999999,22843.940223,73,0.27444,18527.9399263,0
1770909600000000,67528.82,67858.77,67523.58,67771.28,0.05685,1770909899999999,3847.2999638,27,0.05324,3602.6611668,0
1770909900000000,67786.23,67842.47,67692.92,67834.27,0.00713,1770910199999999,483.4519337,7,0.00262,177.7257874,0
1770910200000000,67843.11,67980.78,67613.83,67640.57,0.05317,1770910499999999,3606.6425707,32,0.04582,3107.778761,0
1770910500000000,67637.38,67637.9,67262.84,67323.4,0.05904,1770910799999999,3982.0309855,16,0.03613,2440.261227,0
1770910800000000,67323.41,67458.35,67248.11,67373.34,0.15438,1770911099999999,10396.1408755,57,0.04161,2803.8039269,0
1770911100000000,67373.48,67522.68,67349.79,67483.42,0.02214,1770911399999999,1492.3491912,13,0.0169,1139.345954,0
1770911400000000,67455.54,67467.0,67123.26,67123.26,0.04645,1770911699999999,3127.557881,25,0.02055,1385.451152,0
1770911700000000,67136.09,67136.09,67045.39,67045.39,0.11091,1770911999999999,7440.1874868,8,0.11017,7390.5373026,0
1770912000000000,67109.93,67198.78,66982.69,67141.5,0.06782,1770912299999999,4548.6037766,24,0.05253,3523.2874824,0
1770912300000000,67179.25,67186.17,66595.35,66673.32,0.48308,1770912599999999,32283.5451927,107,0.16913,11327.8890332,0
1770912600000000,66753.65,66810.14,66460.1,66498.99,0.75154,1770912899999999,50015.2330573,179,0.02967,1975.5090777,0
1770912900000000,66454.45,66760.19,66436.48,66514.66,0.07529,1770913199999999,5009.7332462,32,0.02155,1435.1490507,0
1770913200000000,66527.63,66604.96,66191.59,66298.54,0.10311,1770913499999999,6842.1644206,19,0.01144,759.3018519,0
1770913500000000,66277.66,66277.66,66000.0,66013.83,0.1271,1770913799999999,8399.062831,25,0.00731,483.8274773,0
1770913800000000,66012.79,66159.33,65900.0,66159.33,0.19807,1770914099999999,13072.5911324,74,0.03547,2342.6743405,0
1770914100000000,66249.1,66490.76,66249.1,66380.37,0.26801,1770914399999999,17779.834516,39,0.03797,2518.6989934,0
1770914400000000,66381.78,66493.29,66262.84,66262.84,0.25228,1770914699999999,16750.6414727,59,0.04398,2918.534594,0
1770914700000000,66308.96,66308.96,66003.51,66016.31,0.1133,1770914999999999,7496.4589231,43,0.03107,2056.1186691,0
1770915000000000,66117.96,66169.83,65524.98,65533.62,0.39606,1770915299999999,26080.246045,113,0.18393,12104.8748747,0
1770915300000000,65649.91,65840.66,65630.49,65778.51,0.366,1770915599999999,24065.3871964,77,0.2743,18035.3925398,0
1770915600000000,65815.53,65948.51,65670.77,65842.41,1.08727,1770915899999999,71585.2743513,222,0.88392,58192.4849606,0
1770915900000000,65842.41,65942.39,65697.35,65907.39,1.02541,1770916199999999,67483.5181294,150,0.9631,63380.8452015,0
1770916200000000,65895.1,65895.1,65533.8,65699.18,0.30957,1770916499999999,20373.2001846,60,0.25039,16483.9237082,0
1770916500000000,65695.32,65822.92,65586.44,65589.5,0.21132,1770916799999999,13891.948936,56,0.16733,11001.745173,0
1770916800000000,65656.07,66038.64,65636.4,66020.58,1.6321,1770917099999999,107664.9240849,383,0.10862,7164.0474738,0
1770917100000000,66026.38,66210.82,65957.91,66099.49,0.27895,1770917399999999,18424.7093184,78,0.10831,7158.0833643,0
1770917400000000,66080.34,66080.34,65809.59,65910.83,0.10636,1770917699999999,7018.0583146,27,0.00789,520.1800976,0
1770917700000000,65978.71,66129.7,65789.17,65976.21,0.33992,1770917999999999,22415.2396318,81,0.20651,13619.0056533,0
1770918000000000,65952.88,65987.02,65899.25,65957.35,0.17999,1770918299999999,11869.985141,20,0.17486,11531.7827006,0
1770918300000000,65895.83,65895.83,65734.75,65734.75,0.29983,1770918599999999,19725.7947042,47,0.2272,14947.2266953,0
1770918600000000,65766.37,65783.93,65536.16,65545.89,0.31279,1770918899999999,20523.3293082,54,0.24699,16203.6755798,0
1770918900000000,65585.29,65585.29,65341.21,65341.21,0.3078,1770919199999999,20158.2203066,82,0.18559,12156.6483074,0
1770919200000000,65382.52,65608.48,65382.52,65566.91,0.30378,1770919499999999,19907.2929194,54,0.1584,10382.1108776,0
1770919500000000,65602.43,65742.9,65562.85,65687.79,0.38813,1770919799999999,25483.2176878,108,0.18842,12366.0909031,0
1770919800000000,65658.97,65661.37,65556.65,65647.2,0.02929,1770920099999999,1921.7722466,15,0.01796,1178.5947958,0
1770920100000000,65681.14,65681.14,65193.11,65193.11,0.38602,1770920399999999,25270.9777011,112,0.23568,15430.5883732,0
1770920400000000,65225.31,65433.78,65210.58,65351.68,0.28028,1770920699999999,18317.2788336,53,0.22912,14974.6628367,0
1770920700000000,65364.14,65450.07,65210.58,65266.59,0.16658,1770920999999999,10884.5619228,42,0.0586,3829.1258782,0
1770921000000000,65253.75,65253.75,65126.71,65126.71,0.01757,1770921299999999,1144.6446439,10,0.00271,176.6028218,0
1770921300000000,65284.22,65509.74,65284.22,65430.4,0.04296,1770921599999999,2808.3813372,15,0.02849,1861.4983433,0
1770921600000000,65430.4,65448.17,65422.53,65448.17,0.00384,1770921899999999,251.2559373,7,0.00185,121.0511727,0
1770921900000000,65438.8,65623.24,65408.56,65623.24,0.01428,1770922199999999,936.7453946,9,0.01266,830.4819911,0
1770922200000000,65588.29,65628.26,65542.19,65603.54,0.13589,1770922499999999,8909.3404521,30,0.11948,7832.8372562,0
1770922500000000,65556.68,65634.05,65502.84,65554.78,0.07792,1770922799999999,5112.0522918,28,0.07021,4606.996173,0
1770922800000000,65591.55,65692.83,65570.06,65640.01,0.14788,1770923099999999,9710.3085589,44,0.08547,5613.0826947,0
1770923100000000,65508.43,65563.26,65346.89,65346.89,0.58471,1770923399999999,38272.4345451,94,0.3195,20914.235727,0
1770923400000000,65380.97,65452.52,65238.55,65452.52,0.20088,1770923699999999,13120.9108674,51,0.01833,1198.2664047,0
1770923700000000,65398.96,65589.1,65375.28,65576.07,0.17306,1770923999999999,11323.6319703,54,0.13894,9089.8286941,0
1770924000000000,65586.87,65893.85,65537.55,65889.53,1.31809,1770924299999999,86590.4161195,294,0.88922,58399.4707007,0
1770924300000000,65848.54,65848.54,65694.96,65694.96,0.09137,1770924599999999,6006.7919835,27,0.02127,1398.6080957,0
1770924600000000,65730.3,65991.78,65730.3,65840.07,0.12803,1770924899999999,8437.368577,45,0.03439,2265.2519006,0
1770924900000000,65834.07,66020.31,65788.1,65867.29,0.17712,1770925199999999,11676.1001939,32,0.00645,424.7633255,0
1770925200000000,65929.1,65929.1,65865.26,65926.37,0.17223,1770925499999999,11348.6727513,40,0.12001,7906.8908247,0
1770925500000000,65937.28,66005.98,65937.27,65991.92,0.0157,1770925799999999,1035.6197634,10,0.00786,518.3680058,0
1770925800000000,66008.35,66076.27,65841.46,65857.72,0.20309,1770926099999999,13410.5954089,31,0.09199,6075.6725609,0
1770926100000000,65836.86,65905.86,65747.7,65747.7,0.1417,1770926399999999,9328.484125,21,0.01448,954.0723923,0
1770926400000000,65769.63,65903.9,65725.64,65893.84,0.26052,1770926699999999,17139.3025844,52,0.15236,10024.944585,0
1770926700000000,65893.56,65986.7,65796.66,65796.66,0.34555,1770926999999999,22782.08484,75,0.24744,16316.0628513,0
1770927000000000,65797.16,65797.16,65546.09,65630.75,0.29019,1770927299999999,19042.1417329,55,0.1849,12128.8606938,0
1770927300000000,65646.25,65747.78,65630.85,65684.22,0.46669,1770927599999999,30664.8716924,82,0.26419,17360.0164329,0
1770927600000000,65629.17,65629.17,65526.14,65548.79,0.10282,1770927899999999,6740.8977922,31,0.04563,2991.4115288,0
1770927900000000,65571.51,65571.51,65455.07,65455.07,0.35973,1770928199999999,23559.5000093,65,0.31519,20641.8029613,0
1770928200000000,65424.74,65511.8,65363.27,65452.59,0.53543,1770928499999999,35028.781417,88,0.40728,26645.0466816,0
1770928500000000,65464.03,65574.83,65459.61,65540.09,0.14449,1770928799999999,9467.7374899,45,0.01494,979.1689446,0
1770928800000000,65583.84,65616.68,65472.82,65472.82,0.34097,1770929099999999,22357.7613783,67,0.2973,19494.7537332,0
1770929100000000,65493.61,65493.61,65312.6,65361.31,0.22748,1770929399999999,14867.3087679,58,0.20504,13400.5750724,0
1770929400000000,65330.8,65411.08,65169.83,65411.08,0.17125,1770929699999999,11174.6268625,53,0.03261,2130.4393446,0
1770929700000000,65370.32,65383.69,65335.34,65335.34,0.14335,1770929999999999,9368.8181474,35,0.09017,5892.8935355,0
1770930000000000,65468.17,65596.72,65406.34,65590.91,0.1421,1770930299999999,9301.82899,38,0.11444,7489.667351,0
1770930300000000,65584.4,65584.4,65506.31,65578.09,0.36536,1770930599999999,23945.8788911,88,0.29613,19409.4966519,0
1770930600000000,65609.07,65609.07,65609.07,65609.07,0.07997,1770930899999999,5246.7573279,16,0.07997,5246.7573279,0
1770930900000000,65751.27,65751.27,65751.27,65751.27,0.01548,1770931199999999,1017.8296596,2,0.0,0.0,0
1770931200000000,65761.34,65761.34,65453.59,65474.33,0.0588,1770931499999999,3857.5891544,10,0.01064,696.6676443,0
1770931500000000,65504.91,65545.29,65486.06,65545.29,0.11322,1770931799999999,7415.4884932,26,0.09926,6501.1559902,0
1770931800000000,65586.86,65712.91,65532.73,65712.91,0.20209,1770932099999999,13257.1577233,32,0.17006,11157.0212011,0
1770932100000000,65748.48,65793.92,65721.33,65747.78,0.19918,1770932399999999,13096.665565,47,0.15636,10280.5796809,0
1770932400000000,65715.59,65777.53,65706.67,65777.23,0.05244,1770932699999999,3447.6759703,18,0.02581,1696.6097539,0
1770932700000000,65777.24,65777.52,65686.73,65686.73,0.19744,1770932999999999,12986.7167525,44,0.19135,12586.3405185,0
1770933000000000,65813.32,65813.32,65803.95,65813.32,0.10548,1770933299999999,6941.9832779,21,0.10487,6901.8428684,0
1770933300000000,65836.08,65836.08,65751.73,65784.47,0.03615,1770933599999999,2377.9310673,15,0.03099,2038.4349322,0
1770933600000000,65768.81,65826.13,65768.81,65826.13,0.03114,1770933899999999,2048.5710522,4,0.02839,1867.7068247,0
1770933900000000,65824.41,65824.41,65709.56,65793.06,0.11974,1770934199999999,7875.1618514,29,0.10106,6646.5586379,0
1770934200000000,65773.6,65826.25,65747.37,65747.37,0.17019,1770934499999999,11200.9139597,35,0.11885,7822.9607345,0
1770934500000000,65749.62,65749.62,65636.85,65672.42,0.10046,1770934799999999,6600.6073586,17,0.00441,289.6153722,0
1770934800000000,65671.55,65725.73,65608.6,65725.73,0.12058,1770935099999999,7915.9749505,14,0.0574,3768.5480967,0
1770935100000000,65785.22,65892.73,65721.19,65879.2,0.82557,1770935399999999,54360.6359806,174,0.28314,18629.468432,0
1770935400000000,65896.1,65966.5,65875.96,65896.06,0.21356,1770935699999999,14074.4665664,36,0.14156,9330.3992098,0
1770935700000000,65930.12,66011.43,65885.26,65885.26,0.10836,1770935999999999,7145.7754906,39,0.04604,3035.730793,0
1770936000000000,65882.78,66122.58,65873.47,66122.58,0.32643,1770936299999999,21514.2811614,70,0.22927,15111.4988011,0
1770936300000000,66230.98,66285.9,66230.98,66285.9,0.00908,1770936599999999,601.6610467,5,0.00908,601.6610467,0
1770936600000000,66263.62,66263.62,66182.36,66228.21,0.44878,1770936899999999,29707.5960572,49,0.43362,28703.4312605,0
1770936900000000,66200.7,66286.46,66137.41,66244.04,0.29468,1770937199999999,19520.33142,28,0.25164,16670.1349469,0
1770937200000000,66242.96,66374.29,66146.49,66248.41,0.63294,1770937499999999,41926.9061756,54,0.49045,32486.302655,0
1770937500000000,66308.09,66410.13,66276.3,66410.13,0.31036,1770937799999999,20605.9300464,41,0.21894,14536.5257055,0
1770937800000000,66360.16,66360.16,66207.3,66217.7,0.05148,1770938099999999,3412.8221583,19,0.00044,29.1825072,0
1770938100000000,66252.46,66280.63,66210.79,66210.79,0.03818,1770938399999999,2529.5005568,18,0.00541,358.5066856,0
1770938400000000,66274.24,66402.84,66274.24,66402.84,0.32785,1770938699999999,21750.3874263,58,0.3177,21076.3986003,0
1770938700000000,66409.79,66409.79,66342.25,66342.25,0.02912,1770938999999999,1933.0120716,10,0.00758,502.8850082,0
1770939000000000,66317.11,66419.6,66292.73,66315.63,0.01828,1770939299999999,1213.0980327,10,0.00168,111.4258194,0
1770939300000000,66367.17,66367.17,66198.09,66200.64,0.14005,1770939599999999,9274.0442123,15,0.12455,8247.3149807,0
1770939600000000,66198.75,66198.75,66154.23,66154.23,0.01692,1770939899999999,1119.5088467,8,0.00197,130.4101575,0
1770939900000000,66204.98,66204.98,66128.66,66128.66,0.02049,1770940199999999,1355.626179,7,0.0,0.0,0
1770940200000000,66170.27,66211.28,66155.12,66211.28,0.00918,1770940499999999,607.4869457,11,0.00918,607.4869457,0
1770940500000000,66193.53,66237.89,66193.53,66237.88,0.01612,1770940799999999,1067.3292187,10,0.01097,726.4258867,0
1770940800000000,66188.92,66413.41,66127.82,66370.21,0.38108,1770941099999999,25267.5103324,20,0.28003,18570.3751136,0
1770941100000000,66391.37,66391.37,66391.37,66391.37,0.00462,1770941399999999,306.7281294,1,0.0,0.0,0
1770941400000000,66341.9,66379.98,66341.9,66371.34,0.00394,1770941699999999,261.5234252,3,0.00394,261.5234252,0
1770941700000000,66307.22,66307.22,66143.89,66161.35,0.13382,1770941999999999,8854.0905976,11,0.10135,6705.5578489,0
1770942000000000,66162.02,66162.02,66060.72,66114.99,0.38454,1770942299999999,25417.5335356,15,0.20183,13335.7079327,0
1770942300000000,66016.02,66016.02,66016.02,66016.02,0.06246,1770942599999999,4123.3606092,1,0.0,0.0,0
1770942600000000,66062.58,66062.58,65895.63,65895.64,0.06341,1770942899999999,4179.8149267,8,0.00978,644.9451355,0
1770942900000000,65953.09,66049.12,65953.09,66049.12,0.22701,1770943199999999,14977.8300762,7,0.1164,7680.8942856,0
1770943200000000,66051.37,66103.66,66041.23,66050.69,0.00805,1770943499999999,531.7761825,10,0.00805,531.7761825,0
1770943500000000,65878.28,65926.79,65878.28,65926.79,0.08151,1770943799999999,5372.4069273,15,0.00334,220.0334552,0
1770943800000000,65901.48,65975.26,65850.81,65975.26,0.26226,1770944099999999,17283.8217444,8,0.26176,17250.8797694,0
1770944100000000,65919.94,65919.94,65919.94,65919.94,0.07314,1770944399999999,4821.3844116,1,0.0,0.0,0
1770944400000000,65885.49,66010.44,65880.79,66010.44,0.19859,1770944699999999,13095.196277,7,0.14061,9275.4235138,0
1770944700000000,66025.75,66025.75,66025.75,66025.75,0.0022,1770944999999999,145.25665,1,0.0022,145.25665,0
1770945000000000,66134.89,66198.88,66134.89,66198.88,0.29465,1770945299999999,19495.7230249,8,0.21881,14480.0496793,0
1770945300000000,66226.24,66226.24,66165.66,66202.74,0.01087,1770945599999999,719.7069353,5,0.0,0.0,0
1770945600000000,66201.46,66201.46,66147.9,66147.9,0.12452,1770945899999999,8237.2056936,3,0.00876,579.9247896,0
1770945900000000,66064.72,66176.67,66064.72,66176.63,0.17094,1770946199999999,11298.0585156,7,0.0,0.0,0
1770946200000000,66190.61,66324.03,66190.61,66250.0,0.18536,1770946499999999,12280.057016,5,0.0067,443.8316935,0
1770946500000000,66277.21,66277.21,66277.21,66277.21,0.01116,1770946799999999,739.6536636,1,0.0,0.0,0
1770946800000000,66400.71,66400.71,66400.71,66400.71,0.00015,1770947099999999,9.9601065,1,0.0,0.0,0
1770947100000000,66397.7,66570.35,66397.7,66487.61,0.09602,1770947399999999,6384.6052646,11,0.09602,6384.6052646,0
1770947400000000,66514.51,66514.51,66376.28,66376.28,0.04873,1770947699999999,3240.9587591,11,0.00752,499.895802,0
1770947700000000,66291.32,66383.58,66291.32,66383.58,0.06576,1770947999999999,4365.1793517,4,0.06576,4365.1793517,0
1770948000000000,66416.2,66416.2,66416.2,66416.2,0.00077,1770948299999999,51.140474,1,0.0,0.0,0
1770948300000000,66416.2,66469.09,66400.83,66469.09,0.33031,1770948599999999,21944.9643344,8,0.29997,19929.8968264,0
1770948600000000,66475.51,66475.51,66452.72,66452.72,0.03849,1770948899999999,2558.4431953,2,0.03849,2558.4431953,0
1770948900000000,66452.72,66452.72,66452.72,66452.72,0.0,1770949199999999,0.0,0,0.0,0.0,0
1770949200000000,66396.95,66396.95,66396.95,66396.95,0.00073,1770949499999999,48.4697735,1,0.00073,48.4697735,0
1770949500000000,66523.67,66597.7,66516.88,66521.19,0.01398,1770949799999999,930.443557,7,0.01338,890.5178455,0
1770949800000000,66546.48,66546.48,66546.47,66546.47,0.14646,1770950099999999,9746.3961524,2,0.0,0.0,0
1770950100000000,66539.15,66539.15,66461.25,66461.25,0.05812,1770950399999999,3862.91183,4,0.05812,3862.91183,0
1770950400000000,66550.24,66550.24,66550.24,66550.24,0.00075,1770950699999999,49.91268,1,0.00075,49.91268,0
1770950700000000,66534.12,66534.12,66534.12,66534.12,0.00363,1770950999999999,241.5188556,1,0.00363,241.5188556,0
1770951000000000,66645.7,66645.7,66614.74,66614.74,0.00876,1770951299999999,583.7829504,3,0.00786,523.8296844,0
1770951300000000,66660.68,66713.77,66660.59,66679.03,0.04879,1770951599999999,3254.5462137,20,0.01542,1028.3077088,0
1770951600000000,66693.16,66693.16,66693.16,66693.16,0.00495,1770951899999999,330.131142,1,0.00495,330.131142,0
1770951900000000,66655.82,66655.82,66465.19,66503.42,0.20332,1770952199999999,13523.3668781,11,0.09255,6152.1033791,0
1770952200000000,66505.9,66505.9,66505.9,66505.9,0.00028,1770952499999999,18.621652,1,0.0,0.0,0
1770952500000000,66473.53,66473.53,66473.53,66473.53,0.00015,1770952799999999,9.9710295,1,0.0,0.0,0
1770952800000000,66473.53,66473.53,66473.53,66473.53,0.0,1770953099999999,0.0,0,0.0,0.0,0
1770953100000000,66580.17,66580.17,66580.17,66580.17,0.00496,1770953399999999,330.2376432,1,0.00496,330.2376432,0
1770953400000000,66713.71,66713.71,66635.73,66635.73,0.37663,1770953699999999,25121.6721086,9,0.10473,6986.035263,0
1770953700000000,66619.28,66636.51,66583.14,66636.51,0.14427,1770953999999999,9608.0295371,4,0.14427,9608.0295371,0
1770954000000000,66668.48,66669.97,66662.36,66662.36,0.16459,1770954299999999,10972.006255,4,0.00669,446.019611,0
1770954300000000,66541.32,66541.32,66520.52,66520.52,0.17186,1770954599999999,11433.9924955,8,0.00987,656.7607484,0
1770954600000000,66514.81,66514.82,66416.9,66416.9,0.25876,1770954899999999,17198.7409749,7,0.2349,15611.6973697,0
1770954900000000,66420.38,66473.23,66420.38,66473.23,0.11824,1770955199999999,7856.3784911,3,0.11824,7856.3784911,0
1770955200000000,66518.32,66518.33,66427.89,66427.89,0.0463,1770955499999999,3079.6527496,9,0.04611,3067.0314505,0
1770955500000000,66417.66,66487.33,66400.0,66414.65,0.01372,1770955799999999,911.400921,19,0.01212,805.1582735,0
1770955800000000,66441.12,66466.04,66405.91,66444.22,0.01895,1770956099999999,1259.1826624,29,0.01805,1199.4110119,0
1770956100000000,66490.38,66625.63,66459.68,66625.63,0.01721,1770956399999999,1145.0720357,31,0.01721,1145.0720357,0
1770956400000000,66608.59,66608.59,66414.63,66473.7,0.11459,1770956699999999,7622.6891161,48,0.02951,1961.7026918,0
1770956700000000,66457.09,66479.88,66437.37,66437.37,0.02484,1770956999999999,1650.9058687,47,0.02484,1650.9058687,0
1770957000000000,66417.56,66417.6,66348.06,66384.63,0.02582,1770957299999999,1714.0060735,58,0.02582,1714.0060735,0
1770957300000000,66384.63,66438.4,66370.75,66395.52,0.02033,1770957599999999,1350.1138158,46,0.02033,1350.1138158,0
1770957600000000,66400.13,66400.13,66312.9,66326.17,0.0205,1770957899999999,1360.5602363,48,0.02035,1350.6112298,0
1770957900000000,66325.79,66340.18,66292.32,66298.08,0.01849,1770958199999999,1226.1642562,43,0.01786,1184.3807617,0
1770958200000000,66298.07,66378.09,66298.07,66378.08,0.01706,1770958499999999,1131.9377497,43,0.01706,1131.9377497,0
1770958500000000,66378.08,66396.84,66267.9,66283.77,0.19295,1770958799999999,12800.277211,89,0.03519,2334.2635201,0
1770958800000000,66283.77,66406.98,66282.92,66391.79,0.65312,1770959099999999,43318.9867499,200,0.10786,7154.4175225,0
1770959100000000,66377.94,66393.05,66198.53,66237.84,0.34348,1770959399999999,22756.8768004,15,0.01976,1310.3239053,0
1770959400000000,66223.24,66274.62,66223.24,66274.62,0.03416,1770959699999999,2262.4402094,2,0.03416,2262.4402094,0
1770959700000000,66274.62,66274.62,66274.62,66274.62,0.0,1770959999999999,0.0,0,0.0,0.0,0
1770960000000000,66274.62,66274.62,66274.62,66274.62,0.0,1770960299999999,0.0,0,0.0,0.0,0
1770960300000000,66269.11,66271.72,66226.98,66271.72,0.01576,1770960599999999,1044.071585,5,0.01561,1034.1312185,0
1770960600000000,66292.2,66351.85,66292.2,66351.85,0.01002,1770960899999999,664.547287,2,0.01002,664.547287,0
1770960900000000,66357.31,66410.03,66333.5,66353.0,0.01262,1770961199999999,837.4908164,9,0.01241,823.5447248,0
1770961200000000,66350.27,66425.6,66333.49,66425.59,0.00546,1770961499999999,362.4360717,14,0.00516,342.5349492,0
1770961500000000,66455.81,66455.81,66401.02,66401.02,0.00672,1770961799999999,446.2614606,6,0.00613,407.0793718,0
1770961800000000,66422.48,66422.48,66340.37,66340.37,0.00738,1770962099999999,489.9945909,3,0.00226,149.9292362,0
1770962100000000,66307.07,66307.07,66196.5,66196.5,0.01886,1770962399999999,1249.6078148,9,0.00151,99.956715,0
1770962400000000,66181.02,66199.0,66181.02,66199.0,0.00075,1770962699999999,49.638462,2,0.0006,39.708612,0
1770962700000000,66194.9,66194.9,66194.9,66194.9,0.00145,1770962999999999,95.982605,1,0.00145,95.982605,0
1770963000000000,66194.9,66194.9,66194.9,66194.9,0.0,1770963299999999,0.0,0,0.0,0.0,0
1770963300000000,66212.64,66212.64,66174.39,66174.39,0.00099,1770963599999999,65.5270032,3,0.00099,65.5270032,0
1770963600000000,66195.86,66212.8,66000.0,66007.48,0.06969,1770963899999999,4600.74808,23,0.01873,1236.9192666,0
1770963900000000,66029.1,66081.96,66007.24,66081.96,0.01606,1770964199999999,1060.4479393,15,0.00538,355.270819,0
1770964200000000,66058.04,66071.13,65966.73,66037.55,0.00731,1770964499999999,482.6224139,25,0.00731,482.6224139,0
1770964500000000,66071.47,66084.36,66002.37,66002.37,0.01844,1770964799999999,1217.8370042,19,0.01068,705.5056951,0
1770964800000000,66031.51,66061.48,65992.58,66051.95,0.00991,1770965099999999,654.3339253,11,0.00195,128.7913145,0
1770965100000000,66028.95,66105.64,66013.25,66078.46,0.00324,1770965399999999,214.0232674,10,0.00324,214.0232674,0
1770965400000000,66072.97,66177.0,66072.97,66147.24,0.00247,1770965699999999,163.3590874,8,0.00238,157.4051239,0
1770965700000000,66222.94,66305.12,66222.94,66305.12,0.00713,1770965999999999,472.6366093,3,0.00713,472.6366093,0
1770966000000000,66329.67,66329.67,66326.06,66326.06,0.04088,1770966299999999,2711.4109212,9,0.00044,29.1850548,0
1770966300000000,66402.32,66644.94,66402.32,66644.94,0.22552,1770966599999999,14999.657192,18,0.22552,14999.657192,0
1770966600000000,66404.59,66501.92,66404.59,66478.04,0.03039,1770966899999999,2019.9341728,12,0.02994,1990.0178218,0
1770966900000000,66482.13,66482.13,66409.7,66412.63,0.01196,1770967199999999,794.6539656,6,0.00989,657.154083,0
1770967200000000,66416.44,66416.44,66380.81,66404.28,0.278,1770967499999999,18455.9422597,7,0.27785,18445.9797937,0
1770967500000000,66425.31,66439.51,66425.31,66439.51,0.10756,1770967799999999,7146.2315656,2,0.0,0.0,0
1770967800000000,66358.96,66358.96,66323.21,66323.21,0.1521,1770968099999999,10091.0455626,4,0.05243,3478.6009979,0
1770968100000000,66276.99,66276.99,66170.04,66170.04,0.00135,1770968399999999,89.4489255,3,0.00105,69.5908395,0
1770968400000000,66096.98,66096.98,66096.98,66096.98,0.00273,1770968699999999,180.4447554,1,0.00273,180.4447554,0
1770968700000000,66078.78,66078.78,66078.78,66078.78,0.00021,1770968999999999,13.8765438,1,0.00021,13.8765438,0
1770969000000000,66260.55,66260.55,66260.55,66260.55,0.00754,1770969299999999,499.604547,1,0.00754,499.604547,0
1770969300000000,66260.55,66260.55,66260.55,66260.55,0.0,1770969599999999,0.0,0,0.0,0.0,0
1770969600000000,66187.21,66187.21,66187.21,66187.21,0.00036,1770969899999999,23.8273956,2,0.00021,13.8993141,0
1770969900000000,66341.09,66341.09,66307.03,66307.03,0.0003,1770970199999999,19.897218,2,0.0,0.0,0
1770970200000000,66278.99,66312.57,66215.98,66234.07,0.10523,1770970499999999,6968.308879,16,0.00257,170.297836,0
1770970500000000,66226.06,66260.47,66171.8,66260.47,0.03421,1770970799999999,2265.5246411,33,0.03421,2265.5246411,0
1770970800000000,66300.82,66381.65,66229.73,66260.76,0.00987,1770971099999999,654.4109968,36,0.00972,644.4704188,0
1770971100000000,66260.76,66397.17,66260.76,66375.64,0.09985,1770971399999999,6626.2903551,36,0.01028,682.0916319,0
1770971400000000,66358.89,66428.85,66342.59,66400.14,0.01095,1770971699999999,726.6601606,16,0.00945,627.1295056,0
1770971700000000,66466.67,66474.77,66400.14,66400.15,0.0736,1770971999999999,4891.8725535,12,0.02524,1677.2584731,0
1770972000000000,66429.75,66443.58,66366.02,66434.65,0.04643,1770972299999999,3084.1373777,26,0.0123,816.9007115,0
1770972300000000,66490.87,66675.76,66490.87,66645.18,0.08018,1770972599999999,5342.9606872,32,0.00711,473.4092814,0
1770972600000000,66620.73,66644.92,66565.88,66636.47,0.08629,1770972899999999,5747.8273803,41,0.01453,967.7427968,0
1770972900000000,66616.61,66658.71,66530.49,66606.52,0.06218,1770973199999999,4139.9035633,43,0.01436,956.277207,0
1770973200000000,66627.28,66667.58,66586.36,66657.04,0.10806,1770973499999999,7203.2286579,23,0.09393,6261.7717655,0
1770973500000000,66670.31,66759.87,66595.75,66737.88,0.06739,1770973799999999,4490.9859217,21,0.0131,873.7659171,0
1770973800000000,66706.97,66817.0,66613.18,66666.0,0.06629,1770974099999999,4423.8535138,29,0.02111,1408.695733,0
1770974100000000,66632.34,66740.62,66612.0,66638.59,0.06965,1770974399999999,4645.1441402,20,0.00675,450.0545616,0
1770974400000000,66666.84,66740.1,66666.84,66740.1,0.11153,1770974699999999,7438.7683892,4,0.09318,6215.4318752,0
1770974700000000,66777.72,66777.72,66745.36,66745.36,0.02396,1770974999999999,1599.3808059,4,0.00492,328.5463824,0
1770975000000000,66740.94,66858.51,66740.94,66845.93,0.00336,1770975299999999,224.5380507,5,0.00321,214.5132372,0
1770975300000000,66838.77,67397.93,66782.21,66844.76,1.08595,1770975599999999,72811.8084921,51,1.06474,71394.8462274,0
1770975600000000,66810.15,66870.53,66794.77,66843.07,0.06356,1770975899999999,4248.8831364,15,0.01975,1319.7325717,0
1770975900000000,66852.27,66992.59,66852.27,66962.32,0.00204,1770976199999999,136.5003783,3,0.00189,126.4560303,0
1770976200000000,66962.32,66962.32,66962.32,66962.32,0.0,1770976499999999,0.0,0,0.0,0.0,0
1770976500000000,66940.37,66940.37,66903.74,66918.41,0.19974,1770976799999999,13364.7333367,27,0.11473,7676.1799415,0
1770976800000000,66906.21,66918.43,66810.08,66810.08,0.0766,1770977099999999,5121.0185231,10,0.0,0.0,0
1770977100000000,66810.08,66847.83,66787.75,66795.21,0.01916,1770977399999999,1280.2403986,10,0.00387,258.5273615,0
1770977400000000,66805.81,66870.45,66795.21,66866.06,0.08064,1770977699999999,5387.1654118,24,0.08064,5387.1654118,0
1770977700000000,66850.12,67048.04,66850.12,67048.04,0.13371,1770977999999999,8945.530474,33,0.13371,8945.530474,0
1770978000000000,66959.18,66959.18,66783.56,66785.04,0.46981,1770978299999999,31396.8602402,79,0.29265,19554.5650739,0
1770978300000000,66788.19,66865.84,66788.19,66865.84,0.0626,1770978599999999,4185.2024903,16,0.0626,4185.2024903,0
1770978600000000,66877.04,66929.41,66818.08,66929.41,0.36483,1770978899999999,24389.8247429,81,0.31369,20970.7914559,0
1770978900000000,66944.5,67003.63,66915.74,66919.0,0.0497,1770979199999999,3327.8976393,31,0.04332,2900.7921124,0
1770979200000000,66913.14,67041.97,66913.14,66978.15,0.37957,1770979499999999,25421.1186283,42,0.14083,9429.4186784,0
1770979500000000,67002.6,67016.74,66938.31,66987.25,0.29242,1770979799999999,19584.258995,53,0.21632,14485.9155456,0
1770979800000000,66987.51,67061.44,66945.11,66995.28,0.03336,1770980099999999,2235.019837,19,0.02003,1341.9662357,0
1770980100000000,67005.29,67012.45,66940.59,66957.67,0.0532,1770980399999999,3563.2370714,21,0.0532,3563.2370714,0
1770980400000000,66933.97,66933.97,66811.05,66889.03,0.12052,1770980699999999,8056.6548824,42,0.0937,6262.8661804,0
1770980700000000,66906.43,66976.69,66861.18,66871.22,0.10636,1770980999999999,7117.0552962,55,0.06452,4317.2370035,0
1770981000000000,66871.22,66892.56,66814.1,66841.9,0.07818,1770981299999999,5226.0399367,54,0.06709,4484.6593301,0
1770981300000000,66841.9,66913.06,66826.59,66886.27,0.21069,1770981599999999,14090.36288,64,0.14182,9484.4552587,0
1770981600000000,66930.63,66931.33,66847.18,66864.52,0.05992,1770981899999999,4008.7340413,38,0.05418,3624.6806863,0
1770981900000000,66853.32,66967.33,66853.32,66941.5,0.08538,1770982199999999,5713.844842,48,0.06243,4178.6230504,0
1770982200000000,66958.84,66961.99,66765.53,66807.34,0.14274,1770982499999999,9539.5138799,72,0.06706,4481.7744315,0
1770982500000000,66817.74,66963.78,66817.54,66912.73,0.1131,1770982799999999,7561.4953385,70,0.09908,6624.4353638,0
1770982800000000,66928.94,66995.74,66893.67,66947.77,0.14614,1770983099999999,9780.2126268,76,0.14451,9671.0805082,0
1770983100000000,66970.65,67036.57,66928.26,66968.55,0.29292,1770983399999999,19617.9034223,123,0.27971,18733.4662091,0
1770983400000000,66968.55,67035.04,66961.38,67005.04,0.0598,1770983699999999,4005.3511105,39,0.03455,2314.1893047,0
1770983700000000,67011.96,67174.11,67011.96,67124.4,0.22685,1770983999999999,15225.9100366,41,0.14197,9526.5571217,0
1770984000000000,67117.6,67155.29,66966.22,66998.55,0.36161,1770984299999999,24250.5627398,114,0.33774,22649.9328569,0
1770984300000000,67016.76,67026.79,66912.86,66991.41,0.15199,1770984599999999,10176.0345088,63,0.14523,9723.2825314,0
1770984600000000,66987.32,67030.74,66945.09,66945.09,0.1504,1770984899999999,10073.9834635,70,0.09159,6134.4358008,0
1770984900000000,66945.08,66999.72,66877.7,66964.17,0.43604,1770985199999999,29179.2089768,105,0.39344,26327.6878049,0
1770985200000000,66982.41,67049.56,66965.96,66965.96,0.15661,1770985499999999,10490.8820419,52,0.1359,9103.7023882,0
1770985500000000,67055.8,67082.46,67018.88,67058.01,0.47578,1770985799999999,31897.6228389,101,0.45819,30717.9104838,0
1770985800000000,67058.01,67058.01,67004.65,67041.17,0.07713,1770986099999999,5170.2581355,27,0.06672,4472.3679656,0
1770986100000000,67006.78,67108.25,67004.4,67027.44,0.22005,1770986399999999,14758.0582405,72,0.21338,14310.8063144,0
1770986400000000,67040.6,67081.08,67011.6,67057.69,0.18849,1770986699999999,12636.6572371,63,0.15443,10352.4418157,0
1770986700000000,67051.16,67077.87,66975.86,66975.86,0.17123,1770986999999999,11475.5504671,37,0.10223,6849.7350699,0
1770987000000000,67079.59,67153.05,67009.88,67136.23,0.12574,1770987299999999,8435.2378709,22,0.11146,7477.3413257,0
1770987300000000,67150.77,67155.25,67023.09,67053.54,0.04868,1770987599999999,3265.2976671,21,0.0188,1261.0784828,0
1770987600000000,67068.24,67139.6,67068.24,67102.86,0.24343,1770987899999999,16334.7925076,55,0.24343,16334.7925076,0
1770987900000000,67117.69,67117.69,66933.74,66933.76,0.10257,1770988199999999,6873.5061698,33,0.07694,5155.9840737,0
1770988200000000,66934.38,66935.65,66933.75,66933.75,0.07167,1770988499999999,4797.2130287,17,0.07167,4797.2130287,0
1770988500000000,66933.8,67056.52,66933.8,67054.61,0.08084,1770988799999999,5417.3406177,14,0.04773,3198.5399273,0
1770988800000000,67037.14,67233.44,67033.94,67167.63,0.56961,1770989099999999,38241.1566942,86,0.54691,36716.6456907,0
1770989100000000,67196.51,67373.4,67186.17,67344.75,0.26729,1770989399999999,17977.8089516,57,0.23017,15480.5870696,0
1770989400000000,67329.55,67563.51,67271.3,67519.19,0.31716,1770989699999999,21383.7686134,88,0.16109,10863.3347681,0
1770989700000000,67400.56,67400.56,67274.87,67326.16,0.19752,1770989999999999,13308.2550977,16,0.01104,743.434638,0
1770990000000000,67224.36,67327.57,67170.95,67275.82,0.16997,1770990299999999,11433.1733415,32,0.12971,8726.3430468,0
1770990300000000,67236.21,67242.55,67071.6,67207.67,0.17396,1770990599999999,11684.4223575,46,0.12456,8367.7088126,0
1770990600000000,67213.13,67362.15,67213.13,67314.41,0.1944,1770990899999999,13082.6569096,49,0.1944,13082.6569096,0
1770990900000000,67363.78,67396.5,67226.65,67282.52,0.69686,1770991199999999,46885.078995,114,0.61084,41097.4936978,0
1770991200000000,67226.06,67252.75,67149.07,67149.07,0.42444,1770991499999999,28535.6555748,52,0.4095,27531.9828145,0
1770991500000000,67106.61,67187.93,67082.06,67182.92,0.04396,1770991799999999,2950.64769,21,0.0221,1483.194193,0
1770991800000000,67214.72,67239.14,67109.16,67109.16,0.08665,1770992099999999,5819.3928162,44,0.0419,2813.2064876,0
1770992100000000,67128.91,67296.59,67128.91,67280.61,0.06708,1770992399999999,4511.8867817,21,0.05053,3400.2797192,0
1770992400000000,67297.79,67297.79,67177.59,67177.59,0.32503,1770992699999999,21851.365767,64,0.32488,21841.275708,0
1770992700000000,67174.96,67343.72,67173.4,67246.28,0.12558,1770992999999999,8449.1349233,37,0.09266,6234.3229103,0
1770993000000000,67239.16,67555.37,67168.97,67485.97,0.53319,1770993299999999,35888.0174646,141,0.41986,28251.83393,0
1770993300000000,67482.98,67554.03,67264.38,67383.17,0.15309,1770993599999999,10311.9751834,59,0.09888,6659.4494185,0
1770993600000000,67289.12,67289.12,66833.56,67190.8,0.48094,1770993899999999,32230.795465,144,0.29971,20081.9949839,0
1770993900000000,67320.34,67972.4,67320.34,67874.46,0.15361,1770994199999999,10416.5780605,58,0.05748,3900.2554228,0
1770994200000000,67831.78,67908.26,67630.02,67648.91,0.09738,1770994499999999,6594.4659093,48,0.05544,3753.9746801,0
1770994500000000,67744.39,67817.98,67650.1,67696.84,0.04436,1770994799999999,3003.5020758,21,0.0202,1368.0607243,0
1770994800000000,67783.76,68004.08,67695.66,67852.96,0.14176,1770995099999999,9613.5352237,53,0.03886,2636.9031008,0
1770995100000000,67804.75,68174.21,67695.66,68152.95,0.14069,1770995399999999,9563.4253475,55,0.09804,6661.0202435,0
1770995400000000,68208.11,68520.39,68152.02,68329.85,0.88234,1770995699999999,60306.5693825,179,0.80439,54976.6122087,0
1770995700000000,68355.1,68536.92,68186.97,68186.97,0.6062,1770995999999999,41451.6058777,165,0.48174,32940.5351469,0
1770996000000000,68180.4,68348.7,68128.05,68222.98,0.04448,1770996299999999,3033.2837239,25,0.02525,1721.5479799,0
1770996300000000,68396.86,68868.46,68396.86,68837.95,0.21962,1770996599999999,15056.4656099,44,0.09036,6201.9096274,0
1770996600000000,68899.54,69200.98,68877.03,69066.46,0.21844,1770996899999999,15087.9497775,71,0.1505,10398.6020637,0
1770996900000000,69011.16,69258.95,68936.92,68936.92,0.54141,1770997199999999,37381.7022563,125,0.44294,30579.2823995,0
1770997200000000,68928.01,68945.29,68715.6,68715.6,0.28332,1770997499999999,19498.2416024,75,0.21705,14937.6124138,0
1770997500000000,68745.62,68745.62,68353.22,68353.68,1.30743,1770997799999999,89555.6360276,213,1.08596,74380.5913224,0
1770997800000000,68547.72,68664.85,68547.66,68588.96,0.12381,1770998099999999,8495.0807197,35,0.10398,7134.2414245,0
1770998100000000,68655.57,68662.62,68539.49,68655.15,0.34436,1770998399999999,23613.5496239,34,0.14146,9704.8608708,0
1770998400000000,68648.58,68725.28,68510.6,68702.51,0.30124,1770998699999999,20677.884272,69,0.27416,18818.9929751,0
1770998700000000,68764.38,69101.92,68759.65,69026.42,0.82042,1770998999999999,56582.5837063,89,0.72655,50108.2577129,0
1770999000000000,68986.75,69017.16,68779.53,69006.6,0.38989,1770999299999999,26872.480419,73,0.31793,21913.1368204,0
1770999300000000,69022.16,69120.8,68957.0,68957.0,0.43286,1770999599999999,29882.0637323,99,0.38258,26411.468925,0
1770999600000000,68934.67,69002.61,68819.16,68857.9,0.24029,1770999899999999,16551.6898498,59,0.18342,12634.891518,0
1770999900000000,68924.14,69097.26,68924.14,69030.64,0.11612,1771000199999999,8017.0887106,34,0.10035,6928.2947156,0
1771000200000000,69019.41,69393.69,68974.1,69121.86,0.1111,1771000499999999,7688.0932626,39,0.08748,6053.8837494,0
1771000500000000,69180.23,69348.96,69180.23,69322.01,0.04201,1771000799999999,2909.921314,23,0.03053,2115.0627388,0
1771000800000000,69327.81,69327.81,69180.63,69206.42,0.03741,1771001099999999,2589.9206283,19,0.02511,1738.3791181,0
1771001100000000,69235.39,69235.39,68993.12,69010.69,0.11583,1771001399999999,7995.516446,32,0.10599,7315.0589855,0
1771001400000000,69010.69,69143.34,68986.02,69143.34,0.05175,1771001699999999,3574.1409116,19,0.04334,2993.7610087,0
1771001700000000,69130.3,69145.93,68894.29,68894.29,0.11102,1771001999999999,7654.5277369,33,0.08669,5975.2077235,0
1771002000000000,68886.81,69005.76,68822.33,68881.96,0.27423,1771002299999999,18888.9897259,60,0.21585,14866.7825599,0
1771002300000000,68881.84,68934.22,68593.56,68593.56,0.7464,1771002599999999,51365.749127,149,0.63104,43428.0341043,0
1771002600000000,68656.22,68907.84,68656.22,68907.84,0.06058,1771002899999999,4164.5523005,27,0.03043,2091.9853697,0
1771002900000000,68936.05,69033.47,68824.67,68903.42,0.38694,1771003199999999,26665.0759763,76,0.32862,22646.4849754,0
1771003200000000,68907.82,69099.64,68903.41,68993.41,1.20114,1771003499999999,82888.1728612,159,1.17086,80797.8387563,0
1771003500000000,68976.32,69007.17,68870.9,68986.57,0.34703,1771003799999999,23933.970126,71,0.27823,19191.5508254,0
1771003800000000,68965.59,69110.95,68965.59,69053.8,0.1293,1771004099999999,8924.3203857,32,0.12418,8570.7305083,0
1771004100000000,69066.85,69066.85,69002.54,69027.34,0.0724,1771004399999999,4997.4663522,20,0.05682,3922.1975811,0
1771004400000000,69196.56,69196.95,69119.62,69119.62,0.02398,1771004699999999,1658.5870729,11,0.00686,474.6712792,0
1771004700000000,69198.88,69198.88,69004.75,69083.41,0.04121,1771004999999999,2847.1918021,19,0.03474,2400.6509775,0
1771005000000000,69127.83,69127.83,69028.76,69038.14,0.1079,1771005299999999,7454.4878104,24,0.1079,7454.4878104,0
1771005300000000,69002.71,69002.71,69002.71,69002.71,0.02884,1771005599999999,1990.0381564,6,0.02884,1990.0381564,0
1771005600000000,69005.63,69005.63,68873.18,68924.1,0.00798,1771005899999999,549.9459045,5,0.00056,38.587906,0
1771005900000000,68991.64,69157.43,68953.05,69091.25,0.00602,1771006199999999,415.7037691,5,0.00602,415.7037691,0
1771006200000000,69144.98,69144.98,68986.28,68986.28,0.04883,1771006499999999,3373.1797301,21,0.00789,545.2232411,0
1771006500000000,68978.65,69051.0,68905.74,68905.74,0.2981,1771006799999999,20562.3073112,52,0.26777,18470.2303357,0
1771006800000000,69037.39,69097.48,69037.39,69059.43,0.01046,1771007099999999,722.4743413,6,0.00299,206.5894472,0
1771007100000000,69037.39,69065.43,68970.98,68970.98,0.05505,1771007399999999,3798.8956015,16,0.03211,2216.0274282,0
1771007400000000,69000.1,69094.67,69000.1,69022.91,0.04635,1771007699999999,3200.3160932,15,0.01932,1334.3258425,0
1771007700000000,69008.6,69231.32,69008.6,69231.32,0.01135,1771007999999999,784.8673108,9,0.00261,180.3048784,0
1771008000000000,69205.74,69241.51,69205.74,69241.51,0.00384,1771008299999999,265.8697044,3,0.00384,265.8697044,0
1771008300000000,69350.18,69357.69,69156.61,69156.61,0.11671,1771008599999999,8087.7735968,35,0.02434,1687.3232818,0
1771008600000000,69212.46,69212.46,69194.23,69194.23,0.01429,1771008899999999,988.9548536,4,0.0,0.0,0
1771008900000000,69168.18,69168.18,69073.93,69116.96,0.01388,1771009199999999,959.7682788,4,0.00525,362.8600804,0
1771009200000000,69120.23,69120.23,69069.07,69095.32,0.01218,1771009499999999,841.3706861,7,0.01204,831.6938539,0
1771009500000000,69095.32,69095.32,69095.32,69095.32,0.0,1771009799999999,0.0,0,0.0,0.0,0
1771009800000000,69083.95,69118.34,69083.95,69101.08,0.00637,1771010099999999,440.1969004,4,0.00637,440.1969004,0
1771010100000000,69052.93,69150.64,69052.93,69150.64,0.04428,1771010399999999,3059.6616238,10,0.02195,1517.4718306,0
1771010400000000,69189.62,69189.62,69179.61,69187.8,0.03161,1771010699999999,2186.928324,6,0.00278,192.3471436,0
1771010700000000,69175.32,69175.32,69129.47,69130.18,0.00625,1771010999999999,432.0751384,4,0.00625,432.0751384,0
1771011000000000,68951.13,69034.81,68950.18,68975.19,0.04499,1771011299999999,3104.4851746,14,0.00045,31.0560435,0
1771011300000000,69017.19,69084.81,68966.6,68997.56,0.02904,1771011599999999,2004.0396736,31,0.00658,454.2689365,0
1771011600000000,68986.97,69040.23,68901.24,68915.78,0.01829,1771011899999999,1260.9987959,40,0.01133,781.3257555,0
1771011900000000,68920.29,69005.07,68920.29,68970.92,0.17044,1771012199999999,11751.7397413,49,0.16104,11103.5101013,0
1771012200000000,69033.82,69033.82,69027.41,69027.41,0.00167,1771012499999999,115.2770567,2,0.00167,115.2770567,0
1771012500000000,69026.0,69042.61,68953.77,68969.11,0.08045,1771012799999999,5550.6928723,13,0.07555,5212.7948553,0
1771012800000000,68901.73,68957.47,68839.48,68871.7,0.34883,1771013099999999,24020.616546,53,0.28176,19401.8800843,0
1771013100000000,68899.15,68936.46,68894.65,68905.81,0.0536,1771013399999999,3693.2433068,18,0.02001,1378.8262765,0
1771013400000000,68909.56,68924.09,68783.73,68783.73,0.23729,1771013699999999,16333.8566151,63,0.22077,15196.881653,0
1771013700000000,68787.88,68849.34,68687.15,68746.73,0.0644,1771013999999999,4429.1718718,28,0.04099,2818.9293765,0
1771014000000000,68825.05,68850.18,68781.25,68850.18,0.09494,1771014299999999,6534.9991394,22,0.07019,4832.3989869,0
1771014300000000,68859.61,68859.61,68724.87,68756.71,0.41376,1771014599999999,28447.9195436,67,0.20479,14079.8114205,0
1771014600000000,68763.3,68924.6,68763.3,68805.97,0.01966,1771014899999999,1354.0274797,10,0.00311,214.1129306,0
1771014900000000,68827.61,68827.61,68703.99,68720.57,0.04845,1771015199999999,3330.3370343,13,0.02874,1975.838494,0
1771015200000000,68798.23,68811.66,68755.54,68811.65,0.01863,1771015499999999,1281.3698774,9,0.00143,98.3814334,0
1771015500000000,68776.14,68776.14,68776.14,68776.14,0.00127,1771015799999999,87.3456978,1,0.00127,87.3456978,0
1771015800000000,68807.04,68807.04,68746.71,68746.71,0.0013,1771016099999999,89.3960757,4,0.00119,81.8307003,0
1771016100000000,68719.43,68758.68,68663.01,68748.44,0.14271,1771016399999999,9802.6284847,34,0.10574,7261.5604818,0
1771016400000000,68729.3,68859.92,68720.17,68859.92,0.01949,1771016699999999,1339.951734,7,0.00351,241.6983192,0
1771016700000000,68896.31,68942.25,68896.31,68928.06,0.00678,1771016999999999,467.1605333,6,0.00678,467.1605333,0
1771017000000000,69001.77,69001.77,68928.06,68973.11,0.07777,1771017299999999,5362.3390026,21,0.0674,4647.4040147,0
1771017300000000,68973.39,69039.06,68899.19,68899.19,0.14945,1771017599999999,10309.8323178,37,0.14945,10309.8323178,0
1771017600000000,68876.05,68930.59,68850.07,68907.52,0.10134,1771017899999999,6979.3061153,41,0.08773,6041.7119669,0
1771017900000000,68905.88,68989.93,68886.0,68886.0,0.10185,1771018199999999,7020.9324218,28,0.05241,3613.2828115,0
1771018200000000,68893.16,68893.16,68843.91,68843.91,0.19938,1771018499999999,13728.5138356,35,0.19353,13325.4929664,0
1771018500000000,68812.69,68823.35,68794.7,68823.35,0.03812,1771018799999999,2622.8317543,13,0.02909,2001.5959711,0
1771018800000000,68820.8,68877.45,68820.8,68859.86,0.19138,1771019099999999,13175.315683,42,0.18594,12800.7992638,0
1771019100000000,68905.1,68905.1,68779.98,68876.0,0.4144,1771019399999999,28525.0508933,58,0.37739,25976.7724891,0
1771019400000000,68873.56,68873.56,68777.82,68781.86,0.03342,1771019699999999,2300.5198203,20,0.01431,985.0419538,0
1771019700000000,68768.51,68870.01,68768.51,68870.01,0.0884,1771019999999999,6082.2100962,20,0.0884,6082.2100962,0
1771020000000000,68868.84,68883.66,68835.51,68848.88,0.06386,1771020299999999,4397.6325956,29,0.03068,2112.7071118,0
1771020300000000,68895.84,68922.77,68863.28,68863.28,0.16049,1771020599999999,11057.5558113,41,0.15429,10630.3676188,0
1771020600000000,68927.52,68949.23,68782.69,68782.69,0.63318,1771020899999999,43607.5093186,95,0.55592,38287.0749837,0
1771020900000000,68728.18,68805.69,68728.18,68763.96,0.28711,1771021199999999,19740.7969086,48,0.27671,19025.5331248,0
1771021200000000,68773.68,68857.56,68756.02,68790.85,0.12814,1771021499999999,8814.4308633,35,0.1002,6891.6374724,0
1771021500000000,68816.23,68838.13,68812.78,68838.13,0.10959,1771021799999999,7541.433108,9,0.10462,7199.4335914,0
1771021800000000,68834.79,68853.99,68814.59,68814.59,0.3784,1771022099999999,26047.0323735,39,0.17779,12238.0634805,0
1771022100000000,68829.23,68829.23,68773.3,68773.3,0.32227,1771022399999999,22172.0478185,49,0.31714,21818.9899736,0
1771022400000000,68831.04,68866.6,68831.04,68866.6,0.00046,1771022699999999,31.6654788,2,0.00046,31.6654788,0
1771022700000000,68806.57,68806.57,68806.57,68806.57,8e-05,1771022999999999,5.5045256,1,0.0,0.0,0
1771023000000000,68935.3,68978.12,68893.66,68964.61,0.13829,1771023299999999,9532.122702,34,0.13829,9532.122702,0
1771023300000000,68915.52,68936.83,68846.55,68908.51,0.06744,1771023599999999,4645.5476266,20,0.04419,3044.1251532,0
1771023600000000,68925.64,68928.18,68912.69,68925.99,0.0106,1771023899999999,730.6123721,8,0.01035,713.3803271,0
1771023900000000,68927.37,68951.28,68856.11,68951.28,0.06024,1771024199999999,4149.0833088,18,0.03203,2205.8863464,0
1771024200000000,68912.45,68915.99,68876.37,68911.72,0.10509,1771024499999999,7240.2124869,26,0.10509,7240.2124869,0
1771024500000000,68929.26,68929.26,68888.35,68888.35,0.0217,1771024799999999,1495.4212271,12,0.0217,1495.4212271,0
1771024800000000,68845.93,68870.7,68845.93,68870.7,0.02523,1771025099999999,1737.5763031,7,0.02523,1737.5763031,0
1771025100000000,68895.01,68929.58,68881.29,68881.79,0.46072,1771025399999999,31740.3850508,62,0.43426,29917.0642059,0
1771025400000000,68938.92,68952.64,68916.47,68935.74,0.18636,1771025699999999,12846.5511701,26,0.17512,12071.7125879,0
1771025700000000,68935.72,68935.72,68835.17,68883.08,0.40645,1771025999999999,27986.4090787,44,0.38637,26603.0270031,0
1771026000000000,68883.08,68883.31,68830.17,68830.17,0.08506,1771026299999999,5856.6099007,13,0.0663,4565.0732103,0
1771026300000000,68847.98,68916.71,68842.71,68859.93,0.25859,1771026599999999,17813.0513967,62,0.24027,16551.4404371,0
1771026600000000,68867.19,68883.14,68794.55,68834.47,0.63358,1771026899999999,43627.7741548,55,0.59617,41052.170609,0
1771026900000000,68871.27,68911.42,68811.29,68811.29,0.16454,1771027199999999,11331.426851,43,0.13706,9439.4643869,0
1771027200000000,68811.48,68871.52,68796.9,68830.82,0.37131,1771027499999999,25553.9618812,64,0.37105,25536.063398,0
1771027500000000,68848.95,68848.95,68790.8,68790.8,0.12854,1771027799999999,8849.5244558,30,0.12351,8503.2142373,0
1771027800000000,68782.3,68800.57,68753.94,68787.76,0.1899,1771028099999999,13062.0439677,42,0.1899,13062.0439677,0
1771028100000000,68837.49,68843.51,68779.2,68779.2,0.01786,1771028399999999,1229.0599994,11,0.01153,793.6335641,0
1771028400000000,68787.99,68787.99,68759.33,68777.59,0.01038,1771028699999999,713.9381447,4,0.01013,696.7454247,0
1771028700000000,68755.15,68818.35,68755.15,68818.34,0.01113,1771028999999999,765.8780359,10,0.01113,765.8780359,0
1771029000000000,68901.5,68969.37,68881.34,68930.69,0.01866,1771029299999999,1286.1976266,22,0.01866,1286.1976266,0
1771029300000000,68913.54,68945.69,68913.41,68913.62,0.02626,1771029599999999,1809.8624691,34,0.02626,1809.8624691,0
1771029600000000,68913.41,69004.28,68913.41,68993.96,0.04981,1771029899999999,3434.1183371,43,0.03931,2710.181041,0
1771029900000000,68992.08,69063.54,68950.62,69052.62,0.01949,1771030199999999,1344.9732841,28,0.01949,1344.9732841,0
1771030200000000,69035.08,69111.26,69015.12,69111.0,0.02214,1771030499999999,1529.0639584,23,0.0208,1436.4959276,0
1771030500000000,69056.06,69059.71,69022.27,69027.45,0.02245,1771030799999999,1549.9721905,12,0.00055,37.980833,0
1771030800000000,69010.67,69010.67,68988.63,69008.71,0.01179,1771031099999999,813.5194964,5,0.00163,112.4842114,0
1771031100000000,68998.1,68998.1,68986.48,68995.28,0.00497,1771031399999999,342.912428,4,0.00497,342.912428,0
1771031400000000,68997.94,69017.22,68991.48,69017.22,0.00654,1771031699999999,451.2282172,4,0.0,0.0,0
1771031700000000,69043.88,69051.6,69004.86,69004.86,0.00572,1771031999999999,394.9243674,4,0.00042,29.001672,0
1771032000000000,69043.86,69043.86,68961.44,68961.44,0.02207,1771032299999999,1522.7908072,7,0.0008,55.235088,0
1771032300000000,68987.86,68999.08,68961.47,68979.73,0.02557,1771032599999999,1763.7919792,6,0.02048,1412.5867119,0
1771032600000000,68974.39,69020.92,68938.49,69020.92,0.14227,1771032899999999,9811.2167059,34,0.12162,8386.9823334,0
1771032900000000,68977.65,69001.64,68958.04,68993.13,0.14056,1771033199999999,9696.7879897,33,0.13301,9175.8287821,0
1771033200000000,68994.68,68998.05,68963.73,68965.92,0.07057,1771033499999999,4866.9790007,18,0.06931,4780.0819415,0
1771033500000000,68977.48,68977.48,68945.04,68945.04,0.00828,1771033799999999,570.9343894,8,0.00169,116.5596866,0
1771033800000000,68952.29,68952.29,68952.29,68952.29,0.0366,1771034099999999,2523.653814,4,0.0366,2523.653814,0
1771034100000000,68949.78,68949.78,68949.78,68949.78,0.0003,1771034399999999,20.684934,1,0.0003,20.684934,0
1771034400000000,68900.1,68932.42,68900.1,68932.42,0.01792,1771034699999999,1235.2233942,3,0.01782,1228.3301532,0
1771034700000000,68947.34,68947.34,68947.34,68947.34,0.0001,1771034999999999,6.894734,1,0.0001,6.894734,0
1771035000000000,68964.34,68982.13,68961.09,68961.72,0.05222,1771035299999999,3601.3279765,21,0.0419,2889.6213333,0
1771035300000000,68962.59,68966.63,68909.32,68930.31,0.50434,1771035599999999,34765.1881879,39,0.50434,34765.1881879,0
1771035600000000,68916.55,68934.69,68845.61,68851.46,0.06926,1771035899999999,4770.0669399,22,0.06918,4764.5538343,0
1771035900000000,68845.58,68883.07,68845.58,68869.12,0.09599,1771036199999999,6610.7112632,10,0.09599,6610.7112632,0
1771036200000000,68868.92,68868.92,68867.29,68867.29,0.11623,1771036499999999,8004.4532341,24,0.11125,7661.4860125,0
1771036500000000,68890.54,68890.54,68890.54,68890.54,0.00141,1771036799999999,97.1356614,1,0.00141,97.1356614,0
1771036800000000,68898.42,68898.42,68873.51,68873.51,0.0067,1771037099999999,461.5768368,7,0.00317,218.369862,0
1771037100000000,68895.85,68902.21,68873.87,68873.87,0.00468,1771037399999999,322.3909201,12,0.00453,312.0592951,0
1771037400000000,68863.64,68863.64,68834.3,68834.3,0.00137,1771037699999999,94.3127938,3,0.00122,83.9857678,0
1771037700000000,68874.07,68874.07,68863.71,68863.71,0.00944,1771037999999999,650.119628,2,0.00446,307.1783522,0
1771038000000000,68878.35,68878.35,68878.34,68878.34,0.00459,1771038299999999,316.1516208,2,0.0,0.0,0
1771038300000000,68854.41,68854.41,68850.0,68850.0,0.50723,1771038599999999,34922.8090668,9,0.00519,357.3543879,0
1771038600000000,68883.29,68883.29,68881.68,68881.68,0.00176,1771038899999999,121.2329482,3,0.00176,121.2329482,0
1771038900000000,68881.5,68881.5,68838.17,68847.85,0.00937,1771039199999999,645.1950715,19,0.00937,645.1950715,0
1771039200000000,68861.78,68862.46,68840.61,68862.08,0.01309,1771039499999999,901.2682083,22,0.01309,901.2682083,0
1771039500000000,68879.2,68920.89,68844.21,68910.99,0.06479,1771039799999999,4463.7473459,34,0.06479,4463.7473459,0
1771039800000000,68925.03,68967.45,68918.72,68936.13,0.0073,1771040099999999,503.2083466,11,0.0073,503.2083466,0
1771040100000000,68965.69,68965.69,68900.01,68941.84,0.04097,1771040399999999,2823.021601,13,0.04097,2823.021601,0
1771040400000000,68907.66,68934.44,68907.66,68916.79,0.00689,1771040699999999,474.8479807,16,0.00689,474.8479807,0
1771040700000000,68900.84,68942.97,68881.88,68907.34,0.37905,1771040999999999,26116.4302197,12,0.00895,616.5402197,0
1771041000000000,68907.34,68907.34,68907.34,68907.34,0.0,1771041299999999,0.0,0,0.0,0.0,0
1771041300000000,68943.33,68943.35,68942.83,68943.35,0.01215,1771041599999999,837.6566013,6,0.00226,155.8119152,0
1771041600000000,68984.0,68984.0,68928.51,68928.51,0.00805,1771041899999999,554.9618937,11,0.00805,554.9618937,0
1771041900000000,68928.34,68928.34,68863.26,68863.26,0.02661,1771042199999999,1833.6736366,18,0.00653,450.0262563,0
1771042200000000,68877.72,68877.96,68850.01,68872.76,0.00742,1771042499999999,510.9731911,15,0.007,482.0561827,0
1771042500000000,68875.24,68908.04,68856.47,68891.82,0.00295,1771042799999999,203.2176518,8,0.00175,120.5577284,0
1771042800000000,68891.81,68891.81,68850.01,68864.98,0.02391,1771043099999999,1647.1200846,11,0.00376,258.9501131,0
1771043100000000,68850.02,68902.0,68850.02,68884.69,0.00259,1771043399999999,178.4055852,10,0.00259,178.4055852,0
1771043400000000,68884.61,68912.05,68870.56,68882.81,0.00262,1771043699999999,180.4895134,10,0.00262,180.4895134,0
1771043700000000,68864.79,68876.57,68851.98,68851.98,0.00953,1771043999999999,656.1859773,13,0.00953,656.1859773,0
1771044000000000,68850.01,68850.01,68842.64,68842.64,0.00258,1771044299999999,177.6222348,10,0.00179,123.2307348,0
1771044300000000,68842.64,68842.64,68842.64,68842.64,0.0,1771044599999999,0.0,0,0.0,0.0,0
1771044600000000,68800.0,68800.0,68800.0,68800.0,0.43604,1771044899999999,29999.552,2,0.0,0.0,0
1771044900000000,68777.71,68777.71,68770.0,68770.01,0.00262,1771045199999999,180.1886587,6,0.00167,114.8560037,0
1771045200000000,68770.0,68830.48,68753.74,68830.32,0.03187,1771045499999999,2191.4855338,15,0.00541,372.1821172,0
1771045500000000,68830.32,68830.32,68830.3,68830.3,0.00042,1771045799999999,28.9087298,2,0.00042,28.9087298,0
1771045800000000,68830.3,68830.3,68830.3,68830.3,0.0,1771046099999999,0.0,0,0.0,0.0,0
1771046100000000,68839.4,68864.61,68839.4,68864.61,0.00516,1771046399999999,355.3174381,2,0.00516,355.3174381,0
1771046400000000,68853.15,68888.97,68853.15,68873.72,0.00166,1771046699999999,114.3035065,3,0.00155,106.7273973,0
1771046700000000,68873.73,68873.73,68856.33,68856.33,0.00108,1771046999999999,74.370925,3,0.00094,64.7286042,0
1771047000000000,68839.23,68839.23,68839.23,68839.23,0.00042,1771047299999999,28.9124766,1,0.00042,28.9124766,0
1771047300000000,68789.0,68789.02,68789.0,68789.02,0.00017,1771047599999999,11.694132,2,0.0001,6.878902,0
1771047600000000,68822.33,68827.27,68808.88,68808.89,0.0062,1771047899999999,426.6962722,4,0.00612,421.1915618,0
1771047900000000,68797.17,68815.5,68787.44,68800.69,0.02439,1771048199999999,1677.9256229,9,0.00355,244.2410052,0
1771048200000000,68800.71,68822.48,68751.35,68751.35,0.02183,1771048499999999,1501.3004286,11,0.0011,75.6827861,0
1771048500000000,68761.75,68771.76,68745.31,68762.75,0.00186,1771048799999999,127.8932387,12,0.00186,127.8932387,0
1771048800000000,68745.87,68786.18,68745.87,68767.51,0.00491,1771049099999999,337.6352477,11,0.00491,337.6352477,0
1771049100000000,68769.93,68769.93,68710.27,68724.87,0.0034,1771049399999999,233.781659,11,0.0034,233.781659,0
1771049400000000,68724.85,68768.99,68707.6,68768.8,0.00434,1771049699999999,298.3317906,26,0.00339,233.0595706,0
1771049700000000,68768.77,68842.07,68752.32,68841.74,0.01153,1771049999999999,793.5592826,29,0.01153,793.5592826,0
1771050000000000,68814.57,68831.86,68782.55,68803.07,0.04828,1771050299999999,3322.3285243,25,0.04828,3322.3285243,0
1771050300000000,68845.07,68876.46,68845.07,68866.8,0.00327,1771050599999999,225.1562616,20,0.00327,225.1562616,0
1771050600000000,68849.42,68892.63,68835.96,68859.72,0.05371,1771050899999999,3698.0117795,35,0.05371,3698.0117795,0
1771050900000000,68836.79,68892.63,68822.7,68891.1,0.00386,1771051199999999,265.8017262,20,0.00386,265.8017262,0
1771051200000000,68877.79,68877.79,68867.06,68867.06,0.00343,1771051499999999,236.2183078,20,0.00343,236.2183078,0
1771051500000000,68867.06,68867.06,68867.06,68867.06,0.00372,1771051799999999,256.1854632,22,0.00372,256.1854632,0
1771051800000000,68867.06,68905.02,68867.06,68893.43,0.00522,1771052099999999,359.5873074,33,0.00508,349.9438106,0
1771052100000000,68871.49,68917.79,68871.49,68901.7,0.0073,1771052399999999,502.9594278,34,0.00636,438.1918486,0
1771052400000000,68917.78,68918.74,68890.82,68901.76,0.00293,1771052699999999,201.8799367,24,0.00293,201.8799367,0
1771052700000000,68885.72,68913.14,68884.84,68895.45,0.00227,1771052999999999,156.3954329,21,0.00227,156.3954329,0
1771053000000000,68895.45,68913.23,68871.75,68871.75,0.0025,1771053299999999,172.2167805,22,0.0025,172.2167805,0
1771053300000000,68871.74,68907.32,68871.74,68889.71,0.01079,1771053599999999,743.3112505,36,0.01079,743.3112505,0
1771053600000000,68871.74,68918.34,68867.06,68918.33,0.0408,1771053899999999,2810.400139,52,0.0408,2810.400139,0
1771053900000000,68946.2,68957.68,68906.4,68941.99,0.01021,1771054199999999,703.8069582,69,0.01021,703.8069582,0
1771054200000000,68941.98,68998.76,68924.3,68998.64,0.01466,1771054499999999,1010.7825062,73,0.01466,1010.7825062,0
1771054500000000,68998.52,68998.52,68932.17,68962.86,0.00917,1771054799999999,632.3449495,70,0.00917,632.3449495,0
1771054800000000,68962.86,69162.88,68955.19,69162.6,0.0139,1771055099999999,959.7708364,74,0.0139,959.7708364,0
1771055100000000,69162.58,69221.0,69106.61,69220.97,0.03377,1771055399999999,2335.6455867,72,0.03377,2335.6455867,0
1771055400000000,69206.84,69328.08,69206.84,69280.63,0.05962,1771055699999999,4127.5676205,59,0.05045,3492.5789578,0
1771055700000000,69302.72,69302.72,69205.12,69210.44,0.00636,1771055999999999,440.3645976,37,0.00636,440.3645976,0
1771056000000000,69210.25,69448.1,69210.21,69382.49,0.05177,1771056299999999,3589.4652675,61,0.0401,2780.5874307,0
1771056300000000,69364.44,69740.5,69347.89,69524.76,0.4343,1771056599999999,30237.5922387,95,0.13451,9367.1997542,0
1771056600000000,69513.35,69515.03,69459.97,69515.03,0.05864,1771056899999999,4074.5936971,15,0.05836,4055.1374323,0
1771056900000000,69531.83,69554.44,69531.83,69554.44,0.00973,1771057199999999,676.6835313,2,0.00973,676.6835313,0
1771057200000000,69473.44,69521.42,69433.66,69521.42,0.06024,1771057499999999,4184.0790145,18,0.05996,4164.6298603,0
1771057500000000,69474.09,69474.09,69456.95,69456.95,0.14684,1771057799999999,10200.5052317,8,0.01462,1015.6718177,0
1771057800000000,69580.76,69601.14,69580.76,69601.14,0.01495,1771058099999999,1040.4224654,4,0.01495,1040.4224654,0
1771058100000000,69715.06,69719.45,69685.22,69719.45,0.03172,1771058399999999,2210.5753646,6,0.00053,36.9494208,0
1771058400000000,69634.95,69668.75,69601.14,69649.98,0.03913,1771058699999999,2724.7694266,8,0.0,0.0,0
1771058700000000,69647.48,69811.8,69647.48,69811.8,0.01561,1771058999999999,1088.4940201,8,0.01533,1068.9468645,0
1771059000000000,69715.67,69715.67,69701.22,69701.22,0.00028,1771059299999999,19.5183646,2,0.0,0.0,0
1771059300000000,69743.94,69743.94,69709.15,69718.38,0.00583,1771059599999999,406.4143549,4,0.00052,36.2535576,0
1771059600000000,69719.39,69860.68,69719.39,69822.53,0.14121,1771059899999999,9853.8625959,33,0.10694,7462.9538849,0
1771059900000000,69822.52,69822.52,69756.73,69756.73,0.01114,1771060199999999,777.5965207,19,0.011,767.8213679,0
1771060200000000,69758.77,69758.77,69675.64,69684.69,0.03748,1771060499999999,2612.1051465,25,0.0102,710.9960613,0
1771060500000000,69696.89,69725.0,69614.94,69725.0,0.02279,1771060799999999,1587.9400721,24,0.02279,1587.9400721,0
1771060800000000,69731.6,69731.6,69573.24,69585.99,0.02274,1771061099999999,1584.6140075,21,0.00867,604.2271926,0
1771061100000000,69582.73,69582.73,69553.96,69553.96,0.02594,1771061399999999,1804.6435688,6,0.00046,32.0080558,0
1771061400000000,69616.03,69616.03,69580.27,69591.3,0.00091,1771061699999999,63.3319073,4,0.00091,63.3319073,0
1771061700000000,69598.32,69690.35,69598.32,69686.57,0.00729,1771061999999999,507.6476708,12,0.00508,353.7388066,0
1771062000000000,69686.57,69736.36,69671.19,69700.49,0.00393,1771062299999999,273.8968322,15,0.00393,273.8968322,0
1771062300000000,69729.31,69740.07,69682.02,69682.02,0.00743,1771062599999999,517.8833079,21,0.00743,517.8833079,0
1771062600000000,69690.1,69706.61,69667.43,69691.66,0.00534,1771062899999999,372.1375993,25,0.00534,372.1375993,0
1771062900000000,69693.06,69720.63,69665.01,69700.12,0.03275,1771063199999999,2282.7019567,23,0.01178,821.0503877,0
1771063200000000,69685.08,69685.08,69580.37,69587.5,0.02197,1771063499999999,1528.7803701,12,0.02183,1519.0345375,0
1771063500000000,69602.17,69630.17,69600.37,69630.17,0.0519,1771063799999999,3613.1018887,15,0.02953,2056.1203603,0
1771063800000000,69634.91,69637.63,69620.16,69621.09,0.03099,1771064099999999,2157.539243,15,0.00368,256.2126734,0
1771064100000000,69603.04,69630.63,69600.01,69605.38,0.00699,1771064399999999,486.578537,13,0.00214,148.9715298,0
1771064400000000,69603.25,69606.22,69578.03,69606.22,0.00404,1771064699999999,281.1459069,20,0.00397,276.2738208,0
1771064700000000,69620.26,69620.26,69559.6,69591.49,0.00564,1771064999999999,392.4489833,25,0.00564,392.4489833,0
1771065000000000,69591.49,69627.41,69590.04,69606.28,0.019,1771065299999999,1322.2849633,25,0.00409,284.6974669,0
1771065300000000,69606.28,69641.63,69606.28,69616.76,0.02108,1771065599999999,1467.9012087,39,0.00857,596.7136213,0
1771065600000000,69616.76,69616.76,69581.21,69581.21,0.00963,1771065899999999,670.2632918,45,0.00953,663.3016168,0
1771065900000000,69581.21,69626.59,69581.21,69600.22,0.006,1771066199999999,417.5961376,43,0.006,417.5961376,0
1771066200000000,69600.22,69646.1,69600.19,69600.19,0.02998,1771066499999999,2087.2553436,83,0.02058,1432.8187212,0
1771066500000000,69600.19,69647.25,69600.19,69637.93,0.01481,1771066799999999,1031.0623526,82,0.01481,1031.0623526,0
1771066800000000,69655.09,69748.04,69655.09,69748.04,0.00966,1771067099999999,673.1967111,65,0.00966,673.1967111,0
1771067100000000,69748.04,69829.19,69713.12,69789.85,0.01336,1771067399999999,931.8923766,53,0.01336,931.8923766,0
1771067400000000,69789.85,70121.78,69784.7,70082.4,0.01913,1771067699999999,1338.2296153,61,0.01843,1289.1729405,0
1771067700000000,70035.9,70077.27,69957.85,70051.08,0.06112,1771067999999999,4278.3869057,70,0.05835,4084.5052431,0
1771068000000000,70031.42,70469.66,70012.37,70333.51,0.3773,1771068299999999,26508.7178224,104,0.35888,25212.7489359,0
1771068300000000,70305.29,70305.29,70102.56,70177.74,0.12128,1771068599999999,8516.7561932,76,0.10522,7389.8519571,0
1771068600000000,70177.38,70229.81,70042.78,70159.94,0.0705,1771068899999999,4945.7473322,66,0.03923,2752.7655849,0
1771068900000000,70133.64,70177.71,70097.41,70137.24,0.10725,1771069199999999,7523.0087793,56,0.08026,5630.4337299,0
1771069200000000,70118.48,70293.21,70118.48,70293.21,0.02242,1771069499999999,1574.4379599,35,0.02242,1574.4379599,0
1771069500000000,70269.9,70307.93,70208.0,70261.76,0.04909,1771069799999999,3448.1009378,30,0.04868,3419.2845839,0
1771069800000000,70301.39,70390.89,70301.39,70389.39,0.05206,1771070099999999,3663.6236021,16,0.02845,2002.4355693,0
1771070100000000,70397.35,70525.5,70376.69,70435.49,0.06862,1771070399999999,4834.2109706,26,0.02749,1936.8867616,0
1771070400000000,70511.61,70693.64,70372.0,70425.38,0.27453,1771070699999999,19353.005213,43,0.22211,15662.3277509,0
1771070700000000,70373.75,70413.84,70362.22,70413.84,0.0402,1771070999999999,2830.2969969,16,0.01781,1253.7528663,0
1771071000000000,70442.71,70442.71,70343.47,70390.19,0.01759,1771071299999999,1238.0320128,17,0.01759,1238.0320128,0
1771071300000000,70449.09,70449.09,70289.99,70290.24,0.08863,1771071599999999,6230.4483897,22,0.0716,5033.0699508,0
1771071600000000,70323.69,70434.46,70323.69,70367.08,0.0261,1771071899999999,1836.3665687,17,0.0261,1836.3665687,0
1771071900000000,70379.84,70427.45,70314.74,70324.45,0.04405,1771072199999999,3098.4283209,8,0.00689,485.2167027,0
1771072200000000,70331.38,70331.38,70220.6,70225.83,0.55655,1771072499999999,39123.39847,26,0.02458,1727.1009177,0
1771072500000000,70266.36,70266.36,70006.06,70043.82,0.19387,1771072799999999,13589.6085653,63,0.05032,3526.6206734,0
1771072800000000,70047.49,70102.54,69998.61,70058.74,0.06829,1771073099999999,4783.4705533,20,0.02189,1533.0507016,0
1771073100000000,70087.49,70087.49,69750.28,69827.89,0.18028,1771073399999999,12598.3338646,57,0.04185,2921.6757441,0
1771073400000000,69791.97,69875.37,69679.05,69737.01,0.17795,1771073699999999,12418.6206407,52,0.06445,4498.7368955,0
1771073700000000,69773.01,69809.74,69595.09,69657.93,0.10492,1771073999999999,7308.951318,20,0.07381,5140.3448507,0
1771074000000000,69593.54,69684.84,69413.31,69468.36,0.03044,1771074299999999,2116.6913248,24,0.01406,978.4324818,0
1771074300000000,69504.01,69590.55,69504.01,69571.15,0.01148,1771074599999999,798.7015124,4,0.00518,360.306144,0
1771074600000000,69630.81,69706.77,69600.17,69706.77,0.11173,1771074899999999,7781.7450246,13,0.05642,3930.7722474,0
1771074900000000,69726.65,69726.65,69388.75,69393.94,0.16272,1771075199999999,11304.6427538,31,0.00503,349.5741855,0
1771075200000000,69457.45,69490.19,69191.55,69333.01,0.18775,1771075499999999,13016.9382317,43,0.12993,9008.014118,0
1771075500000000,69368.12,69400.42,69274.23,69286.0,0.04533,1771075799999999,3141.9541792,10,0.02366,1639.5905246,0
1771075800000000,69276.24,69394.39,69276.24,69394.39,0.01112,1771076099999999,771.2803642,4,0.0107,742.1347204,0
1771076100000000,69487.4,69544.92,69415.83,69415.83,0.07653,1771076399999999,5317.9939197,12,0.06231,4330.3488777,0
1771076400000000,69425.24,69425.24,69334.62,69413.01,0.12381,1771076699999999,8587.9317632,23,0.07616,5281.43986,0
1771076700000000,69555.8,69555.8,69473.07,69473.07,0.03154,1771076999999999,2192.4738263,6,0.0,0.0,0
1771077000000000,69502.69,69512.85,69298.61,69321.16,0.41477,1771077299999999,28797.4590782,93,0.04788,3322.2829204,0
1771077300000000,69341.31,69443.04,69341.31,69443.04,0.01582,1771077599999999,1097.6682769,5,0.01582,1097.6682769,0
1771077600000000,69450.03,69472.48,69322.79,69472.48,0.49395,1771077899999999,34277.9222208,113,0.02667,1851.169381,0
1771077900000000,69450.47,69469.04,69205.42,69385.36,1.28707,1771078199999999,89303.4852973,266,0.12348,8568.694573,0
1771078200000000,69377.83,69435.96,69377.83,69435.96,0.03493,1771078499999999,2424.1487434,7,0.03493,2424.1487434,0
1771078500000000,69491.49,69531.26,69469.84,69523.64,0.0175,1771078799999999,1216.2958473,10,0.01661,1154.4461656,0
1771078800000000,69542.53,69608.04,69402.44,69402.44,0.31581,1771079099999999,21964.5372067,29,0.0873,6074.6613533,0
1771079100000000,69419.12,69419.12,69393.43,69393.43,0.00042,1771079399999999,29.1523442,3,0.0,0.0,0
1771079400000000,69523.48,69558.86,69523.48,69553.34,0.00678,1771079699999999,471.4240138,3,0.00664,461.6857734,0
1771079700000000,69564.83,69600.33,69564.83,69600.33,0.00028,1771079999999999,19.4831224,2,0.0,0.0,0
1771080000000000,69603.81,69656.63,69603.81,69656.63,0.0711,1771080299999999,4951.5585462,5,0.0711,4951.5585462,0
1771080300000000,69648.34,69648.34,69599.85,69599.88,0.00592,1771080599999999,412.0380491,3,0.00578,402.2872815,0
1771080600000000,69650.99,69763.34,69650.99,69763.33,0.15053,1771080899999999,10500.9436308,6,0.142,9905.862342,0
1771080900000000,69795.11,69823.57,69596.42,69754.85,0.16505,1771081199999999,11517.5136173,12,0.01931,1348.2324309,0
1771081200000000,69688.28,69754.85,69688.28,69751.74,0.02337,1771081499999999,1630.1239828,7,0.02323,1620.362158,0
1771081500000000,69731.53,69748.89,69725.74,69725.74,0.01494,1771081799999999,1041.7505636,8,0.01466,1022.2219986,0
1771081800000000,69746.32,69746.32,69622.45,69622.45,0.00678,1771082099999999,472.1305326,5,0.00138,96.0790086,0
1771082100000000,69602.39,69738.72,69562.35,69738.72,0.00916,1771082399999999,638.7239422,5,0.0002,13.920478,0
1771082400000000,69771.07,69889.51,69771.07,69889.51,0.05297,1771082699999999,3698.1509901,4,0.05283,3688.3830403,0
1771082700000000,69970.49,70012.71,69849.51,69849.51,0.02681,1771082999999999,1875.2533582,14,0.01815,1270.256327,0
1771083000000000,69898.65,69917.67,69898.65,69917.67,0.00883,1771083299999999,617.2773555,2,0.00503,351.5902095,0
1771083300000000,69845.02,69845.02,69816.86,69816.86,0.00028,1771083599999999,19.5526632,2,0.0,0.0,0
1771083600000000,69826.23,69842.41,69788.3,69842.41,0.00746,1771083899999999,521.0056229,4,0.00732,511.2352609,0
1771083900000000,69821.01,69860.84,69803.53,69821.6,0.04307,1771084199999999,3007.458879,9,0.01514,1057.0270332,0
1771084200000000,69821.6,69834.45,69748.71,69748.71,0.05509,1771084499999999,3846.4798154,18,0.0088,614.0053841,0
1771084500000000,69751.58,69803.15,69748.71,69773.57,0.01746,1771084799999999,1217.9970996,4,0.00332,231.746458,0
1771084800000000,69783.86,69790.65,69711.91,69790.65,0.01148,1771085099999999,800.7835791,7,0.01083,755.4423905,0
1771085100000000,69761.52,69761.52,69688.82,69688.82,0.00028,1771085399999999,19.5230476,2,0.0,0.0,0
1771085400000000,69641.78,69689.55,69641.78,69659.79,0.06607,1771085699999999,4603.5427474,17,0.00496,345.5125584,0
1771085700000000,69636.34,69636.34,69481.48,69481.48,0.03298,1771085999999999,2292.7935568,16,0.01,695.73045,0
1771086000000000,69420.99,69426.89,69325.79,69347.07,0.13411,1771086299999999,9303.6932555,31,0.00783,542.9945132,0
1771086300000000,69388.35,69441.68,69388.35,69405.31,0.10367,1771086599999999,7196.9468458,24,0.00917,636.4965858,0
1771086600000000,69380.46,69450.81,69286.76,69450.81,0.00303,1771086899999999,210.1514335,6,0.00136,94.2299936,0
1771086900000000,69425.67,69559.73,69425.67,69532.93,0.02236,1771087199999999,1554.5990531,9,0.02126,1478.1312413,0
1771087200000000,69511.67,69552.66,69511.67,69552.66,0.00708,1771087499999999,492.3486794,3,0.00694,482.6170456,0
1771087500000000,69594.01,69603.04,69553.45,69603.04,0.00042,1771087799999999,29.22507,3,0.0,0.0,0
1771087800000000,69604.62,69746.81,69603.04,69746.81,0.00642,1771088099999999,447.2811108,6,0.00324,225.9414668,0
1771088100000000,69727.79,69727.79,69725.9,69725.9,0.00767,1771088399999999,534.799136,3,0.00767,534.799136,0
1771088400000000,69705.97,69705.97,69648.59,69653.59,0.01676,1771088699999999,1167.6717718,6,0.00626,436.0482692,0
1771088700000000,69728.62,69728.62,69595.31,69624.04,0.04205,1771088999999999,2930.5214603,4,0.01325,922.3372043,0
1771089000000000,69653.15,69814.85,69653.15,69769.82,0.01744,1771089299999999,1216.8331273,5,0.0173,1207.0816863,0
1771089300000000,69773.9,69773.9,69773.9,69773.9,0.00056,1771089599999999,39.073384,1,0.00056,39.073384,0
1771089600000000,69876.45,69876.45,69876.45,69876.45,8e-05,1771089899999999,5.590116,1,8e-05,5.590116,0
1771089900000000,69844.71,69884.63,69815.12,69815.12,0.00126,1771090199999999,88.0054849,3,0.00112,78.2216367,0
1771090200000000,69816.0,69816.36,69816.0,69816.36,0.00487,1771090499999999,340.00482,2,0.00487,340.00482,0
1771090500000000,69751.98,69751.98,69653.33,69751.84,0.02927,1771090799999999,2040.7799643,11,0.01625,1132.9259323,0
1771090800000000,69767.37,69767.37,69767.37,69767.37,0.00167,1771091099999999,116.5115079,1,0.00167,116.5115079,0
1771091100000000,69695.9,69695.9,69695.9,69695.9,0.00014,1771091399999999,9.757426,1,0.0,0.0,0
1771091400000000,69715.89,69715.89,69706.65,69706.65,0.00449,1771091699999999,313.0224981,2,0.00449,313.0224981,0
1771091700000000,69719.07,69719.07,69679.76,69679.76,0.02078,1771091999999999,1448.3165082,5,0.00763,531.9565041,0
1771092000000000,69701.53,69743.88,69659.77,69743.88,0.00311,1771092299999999,216.8807158,3,0.00297,207.1225016,0
1771092300000000,69750.05,69768.49,69750.05,69768.49,0.00165,1771092599999999,115.0925613,2,0.00165,115.0925613,0
1771092600000000,69762.27,69762.27,69752.94,69752.94,0.003,1771092899999999,209.2855038,2,0.0,0.0,0
1771092900000000,69798.04,69798.04,69797.41,69797.41,0.01149,1771093199999999,801.9740679,2,0.01149,801.9740679,0
1771093200000000,69798.95,69807.92,69791.98,69791.98,0.00234,1771093499999999,163.3428872,4,0.0022,153.5710342,0
1771093500000000,69733.26,69733.26,69733.26,69733.26,0.00014,1771093799999999,9.7626564,1,0.0,0.0,0
1771093800000000,69704.91,69704.91,69704.91,69704.91,0.00014,1771094099999999,9.7586874,1,0.0,0.0,0
1771094100000000,69707.27,69732.12,69679.08,69732.12,0.01304,1771094399999999,909.1242097,7,0.00686,478.3360149,0
1771094400000000,69731.12,69735.63,69726.38,69726.38,0.01728,1771094699999999,1204.9110155,5,0.00679,473.4799423,0
1771094700000000,69715.4,69715.4,69715.4,69715.4,0.00014,1771094999999999,9.760156,1,0.0,0.0,0
1771095000000000,69715.4,69715.4,69715.4,69715.4,0.0,1771095299999999,0.0,0,0.0,0.0,0
1771095300000000,69715.4,69715.4,69715.4,69715.4,0.0,1771095599999999,0.0,0,0.0,0.0,0
1771095600000000,69724.96,69811.07,69689.48,69811.07,0.01244,1771095899999999,867.8890788,6,0.01244,867.8890788,0
1771095900000000,69800.52,69800.52,69765.89,69779.83,0.00947,1771096199999999,660.8089621,5,0.00426,297.326166,0
1771096200000000,69763.58,69763.58,69745.44,69745.44,0.00483,1771096499999999,336.8730148,2,0.0,0.0,0
1771096500000000,69690.59,69690.59,69690.59,69690.59,0.00014,1771096799999999,9.7566826,1,0.0,0.0,0
1771096800000000,69768.46,69768.46,69731.09,69745.05,0.0032,1771097099999999,223.2114058,4,0.00174,121.354686,0
1771097100000000,69745.05,69745.05,69745.05,69745.05,0.0,1771097399999999,0.0,0,0.0,0.0,0
1771097400000000,69865.77,69865.77,69855.67,69855.67,0.00441,1771097699999999,308.0707767,2,0.00441,308.0707767,0
1771097700000000,69789.2,69789.2,69786.29,69786.29,0.00252,1771097999999999,175.863546,4,0.00252,175.863546,0
1771098000000000,69825.77,69846.07,69817.35,69817.35,0.00685,1771098299999999,478.3227691,6,0.00671,468.5463143,0
1771098300000000,69820.75,69863.7,69820.75,69863.7,0.0136,1771098599999999,949.8795808,4,0.00855,597.2847933,0
1771098600000000,69863.7,69863.7,69863.7,69863.7,0.0,1771098899999999,0.0,0,0.0,0.0,0
1771098900000000,69820.75,69820.75,69820.75,69820.75,0.00035,1771099199999999,24.4372625,1,0.0,0.0,0
1771099200000000,69820.0,69961.16,69820.0,69961.16,0.02288,1771099499999999,1599.3150714,12,0.02288,1599.3150714,0
1771099500000000,69924.68,69924.68,69805.27,69805.27,0.0091,1771099799999999,635.7294581,5,0.00403,281.402423,0
1771099800000000,69817.66,69817.66,69817.66,69817.66,0.00014,1771100099999999,9.7744724,1,0.0,0.0,0
1771100100000000,69817.66,69817.66,69817.66,69817.66,0.0,1771100399999999,0.0,0,0.0,0.0,0
1771100400000000,69742.46,69742.46,69700.96,69700.96,0.02078,1771100699999999,1448.6610318,6,0.0,0.0,0
1771100700000000,69840.01,69840.01,69794.86,69799.47,0.02965,1771100999999999,2069.7797845,9,0.00896,625.3994784,0
1771101000000000,69804.46,69804.46,69802.0,69802.0,0.01041,1771101299999999,726.6473562,2,0.01041,726.6473562,0
1771101300000000,69802.0,69802.0,69802.0,69802.0,0.0,1771101599999999,0.0,0,0.0,0.0,0
1771101600000000,69890.94,69933.18,69890.94,69906.97,0.00216,1771101899999999,151.0061227,3,0.00216,151.0061227,0
1771101900000000,69988.14,69991.06,69968.41,69979.61,0.02332,1771102199999999,1631.9759976,6,0.01877,1313.6197321,0
1771102200000000,69963.85,69991.61,69929.21,69960.22,0.03432,1771102499999999,2400.9647809,10,0.01473,1030.42455,0
1771102500000000,69991.31,69991.31,69991.31,69991.31,0.01902,1771102799999999,1331.2347162,5,0.01902,1331.2347162,0
1771102800000000,70051.12,70143.88,70051.12,70124.07,0.10016,1771103099999999,7023.7737809,27,0.08914,6251.1669298,0
1771103100000000,70135.03,70236.0,70104.75,70148.08,0.10646,1771103399999999,7472.363485,12,0.10291,7223.4362133,0
1771103400000000,70169.94,70188.71,70169.94,70176.28,0.00235,1771103699999999,164.9124087,3,0.00235,164.9124087,0
1771103700000000,70193.37,70193.37,70138.6,70138.6,0.10607,1771103999999999,7442.5839566,7,0.00035,24.5676795,0
1771104000000000,70136.86,70136.86,70024.37,70024.37,0.05999,1771104299999999,4203.4653709,18,0.03349,2346.3385474,0
1771104300000000,70007.69,70007.69,69978.33,69997.96,0.02999,1771104599999999,2099.2605421,10,0.02468,1727.5727605,0
1771104600000000,69978.33,69978.33,69869.13,69869.13,0.01373,1771104899999999,960.0247514,6,0.00165,115.408128,0
1771104900000000,69898.41,69898.41,69669.56,69669.56,0.0293,1771105199999999,2044.3389154,15,0.00014,9.7537384,0
1771105200000000,69723.59,69723.59,69661.69,69700.0,0.02091,1771105499999999,1457.0958317,7,0.00421,293.4471437,0
1771105500000000,69843.12,69843.12,69821.09,69821.09,0.11599,1771105799999999,8099.3278177,25,0.11599,8099.3278177,0
1771105800000000,69789.15,69884.91,69789.15,69884.91,0.00402,1771106099999999,280.7141411,5,0.00277,193.4777036,0
1771106100000000,69880.96,69895.31,69880.96,69895.31,0.00185,1771106399999999,129.2868537,3,0.00185,129.2868537,0
1771106400000000,69899.99,69899.99,69882.81,69882.81,0.06763,1771106699999999,4726.6903685,18,0.06763,4726.6903685,0
1771106700000000,69891.74,69894.88,69856.99,69856.99,0.00535,1771106999999999,373.8521583,6,0.00308,215.2266071,0
1771107000000000,69832.05,70015.32,69832.05,70015.32,0.00076,1771107299999999,53.1749892,2,0.00076,53.1749892,0
1771107300000000,69953.12,69953.16,69863.82,69889.87,0.07275,1771107599999999,5084.7822371,16,0.06193,4328.2512409,0
1771107600000000,69863.81,69863.81,69747.83,69747.83,0.00579,1771107899999999,404.406822,3,0.00064,44.6386112,0
1771107900000000,69747.83,69747.83,69747.83,69747.83,0.0,1771108199999999,0.0,0,0.0,0.0,0
1771108200000000,69954.43,69960.88,69954.43,69960.88,0.00036,1771108499999999,25.1849493,2,0.00036,25.1849493,0
1771108500000000,69966.85,69987.5,69966.85,69987.5,0.00162,1771108799999999,113.351666,2,0.00162,113.351666,0
1771108800000000,69967.87,69967.87,69930.18,69930.18,0.00539,1771109099999999,377.1150495,5,0.0,0.0,0
1771109100000000,69930.18,69930.18,69930.18,69930.18,0.0,1771109399999999,0.0,0,0.0,0.0,0
1771109400000000,69993.79,69993.79,69974.99,69974.99,0.0051,1771109699999999,356.875081,2,0.0,0.0,0
1771109700000000,69967.36,69982.75,69929.83,69939.34,0.13298,1771109999999999,9301.8093267,28,0.12796,8950.4959217,0
1771110000000000,69932.4,69965.94,69904.11,69904.11,0.77162,1771110299999999,53966.8721886,114,0.76645,53605.4070258,0
1771110300000000,69921.83,69962.82,69921.77,69921.82,0.35312,1771110599999999,24699.181693,69,0.33814,23651.6501443,0
1771110600000000,69898.83,69898.83,69898.83,69898.83,0.00503,1771110899999999,351.5911149,1,0.0,0.0,0
1771110900000000,69948.54,69976.61,69869.07,69872.04,0.11382,1771111199999999,7956.7910873,36,0.08681,6068.7657713,0
1771111200000000,69874.64,69874.64,69714.95,69748.33,0.0522,1771111499999999,3642.2582897,15,0.02016,1406.0389933,0
1771111500000000,69789.55,69789.55,69728.46,69784.3,0.10061,1771111799999999,7017.7259138,24,0.08543,5959.0099488,0
1771111800000000,69805.96,69805.96,69767.6,69782.28,0.01584,1771112099999999,1105.3099812,8,0.01584,1105.3099812,0
1771112100000000,69795.29,69795.29,69777.31,69781.1,0.09108,1771112399999999,6355.6308997,21,0.09003,6282.3644212,0
1771112400000000,69800.15,69820.22,69781.95,69820.22,0.00292,1771112699999999,203.801534,3,0.00292,203.801534,0
1771112700000000,69809.43,69818.83,69809.43,69818.83,0.02771,1771112999999999,1934.6381125,7,0.02771,1934.6381125,0
1771113000000000,69807.03,69807.03,69800.15,69800.15,0.00109,1771113299999999,76.086844,3,0.00089,62.126814,0
1771113300000000,69769.31,69805.14,69739.55,69739.93,0.08694,1771113599999999,6063.6427062,23,0.08694,6063.6427062,0
1771113600000000,69765.1,69782.0,69765.1,69767.19,0.00925,1771113899999999,645.3654967,4,0.00925,645.3654967,0
1771113900000000,69795.44,69805.34,69757.77,69757.89,0.04454,1771114199999999,3107.4768241,14,0.02666,1859.8967129,0
1771114200000000,69674.38,69677.13,69674.38,69677.13,0.01096,1771114499999999,763.6577533,3,0.0,0.0,0
1771114500000000,69664.73,69686.44,69660.14,69682.39,0.04229,1771114799999999,2946.8994899,12,0.02718,1894.0645292,0
1771114800000000,69694.44,69694.44,69643.52,69643.52,0.00851,1771115099999999,593.0165353,7,0.00809,563.7546411,0
1771115100000000,69620.47,69620.47,69620.47,69620.47,0.0028,1771115399999999,194.937316,1,0.0028,194.937316,0
1771115400000000,69683.83,69742.08,69673.78,69712.02,0.05994,1771115699999999,4178.5032834,16,0.04667,3253.6108868,0
1771115700000000,69658.35,69658.35,69626.64,69626.64,0.0239,1771115999999999,1664.5733952,11,0.01252,872.1136748,0
1771116000000000,69618.69,69618.69,69618.52,69618.52,0.03177,1771116299999999,2211.7850826,8,0.03177,2211.7850826,0
1771116300000000,69639.51,69639.94,69620.87,69620.87,0.13021,1771116599999999,9067.1637941,32,0.12497,8702.2569407,0
1771116600000000,69634.22,69699.17,69634.21,69699.17,0.04917,1771116899999999,3425.4445808,14,0.04917,3425.4445808,0
1771116900000000,69710.3,69710.3,69710.3,69710.3,0.00014,1771117199999999,9.759442,1,0.0,0.0,0
1771117200000000,69736.52,69808.34,69736.5,69808.3,0.01632,1771117499999999,1138.2629756,7,0.01632,1138.2629756,0
1771117500000000,69780.44,69868.88,69780.44,69837.49,0.00414,1771117799999999,289.0894176,12,0.00414,289.0894176,0
1771117800000000,69843.17,69870.58,69838.04,69844.58,0.00298,1771118099999999,208.1602311,11,0.00298,208.1602311,0
1771118100000000,69855.49,69855.49,69818.98,69818.98,0.00714,1771118399999999,498.5466199,20,0.00714,498.5466199,0
1771118400000000,69803.14,69804.14,69548.31,69552.87,0.16084,1771118699999999,11197.5677669,57,0.13064,9092.845257,0
1771118700000000,69554.66,69604.1,69460.84,69512.57,0.16756,1771118999999999,11645.6907688,31,0.1421,9875.9456423,0
1771119000000000,69535.26,69542.6,69479.24,69479.24,0.04255,1771119299999999,2958.5093357,15,0.04241,2948.7741123,0
1771119300000000,69479.62,69629.37,69461.58,69584.19,0.03405,1771119599999999,2369.101081,17,0.02624,1825.7228817,0
1771119600000000,69636.63,69636.63,69382.42,69387.26,0.11211,1771119899999999,7786.9168532,19,0.0779,5409.2402761,0
1771119900000000,69356.32,69393.18,69356.32,69393.18,0.02597,1771120199999999,1801.3668246,6,0.021,1456.48272,0
1771120200000000,69505.32,69505.32,69505.32,69505.32,0.00623,1771120499999999,433.0181436,1,0.0,0.0,0
1771120500000000,69625.07,69625.07,69616.03,69616.03,0.00579,1771120799999999,403.0844073,2,0.00084,58.4850588,0
1771120800000000,69678.14,69678.14,69565.18,69565.18,0.11177,1771121099999999,7787.5151809,8,0.10666,7431.577846,0
1771121100000000,69619.18,69640.75,69471.84,69471.84,0.03709,1771121399999999,2580.4479359,12,0.00126,87.747345,0
1771121400000000,69479.36,69479.36,69453.46,69453.46,0.00694,1771121699999999,482.0106384,2,0.0,0.0,0
1771121700000000,69573.0,69573.0,69542.99,69542.99,0.0278,1771121999999999,1934.1251986,7,0.02766,1924.38918,0
1771122000000000,69487.5,69487.5,69384.29,69394.83,0.07974,1771122299999999,5538.0376512,19,0.05189,3604.171462,0
1771122300000000,69384.3,69435.54,69384.3,69435.54,0.04318,1771122599999999,2996.4038816,12,0.04318,2996.4038816,0
1771122600000000,69433.42,69433.42,69356.14,69369.42,0.02573,1771122899999999,1785.1808579,9,0.01889,1310.7819161,0
1771122900000000,69394.27,69394.27,69346.73,69346.73,0.0079,1771123199999999,547.9735662,3,0.00279,193.6100133,0
1771123200000000,69520.1,69520.1,69465.24,69465.24,0.03177,1771123499999999,2208.2431657,12,0.02151,1495.3047353,0
1771123500000000,69555.61,69555.61,69453.59,69453.59,0.00128,1771123799999999,88.9624374,3,0.00056,38.9511416,0
1771123800000000,69476.33,69476.33,69476.33,69476.33,0.00126,1771124099999999,87.5401758,1,0.00126,87.5401758,0
1771124100000000,69481.0,69521.65,69481.0,69481.0,0.05971,1771124399999999,4148.7938851,11,0.03079,2139.4026371,0
1771124400000000,69551.56,69551.56,69551.56,69551.56,0.00028,1771124699999999,19.4744368,1,0.00028,19.4744368,0
1771124700000000,69519.07,69519.07,69519.07,69519.07,0.00036,1771124999999999,25.0268652,1,0.00036,25.0268652,0
1771125000000000,69547.83,69547.83,69476.46,69476.46,0.00937,1771125299999999,651.6531753,4,0.00923,641.9264709,0
1771125300000000,69476.46,69476.46,69476.46,69476.46,0.0,1771125599999999,0.0,0,0.0,0.0,0
1771125600000000,69534.31,69534.31,69511.06,69511.06,0.03797,1771125899999999,2639.5741475,9,0.03302,2295.379313,0
1771125900000000,69496.74,69496.74,69450.1,69450.1,0.00924,1771126199999999,641.7385128,4,0.00924,641.7385128,0
1771126200000000,69466.45,69479.39,69365.29,69365.29,0.03217,1771126499999999,2232.8538761,11,0.00133,92.3780662,0
1771126500000000,69358.7,69371.6,69255.67,69351.77,0.10161,1771126799999999,7044.9821464,19,0.09595,6652.5944862,0
1771126800000000,69354.89,69378.56,69336.98,69369.6,0.0654,1771127099999999,4535.5067669,17,0.05264,3650.3818624,0
1771127100000000,69392.75,69910.0,69388.52,69887.28,0.36543,1771127399999999,25434.6298043,60,0.36,25055.3899008,0
1771127400000000,69913.85,69939.14,69897.91,69899.76,0.07223,1771127699999999,5051.3700962,8,0.06714,4695.5805768,0
1771127700000000,69895.48,69896.65,69895.48,69896.65,0.2335,1771127999999999,16320.7559113,2,0.09561,6682.7068428,0
1771128000000000,70000.0,70099.15,69880.33,69966.05,0.30041,1771128299999999,21028.1321327,38,0.01766,1236.0845568,0
1771128300000000,69983.65,70344.71,69971.44,70291.5,0.08387,1771128599999999,5881.839883,26,0.07624,5347.9563454,0
1771128600000000,70291.76,70424.51,70291.76,70400.26,0.01615,1771128899999999,1136.0351598,6,0.00575,404.1852951,0
1771128900000000,70396.33,70447.79,70392.31,70441.15,0.13131,1771129199999999,9245.9631538,8,0.12121,8534.9466266,0
1771129200000000,70235.71,70252.15,70235.71,70252.15,0.01405,1771129499999999,986.9318967,4,0.0,0.0,0
1771129500000000,70197.67,70238.71,70185.35,70238.71,0.00996,1771129799999999,699.1854515,4,0.0048,337.0273207,0
1771129800000000,70258.47,70338.07,70258.47,70338.07,0.01341,1771130099999999,942.8242471,7,0.00843,592.8113215,0
1771130100000000,70280.14,70280.14,70206.24,70206.24,0.00525,1771130399999999,368.6326175,3,0.0,0.0,0
1771130400000000,70222.01,70222.01,70222.01,70222.01,0.00014,1771130699999999,9.8310814,1,0.0,0.0,0
1771130700000000,70240.08,70326.51,70240.08,70326.51,0.01091,1771130999999999,767.0011515,3,0.01091,767.0011515,0
1771131000000000,70281.82,70281.82,70271.41,70271.83,0.20891,1771131299999999,14681.56252,5,0.20877,14671.7245226,0
1771131300000000,70129.74,70141.62,70113.72,70141.62,0.01352,1771131599999999,948.0750312,5,0.00581,407.4960072,0
1771131600000000,70161.2,70162.61,70161.2,70162.61,0.00503,1771131899999999,352.9109488,2,8e-05,5.6130088,0
1771131900000000,70194.76,70260.0,70194.76,70260.0,0.0129,1771132199999999,905.7557798,5,0.0129,905.7557798,0
1771132200000000,70260.0,70260.0,70260.0,70260.0,0.0,1771132499999999,0.0,0,0.0,0.0,0
1771132500000000,70185.51,70422.55,70185.51,70409.5,0.08994,1771132799999999,6326.3277313,20,0.08994,6326.3277313,0
1771132800000000,70443.83,70443.83,70293.91,70293.91,0.02212,1771133099999999,1557.3364688,7,0.00693,487.4343012,0
1771133100000000,70293.91,70293.91,70293.91,70293.91,0.0,1771133399999999,0.0,0,0.0,0.0,0
1771133400000000,70312.07,70397.14,70312.07,70397.14,0.00765,1771133699999999,538.1706425,3,0.00265,186.3354925,0
1771133700000000,70352.92,70352.92,70352.92,70352.92,0.00014,1771133999999999,9.8494088,1,0.0,0.0,0
1771134000000000,70284.07,70359.05,70267.1,70320.23,0.02772,1771134299999999,1949.1227018,9,0.00924,649.9775626,0
1771134300000000,70320.23,70320.23,70320.23,70320.23,0.0,1771134599999999,0.0,0,0.0,0.0,0
1771134600000000,70317.1,70342.79,70317.1,70342.78,0.00131,1771134899999999,92.1305563,3,0.00113,79.4688559,0
1771134900000000,70277.77,70277.77,70277.77,70277.77,0.00137,1771135199999999,96.2805449,1,0.00137,96.2805449,0
1771135200000000,70242.32,70242.32,70217.97,70217.97,0.00086,1771135499999999,60.3908632,2,0.00072,50.5569384,0
1771135500000000,70217.97,70217.97,70217.97,70217.97,0.0,1771135799999999,0.0,0,0.0,0.0,0
1771135800000000,70217.97,70217.97,70217.97,70217.97,0.0,1771136099999999,0.0,0,0.0,0.0,0
1771136100000000,70260.21,70260.21,70260.21,70260.21,0.00069,1771136399999999,48.4795449,1,0.00069,48.4795449,0
1771136400000000,70278.94,70353.29,70278.94,70353.29,0.10838,1771136699999999,7620.4947874,8,0.00828,582.4637846,0
1771136700000000,70437.48,70437.48,70347.62,70347.62,0.01883,1771136999999999,1325.451783,6,0.00593,417.6860088,0
1771137000000000,70366.07,70453.06,70366.07,70440.33,0.0049,1771137299999999,345.0290054,10,0.00482,339.3938454,0
1771137300000000,70477.16,70516.12,70439.5,70439.5,0.00689,1771137599999999,485.4209711,15,0.0017,119.8109994,0
1771137600000000,70408.54,70421.41,70358.22,70358.22,0.01053,1771137899999999,741.0059148,15,0.00275,193.6174582,0
1771137900000000,70359.45,70399.65,70304.04,70308.58,0.02521,1771138199999999,1774.1436644,19,0.01841,1295.9417842,0
1771138200000000,70304.4,70360.1,70284.76,70322.6,0.01549,1771138499999999,1088.887396,12,0.01549,1088.887396,0
1771138500000000,70358.74,70396.15,70358.23,70381.85,0.00174,1771138799999999,122.4615852,11,0.00174,122.4615852,0
1771138800000000,70381.84,70396.15,70337.11,70368.09,0.00421,1771139099999999,296.2877555,12,0.00322,226.6087043,0
1771139100000000,70408.55,70408.55,70303.58,70303.58,0.11591,1771139399999999,8151.1515967,32,0.1109,7798.7066137,0
1771139400000000,70303.57,70400.19,70303.57,70397.81,0.00206,1771139699999999,144.9850669,4,0.00192,135.1425671,0
1771139700000000,70439.92,70767.36,70439.92,70767.36,1.34306,1771139999999999,94947.9232858,250,1.27654,90243.9545287,0
1771140000000000,70705.13,70833.97,70646.59,70646.59,0.05438,1771140299999999,3846.3132496,34,0.0363,2566.9312814,0
1771140300000000,70626.33,70632.93,70623.47,70630.01,0.00082,1771140599999999,57.91532,4,0.00068,48.0276338,0
1771140600000000,70576.7,70804.73,70576.7,70751.94,0.3597,1771140899999999,25438.7133913,53,0.33476,23675.1685922,0
1771140900000000,70767.05,70892.55,70756.48,70774.68,0.51596,1771141199999999,36549.9352227,74,0.42664,30223.9965827,0
1771141200000000,70786.96,70837.75,70726.46,70726.46,0.6819,1771141499999999,48265.4191848,68,0.67381,47693.1297924,0
1771141500000000,70743.19,70743.19,70693.35,70693.35,0.01707,1771141799999999,1207.1130471,6,0.00128,90.4976768,0
1771141800000000,70696.64,70696.66,70696.64,70696.66,0.30083,1771142099999999,21267.6740602,20,0.30083,21267.6740602,0
1771142100000000,70679.62,70769.47,70679.62,70755.88,0.12377,1771142399999999,8756.0855401,35,0.11404,8068.0118729,0
1771142400000000,70794.6,70871.95,70794.48,70827.13,0.03869,1771142699999999,2740.184805,20,0.02878,2038.295447,0
1771142700000000,70921.62,70921.62,70887.06,70887.06,0.01894,1771142999999999,1342.9516465,5,0.00949,672.909937,0
1771143000000000,70907.45,70907.45,70762.62,70762.62,0.10676,1771143299999999,7568.9823989,10,0.09764,6923.2214587,0
1771143300000000,70719.47,70719.47,70719.47,70719.47,0.05469,1771143599999999,3867.6478143,1,0.05469,3867.6478143,0
1771143600000000,70765.28,70765.28,70765.28,70765.28,0.0011,1771143899999999,77.841808,1,0.0011,77.841808,0
1771143900000000,70755.93,70755.93,70561.05,70561.05,0.0399,1771144199999999,2819.0070496,17,0.00753,531.648986,0
1771144200000000,70576.34,70576.34,70160.38,70250.02,0.03752,1771144499999999,2637.7221968,15,0.00413,291.2169442,0
1771144500000000,70225.78,70344.23,70193.63,70321.43,0.21205,1771144799999999,14901.1628501,10,0.11104,7810.2763422,0
1771144800000000,70300.01,70300.01,70300.01,70300.01,0.00502,1771145099999999,352.9060502,1,0.00502,352.9060502,0
1771145100000000,70378.9,70378.9,70378.9,70378.9,0.00012,1771145399999999,8.445468,1,0.00012,8.445468,0
1771145400000000,70359.45,70423.51,70359.45,70411.36,0.00393,1771145699999999,276.6416962,3,0.00393,276.6416962,0
1771145700000000,70408.46,70408.46,70396.91,70396.91,0.00511,1771145999999999,359.7298271,2,0.0,0.0,0
1771146000000000,70415.0,70415.0,70379.54,70379.54,0.00345,1771146299999999,242.928204,2,0.0001,7.037954,0
1771146300000000,70436.55,70519.95,70436.55,70519.95,0.00227,1771146599999999,159.9835951,4,0.00213,150.1224781,0
1771146600000000,70519.95,70519.95,70519.95,70519.95,0.0,1771146899999999,0.0,0,0.0,0.0,0
1771146900000000,70532.98,70532.98,70519.95,70519.95,0.00292,1771147199999999,205.9397535,2,0.00165,116.379417,0
1771147200000000,70519.95,70519.95,70519.95,70519.95,0.0,1771147499999999,0.0,0,0.0,0.0,0
1771147500000000,70519.95,70519.95,70519.95,70519.95,0.0,1771147799999999,0.0,0,0.0,0.0,0
1771147800000000,70519.95,70519.95,70519.95,70519.95,0.0,1771148099999999,0.0,0,0.0,0.0,0
1771148100000000,70611.37,70611.37,70519.95,70519.95,0.00327,1771148399999999,230.7041347,6,0.00152,107.2875316,0
1771148400000000,70492.89,70492.89,70492.89,70492.89,0.00372,1771148699999999,262.2335508,1,0.00372,262.2335508,0
1771148700000000,70492.89,70492.89,70492.89,70492.89,0.0,1771148999999999,0.0,0,0.0,0.0,0
1771149000000000,70368.8,70396.76,70367.87,70381.14,0.0234,1771149299999999,1646.9377514,8,0.01032,726.4525041,0
1771149300000000,70381.14,70381.14,70381.14,70381.14,0.0,1771149599999999,0.0,0,0.0,0.0,0
1771149600000000,70382.62,70391.66,70382.62,70391.66,0.00076,1771149899999999,53.491424,2,0.00076,53.491424,0
1771149900000000,70368.4,70368.4,70221.26,70221.26,0.01516,1771150199999999,1065.5360834,4,0.0,0.0,0
1771150200000000,70321.44,70321.44,70321.44,70321.44,0.0001,1771150499999999,7.032144,1,0.0,0.0,0
1771150500000000,70205.91,70228.04,70205.91,70224.76,0.14173,1771150799999999,9952.6904487,29,0.1367,9599.4434075,0
1771150800000000,70382.84,70420.84,70382.84,70420.84,0.00078,1771151099999999,54.9255952,2,0.00078,54.9255952,0
1771151100000000,70406.03,70406.03,70370.64,70370.64,0.00885,1771151399999999,623.0174965,5,0.0,0.0,0
1771151400000000,70370.38,70411.11,70359.83,70365.44,0.00627,1771151699999999,441.1688619,4,0.00111,78.1106621,0
1771151700000000,70348.11,70363.58,70341.19,70341.19,0.00049,1771151999999999,34.4697192,3,0.00049,34.4697192,0
1771152000000000,70321.72,70321.72,70321.72,70321.72,0.00046,1771152299999999,32.3479912,1,0.00046,32.3479912,0
1771152300000000,70466.12,70487.43,70419.42,70487.43,0.01672,1771152599999999,1177.9109976,10,0.00525,370.042064,0
1771152600000000,70450.44,70464.3,70450.44,70464.3,0.00233,1771152899999999,164.167959,2,0.00133,93.717519,0
1771152900000000,70409.73,70409.73,70409.72,70409.72,0.00076,1771153199999999,53.5113934,2,0.00062,43.6540326,0
1771153200000000,70425.84,70450.19,70422.02,70442.78,0.00842,1771153499999999,593.0070437,5,0.00842,593.0070437,0
1771153500000000,70448.43,70515.19,70442.37,70515.19,0.00249,1771153799999999,175.4564759,3,0.00249,175.4564759,0
1771153800000000,70452.06,70469.74,70407.83,70407.83,0.02595,1771154099999999,1827.8889492,9,0.0159,1120.1299585,0
1771154100000000,70440.45,70451.68,70411.94,70451.15,0.11152,1771154399999999,7854.1809103,25,0.11152,7854.1809103,0
1771154400000000,70392.92,70396.04,70342.16,70342.16,0.01116,1771154699999999,785.5128177,4,0.00103,72.5047076,0
1771154700000000,70359.65,70359.65,70343.22,70343.22,0.0017,1771154999999999,119.5976038,2,0.0017,119.5976038,0
1771155000000000,70350.19,70352.04,70304.48,70309.07,0.02499,1771155299999999,1757.9672791,9,0.01914,1346.4209473,0
1771155300000000,70368.66,70368.66,70286.2,70312.65,0.01301,1771155599999999,914.7290873,16,0.01301,914.7290873,0
1771155600000000,70335.8,70373.25,70269.84,70337.08,0.00986,1771155899999999,693.0991054,17,0.00856,601.7384546,0
1771155900000000,70302.33,70355.94,70302.33,70313.91,0.02537,1771156199999999,1783.9206915,21,0.02386,1677.7149724,0
1771156200000000,70330.17,70336.4,70259.01,70259.01,0.07144,1771156499999999,5020.5352788,27,0.07066,4965.7322916,0
1771156500000000,70262.59,70283.32,70258.97,70259.87,0.01931,1771156799999999,1356.9364318,16,0.00789,554.4692901,0
1771156800000000,70282.12,70282.14,70219.12,70249.54,0.06312,1771157099999999,4435.3812279,18,0.05591,3929.0404267,0
1771157100000000,70247.52,70247.52,70206.77,70206.77,0.00457,1771157399999999,320.8600148,3,0.00443,311.0302536,0
1771157400000000,70224.45,70224.45,70137.99,70196.08,0.09322,1771157699999999,6541.1604158,19,0.08748,6138.3480863,0
1771157700000000,70238.18,70238.18,70036.67,70115.33,0.08749,1771157999999999,6134.9123539,20,0.03494,2449.2069665,0
1771158000000000,70308.48,70308.48,70288.66,70288.66,0.02612,1771158299999999,1836.1068511,16,0.02099,1475.511704,0
1771158300000000,70273.12,70343.59,70273.12,70343.59,0.27035,1771158599999999,19004.1091021,36,0.26535,18652.4910021,0
1771158600000000,70350.7,70381.01,70313.74,70352.13,0.12905,1771158899999999,9078.8690963,31,0.12905,9078.8690963,0
1771158900000000,70315.17,70315.17,70129.98,70157.92,0.35068,1771159199999999,24633.9541448,38,0.32303,22692.0724924,0
1771159200000000,70212.77,70238.81,70193.91,70230.6,0.1368,1771159499999999,9606.8765879,34,0.13183,9257.919121,0
1771159500000000,70213.76,70215.24,69967.48,69967.98,1.42909,1771159799999999,100271.3181004,176,1.2775,89644.5663396,0
1771159800000000,69968.74,69970.52,69521.26,69592.01,0.51641,1771160099999999,36065.5544628,124,0.39125,27335.1082414,0
1771160100000000,69629.39,69645.69,69287.16,69287.16,0.26593,1771160399999999,18457.6576157,58,0.17908,12427.8575165,0
1771160400000000,69510.54,69510.54,69277.46,69397.09,0.04166,1771160699999999,2890.7745781,16,0.00493,342.1276537,0
1771160700000000,69389.26,69466.39,69372.51,69463.25,0.03605,1771160999999999,2501.9969634,17,0.01864,1293.4389531,0
1771161000000000,69397.96,69481.14,69360.71,69481.14,0.12,1771161299999999,8328.3323344,33,0.09201,6385.9690985,0
1771161300000000,69498.88,69556.88,69498.88,69537.66,0.0516,1771161599999999,3588.1688128,6,0.0011,76.470953,0
1771161600000000,69570.65,69570.65,69376.31,69420.07,0.05349,1771161899999999,3715.5703267,23,0.00695,482.63138,0
1771161900000000,69387.57,69387.57,69000.0,69000.0,0.24724,1771162199999999,17100.5823956,49,0.1056,7302.4906806,0
1771162200000000,69038.02,69129.8,68925.43,68925.43,0.15823,1771162499999999,10914.6897812,46,0.09397,6480.4068273,0
1771162500000000,68997.16,68997.16,68919.24,68962.6,0.01548,1771162799999999,1067.2388299,6,0.0052,358.6494112,0
1771162800000000,68980.2,68980.2,68867.05,68935.84,0.12492,1771163099999999,8604.4760847,16,0.09862,6791.7965999,0
1771163100000000,68935.18,69033.09,68844.98,68894.85,0.04273,1771163399999999,2945.8050288,19,0.00279,192.3943533,0
1771163400000000,68896.94,68896.94,68791.29,68840.61,0.13854,1771163699999999,9533.0878659,31,0.09806,6745.674878,0
1771163700000000,68897.53,68949.02,68872.41,68872.41,0.01549,1771163999999999,1066.971476,5,0.01031,710.0745471,0
1771164000000000,68988.73,69038.01,68908.06,69038.01,0.19652,1771164299999999,13549.3093729,42,0.19652,13549.3093729,0
1771164300000000,68992.39,69082.52,68954.91,69020.94,0.03177,1771164599999999,2192.4737112,11,0.00641,442.5854507,0
1771164600000000,68961.34,68976.19,68862.03,68921.86,0.0656,1771164899999999,4520.4356643,18,0.05534,3813.0020228,0
1771164900000000,69033.39,69033.39,68978.5,68978.5,0.02981,1771165199999999,2056.9903514,9,0.01465,1010.9684821,0
1771165200000000,69009.18,69009.18,68989.5,68989.5,0.02613,1771165499999999,1803.1157429,7,0.02613,1803.1157429,0
1771165500000000,69048.03,69048.03,68990.62,68990.62,0.12925,1771165799999999,8918.3163178,27,0.10638,7339.9401581,0
1771165800000000,69081.15,69106.76,68960.82,68982.21,0.67726,1771166099999999,46775.9765692,119,0.62919,43455.5525924,0
1771166100000000,68994.72,69126.15,68982.2,69111.61,0.20786,1771166399999999,14355.2037036,50,0.20772,14345.5260426,0
1771166400000000,69157.63,69173.12,69116.81,69116.81,0.01085,1771166699999999,750.1717577,7,0.00547,378.0866799,0
1771166700000000,69070.47,69149.63,69070.47,69074.78,0.07034,1771166999999999,4859.1755054,9,0.05045,3484.651262,0
1771167000000000,69070.47,69093.57,69042.07,69093.57,0.02002,1771167299999999,1382.3980015,11,0.00752,519.306655,0
1771167300000000,69073.91,69119.96,69073.91,69107.16,0.09459,1771167599999999,6534.6899473,25,0.09459,6534.6899473,0
1771167600000000,69153.0,69202.88,69113.96,69113.96,0.11433,1771167899999999,7907.0150964,21,0.10852,7505.128134,0
1771167900000000,69139.42,69195.21,69102.35,69195.21,0.01725,1771168199999999,1192.9058206,5,0.01227,848.591509,0
1771168200000000,69218.68,69218.68,69180.99,69180.99,0.03167,1771168499999999,2191.0431058,8,0.03167,2191.0431058,0
1771168500000000,69158.94,69158.94,68953.26,68953.26,0.12928,1771168799999999,8926.2537467,28,0.07054,4870.8331863,0
1771168800000000,68995.27,68995.27,68919.66,68971.52,0.0442,1771169099999999,3047.1441221,12,0.03402,2344.9958753,0
1771169100000000,68974.1,68974.1,68891.5,68891.5,0.17799,1771169399999999,12266.5367793,40,0.1678,11564.4402783,0
1771169400000000,68911.4,68998.57,68911.4,68949.72,0.00434,1771169699999999,299.2437564,7,0.00406,279.9375967,0
1771169700000000,68940.76,69039.95,68940.76,69038.75,0.08047,1771169999999999,5553.6223622,20,0.08047,5553.6223622,0
1771170000000000,69048.4,69048.4,69000.66,69015.33,0.37262,1771170299999999,25722.4432191,78,0.37092,25605.1171581,0
1771170300000000,69051.33,69051.33,69012.75,69012.75,0.01816,1771170599999999,1253.4988021,7,0.01316,908.2421521,0
1771170600000000,69053.45,69061.07,68961.74,68961.74,0.01701,1771170899999999,1173.6506922,6,0.00185,127.6959025,0
1771170900000000,69056.31,69060.83,69052.41,69052.41,0.02404,1771171199999999,1660.1213496,8,0.02404,1660.1213496,0
1771171200000000,69048.7,69048.7,68985.04,68985.04,0.07232,1771171499999999,4991.7623916,23,0.06172,4260.145245,0
1771171500000000,68976.85,68976.85,68781.93,68846.35,0.09765,1771171799999999,6727.445613,27,0.02284,1573.142338,0
1771171800000000,68835.79,68960.96,68835.79,68947.54,0.10577,1771172099999999,7287.9044463,29,0.10562,7277.5735098,0
1771172100000000,68947.57,69036.71,68947.55,68955.08,0.11902,1771172399999999,8212.3576334,30,0.10403,7178.365389,0
1771172400000000,69021.34,69021.34,68875.89,68875.89,0.04375,1771172699999999,3017.0584909,21,0.0015,103.3539918,0
1771172700000000,68942.85,68942.85,68920.21,68920.21,0.01014,1771172999999999,698.9874918,3,0.0,0.0,0
1771173000000000,69033.24,69033.24,68978.44,68978.44,0.15257,1771173299999999,10528.8957951,33,0.14251,9834.5800169,0
1771173300000000,68984.92,68984.92,68910.91,68933.69,0.20757,1771173599999999,14306.4135839,37,0.19674,13559.7637071,0
1771173600000000,68968.74,69008.5,68943.79,69008.5,0.11047,1771173899999999,7623.168649,31,0.10831,7474.2140623,0
1771173900000000,68988.36,69050.25,68985.91,69008.02,0.06187,1771174199999999,4268.5847151,18,0.05541,3822.7786207,0
1771174200000000,69024.59,69024.59,68989.0,68989.0,0.05842,1771174499999999,4030.5044613,6,0.05347,3689.0089113,0
1771174500000000,69038.34,69038.34,69013.69,69026.16,0.00726,1771174799999999,501.1865523,4,0.00726,501.1865523,0
1771174800000000,69029.42,69064.88,68988.39,68988.39,0.09624,1771175099999999,6643.0340104,21,0.08628,5955.5235466,0
1771175100000000,68945.64,69044.5,68945.64,69042.15,0.06203,1771175399999999,4280.9276902,16,0.06189,4271.2753006,0
1771175400000000,69003.28,69037.98,69003.28,69021.28,0.07659,1771175699999999,5285.6091161,12,0.07659,5285.6091161,0
1771175700000000,69041.38,69041.38,68968.48,68968.48,0.02187,1771175999999999,1509.1068238,7,0.00169,116.5823008,0
1771176000000000,68946.25,68950.61,68946.25,68950.61,0.1083,1771176299999999,7467.229934,22,0.1083,7467.229934,0
1771176300000000,68945.72,68945.72,68912.99,68940.4,0.00299,1771176599999999,206.0890029,4,0.00299,206.0890029,0
1771176600000000,68939.79,68956.59,68877.45,68956.5,0.1262,1771176899999999,8697.287061,31,0.10067,6938.2163363,0
1771176900000000,68974.14,69016.87,68974.14,69016.87,0.26708,1771177199999999,18427.2586612,43,0.24812,17119.0836521,0
1771177200000000,68996.06,68996.11,68848.25,68848.25,0.31683,1771177499999999,21846.107388,47,0.29554,20378.9186402,0
1771177500000000,68813.91,68813.91,68197.74,68246.9,1.21444,1771177799999999,83213.742986,174,0.68312,46773.3808827,0
1771177800000000,68296.85,68604.29,68296.85,68520.44,0.35799,1771178099999999,24479.762829,73,0.34229,23403.4077012,0
1771178100000000,68508.56,68605.6,68463.73,68582.32,0.13422,1771178399999999,9202.3833399,32,0.11375,7800.0541384,0
1771178400000000,68564.28,68605.19,68425.77,68425.77,0.08925,1771178699999999,6114.7143939,29,0.02988,2048.8009143,0
1771178700000000,68476.41,68662.18,68410.81,68626.88,0.46459,1771178999999999,31856.6714461,104,0.44946,30821.1356613,0
1771179000000000,68619.23,68716.21,68619.23,68676.03,0.64731,1771179299999999,44453.3837664,118,0.60218,41354.2828631,0
1771179300000000,68664.94,68741.97,68634.86,68684.77,0.84885,1771179599999999,58291.6127314,131,0.80937,55580.6547323,0
1771179600000000,68703.64,68763.8,68703.64,68721.57,0.44155,1771179899999999,30344.1253877,95,0.44147,30338.6276173,0
1771179900000000,68760.84,68760.84,68523.2,68523.2,0.38323,1771180199999999,26300.5568956,110,0.32172,22079.3001436,0
1771180200000000,68541.32,68605.98,68458.22,68462.47,0.41856,1771180499999999,28689.339946,121,0.29148,19979.7326388,0
1771180500000000,68532.78,68617.85,68371.68,68591.13,0.4647,1771180799999999,31819.1903277,110,0.28723,19674.7800166,0
1771180800000000,68577.26,68707.28,68557.17,68674.86,0.28334,1771181099999999,19447.1399277,75,0.24953,17126.8661959,0
1771181100000000,68674.85,68674.85,68380.85,68415.32,0.29777,1771181399999999,20409.0369264,68,0.11281,7728.1513401,0
1771181400000000,68418.77,68480.29,68397.94,68438.18,0.10126,1771181699999999,6929.8719224,27,0.09139,6254.4571136,0
1771181700000000,68438.18,68438.18,68355.03,68407.63,0.08983,1771181999999999,6144.6569546,29,0.08187,5600.2993669,0
1771182000000000,68473.47,68483.24,68267.05,68267.05,0.43813,1771182299999999,29992.7097678,99,0.38278,26211.3041631,0
1771182300000000,68228.18,68259.99,68043.78,68115.18,0.23545,1771182599999999,16042.5745375,49,0.02469,1681.3309525,0
1771182600000000,68131.25,68294.27,68061.96,68135.87,0.18836,1771182899999999,12851.4307741,56,0.13124,8955.4198135,0
1771182900000000,68198.11,68200.87,68092.42,68092.42,0.01967,1771183199999999,1340.534709,12,0.00573,390.327076,0
1771183200000000,68131.26,68482.77,68131.26,68482.77,0.06872,1771183499999999,4692.8888241,27,0.05183,3538.7905833,0
1771183500000000,68481.27,68526.58,68441.84,68514.0,0.11064,1771183799999999,7577.2919638,30,0.11049,7567.0201228,0
1771183800000000,68509.63,68509.63,68355.79,68397.02,0.26712,1771184099999999,18272.9834773,51,0.21977,15032.4572014,0
1771184100000000,68397.02,68397.02,68219.3,68252.33,0.04374,1771184399999999,2987.4070783,15,0.02984,2038.7708777,0
1771184400000000,68252.32,68265.96,68208.12,68208.12,0.06218,1771184699999999,4244.4290834,10,0.05669,3869.8591583,0
1771184700000000,68212.68,68375.12,68212.68,68374.28,0.27213,1771184999999999,18585.258468,56,0.26216,17903.6695407,0
1771185000000000,68393.84,68393.84,68291.8,68291.8,0.15246,1771185299999999,10416.7856709,36,0.11192,7646.7936476,0
1771185300000000,68337.64,68354.07,68268.6,68268.6,0.09361,1771185599999999,6392.9750205,23,0.0886,6050.6034441,0
1771185600000000,68239.99,68287.34,68102.33,68102.33,0.30802,1771185899999999,20993.4217863,64,0.24448,16661.4047859,0
1771185900000000,68265.5,68394.97,68264.14,68319.72,0.94408,1771186199999999,64504.6135862,85,0.93375,63798.754777,0
1771186200000000,68356.25,68398.3,68314.25,68383.56,0.21653,1771186499999999,14806.7616176,44,0.21623,14786.2634801,0
1771186500000000,68377.53,68414.6,68279.68,68284.68,0.04779,1771186799999999,3265.3127822,16,0.01935,1322.557121,0
1771186800000000,68292.4,68356.79,68292.4,68342.25,0.12295,1771187099999999,8404.1998779,27,0.12295,8404.1998779,0
1771187100000000,68327.53,68407.51,68327.53,68407.51,0.06056,1771187399999999,4139.8411007,9,0.06056,4139.8411007,0
1771187400000000,68443.28,68443.28,68400.74,68400.82,0.05834,1771187699999999,3990.7923061,14,0.05819,3980.5258141,0
1771187700000000,68489.8,68503.63,68454.78,68486.23,0.07464,1771187999999999,5112.6370937,19,0.06454,4420.838114,0
1771188000000000,68463.98,68463.98,68420.88,68438.43,0.19893,1771188299999999,13612.5709824,42,0.19893,13612.5709824,0
1771188300000000,68462.51,68462.51,68424.88,68438.58,0.34931,1771188599999999,23908.990356,71,0.34418,23557.7812932,0
1771188600000000,68396.74,68396.74,68367.79,68367.79,0.08812,1771188899999999,6026.9753998,18,0.0831,5683.769094,0
1771188900000000,68412.03,68412.07,68412.03,68412.07,0.02168,1771189199999999,1483.1730764,6,0.02168,1483.1730764,0
1771189200000000,68446.06,68446.07,68446.06,68446.07,0.05379,1771189499999999,3681.7137166,12,0.05379,3681.7137166,0
1771189500000000,68620.47,68627.55,68620.47,68627.55,0.04748,1771189799999999,3258.26049,11,0.04748,3258.26049,0
1771189800000000,68679.23,68718.24,68679.23,68718.24,0.10857,1771190099999999,7457.5830312,21,0.10857,7457.5830312,0
1771190100000000,68700.6,68726.72,68684.98,68726.72,0.02609,1771190399999999,1792.2013364,8,0.02096,1439.6371808,0
1771190400000000,68720.85,68720.85,68716.83,68716.83,0.01798,1771190699999999,1235.59827,5,0.01798,1235.59827,0
1771190700000000,68772.09,68772.09,68720.85,68720.85,0.00668,1771190999999999,459.3104532,2,0.00498,342.4850082,0
1771191000000000,68833.56,68910.45,68833.56,68910.45,0.02937,1771191299999999,2021.698066,8,0.02937,2021.698066,0
1771191300000000,68762.09,68788.01,68726.06,68726.06,0.01154,1771191599999999,793.2082955,6,0.00073,50.2134329,0
1771191600000000,68762.85,68762.85,68732.94,68732.94,0.00191,1771191899999999,131.3307624,2,0.0,0.0,0
1771191900000000,68679.9,68706.76,68679.9,68687.15,0.03522,1771192199999999,2419.0845474,9,0.03522,2419.0845474,0
1771192200000000,68753.97,68777.77,68753.97,68777.77,0.06077,1771192499999999,4178.5502777,8,0.06077,4178.5502777,0
1771192500000000,68866.16,68892.2,68858.4,68858.4,0.01741,1771192799999999,1198.9260088,7,0.01741,1198.9260088,0
1771192800000000,68831.73,68865.36,68791.53,68865.36,0.02003,1771193099999999,1378.3244093,8,0.00492,338.4823838,0
1771193100000000,68865.36,68865.36,68865.36,68865.36,0.0,1771193399999999,0.0,0,0.0,0.0,0
1771193400000000,68777.81,68777.81,68777.78,68777.78,0.00046,1771193699999999,31.6377872,2,0.00046,31.6377872,0
1771193700000000,68835.11,68879.96,68815.04,68870.88,0.04908,1771193999999999,3378.4940187,21,0.04908,3378.4940187,0
1771194000000000,68832.95,68912.13,68821.57,68912.13,0.01931,1771194299999999,1329.5224119,28,0.01931,1329.5224119,0
1771194300000000,68934.79,69016.52,68934.79,68971.95,0.16102,1771194599999999,11100.799144,31,0.16102,11100.799144,0
1771194600000000,68960.47,69043.94,68939.48,68997.05,0.02167,1771194899999999,1494.9034476,30,0.01456,1004.6094904,0
1771194900000000,68994.72,69025.72,68949.16,68956.19,0.09031,1771195199999999,6227.7008973,41,0.08533,5884.2706353,0
1771195200000000,69006.18,69006.18,68969.89,68998.65,0.01033,1771195499999999,712.6573712,14,0.01033,712.6573712,0
1771195500000000,68973.39,69066.66,68955.19,69034.51,0.0034,1771195799999999,234.605252,12,0.0034,234.605252,0
1771195800000000,68975.74,68975.74,68929.29,68958.39,0.17891,1771196099999999,12337.25036,47,0.17891,12337.25036,0
1771196100000000,68930.32,68967.56,68912.72,68921.66,0.00761,1771196399999999,524.6010236,13,0.00761,524.6010236,0
1771196400000000,68953.62,68953.62,68545.71,68630.29,0.0738,1771196699999999,5072.372378,38,0.00998,686.3754104,0
1771196700000000,68634.4,68634.4,68302.4,68353.88,0.22686,1771196999999999,15524.712636,60,0.13992,9576.2840843,0
1771197000000000,68452.31,68528.9,68452.31,68499.72,0.12435,1771197299999999,8518.6037132,18,0.10931,7488.6143898,0
1771197300000000,68459.83,68473.93,68189.57,68473.93,0.28231,1771197599999999,19301.7397008,35,0.07654,5238.4155841,0
1771197600000000,68472.87,68472.87,68390.96,68390.96,0.05439,1771197899999999,3720.9899943,13,0.04936,3376.716121,0
1771197900000000,68562.99,68626.1,68562.99,68616.46,0.10993,1771198199999999,7540.2763587,24,0.10498,7200.8895582,0
1771198200000000,68671.74,68741.94,68579.86,68614.65,0.10541,1771198499999999,7240.2782585,12,0.10023,6885.0309597,0
1771198500000000,68619.3,68619.3,68535.19,68535.19,0.03429,1771198799999999,2352.2030799,12,0.02917,2000.9260269,0
1771198800000000,68534.59,68644.36,68524.82,68644.36,0.09961,1771199099999999,6834.0189517,13,0.09442,6478.3736704,0
1771199100000000,68644.44,68715.32,68641.36,68694.23,0.03122,1771199399999999,2143.9799848,13,0.03122,2143.9799848,0
1771199400000000,68712.81,68730.8,68706.01,68706.01,0.05619,1771199699999999,3861.6684138,14,0.05619,3861.6684138,0
1771199700000000,68766.6,68787.94,68766.6,68787.94,0.10684,1771199999999999,7347.0378418,23,0.10684,7347.0378418,0
1771200000000000,68786.66,68788.57,68786.66,68788.57,0.00539,1771200299999999,370.7609378,2,0.00044,30.2669708,0
1771200300000000,68721.83,68945.2,68721.73,68945.2,0.04058,1771200599999999,2790.1735274,8,0.03558,2445.4475274,0
1771200600000000,68919.33,68954.02,68915.53,68917.7,0.2022,1771200899999999,13937.7917457,46,0.18097,12474.5216818,0
1771200900000000,68980.12,68997.5,68875.97,68875.97,0.22563,1771201199999999,15563.7817618,43,0.21358,14733.5898153,0
1771201200000000,68845.34,68845.34,68765.6,68765.6,0.22322,1771201499999999,15359.0941673,49,0.21805,15003.5748348,0
1771201500000000,68780.01,68820.34,68762.37,68820.34,0.17103,1771201799999999,11761.6968642,10,0.14821,10191.512607,0
1771201800000000,68797.13,68887.36,68794.65,68886.61,0.1415,1771202099999999,9742.1529436,36,0.13646,9395.3399596,0
1771202100000000,68929.84,68950.12,68840.05,68857.49,0.03236,1771202399999999,2228.2323058,15,0.02719,1872.2086077,0
1771202400000000,68812.98,68812.98,68721.74,68721.74,0.1128,1771202699999999,7757.1352473,19,0.1128,7757.1352473,0
1771202700000000,68685.24,68825.12,68685.24,68798.48,0.01732,1771202999999999,1191.3615384,7,0.01732,1191.3615384,0
1771203000000000,68836.66,68885.51,68836.66,68885.51,0.10761,1771203299999999,7408.3532026,18,0.10761,7408.3532026,0
1771203300000000,68818.7,68818.7,68812.83,68812.83,0.05463,1771203599999999,3759.4570572,14,0.04883,3360.332757,0
1771203600000000,68784.97,68784.97,68784.97,68784.97,0.00669,1771203899999999,460.1714493,1,0.0,0.0,0
1771203900000000,68917.74,68917.74,68917.74,68917.74,0.00127,1771204199999999,87.5255298,1,0.00127,87.5255298,0
1771204200000000,68970.11,68970.4,68823.88,68837.44,0.02667,1771204499999999,1836.7630028,14,0.00529,364.2569599,0
1771204500000000,68887.02,68887.02,68850.22,68850.22,0.00717,1771204799999999,493.9144134,2,0.00702,483.5868804,0
1771204800000000,68806.07,68806.07,68761.06,68761.06,0.00993,1771205099999999,683.0183249,2,0.00491,337.8378037,0
1771205100000000,68640.69,68640.69,68640.69,68640.69,0.0003,1771205399999999,20.592207,1,0.0003,20.592207,0
1771205400000000,68744.63,68744.63,68588.0,68588.0,0.02053,1771205699999999,1408.1735414,3,0.00038,26.1229594,0
1771205700000000,68579.62,68587.88,68454.22,68454.22,0.04518,1771205999999999,3095.7929671,13,0.01297,888.7541058,0
1771206000000000,68454.21,68550.3,68432.97,68529.72,0.04246,1771206299999999,2909.0729608,13,0.01803,1235.5602489,0
1771206300000000,68573.54,68619.35,68573.54,68619.35,0.00443,1771206599999999,303.9267513,3,0.00443,303.9267513,0
1771206600000000,68586.44,68605.04,68586.44,68603.8,0.08072,1771206899999999,5536.9686674,18,0.08072,5536.9686674,0
1771206900000000,68603.72,68605.28,68583.22,68603.23,0.06193,1771207199999999,4248.4909233,17,0.05683,3898.7043243,0
1771207200000000,68586.35,68680.02,68584.68,68680.02,0.02117,1771207499999999,1452.3509821,8,0.01605,1101.1934942,0
1771207500000000,68688.6,68690.24,68582.76,68582.76,0.14456,1771207799999999,9928.7358801,33,0.14456,9928.7358801,0
1771207800000000,68459.75,68569.78,68459.75,68537.73,0.02419,1771208099999999,1657.6544506,10,0.02055,1408.4609606,0
1771208100000000,68534.67,68534.67,68426.83,68445.41,0.03166,1771208399999999,2167.098442,10,0.03166,2167.098442,0
1771208400000000,68389.53,68389.53,68389.53,68389.53,0.0031,1771208699999999,212.007543,2,0.0031,212.007543,0
1771208700000000,68398.57,68398.57,68398.57,68398.57,0.0044,1771208999999999,300.953708,1,0.0044,300.953708,0
1771209000000000,68323.54,68323.88,68323.54,68323.88,0.03157,1771209299999999,2156.9789688,5,0.03157,2156.9789688,0
1771209300000000,68427.82,68478.6,68427.82,68478.6,0.00598,1771209599999999,409.4361908,3,0.00509,348.535431,0
1771209600000000,68435.38,68435.38,68435.38,68435.38,0.00072,1771209899999999,49.2734736,1,0.00072,49.2734736,0
1771209900000000,68333.72,68335.59,68333.72,68335.59,0.0687,1771210199999999,4694.5520334,15,0.0687,4694.5520334,0
1771210200000000,68364.22,68364.22,68300.0,68300.0,0.01678,1771210499999999,1147.1265658,5,0.01639,1120.4895658,0
1771210500000000,68256.93,68310.69,68215.8,68310.69,0.04728,1771210799999999,3227.9818239,14,0.04728,3227.9818239,0
1771210800000000,68301.43,68301.43,68301.4,68301.4,0.00396,1771211099999999,270.4736583,2,0.0,0.0,0
1771211100000000,68364.87,68364.87,68364.87,68364.87,0.02,1771211399999999,1367.2974,5,0.02,1367.2974,0
1771211400000000,68403.52,68403.75,68403.52,68403.75,0.00291,1771211699999999,199.0543076,2,0.00028,19.15305,0
1771211700000000,68347.03,68360.59,68345.26,68360.52,0.00735,1771211999999999,502.3537074,4,0.0,0.0,0
1771212000000000,68371.54,68371.54,68296.94,68296.94,0.01475,1771212299999999,1007.7133886,7,0.00798,545.0729912,0
1771212300000000,68227.37,68227.37,68156.52,68164.57,0.04928,1771212599999999,3359.6112771,14,0.04409,3005.855358,0
1771212600000000,68134.01,68191.77,68122.69,68191.77,0.22942,1771212899999999,15632.1868212,46,0.22942,15632.1868212,0
1771212900000000,68205.76,68205.76,68188.43,68188.43,0.02137,1771213199999999,1457.1886554,7,0.02137,1457.1886554,0
1771213200000000,68242.03,68280.6,68241.92,68280.6,0.01892,1771213499999999,1291.6134811,5,0.01599,1091.6646555,0
1771213500000000,68313.7,68381.9,68313.7,68364.42,0.06086,1771213799999999,4158.681382,14,0.05645,3857.417965,0
1771213800000000,68369.92,68415.1,68354.03,68415.1,0.08124,1771214099999999,5555.5571559,21,0.08124,5555.5571559,0
1771214100000000,68401.48,68401.48,68401.48,68401.48,0.00283,1771214399999999,193.5761884,1,0.00283,193.5761884,0
1771214400000000,68401.48,68401.48,68401.48,68401.48,0.0,1771214699999999,0.0,0,0.0,0.0,0
1771214700000000,68583.42,68583.42,68583.42,68583.42,0.00073,1771214999999999,50.0658966,1,0.00073,50.0658966,0
1771215000000000,68629.25,68629.25,68611.22,68611.22,0.02763,1771215299999999,1895.7357615,8,0.02763,1895.7357615,0
1771215300000000,68606.04,68690.78,68606.04,68690.78,0.09465,1771215599999999,6494.3477792,20,0.09465,6494.3477792,0
1771215600000000,68772.76,68772.76,68740.19,68740.19,0.00156,1771215899999999,107.2441417,2,0.00156,107.2441417,0
1771215900000000,68739.67,68775.44,68739.67,68752.15,0.01796,1771216199999999,1234.8338725,7,0.01796,1234.8338725,0
1771216200000000,68768.8,68768.8,68734.44,68734.44,0.00722,1771216499999999,496.3382774,4,0.00263,180.829664,0
1771216500000000,68677.75,68677.75,68668.54,68668.54,0.01115,1771216799999999,765.7152833,4,0.01115,765.7152833,0
1771216800000000,68701.6,68701.6,68665.41,68674.64,0.02945,1771217099999999,2022.7511965,12,0.01071,735.5796162,0
1771217100000000,68650.91,68689.44,68650.91,68689.44,0.01905,1771217399999999,1308.3812532,7,0.01905,1308.3812532,0
1771217400000000,68720.44,68788.56,68720.44,68788.56,0.02352,1771217699999999,1617.0659465,7,0.0229,1574.4592737,0
1771217700000000,68833.3,68835.43,68828.32,68828.32,0.02752,1771217999999999,1894.2457629,10,0.00804,553.419732,0
1771218000000000,68815.49,68854.52,68635.67,68635.67,0.1429,1771218299999999,9814.8355916,18,0.13068,8974.0224198,0
1771218300000000,68621.69,68621.69,68621.69,68621.69,0.0388,1771218599999999,2662.521572,1,0.0388,2662.521572,0
1771218600000000,68522.03,68522.03,68472.95,68472.95,0.00143,1771218899999999,97.9791409,2,0.00128,87.7081984,0
1771218900000000,68472.37,68472.37,68472.37,68472.37,0.00665,1771219199999999,455.3412605,2,0.00665,455.3412605,0
1771219200000000,68500.14,68500.14,68381.81,68381.81,0.00197,1771219499999999,134.9204253,3,0.00167,114.3952338,0
1771219500000000,68381.81,68381.81,68381.81,68381.81,0.0,1771219799999999,0.0,0,0.0,0.0,0
1771219800000000,68381.81,68381.81,68381.81,68381.81,0.0,1771220099999999,0.0,0,0.0,0.0,0
1771220100000000,68303.32,68303.32,68288.09,68288.09,0.00478,1771220399999999,326.4875851,2,0.00463,316.2443716,0
1771220400000000,68302.58,68317.62,68279.62,68279.62,0.01246,1771220699999999,851.0756014,4,0.01246,851.0756014,0
1771220700000000,68326.38,68354.98,68326.38,68354.98,0.00036,1771220999999999,24.6005687,3,0.00013,8.8832133,0
1771221000000000,68354.98,68354.98,68354.98,68354.98,0.0,1771221299999999,0.0,0,0.0,0.0,0
1771221300000000,68354.98,68354.98,68354.98,68354.98,0.0,1771221599999999,0.0,0,0.0,0.0,0
1771221600000000,68354.98,68354.98,68354.98,68354.98,0.0,1771221899999999,0.0,0,0.0,0.0,0
1771221900000000,68371.49,68371.49,68366.53,68366.66,0.001,1771222199999999,68.3673078,3,0.00085,58.1115843,0
1771222200000000,68382.74,68382.74,68341.24,68341.24,0.00113,1771222499999999,77.2494236,10,0.00113,77.2494236,0
1771222500000000,68341.24,68352.65,68284.91,68284.91,0.00503,1771222799999999,343.7493078,11,0.00503,343.7493078,0
1771222800000000,68270.79,68293.77,68228.56,68293.64,0.00146,1771223099999999,99.6849756,14,0.00146,99.6849756,0
1771223100000000,68268.78,68319.21,68232.85,68319.21,0.00182,1771223399999999,124.2679327,18,0.00182,124.2679327,0
1771223400000000,68319.44,68495.86,68319.44,68456.84,0.00191,1771223699999999,130.7453325,18,0.00191,130.7453325,0
1771223700000000,68456.68,68495.84,68432.77,68452.3,0.00517,1771223999999999,353.9131593,20,0.00517,353.9131593,0
1771224000000000,68452.3,68459.41,68421.01,68437.26,0.00661,1771224299999999,452.3940624,21,0.0021,143.7225366,0
1771224300000000,68454.5,68454.5,68369.76,68370.25,0.00197,1771224599999999,134.7656717,19,0.00197,134.7656717,0
1771224600000000,68370.49,68422.96,68363.99,68395.82,0.00155,1771224899999999,105.9991644,16,0.00155,105.9991644,0
1771224900000000,68410.0,68441.66,68410.0,68441.66,0.00133,1771225199999999,91.0023539,13,0.00133,91.0023539,0
1771225200000000,68420.51,68424.48,68352.34,68417.32,0.01534,1771225499999999,1049.0043549,18,0.01093,747.5630379,0
1771225500000000,68438.28,68528.36,68428.15,68528.36,0.01051,1771225799999999,719.9102813,14,0.01051,719.9102813,0
1771225800000000,68507.95,68586.74,68473.49,68567.54,0.0064,1771226099999999,438.7453064,13,0.0064,438.7453064,0
1771226100000000,68547.15,68595.15,68547.15,68564.73,0.00515,1771226399999999,353.1646536,7,0.00062,42.5153283,0
1771226400000000,68564.73,68573.07,68528.61,68573.07,0.00219,1771226699999999,150.145562,7,0.00219,150.145562,0
1771226700000000,68643.2,68643.2,68534.48,68534.48,0.01451,1771226999999999,995.7752352,11,0.01346,923.7058872,0
1771227000000000,68499.75,68578.31,68498.71,68578.31,0.00067,1771227299999999,45.9204871,6,0.00067,45.9204871,0
1771227300000000,68585.03,68618.45,68505.53,68505.53,0.01246,1771227599999999,854.2128075,13,0.00736,504.7973949,0
1771227600000000,68448.07,68483.56,68409.91,68483.56,0.00062,1771227899999999,42.435413,6,0.00053,36.2759426,0
1771227900000000,68505.47,68561.13,68501.77,68545.26,0.00764,1771228199999999,523.5944479,8,0.00317,217.1971357,0
1771228200000000,68529.09,68578.57,68523.07,68524.7,0.00455,1771228499999999,311.8916958,7,0.00069,47.2964544,0
1771228500000000,68519.84,68556.56,68519.84,68556.56,0.00049,1771228799999999,33.5817649,5,0.00049,33.5817649,0
1771228800000000,68559.51,68611.67,68559.51,68611.67,0.00613,1771229099999999,420.4510447,8,0.00598,410.1653242,0
1771229100000000,68607.1,68645.91,68607.1,68618.47,0.00457,1771229399999999,313.5505396,8,0.00457,313.5505396,0
1771229400000000,68621.87,68621.87,68531.31,68531.31,0.05725,1771229699999999,3924.6704469,7,0.05725,3924.6704469,0
1771229700000000,68535.69,68610.19,68535.63,68610.19,0.00199,1771229999999999,136.4523367,8,0.00199,136.4523367,0
1771230000000000,68610.19,68610.19,68610.19,68610.19,0.0,1771230299999999,0.0,0,0.0,0.0,0
1771230300000000,68703.88,68707.54,68703.88,68707.54,0.00548,1771230599999999,376.515599,2,0.00501,344.2247754,0
1771230600000000,68726.02,68726.02,68672.81,68672.82,0.00558,1771230899999999,383.29681,5,0.00543,372.995482,0
1771230900000000,68685.42,68730.7,68610.75,68715.41,0.00969,1771231199999999,665.9149825,13,0.00244,167.6174075,0
1771231200000000,68714.86,68733.0,68697.76,68733.0,0.00189,1771231499999999,129.8551641,10,0.00189,129.8551641,0
1771231500000000,68743.95,68751.22,68708.67,68729.72,0.01655,1771231799999999,1137.7712511,13,0.01527,1049.7931903,0
1771231800000000,68694.5,68729.73,68639.04,68729.73,0.03475,1771232099999999,2387.0336287,28,0.01532,1052.7587123,0
1771232100000000,68732.97,68776.81,68722.03,68757.86,0.00286,1771232399999999,196.6382666,11,0.00271,186.3297686,0
1771232400000000,68751.54,68929.39,68736.35,68916.58,0.04564,1771232699999999,3141.8987376,21,0.04057,2792.6743742,0
1771232700000000,68933.58,68933.58,68802.86,68841.16,0.02384,1771232999999999,1641.6041224,21,0.01289,887.3160732,0
1771233000000000,68842.55,68873.58,68821.16,68873.58,0.00779,1771233299999999,536.4394827,13,0.00779,536.4394827,0
1771233300000000,68879.34,68879.34,68789.37,68790.12,0.06956,1771233599999999,4788.8108873,14,0.06926,4768.1669213,0
1771233600000000,68825.5,68845.35,68801.8,68827.28,0.00188,1771233899999999,129.37335,10,0.00188,129.37335,0
1771233900000000,68845.33,68919.78,68845.33,68919.78,0.00124,1771234199999999,85.4322842,10,0.00124,85.4322842,0
1771234200000000,68914.69,68964.44,68874.25,68954.41,0.00825,1771234499999999,568.8681655,13,0.00795,548.1870085,0
1771234500000000,68974.93,69033.02,68968.5,69033.02,0.02635,1771234799999999,1817.8784706,19,0.02153,1485.4127528,0
1771234800000000,69012.82,69038.38,68977.66,69005.73,0.00138,1771235099999999,95.2191328,11,0.00138,95.2191328,0
1771235100000000,68992.61,69010.52,68910.48,68953.79,0.0021,1771235399999999,144.8267281,12,0.00196,135.1698571,0
1771235400000000,68966.6,69024.94,68966.6,68989.05,0.00091,1771235699999999,62.7788389,9,0.00091,62.7788389,0
1771235700000000,68972.23,68990.33,68955.59,68968.29,0.01178,1771235999999999,812.6645325,18,0.00694,478.7513353,0
1771236000000000,68954.8,68954.8,68893.73,68893.73,0.10293,1771236299999999,7092.9918038,26,0.10279,7083.3381318,0
1771236300000000,68912.71,68930.69,68864.06,68930.69,0.02801,1771236599999999,1929.7289671,26,0.02571,1771.2698436,0
1771236600000000,68939.95,68939.95,68899.56,68922.44,0.01574,1771236899999999,1084.7659813,28,0.0114,785.6983916,0
1771236900000000,68922.45,68922.45,68880.54,68880.55,0.05028,1771237199999999,3465.1328576,41,0.01139,784.739364,0
1771237200000000,68903.64,68920.3,68737.36,68761.31,0.0105,1771237499999999,722.3407141,29,0.0099,681.0665956,0
1771237500000000,68761.53,68768.83,68675.62,68768.83,0.01709,1771237799999999,1174.2432355,19,0.00601,413.0143718,0
1771237800000000,68787.33,68846.45,68769.16,68841.31,0.00191,1771238099999999,131.4012742,14,0.00161,110.7643762,0
1771238100000000,68863.15,68906.95,68783.83,68783.83,0.077,1771238399999999,5304.1055468,47,0.00778,535.8125959,0
1771238400000000,68771.05,68771.05,68727.95,68764.77,0.0064,1771238699999999,439.9904422,15,0.00371,255.0635769,0
1771238700000000,68764.76,68812.64,68744.85,68812.64,0.00145,1771238999999999,99.7283954,10,0.00145,99.7283954,0
1771239000000000,68809.46,68816.65,68786.08,68799.31,0.00657,1771239299999999,452.1054364,18,0.00147,101.1414394,0
1771239300000000,68790.49,68816.61,68773.22,68773.22,0.00145,1771239599999999,99.7393014,11,0.00145,99.7393014,0
1771239600000000,68773.22,68777.23,68736.72,68773.38,0.00957,1771239899999999,658.0234784,18,0.00145,99.7101868,0
1771239900000000,68811.1,68833.57,68666.21,68677.51,0.00806,1771240199999999,554.4633742,16,0.00761,523.5579172,0
1771240200000000,68662.67,68662.67,68463.57,68496.03,0.0101,1771240499999999,691.8888052,18,0.0079,540.9989897,0
1771240500000000,68477.08,68589.95,68451.18,68589.95,0.00558,1771240799999999,382.1833237,11,0.00113,77.4225372,0
1771240800000000,68589.91,68589.91,68347.52,68393.17,0.0055,1771241099999999,376.2496219,17,0.00445,304.4161789,0
1771241100000000,68410.31,68644.0,68410.31,68636.37,0.00677,1771241399999999,463.5587654,13,0.00677,463.5587654,0
1771241400000000,68631.98,68684.17,68621.36,68621.36,0.03828,1771241699999999,2626.8552591,11,0.03828,2626.8552591,0
1771241700000000,68640.4,68640.4,68604.13,68621.22,0.02229,1771241999999999,1529.5599098,15,0.02214,1519.2667073,0
1771242000000000,68614.0,68614.0,68548.49,68549.43,0.0415,1771242299999999,2846.1588581,20,0.01598,1096.1245347,0
1771242300000000,68596.52,68657.39,68580.83,68622.92,0.01075,1771242599999999,737.8550674,12,0.01075,737.8550674,0
1771242600000000,68605.69,68765.86,68605.33,68765.45,0.0226,1771242899999999,1552.9174656,19,0.018,1236.8236356,0
1771242900000000,68827.42,68880.39,68815.33,68837.63,0.00511,1771243199999999,351.766319,21,0.00348,239.5609821,0
1771243200000000,68809.15,68915.82,68791.72,68915.82,0.01693,1771243499999999,1165.6264058,20,0.01178,811.2634248,0
1771243500000000,68900.77,68960.16,68847.5,68954.65,0.0067,1771243799999999,461.4814951,15,0.002,137.8079581,0
1771243800000000,68939.1,68965.51,68868.24,68873.49,0.00265,1771244099999999,182.6259523,21,0.0025,172.2850888,0
1771244100000000,68889.43,68898.56,68799.24,68799.24,0.00767,1771244399999999,527.9608851,23,0.00767,527.9608851,0
1771244400000000,68821.77,68920.42,68793.36,68877.61,0.03262,1771244699999999,2246.2314343,24,0.03262,2246.2314343,0
1771244700000000,68885.29,69586.59,68864.4,69478.96,0.45601,1771244999999999,31654.9835211,88,0.40593,28180.9835783,0
1771245000000000,69518.39,69518.39,69284.62,69400.82,0.25347,1771245299999999,17574.227273,61,0.1897,13149.6507346,0
1771245300000000,69430.79,69505.16,69278.45,69505.16,0.50766,1771245599999999,35216.4181462,122,0.44422,30816.8494687,0
1771245600000000,69503.24,69503.32,69310.56,69390.04,0.57163,1771245899999999,39671.0322911,116,0.51851,35987.1085156,0
1771245900000000,69434.1,69575.04,69349.94,69441.6,0.96338,1771246199999999,66838.0263281,118,0.86008,59668.5361653,0
1771246200000000,69495.16,69806.44,69482.11,69686.68,0.60312,1771246499999999,42018.2506724,121,0.54251,37793.9317076,0
1771246500000000,69701.84,69779.69,69662.4,69710.25,0.38812,1771246799999999,27068.5988052,100,0.35713,24907.9171122,0
1771246800000000,69680.1,70092.16,69666.56,69876.97,0.35264,1771247099999999,24660.6218763,98,0.31027,21698.8649928,0
1771247100000000,69913.76,69993.11,69697.71,69697.71,0.30001,1771247399999999,20965.9596355,85,0.28662,20031.3420031,0
1771247400000000,69662.88,69696.84,69603.52,69625.71,0.41962,1771247699999999,29230.6076545,95,0.39868,27772.4772658,0
1771247700000000,69626.45,69714.34,69587.31,69606.93,0.10138,1771247999999999,7060.5313648,30,0.07961,5545.0064097,0
1771248000000000,69585.74,69602.52,69273.35,69273.35,0.30038,1771248299999999,20837.8813752,89,0.18859,13078.7210281,0
1771248300000000,69192.72,69257.14,68513.98,68668.93,0.28748,1771248599999999,19800.185352,89,0.15534,10698.0378954,0
1771248600000000,68578.11,68877.92,68575.46,68575.46,0.40718,1771248899999999,27980.8120684,91,0.23715,16291.6627826,0
1771248900000000,68584.85,68723.02,68274.01,68326.82,0.28352,1771249199999999,19394.0414252,66,0.20862,14265.9398178,0
1771249200000000,68290.52,68476.93,68270.0,68419.85,0.77691,1771249499999999,53067.872868,65,0.20366,13928.9814851,0
1771249500000000,68387.52,68500.82,68270.0,68328.01,0.74209,1771249799999999,50684.2214534,82,0.27144,18549.0322842,0
1771249800000000,68284.54,68388.34,68154.85,68250.1,1.93617,1771250099999999,132188.0225428,261,0.67019,45762.4210825,0
1771250100000000,68271.13,68413.32,68271.13,68368.85,0.39585,1771250399999999,27055.1654693,90,0.38716,26460.7314323,0
1771250400000000,68372.68,68408.64,68258.68,68334.21,0.81344,1771250699999999,55573.8176833,143,0.73395,50142.8081024,0
1771250700000000,68397.37,68523.34,68382.94,68434.44,0.43523,1771250999999999,29775.7347459,102,0.4097,28027.8525362,0
1771251000000000,68418.9,68418.9,68248.13,68395.64,0.18228,1771251299999999,12458.6750036,48,0.15424,10543.5340181,0
1771251300000000,68425.78,68502.46,68378.53,68476.5,0.17483,1771251599999999,11964.9344976,43,0.17483,11964.9344976,0
1771251600000000,68475.45,68575.36,68475.45,68575.36,0.00724,1771251899999999,496.1698477,5,0.00712,487.9408045,0
1771251900000000,68549.0,68606.92,68283.05,68288.04,0.1473,1771252199999999,10075.6112802,34,0.11517,7873.3908478,0
1771252200000000,68290.1,68519.17,68290.1,68446.57,0.06702,1771252499999999,4586.6374898,24,0.06201,4243.8321476,0
1771252500000000,68469.11,68615.61,68411.51,68536.59,0.20213,1771252799999999,13847.4496701,81,0.18828,12897.7436491,0
1771252800000000,68539.39,68559.71,68438.29,68520.71,0.24403,1771253099999999,16715.7388609,83,0.24094,16504.0409055,0
1771253100000000,68465.71,68564.49,68404.58,68564.49,0.19252,1771253399999999,13185.3090286,70,0.19023,13028.6323498,0
1771253400000000,68614.92,68703.17,68294.07,68294.07,0.38467,1771253699999999,26319.316505,92,0.33682,23049.2798287,0
1771253700000000,68290.58,68463.46,68264.13,68400.59,0.77863,1771253999999999,53225.1463147,115,0.7507,51318.1341872,0
1771254000000000,68383.98,68571.61,68380.82,68487.66,1.6078,1771254299999999,110139.5055403,178,1.6028,109797.1570403,0
1771254300000000,68502.93,68559.7,68482.98,68533.4,0.34706,1771254599999999,23783.0764768,59,0.33211,22758.7671158,0
1771254600000000,68484.72,68489.64,68330.92,68330.92,0.19738,1771254899999999,13503.2360392,9,0.19738,13503.2360392,0
1771254900000000,68284.66,68356.25,68284.66,68288.72,0.11562,1771255199999999,7896.1634604,13,0.10548,7203.305762,0
1771255200000000,68332.2,68364.61,68288.22,68299.58,0.23553,1771255499999999,16090.6290719,56,0.22793,15571.2416777,0
1771255500000000,68276.13,68352.67,68273.54,68273.54,0.0026,1771255799999999,177.5584858,4,0.0026,177.5584858,0
1771255800000000,68220.09,68220.09,67402.9,67424.82,2.16349,1771256099999999,146408.0310449,332,1.19488,80788.2570188,0
1771256100000000,67408.17,67469.27,67302.85,67383.06,0.47942,1771256399999999,32311.7455085,95,0.43136,29073.5911905,0
1771256400000000,67434.37,67491.12,67270.76,67431.33,0.48847,1771256699999999,32916.2286553,114,0.46244,31162.7024653,0
1771256700000000,67397.48,67543.6,67378.2,67457.76,0.21581,1771256999999999,14553.3039317,45,0.19534,13171.8231563,0
1771257000000000,67464.02,67688.97,67464.02,67553.51,0.08467,1771257299999999,5727.2347282,16,0.08467,5727.2347282,0
1771257300000000,67614.97,67614.97,67486.07,67501.72,0.02778,1771257599999999,1875.4335645,10,0.0069,466.1141793,0
1771257600000000,67518.9,67667.26,67501.15,67667.26,0.09818,1771257899999999,6630.4343994,33,0.02749,1856.2326458,0
1771257900000000,67724.72,67783.86,67658.54,67691.54,0.37001,1771258199999999,25057.2016895,84,0.34492,23358.0285669,0
1771258200000000,67725.5,67783.14,67713.61,67713.61,0.10656,1771258499999999,7221.3817915,16,0.09016,6110.8785875,0
1771258500000000,67738.91,67738.91,67600.0,67612.78,0.01997,1771258799999999,1350.9381099,9,0.00107,72.4169153,0
1771258800000000,67584.19,67688.37,67584.19,67660.19,0.04315,1771259099999999,2918.771534,13,0.02073,1402.0822673,0
1771259100000000,67684.13,67764.49,67684.13,67737.82,0.27038,1771259399999999,18319.1735336,57,0.27038,18319.1735336,0
1771259400000000,67792.59,67792.59,67732.7,67732.7,0.00714,1771259699999999,483.9482084,4,0.0013,88.0968286,0
1771259700000000,67660.78,67660.78,67624.23,67624.23,0.07573,1771259999999999,5123.7900494,17,0.07573,5123.7900494,0
1771260000000000,67596.9,67874.49,67596.9,67874.49,0.16583,1771260299999999,11223.3441459,43,0.15939,10786.9274177,0
1771260300000000,67913.28,67967.64,67814.35,67900.07,0.04531,1771260599999999,3075.1179824,19,0.04516,3064.9309904,0
1771260600000000,67872.59,67922.41,67822.71,67874.93,0.03728,1771260899999999,2529.8401424,16,0.02143,1454.3204311,0
1771260900000000,67784.49,67882.78,67784.49,67882.78,0.04793,1771261199999999,3250.7608509,7,0.04793,3250.7608509,0
1771261200000000,67861.53,67960.0,67825.21,67862.61,0.26865,1771261499999999,18232.492129,46,0.24653,16730.8594497,0
1771261500000000,67896.84,67950.02,67761.78,67761.78,0.39195,1771261799999999,26601.6628641,47,0.36563,24814.5561712,0
1771261800000000,67708.9,67768.45,67678.37,67717.1,0.28139,1771262099999999,19058.9968585,56,0.27932,18918.7577011,0
1771262100000000,67688.59,67688.59,67618.1,67627.81,0.01677,1771262399999999,1134.3849758,8,0.00649,439.0149895,0
1771262400000000,67671.09,67828.5,67667.9,67794.51,0.05576,1771262699999999,3779.557933,23,0.05543,3757.2269518,0
1771262700000000,67795.65,67958.53,67795.65,67911.22,0.0207,1771262999999999,1405.0272019,16,0.0207,1405.0272019,0
1771263000000000,67872.52,68032.82,67872.52,68032.82,0.03319,1771263299999999,2255.8056679,13,0.01988,1351.8404661,0
1771263300000000,68024.77,68024.77,67982.43,68005.4,0.05094,1771263599999999,3463.4872857,14,0.04595,3124.0436834,0
1771263600000000,67988.19,68013.39,67982.43,68002.58,0.24009,1771263899999999,16324.8634934,50,0.19333,13144.8147019,0
1771263900000000,67988.11,67989.52,67893.43,67956.06,0.13322,1771264199999999,9047.4461894,36,0.11456,7779.2789716,0
1771264200000000,67932.41,67932.41,67880.05,67904.49,0.11481,1771264499999999,7797.3367837,22,0.11041,7498.5227077,0
1771264500000000,67928.61,67963.72,67913.96,67940.26,0.08863,1771264799999999,6020.7901528,23,0.08362,5680.4094502,0
1771264800000000,67890.84,68011.22,67890.84,67988.54,0.03039,1771265099999999,2065.4035177,15,0.01246,846.6707042,0
1771265100000000,67996.22,68080.94,67986.79,68064.74,0.13707,1771265399999999,9329.0610661,41,0.12503,8509.6735929,0
1771265400000000,68083.78,68160.3,68064.74,68102.31,0.98394,1771265699999999,66999.109217,184,0.59342,40407.9209338,0
1771265700000000,68086.68,68117.22,68062.61,68092.37,0.2126,1771265999999999,14477.9945591,55,0.16102,10965.8244562,0
1771266000000000,68118.03,68187.65,68098.91,68127.51,0.1563,1771266299999999,10655.3084619,35,0.07794,5313.1570465,0
1771266300000000,68187.22,68198.77,68053.51,68081.92,0.06435,1771266599999999,4381.3902228,22,0.05758,3919.9565995,0
1771266600000000,68101.36,68104.48,68048.6,68074.64,0.31003,1771266899999999,21105.0788832,58,0.24414,16619.4711707,0
1771266900000000,68060.71,68060.71,67937.8,67970.66,0.08783,1771267199999999,5968.1303652,25,0.075,5095.9859406,0
1771267200000000,68024.44,68024.44,67998.56,67998.56,0.00045,1771267499999999,30.6050456,2,0.00045,30.6050456,0
1771267500000000,67986.04,68002.15,67891.28,67892.42,0.03831,1771267799999999,2601.947307,13,0.0279,1894.4393493,0
1771267800000000,67893.12,67953.18,67892.41,67937.27,0.14205,1771268099999999,9648.2876911,26,0.11495,7807.4917525,0
1771268100000000,67936.0,67937.37,67809.84,67828.86,0.56771,1771268399999999,38532.6560711,77,0.5162,35037.6696177,0
1771268400000000,67846.39,67889.51,67836.55,67846.09,0.65702,1771268699999999,44587.6980521,111,0.56043,38032.6442779,0
1771268700000000,67846.07,67894.05,67846.07,67888.12,0.15743,1771268999999999,10684.5563623,34,0.15743,10684.5563623,0
1771269000000000,67916.51,67950.13,67916.51,67950.13,0.06734,1771269299999999,4574.7418967,17,0.06724,4567.9502457,0
1771269300000000,67953.96,67977.33,67864.38,67864.38,0.18234,1771269599999999,12383.8943627,52,0.17462,11859.4572367,0
1771269600000000,67864.36,67949.61,67805.78,67949.61,0.20418,1771269899999999,13848.3845266,32,0.20296,13765.5900074,0
1771269900000000,67990.24,68028.52,67964.3,67974.11,0.11467,1771270199999999,7794.6619416,28,0.11467,7794.6619416,0
1771270200000000,67999.8,67999.8,67961.82,67961.82,0.01405,1771270499999999,954.9752322,4,0.01405,954.9752322,0
1771270500000000,68020.35,68057.02,68001.38,68040.21,0.14616,1771270799999999,9942.9104063,30,0.14226,9677.6310413,0
1771270800000000,68039.62,68076.47,68004.93,68059.25,0.25416,1771271099999999,17294.1634788,26,0.25401,17283.9531183,0
1771271100000000,68062.0,68062.0,67989.31,68013.02,0.01666,1771271399999999,1132.9749388,6,0.00823,559.7876075,0
1771271400000000,67927.78,67941.94,67927.78,67941.94,0.05178,1771271699999999,3518.0214756,12,0.05178,3518.0214756,0
1771271700000000,67970.52,67980.12,67887.84,67887.84,0.06571,1771271999999999,4463.6497797,31,0.06571,4463.6497797,0
1771272000000000,67887.85,67943.97,67863.04,67943.97,0.01895,1771272299999999,1286.4146603,16,0.01799,1221.2423339,0
1771272300000000,67897.02,67897.02,67823.87,67867.81,0.16616,1771272599999999,11279.2308029,25,0.16616,11279.2308029,0
1771272600000000,67919.77,67931.9,67866.32,67931.9,0.12148,1771272899999999,8246.8499856,23,0.1173,7962.945347,0
1771272900000000,67907.16,68028.21,67907.16,67931.79,0.17659,1771273199999999,12004.3154467,45,0.14621,9939.6522744,0
1771273200000000,67929.03,68065.03,67929.03,68051.45,0.0728,1771273499999999,4950.7119899,27,0.0728,4950.7119899,0
1771273500000000,68125.6,68203.38,68125.6,68181.12,0.14692,1771273799999999,10010.330116,14,0.13864,9445.6272712,0
1771273800000000,68181.84,68201.97,68146.46,68201.97,0.11024,1771274099999999,7516.4820061,9,0.11024,7516.4820061,0
1771274100000000,68203.5,68203.5,68107.23,68107.23,0.01128,1771274399999999,768.9849215,5,0.00381,259.5142517,0
1771274400000000,68069.43,68248.46,68069.43,68194.72,0.20227,1771274699999999,13797.4910288,57,0.09537,6504.2576794,0
1771274700000000,68194.71,68226.71,68194.71,68215.86,0.07806,1771274999999999,5324.6622889,39,0.07168,4889.4543736,0
1771275000000000,68195.91,68458.61,68195.91,68368.37,0.44211,1771275299999999,30222.6939278,84,0.40718,27833.863436,0
1771275300000000,68395.51,68528.02,68368.36,68528.02,1.23647,1771275599999999,84571.6221831,236,0.65916,45086.6281468,0
1771275600000000,68527.88,68527.88,68412.4,68447.56,0.15961,1771275899999999,10927.6900905,44,0.12887,8822.5572918,0
1771275900000000,68446.78,68521.24,68419.71,68521.24,0.08345,1771276199999999,5713.4063167,26,0.06623,4534.3529606,0
1771276200000000,68517.35,68517.35,68468.48,68514.72,0.83981,1771276499999999,57514.1911443,171,0.55841,38242.7393256,0
1771276500000000,68552.4,68621.34,68485.92,68485.92,0.18914,1771276799999999,12968.4402905,54,0.14799,10146.9283224,0
1771276800000000,68485.21,68562.36,68485.21,68562.36,0.05291,1771277099999999,3623.8487701,15,0.05276,3613.5644161,0
1771277100000000,68471.15,68513.18,68471.15,68513.18,0.04592,1771277399999999,3144.5470704,16,0.04592,3144.5470704,0
1771277400000000,68488.04,68550.89,68451.85,68451.85,0.06789,1771277699999999,4651.5769363,25,0.04036,2765.2450226,0
1771277700000000,68501.03,68517.15,68430.46,68517.14,0.06434,1771277999999999,4405.4028972,26,0.05036,3447.7772543,0
1771278000000000,68506.79,68506.79,68477.03,68477.03,0.00886,1771278299999999,606.8801068,8,0.00099,67.8055851,0
1771278300000000,68510.42,68510.42,68440.62,68504.16,0.06963,1771278599999999,4767.6960142,23,0.01455,996.5325414,0
1771278600000000,68504.16,68504.18,68469.83,68469.83,0.06142,1771278899999999,4205.8113991,16,0.06142,4205.8113991,0
1771278900000000,68491.84,68919.51,68491.84,68843.21,0.29568,1771279199999999,20317.3782724,67,0.19201,13185.0331799,0
1771279200000000,68813.42,68813.42,68755.81,68755.83,0.07284,1771279499999999,5009.8487394,27,0.061,4195.4418481,0
1771279500000000,68755.7,68755.7,68721.67,68721.68,0.01369,1771279799999999,940.8817111,4,0.00596,409.5811605,0
1771279800000000,68773.13,68824.0,68773.13,68806.64,0.08831,1771280099999999,6075.5341936,22,0.07452,5126.777754,0
1771280100000000,68761.41,68785.06,68704.15,68780.22,0.06768,1771280399999999,4651.2919945,19,0.04865,3342.6085452,0
1771280400000000,68771.65,68773.01,68649.66,68662.24,0.08207,1771280699999999,5639.6862098,29,0.06894,4738.0459145,0
1771280700000000,68632.05,68632.05,68560.88,68560.88,0.10632,1771280999999999,7292.1288056,28,0.08661,5939.9646504,0
1771281000000000,68553.38,68679.7,68465.08,68668.32,1.82484,1771281299999999,125058.1228977,493,0.26844,18403.002388,0
1771281300000000,68674.34,68699.14,68642.36,68699.14,0.05877,1771281599999999,4035.8582221,24,0.05635,3869.676625,0
1771281600000000,68672.98,68685.68,68603.41,68685.68,0.0321,1771281899999999,2203.3388558,12,0.03072,2108.5701434,0
1771281900000000,68685.68,68685.68,68685.68,68685.68,0.0,1771282199999999,0.0,0,0.0,0.0,0
1771282200000000,68520.63,68582.42,68520.63,68582.42,0.00652,1771282499999999,447.1481099,2,0.00637,436.8700154,0
1771282500000000,68597.61,68612.14,68594.1,68594.1,0.13315,1771282799999999,9133.3547724,28,0.13315,9133.3547724,0
1771282800000000,68553.14,68595.26,68553.14,68595.26,0.01818,1771283099999999,1246.6395216,6,0.01818,1246.6395216,0
1771283100000000,68593.27,68899.56,68593.27,68709.18,0.15725,1771283399999999,10806.9451837,21,0.14739,10129.8562285,0
1771283400000000,68697.6,68726.01,68696.42,68696.42,0.00559,1771283699999999,384.0535891,5,0.00559,384.0535891,0
1771283700000000,68789.08,68789.08,68681.44,68681.45,0.02144,1771283999999999,1472.8624731,8,0.00343,235.7759634,0
1771284000000000,68718.08,68718.08,68718.08,68718.08,0.00035,1771284299999999,24.051328,1,0.00035,24.051328,0
1771284300000000,68681.33,68695.56,68611.75,68611.75,0.23673,1771284599999999,16256.253925,50,0.23601,16206.8057239,0
1771284600000000,68615.89,68680.65,68615.89,68623.92,0.07803,1771284899999999,5357.1231137,21,0.07429,5100.4696529,0
1771284900000000,68609.47,68676.94,68609.47,68676.94,0.10336,1771285199999999,7095.5072301,22,0.10336,7095.5072301,0
1771285200000000,68698.31,68698.31,68675.22,68675.22,0.06959,1771285499999999,4780.6881467,15,0.06959,4780.6881467,0
1771285500000000,68704.2,68843.34,68694.22,68843.34,0.07823,1771285799999999,5382.9205454,21,0.06995,4813.945224,0
1771285800000000,68849.3,68931.75,68849.3,68931.75,0.00693,1771286099999999,477.6053206,4,0.00693,477.6053206,0
1771286100000000,68852.29,68877.94,68836.71,68877.94,0.04932,1771286399999999,3395.1400766,12,0.04932,3395.1400766,0
1771286400000000,68831.96,68839.0,68798.8,68800.52,0.05458,1771286699999999,3755.8105774,15,0.04702,3235.5016396,0
1771286700000000,68759.92,68759.92,68743.47,68743.47,0.0205,1771286999999999,1409.536024,6,0.01862,1280.2983004,0
1771287000000000,68798.95,68824.36,68788.77,68824.36,0.04325,1771287299999999,2975.7822801,13,0.0431,2965.4624376,0
1771287300000000,68842.43,68845.01,68687.98,68687.98,0.0341,1771287599999999,2343.0930377,13,0.02512,1726.0221415,0
1771287600000000,68700.44,68724.8,68700.44,68724.8,0.13103,1771287899999999,9004.4192611,27,0.13103,9004.4192611,0
1771287900000000,68741.37,68878.97,68723.78,68865.73,0.14754,1771288199999999,10153.7591349,32,0.14523,9994.6691711,0
1771288200000000,68867.17,68867.17,68809.84,68835.7,0.05898,1771288499999999,4058.904894,17,0.05627,3872.3797945,0
1771288500000000,68859.13,68859.13,68852.47,68852.47,0.1355,1771288799999999,9330.0904892,29,0.1355,9330.0904892,0
1771288800000000,68898.8,68914.43,68830.14,68850.82,0.2069,1771289099999999,14244.5105316,48,0.19413,13365.3578628,0
1771289100000000,68871.41,68994.73,68871.41,68973.27,0.02031,1771289399999999,1400.6528771,10,0.01112,766.6761972,0
1771289400000000,68995.44,68998.75,68978.0,68978.0,0.00827,1771289699999999,570.5349324,9,0.00827,570.5349324,0
1771289700000000,68906.91,68906.91,68844.61,68845.64,0.00535,1771289999999999,368.5393748,4,0.00108,74.3529307,0
1771290000000000,68890.26,68913.76,68772.84,68772.84,0.06192,1771290299999999,4262.3037529,31,0.04739,3262.9039661,0
1771290300000000,68790.16,68821.08,68759.39,68821.08,0.04103,1771290599999999,2821.5094831,16,0.03305,2272.7288964,0
1771290600000000,68951.4,68951.4,68842.8,68867.31,0.09627,1771290899999999,6630.3562085,17,0.09383,6462.2873514,0
1771290900000000,68834.62,68935.0,68834.62,68935.0,0.01415,1771291199999999,974.2133762,9,0.01415,974.2133762,0
1771291200000000,68902.5,68940.51,68884.93,68907.29,0.05384,1771291499999999,3709.8727822,24,0.05384,3709.8727822,0
1771291500000000,68913.17,68919.51,68835.42,68851.88,0.01131,1771291799999999,779.1095657,14,0.00652,449.1233386,0
1771291800000000,68833.98,68945.56,68823.46,68945.56,0.02005,1771292099999999,1381.1871213,13,0.019,1308.8856543,0
1771292100000000,68911.38,68911.38,68911.38,68911.38,0.02259,1771292399999999,1556.7080742,5,0.02259,1556.7080742,0
1771292400000000,68950.44,68950.44,68821.82,68821.82,0.02307,1771292699999999,1588.6527011,9,0.01195,822.420749,0
1771292700000000,68830.05,68871.44,68793.1,68793.1,0.04157,1771292999999999,2861.2840614,20,0.02458,1692.0706157,0
1771293000000000,68798.78,68798.78,68608.04,68630.0,0.0445,1771293299999999,3055.0214769,23,0.04333,2974.6526586,0
1771293300000000,68611.18,68647.6,68538.06,68621.03,0.02956,1771293599999999,2028.0617392,24,0.0082,562.5467983,0
1771293600000000,68622.16,68622.16,68371.73,68496.29,0.06569,1771293899999999,4494.2227384,30,0.0189,1293.5070368,0
1771293900000000,68512.16,68771.68,68505.2,68771.68,0.10275,1771294199999999,7040.5548037,36,0.09104,6237.6064267,0
1771294200000000,68763.59,69219.37,68763.59,69101.19,0.13231,1771294499999999,9138.4328707,38,0.05677,3913.6444027,0
1771294500000000,69127.64,69155.71,68993.72,69007.93,0.03043,1771294799999999,2101.4591868,23,0.01173,810.0712034,0
1771294800000000,68977.98,69059.73,68975.53,69059.73,0.00659,1771295099999999,454.7507116,14,0.00283,195.3165231,0
1771295100000000,69059.2,69059.2,68987.8,69010.44,0.01059,1771295399999999,730.7032898,6,0.01045,721.0350032,0
1771295400000000,69021.71,69021.71,68952.26,69004.17,0.00284,1771295699999999,195.9858108,4,0.0,0.0,0
1771295700000000,68965.53,68965.53,68905.39,68905.39,0.01079,1771295999999999,743.5377497,5,0.0,0.0,0
1771296000000000,68953.07,68953.07,68925.91,68925.91,0.00671,1771296299999999,462.5387565,2,0.00169,116.5306883,0
1771296300000000,68934.98,68969.01,68915.22,68916.1,0.05733,1771296599999999,3951.9774079,15,0.05733,3951.9774079,0
1771296600000000,68916.1,68916.1,68916.1,68916.1,0.0,1771296899999999,0.0,0,0.0,0.0,0
1771296900000000,68935.51,68936.86,68852.16,68852.16,0.08703,1771297199999999,5994.2913994,22,0.07629,5254.0248877,0
1771297200000000,68803.32,68803.32,68642.32,68642.32,0.05447,1771297499999999,3741.3870498,18,0.03208,2202.3657416,0
1771297500000000,68642.31,68699.46,68620.55,68699.46,0.12862,1771297799999999,8833.1578884,39,0.11799,8103.5671025,0
1771297800000000,68657.56,68664.61,68623.02,68647.45,0.06679,1771298099999999,4583.8026325,26,0.05574,3825.2815033,0
1771298100000000,68665.51,68725.82,68641.91,68648.5,0.04918,1771298399999999,3376.6452846,25,0.03787,2599.9356658,0
1771298400000000,68685.8,68724.82,68573.58,68573.58,0.10655,1771298699999999,7310.2580526,26,0.09172,6292.9055962,0
1771298700000000,68573.39,68606.93,68573.39,68606.93,0.0147,1771298999999999,1008.1918884,8,0.0147,1008.1918884,0
1771299000000000,68597.94,68597.94,68525.8,68583.48,0.09872,1771299299999999,6770.3211917,21,0.08183,5612.1771292,0
1771299300000000,68620.63,68620.63,68487.8,68514.99,0.11253,1771299599999999,7715.8343683,14,0.10708,7341.8877308,0
1771299600000000,68498.94,68498.94,68498.94,68498.94,0.00015,1771299899999999,10.274841,1,0.0,0.0,0
1771299900000000,68501.7,68501.7,68501.7,68501.7,0.00128,1771300199999999,87.682176,1,0.00128,87.682176,0
1771300200000000,68501.7,68501.7,68501.7,68501.7,0.0,1771300499999999,0.0,0,0.0,0.0,0
1771300500000000,68531.07,68531.07,68447.64,68447.64,0.02496,1771300799999999,1710.056217,9,0.01454,996.3082698,0
1771300800000000,68447.64,68447.64,68447.64,68447.64,0.0,1771301099999999,0.0,0,0.0,0.0,0
1771301100000000,68454.03,68454.03,68390.54,68390.54,0.01731,1771301399999999,1184.4669459,6,0.00212,144.9889738,0
1771301400000000,68581.39,68581.39,68581.39,68581.39,0.00071,1771301699999999,48.6927869,1,0.00071,48.6927869,0
1771301700000000,68506.88,68506.88,68443.72,68443.72,0.11901,1771301999999999,8146.7839287,28,0.11765,8053.6401293,0
1771302000000000,68582.99,68631.26,68582.99,68607.63,0.01193,1771302299999999,818.3320946,5,0.01193,818.3320946,0
1771302300000000,68638.93,68638.93,68560.53,68560.53,0.02842,1771302599999999,1948.7536709,11,0.02352,1612.5436656,0
1771302600000000,68555.22,68555.22,68266.0,68305.39,0.07092,1771302899999999,4846.9567036,11,0.06427,4392.6045802,0
1771302900000000,68377.2,68377.2,68377.2,68377.2,0.00486,1771303199999999,332.313192,1,0.00486,332.313192,0
1771303200000000,68377.2,68377.2,68377.2,68377.2,0.0,1771303499999999,0.0,0,0.0,0.0,0
1771303500000000,68406.23,68406.23,68406.23,68406.23,0.00395,1771303799999999,270.2046085,1,0.00395,270.2046085,0
1771303800000000,68427.38,68433.82,68412.38,68433.82,0.00405,1771304099999999,277.1028338,3,0.00142,97.1760244,0
1771304100000000,68435.17,68435.17,68435.17,68435.17,0.00497,1771304399999999,340.1227949,1,0.00497,340.1227949,0
1771304400000000,68475.57,68475.57,68475.57,68475.57,0.00088,1771304699999999,60.2585016,2,0.00017,11.6408469,0
1771304700000000,68439.86,68439.86,68404.66,68405.31,0.00823,1771304999999999,563.0138987,5,0.0,0.0,0
1771305000000000,68405.31,68405.31,68405.31,68405.31,0.0,1771305299999999,0.0,0,0.0,0.0,0
1771305300000000,68265.95,68265.95,68164.2,68164.2,0.01137,1771305599999999,775.6126159,7,0.0,0.0,0
1771305600000000,68161.96,68161.96,67919.75,67919.75,0.03519,1771305899999999,2392.5084643,16,0.0,0.0,0
1771305900000000,68013.71,68068.33,68011.99,68068.33,0.00761,1771306199999999,517.5845589,4,0.0049,333.263357,0
1771306200000000,68002.18,68002.18,67956.65,67956.65,0.03574,1771306499999999,2430.341456,8,0.0345,2346.07521,0
1771306500000000,67948.59,68060.95,67948.59,68018.79,0.00176,1771306799999999,119.7110855,5,0.00161,109.518797,0
1771306800000000,68044.84,68164.13,68040.55,68138.7,0.01592,1771307099999999,1084.5563929,18,0.0075,510.8164867,0
1771307100000000,68175.82,68211.05,68110.71,68183.27,0.01463,1771307399999999,996.8292852,18,0.00176,119.9662369,0
1771307400000000,68190.02,68233.5,68150.65,68194.7,0.0234,1771307699999999,1596.5441813,14,0.0234,1596.5441813,0
1771307700000000,68209.84,68231.56,68182.17,68190.95,0.06718,1771307999999999,4581.516762,25,0.06718,4581.516762,0
1771308000000000,68209.53,68258.71,68209.53,68241.26,0.00234,1771308299999999,159.6681547,10,0.00234,159.6681547,0
1771308300000000,68255.23,68380.26,68241.22,68380.26,0.10291,1771308599999999,7026.936436,41,0.10291,7026.936436,0
1771308600000000,68355.05,68423.54,68336.42,68336.42,0.09782,1771308899999999,6687.4565513,52,0.07864,5376.4278867,0
1771308900000000,68368.48,68378.38,68328.42,68328.42,0.03048,1771309199999999,2082.8757822,28,0.03048,2082.8757822,0
1771309200000000,68350.14,68369.83,68321.64,68348.57,0.0545,1771309499999999,3723.749547,35,0.0545,3723.749547,0
1771309500000000,68341.23,68441.16,68280.14,68420.62,0.02999,1771309799999999,2050.0700068,32,0.0257,1756.9322458,0
1771309800000000,68403.79,68433.75,68376.66,68403.41,0.08131,1771310099999999,5561.4999368,31,0.08131,5561.4999368,0
1771310100000000,68400.21,68438.9,68400.21,68438.9,0.0112,1771310399999999,766.2202717,23,0.0112,766.2202717,0
1771310400000000,68415.33,68484.02,68415.33,68434.35,0.04075,1771310699999999,2788.7816858,26,0.04075,2788.7816858,0
1771310700000000,68434.35,68461.72,68382.83,68382.83,0.51609,1771310999999999,35305.6141148,113,0.51594,35295.3546083,0
1771311000000000,68382.88,68445.99,68382.88,68422.26,0.00553,1771311299999999,378.3222586,11,0.00553,378.3222586,0
1771311300000000,68422.26,68422.26,68392.07,68392.07,0.03136,1771311599999999,2145.6065528,12,0.00494,337.8907078,0
1771311600000000,68358.63,68391.71,68328.79,68375.82,0.07299,1771311899999999,4989.5309075,39,0.07284,4979.277623,0
1771311900000000,68359.94,68359.94,68262.1,68262.62,0.0215,1771312199999999,1468.854239,35,0.01617,1104.828622,0
1771312200000000,68278.72,68337.18,68270.19,68316.43,0.00969,1771312499999999,661.8396364,21,0.00969,661.8396364,0
1771312500000000,68309.81,68352.46,68292.89,68297.42,0.02596,1771312799999999,1773.3571096,18,0.00386,263.7128151,0
1771312800000000,68297.27,68315.01,68266.22,68297.43,0.0031,1771313099999999,211.7265488,10,0.0031,211.7265488,0
1771313100000000,68297.27,68297.27,68169.42,68210.38,0.1338,1771313399999999,9123.5871176,42,0.12861,8769.5714252,0
1771313400000000,68218.42,68244.22,68138.57,68226.56,0.12092,1771313699999999,8246.7179945,22,0.10483,7149.9970082,0
1771313700000000,68207.62,68457.47,68207.62,68457.47,0.09421,1771313999999999,6437.2225139,31,0.09421,6437.2225139,0
1771314000000000,68402.51,68466.1,68385.01,68385.01,0.00619,1771314299999999,423.5210709,12,0.00619,423.5210709,0
1771314300000000,68405.5,68438.69,68358.17,68438.69,0.11043,1771314599999999,7553.3561915,36,0.11028,7543.09268,0
1771314600000000,68439.84,68469.22,68426.47,68426.47,0.07278,1771314899999999,4980.7398436,24,0.07278,4980.7398436,0
1771314900000000,68426.85,68452.2,68356.69,68392.63,0.0703,1771315199999999,4809.2343566,24,0.0703,4809.2343566,0
1771315200000000,68385.0,68457.67,68385.0,68424.4,0.02621,1771315499999999,1792.6207527,16,0.02606,1782.3597597,0
1771315500000000,68380.47,68472.29,68364.58,68408.12,0.07915,1771315799999999,5413.0599344,28,0.07915,5413.0599344,0
1771315800000000,68417.74,68452.37,68356.22,68371.55,0.03663,1771316099999999,2505.3238278,21,0.03663,2505.3238278,0
1771316100000000,68355.13,68355.13,68252.68,68269.63,0.09396,1771316399999999,6416.8066947,28,0.05299,3620.0425958,0
1771316400000000,68283.22,68318.42,68281.49,68287.08,0.00729,1771316699999999,497.8601384,11,0.00729,497.8601384,0
1771316700000000,68251.47,68287.12,68251.47,68264.45,0.11677,1771316999999999,7971.627011,25,0.11677,7971.627011,0
1771317000000000,68272.64,68323.06,68248.55,68248.55,0.12918,1771317299999999,8816.7777467,39,0.12918,8816.7777467,0
1771317300000000,68248.55,68249.35,68129.6,68160.13,0.0339,1771317599999999,2312.0037444,21,0.01042,710.575367,0
1771317600000000,68160.13,68191.79,68127.78,68191.79,0.08063,1771317899999999,5495.2964095,14,0.00679,462.8537244,0
1771317900000000,68201.57,68243.34,68195.72,68195.72,0.0067,1771318199999999,457.0463463,12,0.0067,457.0463463,0
1771318200000000,68185.02,68185.28,68107.75,68155.68,0.00928,1771318499999999,632.2640385,23,0.00713,485.8270125,0
1771318500000000,68155.66,68169.08,68128.63,68145.39,0.02173,1771318799999999,1480.7078597,24,0.02173,1480.7078597,0
1771318800000000,68146.68,68272.88,68146.68,68272.88,0.01038,1771319099999999,707.9246112,21,0.01038,707.9246112,0
1771319100000000,68272.87,68301.49,68190.85,68190.85,0.01188,1771319399999999,810.7664827,25,0.00616,420.4483406,0
1771319400000000,68155.62,68155.62,68028.02,68085.33,0.1106,1771319699999999,7527.7889643,38,0.10736,7307.1493419,0
1771319700000000,68066.6,68165.15,67973.5,68023.71,0.30062,1771319999999999,20458.2236048,83,0.2803,19076.2488054,0
1771320000000000,68011.37,68079.33,67970.17,68023.4,0.48411,1771320299999999,32912.8045337,121,0.47396,32222.8004309,0
1771320300000000,68033.2,68050.97,67984.0,68005.69,0.27958,1771320599999999,19014.8025015,59,0.22788,15498.4302687,0
1771320600000000,68005.68,68037.68,67983.36,68015.46,0.99635,1771320899999999,67773.7185066,208,0.96686,65768.1422287,0
1771320900000000,68001.3,68050.23,67982.65,67982.65,0.3186,1771321199999999,21664.0257373,67,0.31064,21122.7550835,0
1771321200000000,67989.79,68065.57,67966.38,68052.41,0.07921,1771321499999999,5389.2081543,22,0.05452,3709.7279238,0
1771321500000000,68041.63,68130.06,68016.31,68020.99,0.12781,1771321799999999,8703.7737112,47,0.09409,6407.2831035,0
1771321800000000,68016.01,68138.4,68016.01,68100.59,0.99754,1771322099999999,67936.2079385,116,0.973,66264.8333387,0
1771322100000000,68100.59,68122.98,68084.3,68084.83,0.30163,1771322399999999,20540.2243385,72,0.29037,19773.3829534,0
1771322400000000,68092.54,68126.85,68062.23,68101.39,1.15303,1771322699999999,78507.7181449,190,1.12744,76765.2948437,0
1771322700000000,68082.39,68165.05,68070.36,68165.05,0.62213,1771322999999999,42376.1193832,144,0.62213,42376.1193832,0
1771323000000000,68147.58,68158.38,68048.07,68048.07,0.23001,1771323299999999,15672.9944722,46,0.22511,15339.1863332,0
1771323300000000,68069.17,68069.17,67767.51,67832.83,0.39969,1771323599999999,27143.6840395,99,0.30967,21033.0618916,0
1771323600000000,67877.46,67930.88,67874.22,67908.12,0.24356,1771323899999999,16541.3997024,64,0.24222,16450.4371658,0
1771323900000000,67908.11,67945.07,67852.82,67890.14,0.22421,1771324199999999,15219.0780071,64,0.20635,14006.7020519,0
1771324200000000,67870.12,67908.2,67825.88,67855.33,0.57782,1771324499999999,39220.1938149,132,0.53718,36461.892144,0
1771324500000000,67855.32,67874.51,67747.45,67840.04,0.21609,1771324799999999,14654.0106616,67,0.16372,11103.5124344,0
1771324800000000,67840.03,67841.87,67745.17,67752.74,0.38076,1771325099999999,25804.6000763,93,0.34328,23263.3645215,0
1771325100000000,67752.74,67816.02,67736.13,67782.7,0.89196,1771325399999999,60438.2715594,125,0.88721,60116.1462719,0
1771325400000000,67741.39,67762.44,67683.66,67745.26,0.0808,1771325699999999,5472.324746,31,0.04448,3012.9305202,0
1771325700000000,67745.26,67836.12,67745.26,67836.12,0.23344,1771325999999999,15822.2011917,44,0.22637,15342.9944275,0
1771326000000000,67807.37,67870.4,67774.47,67774.47,0.40002,1771326299999999,27128.569675,102,0.34349,23294.2363683,0
1771326300000000,67767.07,67810.82,67649.4,67783.1,1.07826,1771326599999999,73025.6753327,244,0.98388,66634.0630623,0
1771326600000000,67801.62,67886.41,67801.62,67886.41,0.0862,1771326899999999,5847.4916967,26,0.0862,5847.4916967,0
1771326900000000,67871.35,67877.59,67799.95,67851.75,0.10275,1771327199999999,6970.2505598,37,0.07119,4829.7521095,0
1771327200000000,67846.43,67895.52,67814.63,67814.63,0.47073,1771327499999999,31941.2982387,96,0.45038,30560.4667107,0
1771327500000000,67803.49,67834.37,67725.61,67834.37,0.07841,1771327799999999,5314.3135298,33,0.05643,3824.8519245,0
1771327800000000,67866.84,67883.26,67826.13,67826.71,0.03786,1771328099999999,2568.846007,16,0.03786,2568.846007,0
1771328100000000,67818.05,67818.05,67745.31,67761.58,0.07254,1771328399999999,4915.2822188,25,0.07254,4915.2822188,0
1771328400000000,67780.31,67784.82,67706.49,67706.49,0.02593,1771328699999999,1756.9091283,14,0.02593,1756.9091283,0
1771328700000000,67707.98,67760.54,67706.48,67760.54,0.07213,1771328999999999,4886.2463888,19,0.06665,4515.1943284,0
1771329000000000,67776.19,67825.3,67772.42,67825.28,0.04038,1771329299999999,2737.2867921,21,0.03572,2421.4497467,0
1771329300000000,67849.94,67860.13,67810.82,67810.83,0.15614,1771329599999999,10593.2667944,49,0.12999,8819.1663432,0
1771329600000000,67810.82,67878.0,67803.69,67878.0,0.06889,1771329899999999,4673.1287342,39,0.0589,3995.661107,0
1771329900000000,67875.65,68125.62,67875.65,68063.28,0.34317,1771330199999999,23354.8248955,61,0.29842,20307.9584098,0
1771330200000000,68064.34,68081.72,68050.34,68050.35,0.1893,1771330499999999,12883.1934849,53,0.17601,11978.593785,0
1771330500000000,68050.35,68050.35,67995.99,68046.84,0.48608,1771330799999999,33067.2926467,116,0.47996,32651.1344687,0
1771330800000000,68081.09,68118.67,68030.88,68030.88,0.68403,1771331099999999,46571.0964285,109,0.67437,45913.2568692,0
1771331100000000,68050.34,68114.41,68033.59,68065.32,0.03492,1771331399999999,2376.8985701,15,0.02542,1730.0545042,0
1771331400000000,68082.42,68118.52,68059.66,68090.17,0.36267,1771331699999999,24690.4853376,108,0.35271,24012.3612879,0
1771331700000000,68084.41,68291.81,68084.41,68169.5,0.36137,1771331999999999,24648.4350424,90,0.29106,19852.822882,0
1771332000000000,68161.22,68201.69,68161.22,68161.22,0.19543,1771332299999999,13323.6057057,52,0.19543,13323.6057057,0
1771332300000000,68161.22,68161.22,68052.33,68052.33,0.2894,1771332599999999,19705.5321714,75,0.25443,17324.6313703,0
1771332600000000,68047.02,68048.21,67971.0,68015.38,0.05466,1771332899999999,3717.4738786,27,0.03421,2326.7334,0
1771332900000000,68012.28,68034.27,67832.74,67886.05,0.07352,1771333199999999,4995.1173587,37,0.03741,2542.6964607,0
1771333200000000,67929.25,67932.54,67732.56,67740.77,0.19609,1771333499999999,13288.9776275,61,0.14677,9945.4564519,0
1771333500000000,67717.14,67949.86,67717.13,67947.61,0.18139,1771333799999999,12293.8052202,49,0.17029,11541.9638884,0
1771333800000000,67948.57,68085.43,67948.57,68085.43,0.03609,1771334099999999,2454.9697903,23,0.0177,1203.9682814,0
1771334100000000,68108.6,68108.6,67974.23,68042.34,0.06426,1771334399999999,4370.5014005,26,0.05099,3468.2458264,0
1771334400000000,68056.19,68321.98,68030.11,68309.84,0.38402,1771334699999999,26154.309937,69,0.34141,23250.3225576,0
1771334700000000,68327.89,68327.89,68074.68,68090.9,0.87287,1771334999999999,59549.2620361,106,0.77076,52583.2181665,0
1771335000000000,68078.87,68094.89,67948.38,67950.0,0.20343,1771335299999999,13840.6801589,57,0.13942,9487.6180899,0
1771335300000000,67989.64,68040.83,67989.64,68020.72,0.06805,1771335599999999,4627.9658853,29,0.0529,3597.5349317,0
1771335600000000,68021.36,68021.36,67955.35,67987.63,0.21442,1771335899999999,14574.9875442,44,0.1834,12465.9591123,0
1771335900000000,67987.63,68023.2,67979.88,67993.91,0.30728,1771336199999999,20896.1089172,78,0.28952,19688.263035,0
1771336200000000,67992.05,68312.47,67992.05,68170.9,1.05187,1771336499999999,71708.1851916,224,0.8831,60199.0188926,0
1771336500000000,68199.82,68199.82,68064.04,68101.33,0.7977,1771336799999999,54340.7783133,109,0.74452,50717.6812004,0
1771336800000000,68103.64,68167.15,68024.39,68166.94,0.51329,1771337099999999,34944.0094813,100,0.44458,30265.8387507,0
1771337100000000,68166.96,68301.23,68151.12,68151.12,1.33351,1771337399999999,90997.3265577,160,1.14002,77790.2724974,0
1771337400000000,68159.56,68159.56,68065.37,68065.37,0.40104,1771337699999999,27320.0018502,65,0.36572,24914.1090037,0
1771337700000000,68057.11,68144.6,68057.11,68097.49,0.39912,1771337999999999,27185.7333432,79,0.31445,21418.2128196,0
1771338000000000,68102.32,68119.46,67968.42,67987.71,0.42467,1771338299999999,28884.5057144,80,0.37989,25837.8688452,0
1771338300000000,67998.64,68042.31,67996.74,67996.74,0.0722,1771338599999999,4910.9332631,20,0.0559,3801.9788511,0
1771338600000000,68049.66,68207.93,67877.26,67945.48,0.53628,1771338899999999,36457.9157862,118,0.38891,26437.7411264,0
1771338900000000,68024.83,68059.36,67466.29,67579.44,0.64551,1771339199999999,43719.7427136,185,0.35761,24216.2267204,0
1771339200000000,67574.72,67574.72,66926.28,67074.43,2.41138,1771339499999999,161915.8638114,353,1.88738,126695.085335,0
1771339500000000,67067.12,67067.12,66776.45,67018.21,1.78692,1771339799999999,119517.4495783,401,1.43277,95822.2067854,0
1771339800000000,67063.84,67063.84,66705.28,66822.6,1.17075,1771340099999999,78212.8525678,238,0.93228,62280.180802,0
1771340100000000,66826.8,67024.49,66777.84,66846.39,0.21764,1771340399999999,14558.8212594,72,0.09818,6568.3167423,0
1771340400000000,66862.32,67083.51,66862.32,67034.43,0.10193,1771340699999999,6828.8559327,36,0.05294,3546.4445964,0
1771340700000000,67112.8,67152.16,66902.76,67028.87,0.17972,1771340999999999,12053.7419843,33,0.12628,8470.1402592,0
1771341000000000,67036.45,67101.0,66759.65,66759.65,6.4043,1771341299999999,428568.2890288,1191,5.91802,396029.5935441,0
1771341300000000,66760.67,67073.39,66736.44,67073.39,1.74746,1771341599999999,116699.7648628,347,1.65391,110446.2235536,0
1771341600000000,67102.2,67111.69,66928.41,66934.63,0.06847,1771341899999999,4587.6058263,21,0.04492,3009.2218708,0
1771341900000000,66967.54,66967.54,66709.02,66778.76,0.0639,1771342199999999,4267.2252566,24,0.04003,2672.6441985,0
1771342200000000,66850.35,66850.35,66604.72,66634.69,0.06305,1771342499999999,4209.428845,25,0.02727,1820.9607224,0
1771342500000000,66758.62,66921.65,66758.62,66773.84,0.09019,1771342799999999,6027.517972,30,0.04463,2982.5323688,0
1771342800000000,66812.02,66931.36,66810.15,66931.36,0.05849,1771343099999999,3911.0436801,14,0.05269,3523.4783428,0
1771343100000000,66982.74,67181.72,66967.69,67143.03,0.11163,1771343399999999,7488.0313704,27,0.03862,2591.0248053,0
1771343400000000,67093.56,67349.18,67093.56,67281.11,0.12665,1771343699999999,8516.1208107,24,0.06899,4636.2907806,0
1771343700000000,67279.07,67348.05,67279.07,67303.23,0.0212,1771343999999999,1427.1761666,6,0.01338,900.8341774,0
1771344000000000,67353.59,67810.77,67321.15,67689.33,0.30254,1771344299999999,20489.1293646,68,0.23671,16032.7571052,0
1771344300000000,67734.7,67922.56,67703.56,67720.45,0.10617,1771344599999999,7200.5837004,32,0.05857,3971.5716596,0
1771344600000000,67720.67,67744.19,67648.44,67707.01,0.11887,1771344899999999,8046.9780263,26,0.0943,6383.5037478,0
1771344900000000,67732.0,67916.57,67707.63,67871.84,0.05902,1771345199999999,4002.7148126,20,0.02232,1513.7551378,0
1771345200000000,67749.78,67749.78,67647.57,67673.27,0.03008,1771345499999999,2036.1385464,9,0.02209,1494.9268364,0
1771345500000000,67737.82,67737.82,67509.58,67509.58,0.01717,1771345799999999,1161.5158213,9,0.0062,419.343053,0
1771345800000000,67466.25,67679.86,67415.34,67638.5,0.10053,1771346099999999,6787.1149149,24,0.06543,4417.6753562,0
1771346100000000,67925.64,68113.63,67925.64,67955.91,0.22045,1771346399999999,15004.437021,54,0.17389,11837.5610582,0
1771346400000000,67925.96,67925.96,67690.64,67693.91,0.40504,1771346699999999,27458.389955,80,0.25998,17623.4354136,0
1771346700000000,67669.26,67669.35,67574.56,67599.47,0.3466,1771346999999999,23449.4880283,75,0.32466,21965.8897277,0
1771347000000000,67571.56,67712.53,67556.11,67659.27,0.43356,1771347299999999,29306.9899857,88,0.34239,23142.9308151,0
1771347300000000,67666.66,67762.16,67511.08,67511.88,0.14786,1771347599999999,10004.1184806,39,0.08445,5716.0802945,0
1771347600000000,67503.3,67621.01,67465.62,67537.41,0.05458,1771347899999999,3687.1701319,20,0.03159,2135.1694697,0
1771347900000000,67599.6,67654.8,67507.65,67507.65,0.08881,1771348199999999,6003.1218038,31,0.06303,4261.0770715,0
1771348200000000,67394.05,67394.05,67069.01,67199.51,0.12243,1771348499999999,8228.1054869,38,0.06626,4452.5036291,0
1771348500000000,67246.08,67412.54,67182.6,67365.18,0.55893,1771348799999999,37596.4764278,69,0.52843,35543.2779604,0
1771348800000000,67348.46,67348.46,67167.08,67266.61,0.43708,1771349099999999,29405.5926359,61,0.37382,25151.0036402,0
1771349100000000,67249.0,67454.43,67248.31,67423.65,0.08205,1771349399999999,5528.5854776,30,0.06134,4133.1931481,0
1771349400000000,67447.48,67452.5,67041.23,67115.46,0.5462,1771349699999999,36750.5650882,98,0.39344,26473.0252944,0
1771349700000000,67157.67,67233.89,67121.61,67125.92,0.12284,1771349999999999,8250.2527304,38,0.06769,4546.1916695,0
1771350000000000,67132.81,67132.81,66944.52,66960.43,0.7838,1771350299999999,52505.950565,138,0.70173,47006.2571077,0
1771350300000000,66961.35,67091.49,66855.17,67086.65,0.50666,1771350599999999,33932.1127715,94,0.3809,25508.190974,0
1771350600000000,67109.22,67259.76,67068.47,67085.8,0.1704,1771350899999999,11447.812611,43,0.11489,7719.9338137,0
1771350900000000,67141.86,67276.87,67081.97,67213.5,0.1227,1771351199999999,8240.0752526,30,0.07676,5151.6519115,0
1771351200000000,67215.64,67217.01,67112.33,67160.39,0.26079,1771351499999999,17513.828367,58,0.19681,13216.2069019,0
1771351500000000,67141.7,67167.98,67097.43,67159.63,0.47589,1771351799999999,31939.3466367,58,0.46526,31225.8381231,0
1771351800000000,67211.9,67360.17,67201.35,67330.91,0.06577,1771352099999999,4424.166599,25,0.02664,1791.6751025,0
1771352100000000,67303.59,67303.59,67296.25,67296.25,0.00213,1771352399999999,143.3514353,2,0.0,0.0,0
1771352400000000,67268.45,67701.15,67268.45,67651.34,0.10786,1771352699999999,7281.5450756,28,0.08104,5468.7541879,0
1771352700000000,67708.15,67747.73,67705.71,67747.73,0.01237,1771352999999999,837.8309255,4,0.00734,497.258931,0
1771353000000000,67750.58,67843.9,67670.44,67774.94,0.05242,1771353299999999,3552.901736,17,0.02983,2022.3888773,0
1771353300000000,67718.33,67718.33,67687.37,67704.21,0.01197,1771353599999999,810.3062164,7,0.00049,33.1750678,0
1771353600000000,67832.7,68054.39,67832.7,67937.61,0.10997,1771353899999999,7477.6328865,20,0.09545,6490.3633201,0
1771353900000000,67969.47,67971.21,67863.23,67863.23,0.01332,1771354199999999,904.9434762,5,0.00883,600.1568619,0
1771354200000000,67954.02,68009.66,67954.02,68009.66,0.01079,1771354499999999,733.527875,3,0.01079,733.527875,0
1771354500000000,68092.45,68191.14,68092.45,68106.51,0.10785,1771354799999999,7348.8633945,16,0.09894,6742.0835522,0
1771354800000000,68056.35,68056.35,67989.12,68050.5,0.02351,1771355099999999,1598.8670851,10,0.01122,762.995706,0
1771355100000000,68055.89,68056.35,68044.65,68051.05,0.00413,1771355399999999,281.0636253,4,0.00413,281.0636253,0
1771355400000000,68014.03,68156.9,68001.14,68156.9,0.05359,1771355699999999,3650.1113704,15,0.04928,3356.9541406,0
1771355700000000,68164.03,68167.39,67924.62,67924.62,0.04645,1771355999999999,3159.7301823,14,0.00913,621.8874663,0
1771356000000000,67920.37,67920.37,67920.37,67920.37,0.00024,1771356299999999,16.3008888,1,0.00024,16.3008888,0
1771356300000000,67942.91,67942.91,67833.26,67839.5,0.05343,1771356599999999,3624.5800514,6,0.05261,3568.881967,0
1771356600000000,67833.86,67883.67,67817.56,67872.25,0.01481,1771356899999999,1004.7166619,8,0.00434,294.5398722,0
1771356900000000,67861.01,67861.26,67790.34,67800.62,0.01692,1771357199999999,1147.616922,11,0.00015,10.170093,0
1771357200000000,67876.04,67890.94,67830.4,67855.01,0.32773,1771357499999999,22237.5660324,27,0.30613,20771.5178663,0
1771357500000000,68000.0,68021.27,67906.03,67906.03,0.02832,1771357799999999,1924.6853067,8,0.01808,1228.3958659,0
1771357800000000,67831.85,67831.85,67743.23,67826.06,0.0306,1771358099999999,2074.2130139,12,0.01525,1033.7280055,0
1771358100000000,67825.39,67826.31,67766.41,67766.41,0.01259,1771358399999999,853.5281464,8,0.00086,58.3301114,0
1771358400000000,67758.13,67772.95,67670.06,67670.06,0.08395,1771358699999999,5686.7969016,22,0.06179,4185.9416131,0
1771358700000000,67650.29,67650.29,67516.42,67516.42,0.12043,1771358999999999,8138.7746832,29,0.10505,7099.1314359,0
1771359000000000,67557.49,67605.64,67546.6,67577.72,0.21065,1771359299999999,14231.702486,46,0.20433,13804.6877486,0
1771359300000000,67609.53,67631.9,67495.36,67498.01,0.81584,1771359599999999,55108.0928848,151,0.78946,53325.9916161,0
1771359600000000,67551.29,67588.71,67467.33,67517.49,0.23915,1771359899999999,16149.9248256,49,0.23137,15625.0250097,0
1771359900000000,67619.52,67774.65,67619.52,67774.65,0.31311,1771360199999999,21178.9797398,61,0.30793,20828.4884497,0
1771360200000000,67694.31,67694.31,67567.24,67598.22,0.03225,1771360499999999,2182.2211831,15,0.03175,2148.3740521,0
1771360500000000,67629.61,67692.07,67559.44,67692.07,0.35602,1771360799999999,24060.0596711,70,0.33675,22757.6269027,0
1771360800000000,67687.42,67883.07,67687.42,67883.07,0.02878,1771361099999999,1949.8803142,12,0.01474,998.6922662,0
1771361100000000,67820.88,67820.88,67744.85,67744.85,0.06093,1771361399999999,4131.0715699,18,0.05365,3637.5952047,0
1771361400000000,67765.69,67765.69,67696.89,67722.5,0.03131,1771361699999999,2120.6568029,13,0.00797,540.0726413,0
1771361700000000,67754.72,67787.42,67701.99,67701.99,0.02564,1771361999999999,1736.6755668,11,0.00194,131.4611608,0
1771362000000000,67705.2,67705.2,67705.2,67705.2,0.005,1771362299999999,338.526,1,0.0,0.0,0
1771362300000000,67686.71,67700.67,67655.28,67700.67,0.0117,1771362599999999,791.7259634,6,0.00157,106.2823805,0
1771362600000000,67656.85,67789.08,67656.85,67775.22,0.02685,1771362899999999,1819.0216463,7,0.02685,1819.0216463,0
1771362900000000,67839.53,67840.74,67706.75,67708.73,0.04201,1771363199999999,2847.4545125,15,0.00457,309.9057719,0
1771363200000000,67705.22,67705.22,67693.23,67693.23,0.00023,1771363499999999,15.5704021,2,8e-05,5.4164176,0
1771363500000000,67598.92,67598.92,67546.66,67546.66,0.00598,1771363799999999,404.0106873,4,0.00083,56.0689538,0
1771363800000000,67539.46,67539.46,67513.06,67529.03,0.21811,1771364099999999,14725.863507,45,0.20782,14031.0007695,0
1771364100000000,67536.03,67551.19,67513.07,67513.07,0.02208,1771364399999999,1491.1509557,8,0.01208,815.7985182,0
1771364400000000,67551.23,67554.89,67551.23,67554.89,0.00109,1771364699999999,73.6329635,2,0.00109,73.6329635,0
1771364700000000,67570.42,67627.35,67570.42,67627.35,0.00225,1771364999999999,152.1040475,3,0.00149,100.7072615,0
1771365000000000,67605.96,67605.96,67569.44,67586.76,0.15507,1771365299999999,10480.4918234,41,0.14448,9764.5594582,0
1771365300000000,67636.69,67641.5,67636.69,67641.5,0.00039,1771365599999999,26.378742,2,0.00039,26.378742,0
1771365600000000,67622.68,67622.68,67618.77,67618.77,0.00552,1771365899999999,373.2752777,2,0.00049,33.1331973,0
1771365900000000,67604.54,67604.54,67502.77,67555.33,0.01129,1771366199999999,762.8863232,9,0.00022,14.8729988,0
1771366200000000,67539.39,67552.65,67532.03,67549.44,0.01671,1771366499999999,1128.6016425,12,0.00436,294.4769067,0
1771366500000000,67551.0,67551.0,67551.0,67551.0,0.00127,1771366799999999,85.78977,1,0.00127,85.78977,0
1771366800000000,67613.39,67613.39,67578.27,67578.27,0.01429,1771367099999999,965.9114223,5,0.00927,626.4922045,0
1771367100000000,67615.04,67641.5,67615.04,67641.5,0.012,1771367399999999,811.5404103,7,0.012,811.5404103,0
1771367400000000,67681.51,67685.21,67671.84,67671.84,0.01053,1771367699999999,712.663761,7,0.00357,241.6293007,0
1771367700000000,67682.39,67736.3,67682.39,67736.3,0.00215,1771367999999999,145.5866824,2,0.00215,145.5866824,0
1771368000000000,67682.77,67682.77,67646.08,67646.08,0.00089,1771368299999999,60.2244569,4,0.00036,24.3525888,0
1771368300000000,67593.58,67602.71,67593.58,67602.71,0.00088,1771368599999999,59.4890153,2,0.00073,49.3499783,0
1771368600000000,67585.81,67585.81,67512.63,67523.05,0.0337,1771368899999999,2276.2170617,11,0.02143,1447.8036337,0
1771368900000000,67523.06,67523.06,67523.06,67523.06,0.00022,1771369199999999,14.8550732,1,0.00022,14.8550732,0
1771369200000000,67523.05,67523.05,67444.89,67483.73,0.03968,1771369499999999,2677.315179,12,0.02372,1600.5157718,0
1771369500000000,67506.73,67506.73,67125.7,67125.7,0.26561,1771369799999999,17892.6921018,34,0.10237,6894.6384641,0
1771369800000000,67408.25,67424.56,67382.34,67405.28,0.61003,1771370099999999,41113.7441701,87,0.58226,39241.9820506,0
1771370100000000,67435.23,67546.41,67435.23,67539.24,0.01399,1771370399999999,944.7721177,10,0.00404,272.7728208,0
1771370400000000,67538.61,67545.24,67520.83,67520.83,0.01335,1771370699999999,901.5091176,6,0.00755,509.7881339,0
1771370700000000,67508.48,67508.48,67410.07,67411.16,0.02478,1771370999999999,1671.6120138,11,0.00765,515.8704447,0
1771371000000000,67394.05,67417.82,67385.06,67396.06,0.37432,1771371299999999,25230.8446123,25,0.3685,24838.6635548,0
1771371300000000,67416.63,67486.16,67416.63,67440.23,0.15299,1771371599999999,10317.2081325,29,0.14036,9465.0385026,0
1771371600000000,67479.52,67479.54,67477.57,67479.54,0.07187,1771371899999999,4849.7444096,17,0.06359,4291.0237086,0
1771371900000000,67491.01,67502.99,67479.55,67487.27,0.0145,1771372199999999,978.6504065,10,0.00316,213.2715916,0
1771372200000000,67510.81,67552.17,67483.3,67484.97,0.12654,1771372499999999,8540.3709053,27,0.11448,7725.7058172,0
1771372500000000,67511.97,67511.97,67478.78,67478.78,0.03097,1771372799999999,2089.9787269,9,0.02498,1685.6199244,0
1771372800000000,67501.35,67530.27,67501.35,67512.34,0.00808,1771373099999999,545.4760954,4,0.00808,545.4760954,0
1771373100000000,67555.58,67557.92,67555.58,67557.92,0.13065,1771373399999999,8826.386088,24,0.13065,8826.386088,0
1771373400000000,67557.92,67557.92,67557.92,67557.92,0.0,1771373699999999,0.0,0,0.0,0.0,0
1771373700000000,67568.1,67568.79,67527.74,67542.95,0.04017,1771373999999999,2714.1509568,12,0.03253,2197.9323621,0
1771374000000000,67574.53,67574.53,67554.48,67563.79,0.06164,1771374299999999,4164.538741,13,0.05488,3707.8627432,0
1771374300000000,67440.88,67484.03,67440.88,67484.03,0.06252,1771374599999999,4218.6642356,15,0.06252,4218.6642356,0
1771374600000000,67481.89,67571.91,67481.89,67571.91,0.08715,1771374899999999,5883.0886738,20,0.08262,5577.3941256,0
1771374900000000,67557.15,67559.25,67540.67,67559.25,0.00414,1771375199999999,279.654807,7,0.00414,279.654807,0
1771375200000000,67556.85,67556.85,67451.45,67451.45,0.01747,1771375499999999,1179.5329772,19,0.00621,419.1981389,0
1771375500000000,67371.47,67371.47,67313.38,67340.97,0.01361,1771375799999999,916.6206497,14,0.01252,843.2115522,0
1771375800000000,67311.82,67311.82,67272.19,67272.19,0.01805,1771376099999999,1214.5542375,7,0.00041,27.5815979,0
1771376100000000,67300.9,67321.26,67300.9,67321.26,0.00847,1771376399999999,570.0706412,4,0.00512,344.5932297,0
1771376400000000,67313.26,67313.26,67138.47,67138.47,0.12225,1771376699999999,8220.3925599,32,0.09832,6611.9832834,0
1771376700000000,67122.75,67122.75,67060.93,67079.16,0.01591,1771376999999999,1067.4093758,6,0.00829,556.4050892,0
1771377000000000,67062.53,67126.31,67014.4,67107.08,0.02743,1771377299999999,1839.5936904,10,0.0,0.0,0
1771377300000000,67106.69,67109.69,67106.69,67109.69,0.00651,1771377599999999,436.8799299,4,0.00118,79.1858942,0
1771377600000000,67145.71,67174.77,67145.71,67174.77,0.00726,1771377899999999,487.5449832,2,0.00726,487.5449832,0
1771377900000000,67145.88,67145.88,67012.32,67012.32,0.09963,1771378199999999,6678.9408825,24,0.08317,5574.9573515,0
1771378200000000,67011.59,67034.58,66866.67,66872.45,0.13203,1771378499999999,8831.4813552,36,0.11156,7460.6453245,0
1771378500000000,66901.33,66952.62,66901.33,66937.45,0.04894,1771378799999999,3275.4844623,13,0.04894,3275.4844623,0
1771378800000000,66914.97,67139.48,66914.97,67139.48,0.10657,1771379099999999,7146.2729892,36,0.09424,6319.527952,0
1771379100000000,67141.13,67153.14,67072.46,67105.98,0.02778,1771379399999999,1864.7193182,14,0.01854,1244.4803292,0
1771379400000000,67094.79,67106.41,67056.01,67056.01,0.02783,1771379699999999,1867.0277153,15,0.01444,968.8205164,0
1771379700000000,67116.24,67137.62,67113.15,67137.62,0.00893,1771379999999999,599.4025565,3,0.00619,415.4454777,0
1771380000000000,67139.9,67203.22,67113.57,67191.68,0.01474,1771380299999999,990.2249885,6,0.01235,829.6092927,0
1771380300000000,67215.92,67319.82,67215.92,67319.82,0.01665,1771380599999999,1119.7493188,6,0.01252,842.0823993,0
1771380600000000,67328.79,67328.79,67286.54,67286.54,0.01601,1771380899999999,1077.5039693,5,0.00332,223.5315828,0
1771380900000000,67285.08,67293.02,67244.87,67244.87,0.01784,1771381199999999,1200.191017,8,0.01003,674.7994946,0
1771381200000000,67270.94,67270.94,67244.87,67244.87,0.01963,1771381499999999,1320.1861343,5,0.00449,302.0465206,0
1771381500000000,67238.92,67238.92,67238.92,67238.92,0.00015,1771381799999999,10.085838,1,0.00015,10.085838,0
1771381800000000,67291.17,67291.17,67291.17,67291.17,0.00059,1771382099999999,39.7017903,1,0.00059,39.7017903,0
1771382100000000,67372.89,67372.89,67339.08,67347.99,0.01464,1771382399999999,986.2739797,9,0.00187,125.9535231,0
1771382400000000,67347.99,67347.99,67347.99,67347.99,0.0,1771382699999999,0.0,0,0.0,0.0,0
1771382700000000,67336.91,67336.91,67320.79,67320.79,0.07109,1771382999999999,4786.2102384,15,0.07094,4776.1098594,0
1771383000000000,67267.26,67342.16,67267.26,67342.16,0.00119,1771383299999999,80.1139514,4,0.00031,20.8528506,0
1771383300000000,67342.16,67342.16,67342.16,67342.16,0.0,1771383599999999,0.0,0,0.0,0.0,0
1771383600000000,67319.96,67451.42,67319.96,67451.42,0.00382,1771383899999999,257.4858595,4,0.00382,257.4858595,0
1771383900000000,67378.49,67378.49,67378.49,67378.49,0.00016,1771384199999999,10.7805584,1,0.0,0.0,0
1771384200000000,67365.25,67369.55,67336.72,67369.55,0.00246,1771384499999999,165.7055714,4,0.00096,64.6576964,0
1771384500000000,67369.55,67369.55,67369.55,67369.55,0.0,1771384799999999,0.0,0,0.0,0.0,0
1771384800000000,67410.54,67467.43,67410.54,67467.43,0.00631,1771385099999999,425.6978651,2,0.00631,425.6978651,0
1771385100000000,67447.57,67511.45,67447.38,67511.45,0.00681,1771385399999999,459.6117389,4,0.0046,310.55267,0
1771385400000000,67526.14,67569.99,67502.54,67562.79,0.04456,1771385699999999,3009.5203906,9,0.0403,2721.6723548,0
1771385700000000,67594.53,67618.54,67580.87,67580.87,0.00609,1771385999999999,411.7173624,4,0.00238,160.852579,0
1771386000000000,67568.01,67568.01,67568.01,67568.01,0.00091,1771386299999999,61.4868891,1,0.00091,61.4868891,0
1771386300000000,67568.01,67568.01,67568.01,67568.01,0.0,1771386599999999,0.0,0,0.0,0.0,0
1771386600000000,67599.7,67643.54,67599.7,67643.54,0.00134,1771386899999999,90.6103404,4,0.00073,49.347781,0
1771386900000000,67647.93,67662.47,67647.93,67657.34,0.12449,1771387199999999,8422.5741708,25,0.12449,8422.5741708,0
1771387200000000,67595.79,67596.7,67495.06,67495.06,0.11062,1771387499999999,7476.0340955,37,0.09234,6241.4500217,0
1771387500000000,67499.63,67563.95,67485.61,67563.95,0.00995,1771387799999999,671.586157,15,0.00659,444.8330962,0
1771387800000000,67590.22,67701.94,67521.45,67527.52,0.00595,1771388099999999,402.2386254,13,0.00213,144.0136542,0
1771388100000000,67538.02,67642.93,67538.02,67639.44,0.00251,1771388399999999,169.6241974,15,0.00251,169.6241974,0
1771388400000000,67645.63,67664.53,67573.03,67642.75,0.01389,1771388699999999,939.080813,19,0.00675,456.3740348,0
1771388700000000,67625.47,67649.01,67603.79,67647.84,0.00264,1771388999999999,178.5463394,15,0.00264,178.5463394,0
1771389000000000,67647.84,67720.25,67646.24,67714.81,0.00304,1771389299999999,205.7808786,21,0.00304,205.7808786,0
1771389300000000,67700.65,67703.07,67622.64,67699.81,0.18579,1771389599999999,12567.2798928,56,0.18579,12567.2798928,0
1771389600000000,67703.12,67703.42,67663.19,67670.36,0.00737,1771389899999999,498.8339162,18,0.00737,498.8339162,0
1771389900000000,67667.26,67702.79,67630.03,67702.79,0.11195,1771390199999999,7578.3246011,23,0.09772,6615.2783221,0
1771390200000000,67711.53,67840.97,67711.53,67840.97,0.01974,1771390499999999,1337.8986284,12,0.01563,1059.1917194,0
1771390500000000,67840.97,67840.97,67840.97,67840.97,0.0,1771390799999999,0.0,0,0.0,0.0,0
1771390800000000,67745.9,67751.71,67745.9,67748.08,0.0305,1771391099999999,2066.2536731,5,0.0305,2066.2536731,0
1771391100000000,67738.9,67772.24,67730.01,67744.49,0.00741,1771391399999999,502.0729739,12,0.00741,502.0729739,0
1771391400000000,67763.9,67857.69,67742.96,67838.17,0.13513,1771391699999999,9164.4516564,12,0.13513,9164.4516564,0
1771391700000000,67875.22,67893.07,67838.85,67854.59,0.00952,1771391999999999,646.1374513,16,0.00454,308.1311337,0
1771392000000000,67893.02,67895.01,67814.25,67894.61,0.01147,1771392299999999,778.3397757,17,0.00668,453.162937,0
1771392300000000,67912.76,67912.76,67710.37,67710.38,0.04426,1771392599999999,2999.130924,15,0.00276,187.3602589,0
1771392600000000,67710.38,67710.38,67710.38,67710.38,0.0,1771392899999999,0.0,0,0.0,0.0,0
1771392900000000,67711.55,67711.55,67691.64,67691.64,0.0012,1771393199999999,81.247887,2,0.0012,81.247887,0
1771393200000000,67691.64,67691.64,67614.47,67614.47,0.03976,1771393499999999,2688.4451817,5,0.0378,2555.826966,0
1771393500000000,67603.52,67659.63,67603.52,67659.63,0.0267,1771393799999999,1805.4843512,8,0.02052,1387.4636364,0
1771393800000000,67659.63,67659.63,67659.63,67659.63,0.0,1771394099999999,0.0,0,0.0,0.0,0
1771394100000000,67636.59,67636.59,67628.07,67628.07,0.00675,1771394399999999,456.5044677,2,0.0,0.0,0
1771394400000000,67618.95,67618.96,67618.95,67618.96,0.00124,1771394699999999,83.8475054,2,0.00124,83.8475054,0
1771394700000000,67618.96,67618.96,67618.96,67618.96,0.0,1771394999999999,0.0,0,0.0,0.0,0
1771395000000000,67731.44,67761.94,67731.44,67761.94,0.00615,1771395299999999,416.7228808,4,0.00615,416.7228808,0
1771395300000000,67759.95,67759.95,67759.95,67759.95,0.00172,1771395599999999,116.547114,1,0.00172,116.547114,0
1771395600000000,67729.17,67729.17,67729.17,67729.17,0.00021,1771395899999999,14.2231257,1,0.00021,14.2231257,0
1771395900000000,67729.17,67729.17,67729.17,67729.17,0.0,1771396199999999,0.0,0,0.0,0.0,0
1771396200000000,67836.04,67836.04,67799.43,67815.16,0.00335,1771396499999999,227.1530465,10,0.00335,227.1530465,0
1771396500000000,67815.16,67885.49,67800.2,67842.1,0.01133,1771396799999999,768.7735329,15,0.00405,274.7389525,0
1771396800000000,67843.36,67912.53,67843.36,67898.07,0.18906,1771397099999999,12837.7532943,58,0.13315,9041.3285095,0
1771397100000000,67880.21,67945.33,67877.21,67897.07,0.04104,1771397399999999,2786.5430882,27,0.01351,917.2514373,0
1771397400000000,67909.77,67909.77,67813.04,67813.04,0.02074,1771397699999999,1406.9498784,21,0.00605,410.5489572,0
1771397700000000,67837.64,67837.64,67797.82,67818.54,0.00438,1771397999999999,297.0457626,13,0.00428,290.2630616,0
1771398000000000,67819.4,67835.85,67816.61,67834.38,0.03528,1771398299999999,2393.2342815,6,0.03528,2393.2342815,0
1771398300000000,67844.51,67844.51,67807.31,67807.31,0.0026,1771398599999999,176.347738,2,0.00129,87.4714299,0
1771398600000000,67736.75,67747.84,67736.62,67747.84,0.00777,1771398899999999,526.3308639,6,0.00153,103.6541952,0
1771398900000000,67735.53,67735.53,67730.41,67730.41,0.00198,1771399199999999,134.1085158,2,0.00198,134.1085158,0
1771399200000000,67668.87,67668.87,67668.87,67668.87,0.00153,1771399499999999,103.5333711,1,0.00153,103.5333711,0
1771399500000000,67669.98,67727.33,67669.98,67727.33,0.04595,1771399799999999,3110.6559683,12,0.04463,3021.2812235,0
1771399800000000,67744.72,67772.0,67742.46,67757.41,0.00384,1771400099999999,260.1864069,13,0.00384,260.1864069,0
1771400100000000,67768.95,67934.78,67768.95,67922.88,0.01772,1771400399999999,1203.2221072,18,0.0117,794.4341236,0
1771400400000000,67962.66,68067.68,67930.86,68055.84,0.0066,1771400699999999,449.0431504,14,0.0066,449.0431504,0
1771400700000000,67997.08,68189.24,67997.08,68170.6,0.27295,1771400999999999,18600.6594623,70,0.26833,18285.6834779,0
1771401000000000,68155.9,68155.9,68119.68,68125.58,0.02574,1771401299999999,1753.8630589,17,0.01626,1107.8921685,0
1771401300000000,68131.86,68134.68,68108.53,68109.24,0.00321,1771401599999999,218.6708518,12,0.00291,198.2331808,0
1771401600000000,68091.63,68173.89,68078.33,68115.77,0.00498,1771401899999999,339.1785146,13,0.00483,328.9607366,0
1771401900000000,68162.17,68162.84,68133.58,68133.58,0.00769,1771402199999999,524.1239982,13,0.0033,224.8891306,0
1771402200000000,68148.92,68246.13,68148.92,68200.12,0.02709,1771402499999999,1847.1821366,19,0.00751,511.9410679,0
1771402500000000,68182.63,68398.81,68182.63,68309.58,0.06397,1771402799999999,4371.5642638,30,0.03869,2644.3792935,0
1771402800000000,68316.45,68358.99,68278.81,68358.99,0.01788,1771403099999999,1221.2981032,18,0.00769,525.2777229,0
1771403100000000,68354.97,68435.76,68251.64,68251.64,0.02141,1771403399999999,1463.9804571,22,0.01187,811.7068832,0
1771403400000000,68293.14,68293.14,68193.95,68257.99,0.01232,1771403699999999,840.6334345,16,0.00661,451.0609358,0
1771403700000000,68240.96,68240.96,68116.59,68153.3,0.02471,1771403999999999,1684.8897995,36,0.00761,518.788591,0
1771404000000000,68139.2,68188.8,68131.79,68140.8,0.01961,1771404299999999,1336.6390246,31,0.01072,730.6756363,0
1771404300000000,68170.44,68189.72,68137.47,68140.0,0.04649,1771404599999999,3168.2338031,24,0.04649,3168.2338031,0
1771404600000000,68140.0,68208.38,68065.05,68075.29,0.0326,1771404899999999,2220.3207559,33,0.00945,643.7062287,0
1771404900000000,68079.97,68115.94,68045.41,68112.85,0.00459,1771405199999999,312.5311337,23,0.00459,312.5311337,0
1771405200000000,68116.61,68119.13,68020.5,68022.99,0.00983,1771405499999999,669.1530832,25,0.00398,270.8859828,0
1771405500000000,68033.7,68060.31,68006.28,68029.25,0.1073,1771405799999999,7299.9821045,29,0.00984,669.4173697,0
1771405800000000,68029.23,68188.64,68022.53,68186.3,0.00774,1771406099999999,527.3538538,23,0.00774,527.3538538,0
1771406100000000,68207.01,68233.0,68173.37,68196.08,0.09941,1771406399999999,6779.4593203,28,0.09109,6211.9836243,0
1771406400000000,68182.83,68209.1,68167.34,68168.71,0.00836,1771406699999999,569.9780456,22,0.00836,569.9780456,0
1771406700000000,68185.85,68189.81,68128.58,68128.58,0.00652,1771406999999999,444.5007626,18,0.00291,198.3789255,0
1771407000000000,68107.37,68197.94,68105.17,68197.94,0.01005,1771407299999999,685.0712909,16,0.0093,633.9829559,0
1771407300000000,68207.16,68232.01,68198.59,68198.59,0.00998,1771407599999999,680.7261875,14,0.00607,414.0444029,0
1771407600000000,68213.42,68259.6,68193.29,68257.7,0.00251,1771407899999999,171.2419652,14,0.0022,150.0901437,0
1771407900000000,68230.97,68251.54,68181.21,68181.21,0.01062,1771408199999999,724.5548532,16,0.00191,130.3102002,0
1771408200000000,68180.74,68214.96,68123.55,68148.46,0.02616,1771408499999999,1782.8234166,19,0.02105,1434.4149071,0
1771408500000000,68170.07,68197.03,68132.08,68134.68,0.00309,1771408799999999,210.6232031,15,0.00309,210.6232031,0
1771408800000000,68133.95,68141.27,68058.31,68092.77,0.04316,1771409099999999,2937.8263646,26,0.03982,2710.4448426,0
1771409100000000,68088.74,68147.0,68065.48,68129.02,0.00817,1771409399999999,556.3892292,24,0.00817,556.3892292,0
1771409400000000,68138.92,68162.44,68138.92,68144.67,0.01189,1771409699999999,810.243042,29,0.01103,751.6309756,0
1771409700000000,68141.19,68141.19,68043.69,68043.69,0.00618,1771409999999999,420.7618521,33,0.00456,310.4671122,0
1771410000000000,68036.59,68036.59,67976.3,67976.3,0.01622,1771410299999999,1102.946964,28,0.00361,245.5009047,0
1771410300000000,68002.56,68006.95,67954.12,67997.04,0.12205,1771410599999999,8297.7119877,53,0.10131,6887.6789586,0
1771410600000000,67982.29,67987.88,67890.14,67890.14,0.01861,1771410899999999,1264.1798922,22,0.00601,408.359796,0
1771410900000000,67875.7,67926.18,67870.34,67883.79,0.00573,1771411199999999,389.0368651,20,0.00268,181.9620382,0
1771411200000000,67883.8,67892.1,67739.25,67739.66,0.04516,1771411499999999,3063.1816053,38,0.01897,1286.4093955,0
1771411500000000,67760.67,67812.96,67741.47,67783.53,0.47103,1771411799999999,31924.9458951,107,0.44896,30429.1447117,0
1771411800000000,67769.88,67814.83,67768.78,67814.43,0.72945,1771412099999999,49442.1673412,139,0.72041,48829.2156971,0
1771412100000000,67797.97,67797.97,67765.78,67781.9,0.01052,1771412399999999,713.0539496,6,0.00333,225.7051474,0
1771412400000000,67743.49,67788.3,67734.62,67777.37,0.26071,1771412699999999,17660.7954424,51,0.25381,17193.3967684,0
1771412700000000,67762.11,67768.43,67125.38,67157.15,1.37011,1771412999999999,92531.7296966,290,1.21696,82195.6853665,0
1771413000000000,67113.69,67365.64,67043.37,67365.64,1.22865,1771413299999999,82533.9880233,241,1.20942,81243.2655844,0
1771413300000000,67339.33,67377.82,67233.13,67276.35,0.16858,1771413599999999,11345.3941716,41,0.14566,9802.8269064,0
1771413600000000,67351.02,67351.02,67351.02,67351.02,0.05044,1771413899999999,3397.1854488,10,0.05044,3397.1854488,0
1771413900000000,67329.85,67446.42,67329.85,67446.42,0.02428,1771414199999999,1636.4216834,4,0.0193,1301.1190304,0
1771414200000000,67406.26,67474.68,67389.67,67429.01,0.19461,1771414499999999,13122.1264881,37,0.19275,12996.750996,0
1771414500000000,67436.22,67543.89,67436.22,67503.08,0.13556,1771414799999999,9149.0845362,30,0.11392,7688.462667,0
1771414800000000,67480.13,67529.39,67466.86,67488.41,0.06408,1771415099999999,4325.1417688,14,0.03456,2332.1936765,0
1771415100000000,67532.41,67569.19,67455.14,67543.89,0.1203,1771415399999999,8118.3620667,36,0.07701,5195.9668517,0
1771415400000000,67506.45,67525.47,67504.35,67506.3,0.32403,1771415699999999,21874.1683195,48,0.31656,21369.7605586,0
1771415700000000,67523.71,67523.71,67339.2,67339.2,0.39507,1771415999999999,26623.8427949,58,0.31834,21453.3562594,0
1771416000000000,67369.35,67495.51,67369.35,67446.79,0.43241,1771416299999999,29163.9887084,75,0.40553,27350.7807408,0
1771416300000000,67446.77,67650.7,67446.77,67535.48,0.51086,1771416599999999,34517.8661417,85,0.47517,32105.4994853,0
1771416600000000,67608.15,67610.45,67509.79,67509.79,0.26628,1771416899999999,17990.2607301,41,0.23909,16153.4408394,0
1771416900000000,67572.05,67608.37,67554.44,67554.44,0.85643,1771417199999999,57881.2362905,126,0.82017,55430.6241698,0
1771417200000000,67530.46,67558.4,67459.75,67459.75,0.89678,1771417499999999,60536.575192,148,0.83971,56683.9788664,0
1771417500000000,67514.24,67549.57,67501.3,67549.57,0.15074,1771417799999999,10177.7311148,34,0.15074,10177.7311148,0
1771417800000000,67549.57,67560.68,67370.49,67370.49,0.14931,1771418099999999,10070.1416308,38,0.11872,8004.5287632,0
1771418100000000,67349.1,67430.76,67349.1,67430.76,0.00899,1771418399999999,605.9309489,4,0.0089,599.8695299,0
1771418400000000,67491.21,67527.48,67491.21,67505.01,0.00814,1771418699999999,549.5682097,6,0.00504,340.3384992,0
1771418700000000,67505.01,67505.01,67505.01,67505.01,0.00645,1771418999999999,435.4073145,1,0.0,0.0,0
1771419000000000,67532.3,67568.18,67532.3,67568.18,0.00317,1771419299999999,214.12159,4,0.00301,203.3163996,0
1771419300000000,67466.25,67469.89,67465.55,67465.55,0.008,1771419599999999,539.748095,3,0.00285,192.2788125,0
1771419600000000,67495.75,67495.75,67381.88,67381.88,0.01358,1771419899999999,915.9228601,7,0.00298,200.8255124,0
1771419900000000,67390.38,67543.89,67377.05,67543.89,0.01917,1771420199999999,1292.6313922,9,0.0147,991.397344,0
1771420200000000,67553.69,67556.74,67515.69,67556.74,0.03446,1771420499999999,2327.0859583,13,0.0295,1992.0196559,0
1771420500000000,67541.01,67554.19,67451.8,67451.8,0.03097,1771420799999999,2090.6602958,16,0.01179,796.3845861,0
1771420800000000,67441.97,67455.45,67406.95,67455.45,0.01971,1771421099999999,1328.8892243,10,0.019,1281.0301498,0
1771421100000000,67482.64,67489.36,67453.86,67455.34,0.03583,1771421399999999,2417.837031,7,0.01469,991.2502582,0
1771421400000000,67455.75,67455.75,67336.77,67353.95,0.1322,1771421699999999,8911.079854,46,0.11997,8086.7663127,0
1771421700000000,67354.27,67380.65,67353.95,67364.86,0.08972,1771421999999999,6043.34964,25,0.08972,6043.34964,0
1771422000000000,67330.11,67334.76,67190.91,67190.91,0.03572,1771422299999999,2403.6363769,22,0.02232,1501.9232053,0
1771422300000000,67271.75,67271.75,67142.23,67142.23,0.06153,1771422599999999,4134.2384858,17,0.03756,2524.6383114,0
1771422600000000,67165.65,67165.65,67068.8,67086.43,0.16611,1771422899999999,11144.385795,39,0.16112,10809.6484114,0
1771422900000000,67057.96,67209.71,67057.96,67193.08,0.48707,1771423199999999,32692.2567054,31,0.48698,32686.221489,0
1771423200000000,67283.52,67283.57,67283.52,67283.57,0.0067,1771423499999999,450.799621,2,0.0067,450.799621,0
1771423500000000,67324.97,67324.97,67234.5,67274.98,0.10655,1771423799999999,7172.7392962,27,0.09769,6576.6054869,0
1771423800000000,67275.11,67288.01,67206.53,67271.03,0.03655,1771424099999999,2458.0751365,20,0.02628,1767.3653016,0
1771424100000000,67284.22,67284.22,67086.73,67116.72,0.01027,1771424399999999,689.5390953,7,0.00445,299.0789568,0
1771424400000000,67137.6,67137.6,67074.69,67074.69,0.0676,1771424699999999,4535.6921445,12,0.04481,3006.2104455,0
1771424700000000,67121.03,67121.03,67121.03,67121.03,0.00519,1771424999999999,348.3581457,1,0.00519,348.3581457,0
1771425000000000,67068.87,67274.78,67051.18,67051.18,0.02285,1771425299999999,1534.4077069,40,0.01351,907.4023348,0
1771425300000000,67072.13,67220.57,66993.62,67154.83,0.04959,1771425599999999,3326.2245419,64,0.02125,1426.1233504,0
1771425600000000,67108.19,67206.32,67047.96,67112.09,0.16421,1771425899999999,11016.0641838,55,0.12924,8669.1235826,0
1771425900000000,67112.28,67296.71,66694.65,66694.65,0.6575,1771426199999999,44045.5525527,152,0.2909,19517.6382888,0
1771426200000000,66854.93,67154.86,66762.25,67154.86,0.24341,1771426499999999,16273.353924,61,0.00265,177.5310641,0
1771426500000000,67179.83,67179.83,67173.64,67173.64,0.0101,1771426799999999,678.475532,3,0.0,0.0,0
1771426800000000,67199.83,67446.42,67181.03,67446.42,0.3167,1771427099999999,21322.3155904,74,0.25013,16844.1233906,0
1771427100000000,67446.11,67529.05,67284.86,67287.72,1.05651,1771427399999999,71154.7082686,190,0.98335,66224.0895887,0
1771427400000000,67322.33,67345.6,67244.86,67339.19,0.22036,1771427699999999,14834.7378186,57,0.20849,14036.1118147,0
1771427700000000,67340.79,67479.77,67319.48,67364.58,0.03062,1771427999999999,2062.5882796,26,0.01583,1066.2346439,0
1771428000000000,67446.42,67452.93,67349.1,67349.1,0.13268,1771428299999999,8945.5417658,14,0.01346,907.220813,0
1771428300000000,67350.55,67425.58,67343.2,67407.33,0.08621,1771428599999999,5809.9471155,19,0.08606,5799.844533,0
1771428600000000,67312.64,67446.42,67222.32,67446.42,0.04068,1771428899999999,2736.747568,12,9e-05,6.0701778,0
1771428900000000,67489.1,68033.34,67489.1,68033.34,0.12117,1771429199999999,8212.6769582,41,0.07447,5043.927104,0
1771429200000000,68131.65,68253.44,68131.65,68249.97,0.02541,1771429499999999,1732.565306,9,0.01764,1202.586552,0
1771429500000000,68031.68,68031.68,67850.22,67850.22,0.00955,1771429799999999,649.0207423,5,0.00114,77.5561152,0
1771429800000000,67857.23,67857.23,67745.15,67745.15,0.01457,1771430099999999,987.7322759,9,0.00064,43.4014272,0
1771430100000000,67757.64,67757.64,67634.86,67665.48,0.07506,1771430399999999,5080.1063861,23,0.04325,2926.8375009,0
1771430400000000,67672.6,67672.6,67154.86,67394.62,0.19563,1771430699999999,13184.112721,60,0.0,0.0,0
1771430700000000,67348.24,67348.24,67074.16,67074.16,0.81938,1771430999999999,55033.4517166,192,0.00149,100.1569358,0
1771431000000000,67119.49,67144.54,66978.33,67057.09,0.51715,1771431299999999,34675.5190473,125,0.0,0.0,0
1771431300000000,67039.36,67185.22,66975.85,67180.15,1.57336,1771431599999999,105574.6149773,286,1.32024,88593.4254705,0
1771431600000000,67149.39,67266.73,67148.77,67166.21,0.09338,1771431899999999,6277.2184461,37,0.05462,3671.5099462,0
1771431900000000,67162.98,67324.75,67118.39,67217.96,0.32866,1771432199999999,22081.7446953,67,0.17776,11940.8393785,0
1771432200000000,67238.76,67238.76,67059.4,67059.4,0.02024,1771432499999999,1358.570288,6,0.0,0.0,0
1771432500000000,67116.07,67175.23,67054.36,67057.76,0.18538,1771432799999999,12444.9697325,36,0.17299,11614.1048613,0
1771432800000000,67188.39,67211.72,67186.02,67211.72,0.0139,1771433099999999,934.0775172,5,0.00734,493.3252101,0
1771433100000000,67198.39,67222.98,67112.96,67112.96,0.05049,1771433399999999,3392.2621465,20,0.01151,773.5647883,0
1771433400000000,67134.03,67134.03,67058.65,67058.65,0.00951,1771433699999999,637.9469394,4,0.0,0.0,0
1771433700000000,67085.1,67085.1,67047.77,67047.77,0.01066,1771433999999999,714.9372794,6,0.0,0.0,0
1771434000000000,67142.92,67142.92,67115.0,67137.27,0.0057,1771434299999999,382.6760013,4,0.00029,19.4714468,0
1771434300000000,67274.03,67446.42,67274.03,67349.1,0.01091,1771434599999999,734.6909742,6,0.00586,394.29148,0
1771434600000000,67151.09,67151.09,67151.09,67151.09,0.00504,1771434899999999,338.4414936,1,0.0,0.0,0
1771434900000000,67090.71,67154.51,67061.53,67154.51,0.02126,1771435199999999,1426.3855949,6,0.01176,789.0376408,0
1771435200000000,67145.03,67145.03,67123.32,67123.32,0.00174,1771435499999999,116.8258392,2,0.00174,116.8258392,0
1771435500000000,67065.24,67127.5,67060.75,67097.21,0.10787,1771435799999999,7240.3347816,27,0.09228,6194.4945013,0
1771435800000000,67110.83,67191.54,67080.65,67136.12,0.04302,1771436099999999,2888.3671947,10,0.00373,250.4261578,0
1771436100000000,67180.56,67192.19,67138.16,67192.19,0.01091,1771436399999999,732.7684704,7,0.00306,205.5718941,0
1771436400000000,67187.11,67187.11,67091.82,67091.82,0.04733,1771436699999999,3178.6810882,12,0.00013,8.7307285,0
1771436700000000,67118.73,67149.56,67118.73,67143.95,0.05713,1771436999999999,3835.882927,8,0.043,2887.1266107,0
1771437000000000,67094.4,67107.96,67062.05,67062.05,0.01128,1771437299999999,756.7961928,13,0.00681,456.9283466,0
1771437300000000,67063.61,67203.02,67063.61,67162.13,0.31399,1771437599999999,21082.1387243,36,0.28253,18969.9710495,0
1771437600000000,67144.5,67183.76,67123.44,67123.44,0.31587,1771437899999999,21216.435939,27,0.31072,20870.7491265,0
1771437900000000,67081.1,67133.34,67078.52,67113.32,0.072,1771438199999999,4830.8899727,21,0.00991,664.7555808,0
1771438200000000,67102.56,67121.12,67089.22,67121.12,0.01209,1771438499999999,811.2857212,9,0.00168,112.7303364,0
1771438500000000,67100.21,67114.75,66864.58,66864.58,0.34783,1771438799999999,23330.967861,43,0.32248,21632.8527378,0
1771438800000000,66900.94,66915.99,66616.24,66817.82,1.16898,1771439099999999,77978.8851865,191,0.88501,59019.0511396,0
1771439100000000,66804.36,66914.34,66767.37,66840.75,0.64074,1771439399999999,42822.7598202,94,0.57941,38723.1469474,0
1771439400000000,66841.79,66841.79,66619.75,66838.66,1.15662,1771439699999999,77176.2704155,139,1.04845,69957.0904134,0
1771439700000000,66853.16,66899.45,66811.74,66811.74,0.1731,1771439999999999,11573.2315866,28,0.11601,7756.4284585,0
1771440000000000,66851.47,66851.47,66296.46,66296.46,1.31942,1771440299999999,87673.459368,212,1.0548,70074.3408812,0
1771440300000000,66324.63,66491.01,66191.1,66453.09,2.38908,1771440599999999,158519.5090418,435,2.31148,153375.9457792,0
1771440600000000,66478.73,66478.73,66266.11,66425.1,0.15824,1771440899999999,10505.1619408,34,0.11693,7762.8744775,0
1771440900000000,66417.04,66417.95,66304.19,66304.19,0.05066,1771441199999999,3362.1864931,20,0.01376,913.8089378,0
1771441200000000,66322.82,66482.25,66279.15,66459.16,1.07184,1771441499999999,71189.2997464,139,1.0515,69840.3634337,0
1771441500000000,66466.67,66466.67,66395.85,66450.1,0.4461,1771441799999999,29637.8908376,66,0.41061,27280.083344,0
1771441800000000,66449.16,66553.72,66267.44,66316.02,0.42115,1771442099999999,27941.7984022,92,0.39731,26358.1730598,0
1771442100000000,66335.08,66382.75,66266.11,66382.75,0.00681,1771442399999999,451.4776179,5,0.00162,107.4675966,0
1771442400000000,66381.36,66402.96,66228.24,66228.24,0.18518,1771442699999999,12289.7567734,26,0.15138,10048.0276388,0
1771442700000000,66242.87,66242.87,66104.13,66241.53,0.10724,1771442999999999,7097.5795914,30,0.02968,1964.4749011,0
1771443000000000,66201.92,66223.8,66042.87,66042.87,0.0932,1771443299999999,6160.1811104,28,0.009,595.4800341,0
1771443300000000,66112.91,66112.91,65849.05,65915.38,0.189,1771443599999999,12469.9419909,54,0.03393,2239.4743558,0
1771443600000000,65989.67,66126.15,65971.76,66126.15,0.05039,1771443899999999,3327.0226227,26,0.02182,1440.7010683,0
1771443900000000,66122.47,66338.37,66122.47,66173.27,0.48017,1771444199999999,31822.954623,48,0.41707,27643.2690735,0
1771444200000000,66183.19,66183.19,66140.83,66140.83,0.05541,1771444499999999,3666.0689965,15,0.02022,1337.8108724,0
1771444500000000,66133.82,66188.91,66048.03,66144.05,0.61405,1771444799999999,40622.1228208,137,0.53399,35325.5731751,0
1771444800000000,66180.17,66283.01,66132.35,66267.34,0.08965,1771445099999999,5936.0545878,32,0.03905,2584.5703421,0
1771445100000000,66194.75,66260.25,66188.34,66233.9,0.09106,1771445399999999,6028.569112,8,0.08643,5721.906155,0
1771445400000000,66219.98,66319.51,66219.98,66225.2,0.02138,1771445699999999,1416.9928461,12,0.00463,306.7781852,0
1771445700000000,66192.48,66241.42,66134.58,66226.19,0.22681,1771445999999999,15003.6323026,20,0.20658,13664.4443746,0
1771446000000000,66199.65,66314.48,66133.82,66272.13,0.04443,1771446299999999,2940.908225,20,0.01121,742.2441774,0
1771446300000000,66260.8,66352.0,66260.8,66314.34,0.03078,1771446599999999,2040.4575529,16,0.02104,1394.7971093,0
1771446600000000,66294.6,66454.72,66294.6,66424.7,0.03893,1771446899999999,2585.7414457,13,0.00786,522.0466944,0
1771446900000000,66479.33,66527.8,66436.34,66436.34,0.17491,1771447199999999,11622.995174,23,0.15904,10567.9596011,0
1771447200000000,66461.02,66461.02,66373.06,66417.26,0.16387,1771447499999999,10881.4871679,20,0.12265,8143.8302393,0
1771447500000000,66390.42,66476.95,66383.71,66438.25,0.17067,1771447799999999,11343.6357502,23,0.16048,10666.7386985,0
1771447800000000,66432.71,66432.71,66133.82,66258.17,0.04055,1771448099999999,2684.9311765,21,0.0007,46.357715,0
1771448100000000,66283.05,66306.71,66210.9,66210.9,0.12722,1771448399999999,8430.4733857,15,0.10571,7005.8259279,0
1771448400000000,66332.95,66332.95,66100.55,66143.73,0.07119,1771448699999999,4709.2320559,28,0.00834,552.3632248,0
1771448700000000,66156.64,66156.64,66077.9,66097.04,0.07064,1771448999999999,4668.697658,13,0.05692,3761.4848947,0
1771449000000000,66161.61,66181.92,66161.61,66181.92,0.0079,1771449299999999,522.6856641,3,0.00131,86.6806542,0
1771449300000000,66198.58,66306.86,66198.58,66291.48,0.03537,1771449599999999,2343.713511,7,0.0347,2299.3604624,0
1771449600000000,66335.5,66341.76,66276.99,66291.89,0.06578,1771449899999999,4363.5879482,11,0.05152,3417.6453352,0
1771449900000000,66345.8,66371.66,66345.8,66371.66,0.00537,1771450199999999,356.2867728,2,0.00038,25.2212308,0
1771450200000000,66375.79,66407.76,66375.79,66407.76,0.10617,1771450499999999,7047.2141737,22,0.10617,7047.2141737,0
1771450500000000,66388.23,66388.23,66347.52,66347.52,0.00938,1771450799999999,622.5940668,4,0.0,0.0,0
1771450800000000,66436.43,66437.71,66416.71,66416.71,0.01763,1771451099999999,1171.0943819,6,0.00821,545.4193103,0
1771451100000000,66420.13,66454.24,66407.05,66454.24,0.11551,1771451399999999,7671.0746475,13,0.09681,6428.9902946,0
1771451400000000,66414.1,66414.1,66294.13,66297.54,0.04631,1771451699999999,3071.6017161,15,0.01503,997.013683,0
1771451700000000,66312.61,66382.75,66274.72,66309.29,0.04918,1771451999999999,3262.175148,23,0.03256,2159.3049676,0
1771452000000000,66311.55,66362.11,66288.14,66293.25,0.01133,1771452299999999,751.4298501,16,0.00617,409.1803113,0
1771452300000000,66306.17,66379.14,66306.17,66330.25,0.01236,1771452599999999,820.1305137,13,0.00449,297.8999401,0
1771452600000000,66349.64,66349.64,66222.05,66222.59,0.01566,1771452899999999,1038.3863377,17,0.00646,428.2454124,0
1771452900000000,66246.24,66331.7,66246.24,66331.7,0.00358,1771453199999999,237.3068352,11,0.00358,237.3068352,0
1771453200000000,66313.05,66359.7,66234.79,66271.12,0.04091,1771453499999999,2713.4486904,20,0.02474,1641.327249,0
1771453500000000,66276.2,66309.44,66276.2,66309.44,0.02401,1771453799999999,1591.8486296,18,0.02401,1591.8486296,0
1771453800000000,66332.69,66403.29,66297.24,66379.97,0.11628,1771454099999999,7715.5534027,35,0.10713,7108.2789325,0
1771454100000000,66372.05,66380.44,66344.64,66374.21,0.01141,1771454399999999,757.2505267,24,0.01141,757.2505267,0
1771454400000000,66400.31,66456.46,66399.76,66399.76,0.0135,1771454699999999,896.4885936,24,0.0135,896.4885936,0
1771454700000000,66399.76,66456.35,66399.76,66452.94,0.01062,1771454999999999,705.3175618,17,0.00319,211.9057078,0
1771455000000000,66452.94,66452.94,66452.94,66452.94,0.00043,1771455299999999,28.5747642,2,0.00043,28.5747642,0
1771455300000000,66388.73,66416.53,66385.08,66385.08,0.04632,1771455599999999,3075.0899343,17,0.01382,917.5056555,0
1771455600000000,66417.86,66444.66,66289.6,66289.6,0.161,1771455899999999,10675.6274459,51,0.14826,9829.910872,0
1771455900000000,66289.6,66289.6,66253.19,66264.81,0.03014,1771456199999999,1997.2528362,15,0.03014,1997.2528362,0
1771456200000000,66306.27,66323.34,66306.27,66323.34,0.00364,1771456499999999,241.4041551,3,0.00364,241.4041551,0
1771456500000000,66366.82,66366.82,66325.11,66325.11,0.0017,1771456799999999,112.7839695,2,0.0017,112.7839695,0
1771456800000000,66323.14,66356.03,66277.85,66285.25,0.0277,1771457099999999,1836.983292,11,0.00591,392.1284995,0
1771457100000000,66287.4,66319.84,66253.81,66276.36,1.17885,1771457399999999,78117.3680827,118,1.15805,76738.4451391,0
1771457400000000,66313.49,66385.54,66312.49,66384.9,0.28821,1771457699999999,19122.6823398,27,0.28793,19104.1145626,0
1771457700000000,66387.28,66403.61,66362.79,66403.41,0.06422,1771457999999999,4263.1420935,17,0.03623,2405.1773168,0
1771458000000000,66445.76,66445.76,66422.33,66423.52,0.06095,1771458299999999,4049.2713396,15,0.06095,4049.2713396,0
1771458300000000,66422.15,66459.18,66421.16,66441.7,0.04563,1771458599999999,3031.7001487,10,0.01631,1083.5937254,0
1771458600000000,66412.67,66456.96,66401.31,66456.96,0.00284,1771458899999999,188.6310595,4,0.00254,168.700615,0
1771458900000000,66436.18,66443.04,66418.4,66438.72,0.05615,1771459199999999,3730.5853776,5,0.04615,3066.210776,0
1771459200000000,66405.75,66405.75,66370.86,66370.86,0.28295,1771459499999999,18779.6765225,58,0.28295,18779.6765225,0
1771459500000000,66478.75,66570.97,66478.75,66570.97,0.14375,1771459799999999,9559.9267459,10,0.14375,9559.9267459,0
1771459800000000,66519.6,66519.6,66382.75,66382.75,0.03911,1771460099999999,2599.1510221,14,0.00932,619.6909207,0
1771460100000000,66393.36,66393.36,66393.36,66393.36,0.00428,1771460399999999,284.1635808,2,0.00428,284.1635808,0
1771460400000000,66399.93,66413.37,66386.22,66409.8,0.01879,1771460699999999,1247.591563,6,0.00095,63.08931,0
1771460700000000,66367.84,66367.84,66325.12,66365.66,0.02835,1771460999999999,1880.6863595,9,0.00761,504.8322628,0
1771461000000000,66364.86,66402.88,66364.86,66394.38,0.02393,1771461299999999,1588.6393354,5,0.00758,503.0456388,0
1771461300000000,66460.99,66460.99,66434.89,66445.08,0.01759,1771461599999999,1168.7497527,4,0.01759,1168.7497527,0
1771461600000000,66462.77,66528.43,66462.77,66528.43,0.00596,1771461899999999,396.4403826,3,0.00596,396.4403826,0
1771461900000000,66484.5,66484.5,66427.69,66427.69,0.01625,1771462199999999,1079.9558164,8,0.00059,39.2156303,0
1771462200000000,66389.42,66401.44,66375.04,66375.04,0.00348,1771462499999999,231.0070126,4,0.00306,203.1202768,0
1771462500000000,66396.06,66396.06,66379.98,66379.98,0.01967,1771462799999999,1305.7746066,4,0.01467,973.7943066,0
1771462800000000,66446.97,66587.17,66446.97,66542.13,0.69601,1771463099999999,46280.8354034,94,0.64093,42615.8157307,0
1771463100000000,66541.89,66582.37,66541.89,66582.37,0.10517,1771463399999999,6998.2763381,24,0.10517,6998.2763381,0
1771463400000000,66550.0,66730.59,66525.57,66681.03,0.10228,1771463699999999,6814.5292922,21,0.07704,5130.6595761,0
1771463700000000,66687.46,66687.46,66575.18,66575.18,0.27948,1771463999999999,18610.0742428,27,0.26275,17494.6894264,0
1771464000000000,66553.85,66671.67,66536.05,66671.67,0.02803,1771464299999999,1866.2563059,9,0.01283,854.1936919,0
1771464300000000,66656.2,66709.35,66656.2,66656.3,0.01644,1771464599999999,1096.1867411,13,0.01057,704.8271239,0
1771464600000000,66665.16,66747.73,66665.16,66731.28,0.12041,1771464899999999,8032.9571344,17,0.12041,8032.9571344,0
1771464900000000,66728.18,66728.18,66616.65,66641.1,0.02784,1771465199999999,1855.5628622,8,0.00616,410.509176,0
1771465200000000,66757.89,66775.95,66757.89,66772.03,0.0012,1771465499999999,80.1281034,3,0.0012,80.1281034,0
1771465500000000,66787.71,66795.98,66742.74,66781.16,0.02905,1771465799999999,1939.8001802,11,0.02905,1939.8001802,0
1771465800000000,66768.3,66815.87,66738.61,66815.87,0.00593,1771466099999999,395.9033096,12,0.00593,395.9033096,0
1771466100000000,66850.39,66870.44,66830.52,66841.26,0.0103,1771466399999999,688.5040203,15,0.00566,378.3578827,0
1771466400000000,66844.86,66844.86,66787.13,66787.13,0.01012,1771466699999999,676.3699908,8,0.00261,174.3901919,0
1771466700000000,66736.35,66805.03,66729.73,66805.03,0.08441,1771466999999999,5633.2874087,16,0.08441,5633.2874087,0
1771467000000000,66805.03,66805.03,66805.03,66805.03,0.0,1771467299999999,0.0,0,0.0,0.0,0
1771467300000000,66849.16,66870.96,66829.89,66829.89,0.01037,1771467599999999,693.2313309,4,0.00448,299.5655508,0
1771467600000000,66829.89,66829.89,66829.89,66829.89,0.0,1771467899999999,0.0,0,0.0,0.0,0
1771467900000000,66919.21,66930.23,66919.21,66930.23,0.0064,1771468199999999,428.2892406,3,0.00047,31.4572081,0
1771468200000000,66908.07,66908.07,66830.99,66853.39,0.02153,1771468499999999,1439.567569,17,0.00503,336.3441705,0
1771468500000000,66829.88,66829.88,66663.09,66663.09,0.14039,1771468799999999,9372.5181545,44,0.11185,7467.9779591,0
1771468800000000,66680.22,66711.34,66616.17,66641.76,0.05332,1771469099999999,3554.6013818,29,0.00758,505.3639596,0
1771469100000000,66638.51,66709.12,66638.06,66682.84,0.46081,1771469399999999,30726.3647782,82,0.45447,30303.5618768,0
1771469400000000,66685.59,66692.44,66672.33,66672.33,0.01343,1771469699999999,895.550326,7,0.00242,161.3748915,0
1771469700000000,66701.33,66832.59,66701.33,66830.74,0.10777,1771469999999999,7201.6621347,11,0.10253,6851.4685576,0
1771470000000000,66815.16,66848.24,66770.78,66848.24,0.19618,1771470299999999,13103.9378789,34,0.17607,11760.4247509,0
1771470300000000,66830.25,66830.25,66830.25,66830.25,0.0833,1771470599999999,5566.959825,12,0.0833,5566.959825,0
1771470600000000,66741.65,66741.65,66741.65,66741.65,0.5851,1771470899999999,39050.539415,24,0.5851,39050.539415,0
1771470900000000,66823.92,66908.25,66823.92,66865.23,0.03554,1771471199999999,2375.7528341,10,0.02011,1343.8467405,0
1771471200000000,66861.33,66943.68,66861.33,66922.15,0.15,1771471499999999,10032.2115054,35,0.15,10032.2115054,0
1771471500000000,66939.0,66942.59,66915.41,66935.27,0.07079,1771471799999999,4737.4746108,9,0.06858,4589.5437966,0
1771471800000000,66879.94,66879.94,66826.95,66845.68,0.15827,1771472099999999,10579.8485624,13,0.13561,9064.9426648,0
1771472100000000,66845.26,66924.39,66830.27,66830.27,0.35523,1771472399999999,23761.9630376,77,0.32925,22023.8493258,0
1771472400000000,66830.27,66882.84,66830.27,66882.84,0.01757,1771472699999999,1174.580799,6,0.01113,744.097153,0
1771472700000000,66885.61,66885.61,66828.51,66828.51,0.00751,1771472999999999,502.2098936,5,0.00044,29.4045444,0
1771473000000000,66861.41,66902.26,66861.4,66902.26,0.83372,1771473299999999,55763.4531171,88,0.83357,55753.4239071,0
1771473300000000,66919.25,66963.94,66902.24,66946.33,0.73243,1771473599999999,49020.5367999,80,0.71223,47668.9389075,0
1771473600000000,66979.62,67040.16,66949.14,67022.83,0.60144,1771473899999999,40273.5665334,87,0.59141,39601.4582448,0
1771473900000000,66979.8,66984.18,66926.89,66926.89,0.03773,1771474199999999,2526.6070027,14,0.03737,2502.5110471,0
1771474200000000,66951.42,66951.42,66950.31,66950.31,0.00578,1771474499999999,386.9736243,2,0.0,0.0,0
1771474500000000,66950.31,66950.31,66950.31,66950.31,0.0,1771474799999999,0.0,0,0.0,0.0,0
1771474800000000,66924.42,66924.42,66883.41,66883.41,0.00618,1771475099999999,413.5171923,5,0.0,0.0,0
1771475100000000,66850.6,66851.79,66835.16,66851.79,0.0484,1771475399999999,3235.0003608,4,0.0484,3235.0003608,0
1771475400000000,66885.19,66889.26,66885.19,66889.26,0.01007,1771475699999999,673.5549052,2,0.00517,345.8174742,0
1771475700000000,66869.08,66869.08,66869.08,66869.08,0.00448,1771475999999999,299.5734784,1,0.00448,299.5734784,0
1771476000000000,66897.79,66923.98,66806.97,66828.33,0.04302,1771476299999999,2876.4933523,10,0.01998,1335.926682,0
1771476300000000,66813.85,66845.74,66736.06,66797.06,0.06924,1771476599999999,4624.9773012,19,0.04422,2953.9082995,0
1771476600000000,66797.06,66797.06,66797.06,66797.06,0.0,1771476899999999,0.0,0,0.0,0.0,0
1771476900000000,66797.06,66797.06,66797.06,66797.06,0.0,1771477199999999,0.0,0,0.0,0.0,0
1771477200000000,66817.3,66817.3,66797.06,66797.06,0.03374,1771477499999999,2253.7372931,3,0.00022,14.699806,0
1771477500000000,66723.12,66723.12,66659.98,66659.98,0.01368,1771477799999999,912.305364,6,0.0,0.0,0
1771477800000000,66659.98,66659.98,66659.98,66659.98,0.0,1771478099999999,0.0,0,0.0,0.0,0
1771478100000000,66659.98,66659.98,66659.98,66659.98,0.0,1771478399999999,0.0,0,0.0,0.0,0
1771478400000000,66815.32,66830.59,66700.38,66700.38,0.00889,1771478699999999,593.7415941,3,0.00583,389.6223397,0
1771478700000000,66700.38,66700.38,66700.38,66700.38,0.0,1771478999999999,0.0,0,0.0,0.0,0
1771479000000000,66751.08,66781.17,66702.89,66754.55,0.00437,1771479299999999,291.6501601,8,0.00437,291.6501601,0
1771479300000000,66769.46,66771.46,66731.52,66761.46,0.02003,1771479599999999,1337.1906927,13,0.01554,1037.450281,0
1771479600000000,66779.16,66792.85,66751.83,66751.83,0.00585,1771479899999999,390.6206283,11,0.00585,390.6206283,0
1771479900000000,66717.71,66805.32,66717.71,66795.88,0.00451,1771480199999999,301.0925216,11,0.00451,301.0925216,0
1771480200000000,66795.61,66835.73,66780.33,66833.49,0.00444,1771480499999999,296.5677786,12,0.00444,296.5677786,0
1771480500000000,66847.88,66873.06,66832.39,66873.06,0.00463,1771480799999999,309.4704908,13,0.00463,309.4704908,0
1771480800000000,66835.27,66901.14,66835.27,66901.14,0.01084,1771481099999999,725.0452515,13,0.00501,335.0961986,0
1771481100000000,66947.11,66961.85,66928.37,66933.03,0.02453,1771481399999999,1642.5344289,14,0.00203,135.9063876,0
1771481400000000,66941.15,66976.27,66930.78,66976.27,0.00384,1771481699999999,257.0732733,12,0.00384,257.0732733,0
1771481700000000,66981.83,67063.21,66945.17,67063.21,0.00312,1771481999999999,209.0763686,12,0.00312,209.0763686,0
1771482000000000,67095.44,67181.51,67095.44,67181.51,0.00112,1771482299999999,75.2057271,11,0.00112,75.2057271,0
1771482300000000,67180.92,67203.29,67146.01,67146.01,0.00219,1771482599999999,147.0736136,7,0.00205,137.6670598,0
1771482600000000,67184.61,67262.86,67107.2,67140.27,0.00776,1771482899999999,521.4560117,16,0.00575,386.3908711,0
1771482900000000,67118.27,67158.11,67073.31,67133.65,0.03607,1771483199999999,2419.9544619,15,0.00097,65.1005852,0
1771483200000000,67116.97,67126.36,67083.34,67088.12,0.01923,1771483499999999,1290.1694208,14,0.00589,395.149741,0
1771483500000000,67095.82,67119.42,67094.6,67117.96,0.00109,1771483799999999,73.1453126,9,0.00109,73.1453126,0
1771483800000000,67103.4,67194.18,67087.3,67159.46,0.01612,1771484099999999,1082.2740366,13,0.01027,689.7247379,0
1771484100000000,67162.05,67162.05,67109.63,67112.61,0.00562,1771484399999999,377.3375462,11,0.00105,70.4958605,0
1771484400000000,67138.71,67169.04,67076.84,67080.03,0.06043,1771484699999999,4053.6385864,15,0.06043,4053.6385864,0
1771484700000000,67079.85,67079.85,67024.28,67068.29,0.00629,1771484999999999,421.8646038,12,0.0016,107.2888616,0
1771485000000000,67072.7,67166.36,67056.59,67120.21,0.01493,1771485299999999,1001.6217799,15,0.01478,991.5520954,0
1771485300000000,67129.8,67188.09,67129.8,67155.14,0.01395,1771485599999999,936.9515641,12,0.00109,73.2013383,0
1771485600000000,67154.23,67259.1,67154.23,67181.08,0.0182,1771485899999999,1222.8216601,18,0.00664,446.0121461,0
1771485900000000,67203.36,67244.12,67192.48,67192.48,0.00541,1771486199999999,363.6139093,24,0.00541,363.6139093,0
1771486200000000,67178.77,67261.38,67178.77,67202.7,0.00569,1771486499999999,382.4265505,21,0.00386,259.4323366,0
1771486500000000,67186.45,67276.38,67164.51,67164.51,0.0107,1771486799999999,719.661034,26,0.00319,214.4856817,0
1771486800000000,67164.48,67181.85,67123.08,67150.4,0.00211,1771487099999999,141.6735003,19,0.00202,135.6313359,0
1771487100000000,67183.14,67183.73,67154.45,67183.73,0.00162,1771487399999999,108.8144518,15,0.00162,108.8144518,0
1771487400000000,67185.04,67215.99,67176.0,67176.0,0.00114,1771487699999999,76.6027136,11,0.00114,76.6027136,0
1771487700000000,67167.06,67215.72,67138.76,67177.34,0.00265,1771487999999999,178.0017923,23,0.00186,124.94195,0
1771488000000000,67155.13,67163.67,67040.14,67099.68,0.01056,1771488299999999,708.3436074,32,0.00226,151.6823452,0
1771488300000000,67110.58,67116.4,67038.71,67100.11,0.04665,1771488599999999,3129.3244534,61,0.01853,1242.9420578,0
1771488600000000,67116.29,67116.29,67002.24,67031.36,0.06092,1771488899999999,4084.6357559,68,0.02221,1489.21268,0
1771488900000000,67031.36,67088.43,67000.7,67071.6,0.25712,1771489199999999,17236.6538078,54,0.25182,16881.4932434,0
1771489200000000,67071.59,67101.91,66928.19,66928.19,0.01263,1771489499999999,846.6131618,41,0.01263,846.6131618,0
1771489500000000,66929.66,66930.52,66864.93,66882.85,0.06539,1771489799999999,4373.8682251,41,0.05327,3563.1901717,0
1771489800000000,66883.58,66926.02,66767.56,66818.04,0.02192,1771490099999999,1464.9740399,39,0.01084,724.6738104,0
1771490100000000,66818.04,66941.1,66814.08,66910.01,0.01022,1771490399999999,683.4862954,35,0.01012,676.8028704,0
1771490400000000,66913.43,66930.35,66877.41,66923.35,0.0233,1771490699999999,1558.7669612,38,0.00952,637.0273194,0
1771490700000000,66898.41,66908.64,66831.6,66871.96,0.03415,1771490999999999,2283.587884,48,0.01667,1114.8454226,0
1771491000000000,66893.9,66908.26,66820.67,66893.38,0.0081,1771491299999999,541.6729427,36,0.0081,541.6729427,0
1771491300000000,66892.64,66946.99,66871.22,66938.06,0.0102,1771491599999999,682.699719,33,0.0102,682.699719,0
1771491600000000,66938.06,66976.56,66821.29,66923.5,1.12547,1771491899999999,75321.6675668,96,0.01311,877.9056967,0
1771491900000000,66887.23,66986.94,66847.88,66986.94,0.14827,1771492199999999,9914.9805547,19,0.14579,9749.1265475,0
1771492200000000,67002.44,67028.89,66986.58,67003.12,0.03556,1771492499999999,2382.6435937,12,0.00907,607.7320381,0
1771492500000000,67003.9,67003.94,66970.14,66995.7,0.01574,1771492799999999,1054.5133523,12,0.00958,641.8092085,0
1771492800000000,66986.58,67135.16,66986.58,67135.16,0.00217,1771493099999999,145.4994303,5,0.00159,106.6132869,0
1771493100000000,67081.9,67081.9,67081.9,67081.9,0.00056,1771493399999999,37.565864,1,0.00056,37.565864,0
1771493400000000,67101.28,67101.28,67084.86,67084.86,0.01004,1771493699999999,673.6142586,2,0.01004,673.6142586,0
1771493700000000,67106.54,67107.61,67021.19,67024.11,0.65836,1771493999999999,44135.031843,59,0.55758,37376.0834267,0
1771494000000000,67048.81,67048.82,67048.81,67048.82,0.2194,1771494299999999,14710.511105,10,0.2194,14710.511105,0
1771494300000000,67031.56,67031.56,66752.77,66752.77,0.16347,1771494599999999,10946.5500549,28,0.10265,6880.7096288,0
1771494600000000,66826.17,66837.05,66749.33,66837.05,0.02542,1771494899999999,1697.9290609,8,0.0,0.0,0
1771494900000000,66838.87,66838.87,66818.26,66818.26,0.11995,1771495199999999,8015.1022851,6,0.11499,7683.5814899,0
1771495200000000,66765.44,66765.44,66765.44,66765.44,0.00044,1771495499999999,29.3767936,1,0.0,0.0,0
1771495500000000,66743.93,66844.17,66743.93,66844.17,0.01214,1771495799999999,811.099664,9,0.01214,811.099664,0
1771495800000000,66850.74,66905.61,66850.74,66860.38,0.00838,1771496099999999,560.3844015,12,0.00838,560.3844015,0
1771496100000000,66844.07,66907.98,66844.07,66907.98,0.01044,1771496399999999,698.1457894,14,0.00673,450.1111795,0
1771496400000000,66909.96,66909.96,66841.31,66841.31,0.0134,1771496699999999,896.1706448,12,0.00521,348.440635,0
1771496700000000,66848.53,66867.66,66844.35,66862.46,0.00139,1771496999999999,92.9226117,4,0.00139,92.9226117,0
1771497000000000,66792.19,66827.24,66792.19,66827.24,0.00306,1771497299999999,204.4405319,2,0.00145,96.8486755,0
1771497300000000,66804.92,66924.23,66804.92,66923.29,0.00917,1771497599999999,613.5624283,5,0.00483,323.1145977,0
1771497600000000,66934.09,67009.17,66918.22,67008.05,0.12784,1771497899999999,8563.3810057,23,0.12031,8059.4839453,0
1771497900000000,66951.61,67008.05,66905.26,66905.26,0.06223,1771498199999999,4168.4786641,12,0.05595,3748.31357,0
1771498200000000,66883.41,66883.41,66772.13,66772.14,0.02155,1771498499999999,1439.8147322,12,0.00011,7.3449354,0
1771498500000000,66772.14,66792.24,66757.08,66792.24,0.00474,1771498799999999,316.5559746,3,0.0029,193.697496,0
1771498800000000,66792.24,66792.24,66792.24,66792.24,0.0,1771499099999999,0.0,0,0.0,0.0,0
1771499100000000,66792.24,66792.24,66792.24,66792.24,0.0,1771499399999999,0.0,0,0.0,0.0,0
1771499400000000,66792.24,66792.24,66792.24,66792.24,0.0,1771499699999999,0.0,0,0.0,0.0,0
1771499700000000,66792.24,66792.24,66792.24,66792.24,0.0,1771499999999999,0.0,0,0.0,0.0,0
1771500000000000,66792.24,66792.24,66792.24,66792.24,0.0,1771500299999999,0.0,0,0.0,0.0,0
1771500300000000,66898.87,66913.22,66825.78,66835.64,0.03985,1771500599999999,2664.8424446,12,0.02244,1501.1973294,0
1771500600000000,66804.41,66804.41,66804.41,66804.41,0.00152,1771500899999999,101.5427032,1,0.00152,101.5427032,0
1771500900000000,66814.92,66814.92,66652.65,66652.65,0.03877,1771501199999999,2587.4135052,15,0.0,0.0,0
1771501200000000,66652.65,66652.65,66652.65,66652.65,0.0,1771501499999999,0.0,0,0.0,0.0,0
1771501500000000,66652.65,66652.65,66652.65,66652.65,0.0,1771501799999999,0.0,0,0.0,0.0,0
1771501800000000,66652.65,66652.65,66472.82,66472.82,0.03876,1771502099999999,2579.3484015,20,0.0,0.0,0
1771502100000000,66506.97,66506.97,66463.6,66463.6,0.02417,1771502399999999,1606.5155049,10,0.01796,1193.7400348,0
1771502400000000,66480.88,66484.25,66402.0,66405.26,0.21013,1771502699999999,13966.8535399,34,0.16603,11036.4665636,0
1771502700000000,66425.0,66507.56,66307.53,66507.56,0.14119,1771502999999999,9368.2676074,30,0.0883,5857.8007671,0
1771503000000000,66513.37,66563.13,66467.52,66521.65,0.72492,1771503299999999,48207.4813344,103,0.67565,44930.6887486,0
1771503300000000,66562.79,66573.36,66480.66,66513.64,0.55549,1771503599999999,36944.7347236,84,0.47908,31862.5960061,0
1771503600000000,66516.61,66651.76,66497.76,66651.76,0.38077,1771503899999999,25331.7646443,39,0.35918,23894.7641454,0
1771503900000000,66610.01,66698.17,66593.9,66671.38,0.3417,1771504199999999,22763.3908018,85,0.24296,16184.7568076,0
1771504200000000,66613.91,66637.95,66591.74,66613.06,0.08729,1771504499999999,5815.19833,14,0.0,0.0,0
1771504500000000,66617.92,66634.58,66454.8,66592.31,0.09404,1771504799999999,6259.1270669,26,0.00111,73.8906801,0
1771504800000000,66629.34,66653.95,66584.0,66593.18,0.04366,1771505099999999,2907.9361483,15,0.00493,328.580307,0
1771505100000000,66605.19,66605.19,66484.43,66502.64,0.64533,1771505399999999,42942.9900165,122,0.0,0.0,0
1771505400000000,66567.21,66601.42,66526.78,66563.33,0.03935,1771505699999999,2619.0578467,34,0.03935,2619.0578467,0
1771505700000000,66540.63,66563.32,66526.32,66546.06,0.04178,1771505999999999,2779.847335,59,0.04178,2779.847335,0
1771506000000000,66528.94,66567.13,66449.8,66449.8,0.04647,1771506299999999,3090.7720041,64,0.04144,2756.287215,0
1771506300000000,66451.29,66451.29,66243.83,66375.7,0.04324,1771506599999999,2868.4011382,54,0.04314,2861.7628632,0
1771506600000000,66392.49,66409.27,66388.92,66407.45,0.00726,1771506899999999,482.0360023,9,0.00726,482.0360023,0
1771506900000000,66388.46,66388.46,66177.08,66228.94,0.3861,1771507199999999,25593.4997633,70,0.22715,15056.9450125,0
1771507200000000,66210.48,66259.99,66147.88,66162.85,0.72897,1771507499999999,48254.0894865,145,0.57848,38290.9669075,0
1771507500000000,66157.55,66181.78,66121.86,66160.9,0.40035,1771507799999999,26485.5576881,84,0.32433,21456.7030502,0
1771507800000000,66162.52,66255.25,66101.81,66233.41,0.99556,1771508099999999,65859.8317744,118,0.88465,58521.5542518,0
1771508100000000,66233.4,66286.73,66087.53,66087.53,0.3882,1771508399999999,25691.0816446,82,0.22377,14810.2376404,0
1771508400000000,66076.03,66076.03,65914.67,65963.67,0.98569,1771508699999999,65023.4555678,183,0.74928,49420.2671492,0
1771508700000000,65950.16,65981.68,65773.98,65813.62,0.88891,1771508999999999,58570.8455776,205,0.74692,49214.1098402,0
1771509000000000,65791.52,65970.59,65791.52,65969.77,0.04111,1771509299999999,2709.3479757,13,0.02256,1486.7504848,0
1771509300000000,65954.13,65954.13,65882.99,65887.28,0.34984,1771509599999999,23056.1555746,83,0.31119,20507.6954775,0
1771509600000000,65887.11,65945.27,65807.93,65845.81,0.28769,1771509899999999,18950.7414607,51,0.28259,18614.4439792,0
1771509900000000,65907.78,65907.78,65880.59,65880.59,0.02164,1771510199999999,1425.7965979,5,0.01931,1272.2789716,0
1771510200000000,65896.14,66042.21,65896.12,66041.51,0.16729,1771510499999999,11040.8459714,30,0.16355,10794.3666778,0
1771510500000000,66004.36,66004.36,65881.02,65899.35,0.16307,1771510799999999,10746.5342854,41,0.14166,9335.3337346,0
1771510800000000,65904.95,65971.52,65904.95,65971.52,0.15244,1771511099999999,10053.347324,23,0.15244,10053.347324,0
1771511100000000,65988.43,66039.61,65882.6,65954.57,0.11971,1771511399999999,7894.0191311,32,0.05739,3783.6345351,0
1771511400000000,65954.79,66002.05,65629.28,65745.95,0.91623,1771511699999999,60403.6243549,173,0.72047,47505.6213373,0
1771511700000000,65699.08,66193.2,65621.02,66088.55,0.39361,1771511999999999,25980.8115932,76,0.28512,18816.521091,0
1771512000000000,66088.17,66294.1,66024.12,66294.1,0.54502,1771512299999999,36020.2805304,113,0.42651,28188.1701846,0
1771512300000000,66191.57,66370.3,66113.98,66222.53,0.63822,1771512599999999,42279.3533068,127,0.56849,37659.6779247,0
1771512600000000,66298.84,66610.45,66226.48,66436.31,2.62307,1771512899999999,174067.1719643,355,2.35659,156388.8374192,0
1771512900000000,66519.51,66607.44,66330.73,66351.82,0.29826,1771513199999999,19833.3554554,63,0.23042,15324.3478307,0
1771513200000000,66398.0,66724.96,66375.44,66607.68,0.64083,1771513499999999,42629.6950423,124,0.53544,35616.7071876,0
1771513500000000,66627.48,66627.48,66382.75,66382.75,0.3302,1771513799999999,21958.506766,101,0.19189,12759.1646813,0
1771513800000000,66379.49,66413.32,66029.13,66056.89,0.23731,1771514099999999,15714.4973217,79,0.17919,11866.4704701,0
1771514100000000,66124.48,66381.63,66119.84,66180.13,0.45414,1771514399999999,30086.3268536,132,0.22781,15092.1500738,0
1771514400000000,66171.75,66189.59,65951.84,66127.19,0.622,1771514699999999,41095.5596656,150,0.4671,30858.1104927,0
1771514700000000,66177.6,66177.6,65999.64,66023.57,0.41622,1771514999999999,27502.4429827,95,0.25581,16900.3098115,0
1771515000000000,66020.58,66277.13,65962.21,66277.13,0.2366,1771515299999999,15648.2425139,45,0.20315,13436.2385749,0
1771515300000000,66382.75,66532.88,66303.57,66419.86,0.26994,1771515599999999,17926.587278,66,0.1715,11388.8569704,0
1771515600000000,66422.65,66503.65,66382.75,66449.67,0.23608,1771515899999999,15689.9660721,34,0.19992,13286.9532867,0
1771515900000000,66463.9,66565.31,66279.92,66279.92,0.31416,1771516199999999,20869.9257186,65,0.21411,14226.3834598,0
1771516200000000,66260.26,66304.09,66145.34,66267.81,0.23605,1771516499999999,15641.323439,65,0.15933,10559.2191725,0
1771516500000000,66267.8,66405.88,66267.13,66404.32,0.30959,1771516799999999,20521.3597846,65,0.25524,16917.618452,0
1771516800000000,66368.61,66368.61,66101.25,66101.25,0.38482,1771517099999999,25496.426091,97,0.33416,22137.8369493,0
1771517100000000,66098.04,66156.44,65874.49,66101.74,0.27245,1771517399999999,17980.8296128,62,0.19089,12599.3729827,0
1771517400000000,66161.33,66161.64,66015.91,66080.47,0.1544,1771517699999999,10204.6736694,39,0.11354,7505.1674571,0
1771517700000000,66143.5,66371.28,66143.5,66286.91,0.31896,1771517999999999,21128.5184641,61,0.27164,17991.956597,0
1771518000000000,66319.16,66326.88,66199.07,66199.07,0.28436,1771518299999999,18840.1688187,76,0.23015,15247.9068744,0
1771518300000000,66224.48,66258.31,66096.04,66172.99,0.42463,1771518599999999,28112.1164406,88,0.38304,25360.6270656,0
1771518600000000,66192.05,66465.88,66192.05,66465.88,0.30869,1771518899999999,20479.6227701,45,0.29627,19656.6513188,0
1771518900000000,66473.69,66505.04,66306.53,66476.7,0.20042,1771519199999999,13308.0382327,46,0.15211,10100.36191,0
1771519200000000,66476.69,66506.5,66403.9,66403.9,0.24907,1771519499999999,16551.8642436,71,0.21034,13978.5965133,0
1771519500000000,66386.23,66407.43,66275.75,66275.92,0.43747,1771519799999999,29021.3684317,87,0.27349,18147.9034428,0
1771519800000000,66291.05,66417.02,66176.27,66417.02,0.55862,1771520099999999,37032.8654906,126,0.50931,33766.0322359,0
1771520100000000,66418.46,66418.46,66264.48,66304.78,0.11671,1771520399999999,7741.8303755,35,0.08923,5919.3658226,0
1771520400000000,66304.58,66379.07,66262.15,66379.07,0.5201,1771520699999999,34496.6124018,85,0.4509,29908.2055735,0
1771520700000000,66376.79,66440.48,66317.5,66317.5,0.26165,1771520999999999,17367.7964915,39,0.23094,15328.25711,0
1771521000000000,66363.91,66651.47,66363.91,66651.08,0.09426,1771521299999999,6271.1214001,22,0.07736,5145.3929182,0
1771521300000000,66629.95,67029.39,66573.46,66933.75,0.18476,1771521599999999,12319.196906,55,0.16176,10783.3345124,0
1771521600000000,66966.13,66966.13,66835.92,66835.92,0.5997,1771521899999999,40105.3673041,165,0.50734,33926.4955797,0
1771521900000000,66833.42,66833.42,66605.19,66641.47,0.26322,1771522199999999,17556.5584395,82,0.19969,13316.3979792,0
1771522200000000,66624.51,66640.93,66501.63,66501.63,0.54011,1771522499999999,35938.8911695,109,0.48978,32589.7608851,0
1771522500000000,66496.25,66581.03,66480.18,66481.13,0.67108,1771522799999999,44629.1677304,135,0.58156,38674.722004,0
1771522800000000,66596.97,66683.06,66565.16,66623.6,0.07408,1771523099999999,4935.6416481,26,0.05141,3424.7891772,0
1771523100000000,66630.47,66638.69,66399.97,66402.69,0.41132,1771523399999999,27347.26622,119,0.31158,20713.1351529,0
1771523400000000,66458.25,66523.53,66161.53,66193.55,0.48893,1771523699999999,32442.8432662,118,0.35069,23269.6737926,0
1771523700000000,66193.55,66370.0,66193.55,66339.75,1.45448,1771523999999999,96465.0441128,177,0.7269,48180.9387876,0
1771524000000000,66339.74,66356.65,66236.29,66236.29,0.43046,1771524299999999,28534.407835,104,0.34848,23100.1196025,0
1771524300000000,66236.28,66447.65,66236.28,66364.18,0.81918,1771524599999999,54325.9069777,125,0.79208,52528.5989823,0
1771524600000000,66364.17,66622.39,66333.45,66622.39,0.08807,1771524899999999,5855.02206,26,0.06463,4297.8599087,0
1771524900000000,66622.38,66622.38,66523.5,66544.79,0.06577,1771525199999999,4378.3704625,21,0.05028,3346.6268074,0
1771525200000000,66541.47,66806.99,66496.58,66806.99,0.11903,1771525499999999,7930.0958185,44,0.08124,5412.8356809,0
1771525500000000,66887.87,66901.12,66848.04,66885.08,0.07394,1771525799999999,4944.6545319,27,0.05272,3525.7080061,0
1771525800000000,66886.19,66900.05,66719.51,66719.51,0.08004,1771526099999999,5350.265014,37,0.04335,2898.3352509,0
1771526100000000,66745.78,66864.57,66714.92,66776.16,0.14426,1771526399999999,9633.8448103,46,0.08309,5548.8659736,0
1771526400000000,66803.84,67008.3,66780.17,66979.91,0.08041,1771526699999999,5379.7735911,22,0.07437,4975.1916398,0
1771526700000000,66978.54,67045.35,66935.08,66984.56,0.14018,1771526999999999,9390.6935386,36,0.08594,5757.2591186,0
1771527000000000,66985.41,67053.21,66948.42,67029.14,0.10777,1771527299999999,7218.8646666,28,0.05909,3958.5192612,0
1771527300000000,67006.29,67037.69,66881.24,67026.36,0.12416,1771527599999999,8313.7530025,37,0.06972,4669.9562726,0
1771527600000000,66986.16,66987.32,66851.9,66934.37,0.08856,1771527899999999,5928.0290173,23,0.02808,1879.1596756,0
1771527900000000,67035.24,67171.21,67006.52,67083.12,0.01469,1771528199999999,985.7446222,11,0.0016,107.266086,0
1771528200000000,67013.63,67013.63,66896.34,66914.2,0.04065,1771528499999999,2721.3145221,26,0.01053,704.885606,0
1771528500000000,66891.68,66941.24,66843.24,66914.84,0.01979,1771528799999999,1323.5891001,9,0.00379,253.593116,0
1771528800000000,66985.24,67047.02,66945.65,67010.42,0.0031,1771529099999999,207.6227324,6,0.00027,18.0928134,0
1771529100000000,67047.39,67047.39,66925.72,66925.72,0.02015,1771529399999999,1349.239038,15,0.00058,38.8874862,0
1771529400000000,66910.61,66915.21,66898.11,66898.11,0.00759,1771529699999999,507.8223362,5,0.00299,200.0253489,0
1771529700000000,66859.09,66859.09,66738.91,66738.91,0.01457,1771529999999999,973.1824107,6,0.00443,295.7644329,0
1771530000000000,66701.31,66821.96,66682.49,66821.96,0.0892,1771530299999999,5949.4925932,16,0.08424,5618.6540956,0
1771530300000000,66890.04,66890.04,66794.45,66809.9,0.00803,1771530599999999,536.7835235,6,0.00145,96.874355,0
1771530600000000,66889.91,67115.01,66889.91,66961.19,0.0534,1771530899999999,3577.2452685,19,0.02795,1871.3591419,0
1771530900000000,67044.45,67044.45,67009.74,67031.17,0.00509,1771531199999999,341.1755374,4,0.00509,341.1755374,0
1771531200000000,67025.98,67077.17,66978.5,67039.88,0.04476,1771531499999999,3000.4333611,27,0.01297,869.666324,0
1771531500000000,67043.43,67046.08,66951.61,66961.45,0.02522,1771531799999999,1689.2305484,26,0.01099,736.1083998,0
1771531800000000,66992.18,66992.18,66922.37,66978.29,0.01851,1771532099999999,1239.3017755,19,0.00144,96.429528,0
1771532100000000,66967.53,66967.53,66824.78,66900.06,0.01465,1771532399999999,979.6213732,18,0.0005,33.451115,0
1771532400000000,66889.47,66930.08,66855.85,66908.57,0.01616,1771532699999999,1080.8641232,17,0.00749,500.7611365,0
1771532700000000,66887.66,66941.49,66873.24,66917.91,0.00718,1771532999999999,480.5257819,16,0.00383,256.3844896,0
1771533000000000,66904.43,66984.83,66903.71,66958.42,0.01447,1771533299999999,968.7447024,19,0.00072,48.2153918,0
1771533300000000,66997.55,66997.55,66886.45,66887.72,0.02693,1771533599999999,1803.1892996,19,0.02354,1576.2807308,0
1771533600000000,66891.73,66959.08,66885.93,66941.46,0.01286,1771533899999999,860.7559389,30,0.00557,372.858668,0
1771533900000000,66923.6,67150.47,66923.6,67080.75,0.05974,1771534199999999,4009.2725926,41,0.02424,1626.6692335,0
1771534200000000,67062.49,67139.05,67062.26,67099.85,0.03217,1771534499999999,2158.7796682,26,0.00448,300.7379772,0
1771534500000000,67085.96,67122.25,67070.0,67122.25,0.06007,1771534799999999,4030.6693652,20,0.02506,1681.646364,0
1771534800000000,67114.23,67140.73,67014.28,67085.74,0.03038,1771535099999999,2038.1069477,24,0.00131,87.8898912,0
1771535100000000,67126.66,67126.66,67066.35,67094.46,0.00515,1771535399999999,345.4513528,14,0.00303,203.2110405,0
1771535400000000,67095.12,67099.39,67020.99,67022.88,0.2654,1771535699999999,17788.0690291,62,0.25602,17159.0732128,0
1771535700000000,67013.3,67025.98,66987.51,66995.38,0.05499,1771535999999999,3684.7760126,22,0.04809,3222.354083,0
1771536000000000,67015.63,67015.63,66985.87,67008.47,0.02376,1771536299999999,1591.9793391,7,0.00694,465.0281354,0
1771536300000000,66988.46,66988.46,66988.46,66988.46,0.02039,1771536599999999,1365.8946994,5,0.02039,1365.8946994,0
1771536600000000,67008.43,67008.43,66981.34,66981.34,0.22274,1771536899999999,14923.5524035,44,0.22274,14923.5524035,0
1771536900000000,67003.48,67012.14,66980.48,66980.48,0.10405,1771537199999999,6969.7036696,19,0.08729,5846.7260992,0
1771537200000000,66980.82,66980.82,66980.47,66980.47,0.12142,1771537499999999,8132.8102824,25,0.12142,8132.8102824,0
1771537500000000,66973.75,66973.75,66965.93,66965.93,0.0065,1771537799999999,435.2814384,2,0.0065,435.2814384,0
1771537800000000,66942.05,66942.05,66942.05,66942.05,0.00179,1771538099999999,119.8262695,1,0.00179,119.8262695,0
1771538100000000,66904.77,66904.77,66901.71,66901.71,0.00892,1771538399999999,596.7676902,2,0.00892,596.7676902,0
1771538400000000,66815.04,66815.04,66750.39,66752.23,0.02348,1771538699999999,1567.752122,7,0.00145,96.7907335,0
1771538700000000,66768.93,66818.85,66768.93,66818.85,0.01096,1771538999999999,732.0323752,3,0.01096,732.0323752,0
1771539000000000,66843.46,66864.6,66840.59,66840.59,0.01334,1771539299999999,891.7531268,6,0.00724,484.0244568,0
1771539300000000,66816.92,66817.71,66775.74,66817.71,0.10018,1771539599999999,6689.6664165,4,0.10018,6689.6664165,0
1771539600000000,66838.72,66838.72,66749.69,66776.5,0.01505,1771539899999999,1005.2225219,16,0.0,0.0,0
1771539900000000,66794.94,66794.94,66748.93,66748.93,0.00414,1771540199999999,276.41109,12,0.0,0.0,0
1771540200000000,66748.93,66748.93,66639.51,66686.19,0.03521,1771540499999999,2348.3397787,19,0.01154,769.5515471,0
1771540500000000,66639.52,66639.52,66625.77,66625.78,0.40586,1771540799999999,27041.2958246,74,0.40586,27041.2958246,0
1771540800000000,66693.3,66887.09,66693.3,66887.09,0.07045,1771541099999999,4706.9368104,31,0.06693,4471.6464631,0
1771541100000000,66887.09,66887.09,66887.09,66887.09,0.0,1771541399999999,0.0,0,0.0,0.0,0
1771541400000000,66848.24,66848.24,66844.26,66848.24,0.0042,1771541699999999,280.759623,3,0.0042,280.759623,0
1771541700000000,66848.24,66848.24,66848.24,66848.24,0.0,1771541999999999,0.0,0,0.0,0.0,0
1771542000000000,66848.24,66848.24,66848.24,66848.24,0.0,1771542299999999,0.0,0,0.0,0.0,0
1771542300000000,66841.22,66841.22,66841.22,66841.22,0.00075,1771542599999999,50.130915,1,0.00075,50.130915,0
1771542600000000,66877.38,66877.38,66877.38,66877.38,0.00036,1771542899999999,24.0758568,1,0.00036,24.0758568,0
1771542900000000,66878.69,66878.69,66856.43,66876.07,0.56085,1771543199999999,37497.4454179,77,0.54295,36300.3254739,0
1771543200000000,66898.06,66994.23,66898.06,66965.84,0.50393,1771543499999999,33735.2212856,89,0.48659,32573.6824528,0
1771543500000000,66968.74,66986.1,66951.29,66985.25,0.02342,1771543799999999,1568.4707511,10,0.01326,888.1487332,0
1771543800000000,66986.17,66986.17,66913.78,66944.17,0.36114,1771544099999999,24174.2914074,70,0.34405,23030.03831,0
1771544100000000,66943.46,66943.98,66919.91,66919.91,0.02668,1771544399999999,1785.9023102,9,0.01948,1304.0683506,0
1771544400000000,66933.31,66933.31,66933.31,66933.31,0.00041,1771544699999999,27.4426571,1,0.00041,27.4426571,0
1771544700000000,66995.26,66995.26,66913.8,66913.8,0.02252,1771544999999999,1507.7448211,7,0.00728,487.4409904,0
1771545000000000,66943.64,66966.49,66930.61,66966.49,0.0017,1771545299999999,113.8174165,3,0.0017,113.8174165,0
1771545300000000,66953.49,66953.49,66951.21,66951.21,0.00292,1771545599999999,195.4981944,3,0.00292,195.4981944,0
1771545600000000,66935.58,66952.56,66915.45,66950.13,0.23184,1771545899999999,15521.8516884,62,0.23184,15521.8516884,0
1771545900000000,66949.67,66967.19,66949.67,66950.55,0.49877,1771546199999999,33394.6974793,62,0.49877,33394.6974793,0
1771546200000000,66951.33,67182.6,66951.33,67182.6,0.20643,1771546499999999,13842.7545794,14,0.20141,13505.5970222,0
1771546500000000,67219.3,67230.69,67146.13,67168.07,0.48369,1771546799999999,32510.1898327,91,0.42092,28292.4192247,0
1771546800000000,67185.28,67243.42,67151.07,67194.65,0.2404,1771547099999999,16151.9622425,52,0.21962,14755.6153002,0
1771547100000000,67199.3,67456.4,67199.3,67374.45,0.53945,1771547399999999,36331.653376,107,0.47184,31773.6092112,0
1771547400000000,67328.06,67328.06,67296.43,67306.58,0.04294,1771547699999999,2890.127652,10,0.0013,87.521538,0
1771547700000000,67306.58,67306.58,67306.58,67306.58,0.0,1771547999999999,0.0,0,0.0,0.0,0
1771548000000000,67311.72,67311.72,67240.0,67247.31,0.14904,1771548299999999,10026.6051764,41,0.13359,8987.0946606,0
1771548300000000,67245.54,67251.19,67234.91,67234.91,0.10665,1771548599999999,7171.7691016,6,0.10502,7062.1672343,0
1771548600000000,67226.36,67226.36,67199.53,67199.53,0.16182,1771548899999999,10877.1738334,16,0.15164,10192.917927,0
1771548900000000,67181.94,67221.49,67181.94,67221.49,0.14358,1771549199999999,9645.9888777,11,0.14343,9635.9056542,0
1771549200000000,67236.52,67239.08,67216.12,67216.12,0.01504,1771549499999999,1011.1482904,3,0.00504,338.8720608,0
1771549500000000,67291.45,67291.45,67254.16,67266.03,0.11384,1771549799999999,7659.8866225,16,0.11384,7659.8866225,0
1771549800000000,67287.32,67305.7,67287.32,67305.7,0.07312,1771550099999999,4920.1449568,8,0.07312,4920.1449568,0
1771550100000000,67309.02,67309.02,67187.82,67187.82,0.11939,1771550399999999,8024.8895161,26,0.1088,7312.4866691,0
1771550400000000,67246.9,67247.07,67157.72,67157.72,0.37363,1771550699999999,25107.2496313,68,0.36853,24764.6558218,0
1771550700000000,67158.87,67158.87,67129.33,67149.35,0.21447,1771550999999999,14400.2830164,44,0.20921,14047.1185211,0
1771551000000000,67160.41,67214.15,67160.41,67214.15,0.38978,1771551299999999,26191.6309825,65,0.30942,20791.0164226,0
1771551300000000,67214.29,67304.97,67214.29,67304.97,0.04009,1771551599999999,2697.061937,14,0.03513,2363.2292858,0
1771551600000000,67302.62,67308.25,67302.62,67308.25,0.10988,1771551899999999,7395.2243964,5,0.10488,7058.7109464,0
1771551900000000,67258.33,67274.93,67213.61,67213.61,0.03658,1771552199999999,2459.7718181,10,0.0208,1399.0430828,0
1771552200000000,67193.32,67207.02,67188.87,67207.02,0.01432,1771552499999999,962.2571375,6,0.00753,506.0343646,0
1771552500000000,67207.02,67207.02,67207.02,67207.02,0.0,1771552799999999,0.0,0,0.0,0.0,0
1771552800000000,67207.02,67207.02,67207.02,67207.02,0.0,1771553099999999,0.0,0,0.0,0.0,0
1771553100000000,67305.94,67305.94,67291.31,67291.31,0.00469,1771553399999999,315.6626641,2,0.0,0.0,0
1771553400000000,67291.31,67291.31,67291.31,67291.31,0.0,1771553699999999,0.0,0,0.0,0.0,0
1771553700000000,67291.31,67291.31,67291.31,67291.31,0.0,1771553999999999,0.0,0,0.0,0.0,0
1771554000000000,67226.63,67226.63,67190.59,67190.59,0.00567,1771554299999999,380.9765283,3,0.0,0.0,0
1771554300000000,67163.17,67163.17,67163.17,67163.17,0.00229,1771554599999999,153.8036593,1,0.0,0.0,0
1771554600000000,67163.17,67163.17,67163.17,67163.17,0.0,1771554899999999,0.0,0,0.0,0.0,0
1771554900000000,67163.17,67163.17,67163.17,67163.17,0.0,1771555199999999,0.0,0,0.0,0.0,0
1771555200000000,67268.01,67268.01,67268.01,67268.01,0.00504,1771555499999999,339.0307704,1,0.00504,339.0307704,0
1771555500000000,67268.01,67268.01,67268.01,67268.01,0.0,1771555799999999,0.0,0,0.0,0.0,0
1771555800000000,67268.01,67268.01,67268.01,67268.01,0.0,1771556099999999,0.0,0,0.0,0.0,0
1771556100000000,67263.94,67263.94,67263.94,67263.94,0.00071,1771556399999999,47.7573974,1,0.00071,47.7573974,0
1771556400000000,67263.94,67263.94,67263.94,67263.94,0.0,1771556699999999,0.0,0,0.0,0.0,0
1771556700000000,67242.36,67263.94,67239.54,67263.94,0.00503,1771556999999999,338.2260008,3,0.00503,338.2260008,0
1771557000000000,67263.94,67263.94,67263.94,67263.94,0.0,1771557299999999,0.0,0,0.0,0.0,0
1771557300000000,67233.15,67233.15,67233.15,67233.15,0.00557,1771557599999999,374.4886455,1,0.00557,374.4886455,0
1771557600000000,67304.42,67371.31,67304.42,67362.24,0.02423,1771557899999999,1632.0419409,6,0.01681,1132.1468207,0
1771557900000000,67431.31,67431.31,67370.14,67370.14,0.00186,1771558199999999,125.3728584,4,0.00171,115.2588519,0
1771558200000000,67367.83,67367.83,67348.11,67348.11,0.01598,1771558499999999,1076.5080203,3,0.01583,1066.4028458,0
1771558500000000,67368.84,67404.48,67368.84,67404.48,0.01672,1771558799999999,1126.7305739,6,0.01642,1106.5162169,0
1771558800000000,67442.29,67442.29,67339.08,67339.08,0.00574,1771559099999999,386.9828949,7,0.0,0.0,0
1771559100000000,67339.08,67339.08,67339.08,67339.08,0.0,1771559399999999,0.0,0,0.0,0.0,0
1771559400000000,67300.28,67319.25,67300.28,67319.25,0.00995,1771559699999999,669.7320669,3,0.00995,669.7320669,0
1771559700000000,67333.46,67333.46,67333.46,67333.46,7e-05,1771559999999999,4.7133422,1,0.0,0.0,0
1771560000000000,67315.52,67315.52,67232.05,67255.01,0.03039,1771560299999999,2044.0016563,12,0.01154,776.1008803,0
1771560300000000,67303.75,67340.57,67261.78,67262.68,0.01666,1771560599999999,1121.171244,8,0.01636,1100.9734755,0
1771560600000000,67262.68,67262.68,67262.68,67262.68,0.0,1771560899999999,0.0,0,0.0,0.0,0
1771560900000000,67320.79,67320.79,67157.63,67157.63,0.00717,1771561199999999,481.8676884,4,0.00501,336.4843755,0
1771561200000000,67149.35,67184.41,67095.25,67184.41,0.02644,1771561499999999,1774.8298274,10,0.0256,1718.4307209,0
1771561500000000,67233.64,67233.64,67233.64,67233.64,0.00083,1771561799999999,55.8039212,1,0.00083,55.8039212,0
1771561800000000,67184.41,67270.55,67184.41,67270.55,0.00619,1771562099999999,416.363416,4,0.00614,413.0041955,0
1771562100000000,67232.76,67232.76,67225.32,67229.09,0.01168,1771562399999999,785.2482458,4,0.00651,437.6557586,0
1771562400000000,67302.57,67302.57,67302.57,67302.57,9e-05,1771562699999999,6.0572313,1,0.0,0.0,0
1771562700000000,67232.75,67232.75,67232.75,67232.75,0.00015,1771562999999999,10.0849125,1,0.0,0.0,0
1771563000000000,67232.75,67232.75,67232.75,67232.75,0.0,1771563299999999,0.0,0,0.0,0.0,0
1771563300000000,67232.75,67232.75,67232.75,67232.75,0.0,1771563599999999,0.0,0,0.0,0.0,0
1771563600000000,67232.75,67232.75,67232.75,67232.75,0.0,1771563899999999,0.0,0,0.0,0.0,0
1771563900000000,67227.88,67227.88,67215.7,67215.7,0.00444,1771564199999999,298.4899602,2,0.0,0.0,0
1771564200000000,67215.7,67215.7,67215.7,67215.7,0.0,1771564499999999,0.0,0,0.0,0.0,0
1771564500000000,67234.96,67235.44,67228.66,67228.66,0.00861,1771564799999999,578.8864158,3,0.00718,482.749432,0
1771564800000000,67235.64,67287.48,67235.64,67287.48,0.01637,1771565099999999,1101.0248595,6,0.01637,1101.0248595,0
1771565100000000,67337.76,67390.8,67284.33,67284.33,0.02297,1771565399999999,1547.0535161,22,0.00013,8.7539088,0
1771565400000000,67409.72,67862.96,67408.42,67831.65,0.24357,1771565699999999,16476.778966,51,0.13009,8796.9865646,0
1771565700000000,67913.37,67913.37,67775.57,67818.81,0.02574,1771565999999999,1745.2584621,10,0.02499,1694.3646456,0
1771566000000000,67783.95,67896.1,67757.93,67895.45,0.05925,1771566299999999,4017.6122828,18,0.03887,2636.1595221,0
1771566300000000,67894.87,67984.75,67856.37,67932.72,0.24738,1771566599999999,16808.168636,81,0.11375,7726.7619281,0
1771566600000000,67953.56,67983.6,67809.13,67809.46,0.15643,1771566899999999,10615.865861,53,0.0394,2675.7336468,0
1771566900000000,67810.91,67828.67,67710.92,67765.54,0.1134,1771567199999999,7689.718026,36,0.01102,747.3453776,0
1771567200000000,67785.96,67785.96,67680.3,67781.23,0.30509,1771567499999999,20662.2434524,31,0.00999,676.5696126,0
1771567500000000,67746.71,67871.05,67656.99,67826.96,0.064,1771567799999999,4335.7161803,36,0.02195,1488.3654184,0
1771567800000000,67823.94,67872.69,67783.47,67840.54,0.03116,1771568099999999,2113.9925541,24,0.0233,1580.87842,0
1771568100000000,67837.44,67862.89,67797.48,67856.43,0.02566,1771568399999999,1740.8730601,14,0.02266,1537.3961365,0
1771568400000000,67823.86,67823.86,67656.34,67680.83,0.0609,1771568699999999,4122.828683,32,0.03959,2679.7001699,0
1771568700000000,67703.48,67730.5,67701.34,67730.28,0.01609,1771568999999999,1089.619996,5,0.00609,412.3158452,0
1771569000000000,67715.9,67799.64,67656.43,67780.4,0.04113,1771569299999999,2785.3891034,19,0.03636,2462.4861866,0
1771569300000000,67796.38,67796.38,67759.24,67759.24,0.00067,1771569599999999,45.4150294,3,0.00029,19.6609502,0
1771569600000000,67802.58,67802.58,67740.04,67740.04,0.10407,1771569899999999,7051.603135,5,0.00023,15.5945934,0
1771569900000000,67771.53,67839.64,67771.53,67838.6,0.01977,1771570199999999,1340.6105662,8,0.01855,1257.878694,0
1771570200000000,67813.67,67846.58,67804.94,67846.58,0.011,1771570499999999,745.9842953,5,0.01065,722.2429288,0
1771570500000000,67846.58,67846.58,67846.58,67846.58,0.0,1771570799999999,0.0,0,0.0,0.0,0
1771570800000000,67805.35,67805.35,67805.35,67805.35,0.00497,1771571099999999,336.9925895,1,0.00497,336.9925895,0
1771571100000000,67815.02,67823.3,67807.53,67807.53,0.21778,1771571399999999,14768.9176122,30,0.00607,411.6270809,0
1771571400000000,67786.43,67806.92,67786.43,67797.9,0.02092,1771571699999999,1418.3775002,17,0.0,0.0,0
1771571700000000,67842.85,67860.42,67842.85,67846.86,0.01545,1771571999999999,1048.4363597,5,0.0,0.0,0
1771572000000000,67843.79,67940.08,67843.79,67924.99,0.03046,1771572299999999,2067.8569605,24,0.01358,922.3022121,0
1771572300000000,67943.56,67960.62,67888.32,67928.59,0.01652,1771572599999999,1122.1459559,18,0.01101,747.8801739,0
1771572600000000,67906.67,67933.61,67906.67,67915.59,0.00379,1771572899999999,257.4237302,8,0.00379,257.4237302,0
1771572900000000,67915.59,67915.59,67850.05,67898.36,0.01631,1771573199999999,1107.3806793,18,0.00586,397.8073533,0
1771573200000000,67897.26,67897.26,67857.89,67857.89,0.00944,1771573499999999,640.6506561,9,0.00929,630.4691091,0
1771573500000000,67826.74,67826.74,67826.74,67826.74,0.00463,1771573799999999,314.0378062,1,0.0,0.0,0
1771573800000000,67826.74,67826.74,67826.74,67826.74,0.0,1771574099999999,0.0,0,0.0,0.0,0
1771574100000000,67813.23,67813.23,67757.63,67779.85,0.01879,1771574399999999,1273.6882353,9,0.0,0.0,0
1771574400000000,67824.24,67851.17,67824.24,67850.99,0.00128,1771574699999999,86.8337185,9,0.00128,86.8337185,0
1771574700000000,67852.35,67852.92,67795.69,67823.24,0.00309,1771574999999999,209.566809,17,0.0023,155.9988445,0
1771575000000000,67840.16,67883.15,67834.96,67848.95,0.00272,1771575299999999,184.567253,20,0.00272,184.567253,0
1771575300000000,67848.94,67929.52,67836.32,67903.61,0.021,1771575599999999,1425.8871776,26,0.01236,839.193209,0
1771575600000000,67907.22,67907.99,67820.72,67852.25,0.00344,1771575899999999,233.4723578,21,0.00344,233.4723578,0
1771575900000000,67894.66,67913.59,67832.47,67852.26,0.00381,1771576199999999,258.5346595,31,0.00381,258.5346595,0
1771576200000000,67863.89,67882.19,67734.79,67734.79,0.01799,1771576499999999,1219.3044206,42,0.01799,1219.3044206,0
1771576500000000,67768.94,67823.23,67768.88,67789.21,0.00698,1771576799999999,473.1256871,36,0.00698,473.1256871,0
1771576800000000,67802.54,67805.65,67769.11,67786.27,0.00406,1771577099999999,275.2254031,31,0.00406,275.2254031,0
1771577100000000,67769.11,67823.4,67750.45,67788.19,0.0042,1771577399999999,284.7018626,37,0.00348,235.9088844,0
1771577400000000,67806.02,67871.07,67806.02,67871.07,0.00342,1771577699999999,231.9806077,28,0.00224,151.9457338,0
1771577700000000,67866.87,67877.07,67831.74,67876.96,0.00217,1771577999999999,147.2556463,20,0.00107,72.6156507,0
1771578000000000,67857.46,68186.43,67857.46,68161.95,0.04021,1771578299999999,2739.5019977,37,0.0221,1505.0416273,0
1771578300000000,68162.01,68163.44,68075.15,68095.69,0.01502,1771578599999999,1023.2646444,25,0.00448,305.1008882,0
1771578600000000,68134.59,68143.57,68095.22,68123.24,0.00792,1771578899999999,539.5339601,23,0.00622,423.7352174,0
1771578900000000,68102.61,68166.36,68100.09,68100.09,0.00708,1771579199999999,482.4643063,15,0.00666,453.8555385,0
1771579200000000,68099.84,68173.09,68099.84,68167.17,0.00194,1771579499999999,132.1952954,12,0.00194,132.1952954,0
1771579500000000,68131.86,68150.37,68131.28,68150.22,0.00186,1771579799999999,126.7558955,5,0.00186,126.7558955,0
1771579800000000,68181.03,68182.01,68121.58,68121.58,0.01248,1771580099999999,850.7097431,3,0.01248,850.7097431,0
1771580100000000,68121.58,68121.58,68121.58,68121.58,0.0,1771580399999999,0.0,0,0.0,0.0,0
1771580400000000,68138.77,68138.77,68138.77,68138.77,0.00049,1771580699999999,33.3879973,1,0.00049,33.3879973,0
1771580700000000,68138.77,68138.77,68138.77,68138.77,0.0,1771580999999999,0.0,0,0.0,0.0,0
1771581000000000,68163.57,68163.57,68163.57,68163.57,0.00164,1771581299999999,111.7882548,1,0.00164,111.7882548,0
1771581300000000,68173.03,68191.33,68172.92,68191.33,0.00952,1771581599999999,649.136389,6,0.00952,649.136389,0
1771581600000000,68175.9,68193.36,68153.18,68153.18,0.02925,1771581899999999,1993.9872217,9,0.01914,1304.9334054,0
1771581900000000,68152.28,68233.91,68146.19,68233.91,0.03161,1771582199999999,2155.0559653,9,0.02237,1525.3341293,0
1771582200000000,68196.07,68196.07,68124.1,68162.48,0.05189,1771582499999999,3535.1324745,12,0.04697,3199.8135402,0
1771582500000000,68185.05,68232.64,68182.33,68232.64,0.00119,1771582799999999,81.1558459,3,0.00119,81.1558459,0
1771582800000000,68152.94,68152.94,68130.9,68130.9,0.00603,1771583099999999,410.8498218,3,0.0,0.0,0
1771583100000000,68130.9,68130.9,68130.9,68130.9,0.0,1771583399999999,0.0,0,0.0,0.0,0
1771583400000000,68279.79,68293.88,68261.2,68262.68,0.00729,1771583699999999,497.6680241,5,0.00141,96.2855377,0
1771583700000000,68214.79,68219.89,68208.39,68208.86,0.01119,1771583999999999,763.299156,5,0.00817,557.3098182,0
1771584000000000,68189.23,68189.23,68189.23,68189.23,0.00582,1771584299999999,396.8613186,1,0.00582,396.8613186,0
1771584300000000,68145.84,68155.43,68022.7,68061.03,0.03328,1771584599999999,2265.297808,15,0.01706,1161.1808148,0
1771584600000000,68059.98,68059.98,67988.64,67988.64,0.00214,1771584899999999,145.5477678,2,0.00214,145.5477678,0
1771584900000000,67991.26,67991.26,67846.94,67915.58,0.03663,1771585199999999,2488.2777192,22,0.01055,716.419501,0
1771585200000000,67927.1,67927.1,67927.1,67927.1,0.00028,1771585499999999,19.019588,1,0.00028,19.019588,0
1771585500000000,67936.13,67936.13,67903.1,67903.1,0.00897,1771585799999999,609.1662336,4,0.00285,193.5938025,0
1771585800000000,67866.05,67867.2,67780.0,67865.39,0.02129,1771586099999999,1444.3146019,8,0.00412,279.5883288,0
1771586100000000,67815.91,67853.87,67815.91,67853.87,0.0144,1771586399999999,976.9163669,5,0.01425,966.7439804,0
1771586400000000,67846.65,67846.65,67800.99,67800.99,0.01238,1771586699999999,839.5059,3,0.00243,164.8673595,0
1771586700000000,67846.87,67846.87,67846.87,67846.87,0.00145,1771586999999999,98.3779615,3,0.00145,98.3779615,0
1771587000000000,67846.87,67846.87,67846.87,67846.87,0.00013,1771587299999999,8.8200931,1,0.00013,8.8200931,0
1771587300000000,67753.74,67753.74,67675.83,67675.83,0.01485,1771587599999999,1005.5430522,4,0.0,0.0,0
1771587600000000,67661.2,67661.2,67461.0,67461.0,0.02674,1771587899999999,1806.7486919,11,0.00182,123.0261355,0
1771587900000000,67458.99,67516.88,67405.22,67477.84,0.02518,1771588199999999,1698.3894641,6,0.00867,584.6522592,0
1771588200000000,67510.73,67588.76,67510.73,67511.42,0.03614,1771588499999999,2442.093145,7,0.03096,2092.0696144,0
1771588500000000,67455.98,67457.46,67264.3,67264.3,0.08223,1771588799999999,5538.2374543,21,0.06943,4675.5914038,0
1771588800000000,67319.25,67390.92,67268.2,67370.75,0.49841,1771589099999999,33560.7996754,98,0.49841,33560.7996754,0
1771589100000000,67370.75,67370.75,67370.75,67370.75,0.0,1771589399999999,0.0,0,0.0,0.0,0
1771589400000000,67470.41,67471.66,67470.41,67471.66,0.00578,1771589699999999,389.9852698,2,0.00578,389.9852698,0
1771589700000000,67488.2,67492.94,67336.79,67412.55,0.43189,1771589999999999,29135.2245821,92,0.41394,27924.8320825,0
1771590000000000,67390.36,67420.72,67372.75,67420.72,0.01328,1771590299999999,895.1717808,8,0.01328,895.1717808,0
1771590300000000,67417.45,67417.45,67267.85,67286.53,0.04984,1771590599999999,3354.1281911,14,0.02704,1819.079576,0
1771590600000000,67339.12,67373.21,67328.93,67373.21,0.25517,1771590899999999,17187.7378072,50,0.25517,17187.7378072,0
1771590900000000,67376.1,67441.18,67359.59,67436.73,0.05221,1771591199999999,3517.3541373,12,0.04322,2911.3839799,0
1771591200000000,67391.23,67438.47,67391.23,67438.47,0.14988,1771591499999999,10104.5411512,16,0.06385,4302.9833577,0
1771591500000000,67438.47,67438.47,67438.47,67438.47,0.0,1771591799999999,0.0,0,0.0,0.0,0
1771591800000000,67529.62,67577.88,67460.63,67495.62,0.0961,1771592099999999,6485.9050042,22,0.0812,5479.9242392,0
1771592100000000,67470.75,67511.21,67470.75,67511.21,0.12321,1771592399999999,8316.6052688,13,0.12165,8211.3013844,0
1771592400000000,67513.71,67513.71,67104.86,67218.64,0.0916,1771592699999999,6165.4153082,36,0.01992,1338.7080223,0
1771592700000000,67215.74,67266.07,67145.11,67236.09,0.91241,1771592999999999,61333.3026516,191,0.88289,59349.7362464,0
1771593000000000,67238.79,67252.94,67102.42,67102.42,0.47733,1771593299999999,32091.7491022,95,0.45784,30782.2863522,0
1771593300000000,67123.1,67156.51,67102.39,67156.51,0.82312,1771593599999999,55262.2552908,152,0.81804,54921.1004192,0
1771593600000000,67197.88,67197.88,66970.71,66981.4,0.25266,1771593899999999,16940.9758155,50,0.19913,13351.136047,0
1771593900000000,66983.48,67159.41,66983.48,67159.41,0.07032,1771594199999999,4719.3911808,11,0.06917,4642.3601788,0
1771594200000000,67176.37,67176.37,66832.23,66840.68,1.1901,1771594499999999,79729.6970347,166,1.04493,70005.0847005,0
1771594500000000,66820.1,66927.23,66516.96,66544.39,0.44489,1771594799999999,29679.6661677,80,0.17911,11958.6682907,0
1771594800000000,66531.75,66609.81,66393.14,66609.12,0.12374,1771595099999999,8232.9464417,35,0.06758,4495.8414615,0
1771595100000000,66668.84,66748.32,66668.84,66727.09,0.77197,1771595399999999,51497.2699533,152,0.75401,50299.2008767,0
1771595400000000,66757.89,66833.92,66757.89,66833.92,0.02014,1771595699999999,1345.4326089,8,0.02014,1345.4326089,0
1771595700000000,66874.8,66887.82,66738.83,66769.42,0.67391,1771595999999999,45007.2696132,153,0.20034,13379.5678232,0
1771596000000000,66790.95,66901.39,66777.75,66879.99,0.38592,1771596299999999,25788.874529,79,0.35059,23427.50682,0
1771596300000000,66894.78,67013.47,66884.65,67013.47,0.21373,1771596599999999,14307.5813638,55,0.20774,13906.4044083,0
1771596600000000,66974.55,66991.9,66868.18,66882.56,0.48967,1771596899999999,32774.4683713,101,0.43503,29118.1833254,0
1771596900000000,66951.77,66951.77,66780.65,66780.65,0.20318,1771597199999999,13592.8561117,49,0.1601,10710.5140788,0
1771597200000000,66766.21,66963.55,66479.47,66929.74,0.62379,1771597499999999,41591.9895735,104,0.0951,6349.4049007,0
1771597500000000,67009.17,67058.4,67000.46,67000.46,0.01605,1771597799999999,1075.834029,6,0.00084,56.3246253,0
1771597800000000,66997.19,67189.16,66841.85,67106.61,0.9361,1771598099999999,62779.2673335,238,0.72781,48842.0963688,0
1771598100000000,67256.27,67270.56,67035.99,67072.67,0.32051,1771598399999999,21509.5000898,60,0.24995,16774.7776029,0
1771598400000000,67086.31,67231.14,66996.73,67053.46,0.69911,1771598699999999,46916.7926462,157,0.59403,39868.4280931,0
1771598700000000,67053.63,67071.39,66866.38,66940.12,0.74861,1771598999999999,50121.370249,139,0.65949,44154.4986862,0
1771599000000000,66977.25,67133.18,66922.12,67066.93,0.56653,1771599299999999,37953.9003292,120,0.50514,33841.4554662,0
1771599300000000,67050.14,67100.95,67022.22,67039.68,0.7275,1771599599999999,48779.0673993,132,0.67467,45235.7175424,0
1771599600000000,67072.81,68059.95,67068.75,67385.15,1.49973,1771599899999999,101368.668931,318,0.94673,63894.3919141,0
1771599900000000,67352.64,67477.14,67088.03,67350.59,1.84163,1771600199999999,123930.582635,270,1.24442,83772.8712542,0
1771600200000000,67357.68,67392.07,66845.91,66863.61,1.13104,1771600499999999,75978.7470491,225,0.99861,67102.5293735,0
1771600500000000,66883.05,67124.92,66518.51,67103.44,1.16332,1771600799999999,77769.4997234,217,0.91,60842.5390858,0
1771600800000000,67070.26,67425.6,67070.26,67241.35,0.83704,1771601099999999,56281.2722869,148,0.78036,52472.7214217,0
1771601100000000,67296.27,67564.01,67270.27,67359.73,0.52145,1771601399999999,35151.2930955,95,0.44253,29831.2506983,0
1771601400000000,67447.21,67447.21,66985.0,66995.93,0.63538,1771601699999999,42647.7830367,109,0.54311,36448.7728369,0
1771601700000000,67013.95,67208.05,66942.88,67153.74,0.38557,1771601999999999,25843.1220734,51,0.34329,23008.3207832,0
1771602000000000,67106.82,67135.01,66935.58,67102.77,0.12897,1771602299999999,8645.0362357,36,0.06473,4338.5879138,0
1771602300000000,67209.83,67271.38,67206.31,67271.38,0.02369,1771602599999999,1592.2847537,8,0.02369,1592.2847537,0
1771602600000000,67261.4,67390.08,67261.39,67390.08,0.0127,1771602899999999,854.3149958,3,0.01196,804.5415672,0
1771602900000000,67378.42,67639.83,67378.42,67569.52,0.09807,1771603199999999,6626.3145491,26,0.05158,3484.4297222,0
1771603200000000,67527.35,67768.68,67527.35,67713.3,0.0781,1771603499999999,5286.3178603,27,0.04767,3226.1526573,0
1771603500000000,67691.96,67767.05,67691.96,67718.22,0.01883,1771603799999999,1275.548771,5,0.01278,866.012413,0
1771603800000000,67722.84,67763.71,67641.5,67763.71,0.00591,1771604099999999,400.3810831,4,0.00071,48.0269205,0
1771604100000000,67644.74,67644.74,67610.42,67630.04,0.01078,1771604399999999,728.9442791,5,0.01033,698.5137386,0
1771604400000000,67562.29,67879.63,67562.27,67830.08,0.06206,1771604699999999,4202.9935851,17,0.04917,3331.9545139,0
1771604700000000,67776.46,67776.46,67316.1,67316.1,0.0766,1771604999999999,5173.4449389,23,0.0,0.0,0
1771605000000000,67346.71,67417.23,67293.07,67340.71,0.08792,1771605299999999,5919.6783556,22,0.07798,5249.9329242,0
1771605300000000,67390.73,67489.31,67390.73,67429.75,0.0169,1771605599999999,1139.5995735,5,0.00676,455.5613348,0
1771605600000000,67411.03,67459.03,67391.7,67430.06,0.05706,1771605899999999,3847.4808999,14,0.03175,2140.9697848,0
1771605900000000,67488.14,67672.78,67488.14,67671.11,0.25749,1771606199999999,17398.5684277,54,0.25084,16948.5881061,0
1771606200000000,67612.29,67696.49,67572.34,67682.84,0.83071,1771606499999999,56194.0492738,161,0.82057,55508.1653218,0
1771606500000000,67683.45,67890.84,67650.47,67855.62,0.56223,1771606799999999,38070.3250901,115,0.54415,36843.0649688,0
1771606800000000,67773.72,67773.72,67660.72,67688.59,0.23267,1771607099999999,15751.7968581,53,0.20548,13910.8353409,0
1771607100000000,67650.82,67708.88,67289.41,67289.41,0.17268,1771607399999999,11667.3986937,60,0.08085,5467.3861841,0
1771607400000000,67263.83,67272.6,67073.77,67120.58,0.03567,1771607699999999,2396.2204124,13,0.00066,44.381469,0
1771607700000000,67091.95,67214.64,67074.27,67105.81,0.09458,1771607999999999,6349.8324578,28,0.07416,4979.0662949,0
1771608000000000,67107.54,67131.31,67006.14,67075.86,0.13739,1771608299999999,9214.5048535,27,0.06331,4247.5686109,0
1771608300000000,67092.58,67143.6,66992.32,67019.89,0.26011,1771608599999999,17444.0043829,42,0.17162,11509.2826638,0
1771608600000000,67005.37,67109.85,66984.04,67024.26,0.10737,1771608899999999,7200.0462779,17,0.04917,3298.2321438,0
1771608900000000,67042.81,67261.39,66970.22,67261.39,0.03636,1771609199999999,2439.3769959,12,0.01106,742.585685,0
1771609200000000,67274.47,67278.64,67200.08,67237.96,0.14781,1771609499999999,9936.5387111,33,0.09764,6563.3294694,0
1771609500000000,67206.67,67504.93,67077.36,67504.93,0.74352,1771609799999999,49938.3618986,169,0.35889,24113.7641075,0
1771609800000000,67544.14,67653.74,67448.53,67582.1,0.06908,1771610099999999,4667.8474189,23,0.00836,564.9094063,0
1771610100000000,67556.85,67612.81,67469.39,67586.66,0.17227,1771610399999999,11636.2274914,54,0.05445,3678.547987,0
1771610400000000,67603.69,67663.16,67480.9,67658.42,0.14251,1771610699999999,9629.8507988,39,0.08896,6013.3469629,0
1771610700000000,67708.96,67760.52,67628.31,67628.31,0.1458,1771610999999999,9866.8779692,34,0.10015,6778.1079763,0
1771611000000000,67557.58,67564.96,67557.58,67564.96,0.00308,1771611299999999,208.098527,2,0.00021,14.1870918,0
1771611300000000,67539.31,67539.31,67491.32,67538.62,0.10613,1771611599999999,7163.4177674,25,0.09085,6131.599666,0
1771611600000000,67538.04,67647.57,67463.14,67471.82,0.41036,1771611899999999,27712.3254148,41,0.34477,23283.2628456,0
1771611900000000,67581.52,67641.5,67459.53,67641.5,0.05083,1771612199999999,3432.8705865,15,0.00266,179.5802881,0
1771612200000000,67627.3,67993.65,67539.97,67902.61,0.22314,1771612499999999,15108.75468,44,0.13053,8834.9341164,0
1771612500000000,67846.03,67864.32,67518.2,67676.84,0.11383,1771612799999999,7698.8320125,50,0.02001,1354.0815566,0
1771612800000000,67768.68,67827.09,67768.68,67827.09,0.01821,1771613099999999,1235.0300859,7,0.01821,1235.0300859,0
1771613100000000,67868.5,67900.3,67772.71,67773.24,0.02412,1771613399999999,1635.7914781,12,0.00527,357.4558896,0
1771613400000000,67755.06,67840.77,67682.74,67812.18,0.07918,1771613699999999,5364.4647481,26,0.02675,1813.2265127,0
1771613700000000,67812.18,67951.7,67800.95,67950.85,0.02488,1771613999999999,1689.2747152,11,0.01405,954.4591657,0
1771614000000000,67956.9,67956.9,67726.7,67737.66,0.02565,1771614299999999,1738.9051983,10,0.00285,193.67118,0
1771614300000000,67724.99,67812.77,67715.68,67812.77,0.00583,1771614599999999,394.8095449,4,0.00069,46.7495547,0
1771614600000000,67738.2,67738.2,67686.69,67686.69,0.00683,1771614899999999,462.3873201,3,0.00164,111.090648,0
1771614900000000,67686.69,67686.69,67686.69,67686.69,0.0,1771615199999999,0.0,0,0.0,0.0,0
1771615200000000,67744.23,67744.26,67723.05,67744.26,0.0031,1771615499999999,209.9995482,3,0.0031,209.9995482,0
1771615500000000,67714.77,67714.77,67555.07,67555.07,0.05091,1771615799999999,3442.6582423,13,0.0,0.0,0
1771615800000000,67681.9,67739.25,67681.9,67739.25,0.00034,1771616099999999,23.0170075,2,0.00034,23.0170075,0
1771616100000000,67770.05,67770.05,67769.64,67769.64,0.00108,1771616399999999,73.1915925,2,0.0,0.0,0
1771616400000000,67738.9,67738.9,67547.61,67564.01,0.03511,1771616699999999,2373.5392504,12,0.00703,475.1643641,0
1771616700000000,67611.28,67611.28,67573.49,67573.49,0.01324,1771616999999999,894.9414749,7,0.00294,198.7278652,0
1771617000000000,67660.95,67660.95,67644.65,67644.65,0.04792,1771617299999999,3241.61378,2,0.04288,2900.602592,0
1771617300000000,67621.44,67641.83,67587.67,67606.62,0.42408,1771617599999999,28672.3249516,38,0.4139,27984.0295369,0
1771617600000000,67606.62,67606.62,67606.62,67606.62,0.0,1771617899999999,0.0,0,0.0,0.0,0
1771617900000000,67716.42,67809.64,67716.42,67785.65,0.09679,1771618199999999,6558.2633173,14,0.05225,3539.7041867,0
1771618200000000,67731.66,67867.69,67690.62,67867.69,0.12324,1771618499999999,8351.9163113,33,0.11245,7621.3297237,0
1771618500000000,67780.9,67802.27,67694.03,67694.03,0.01476,1771618799999999,999.8305288,4,0.00713,483.3250799,0
1771618800000000,67714.67,67714.67,67579.91,67617.05,0.17706,1771619099999999,11973.4294071,22,0.10858,7339.7593518,0
1771619100000000,67615.54,67615.54,67580.16,67580.16,0.0172,1771619399999999,1162.7120027,5,0.00686,463.8426044,0
1771619400000000,67599.92,67604.15,67497.73,67573.34,0.0902,1771619699999999,6091.7181591,23,0.08011,5410.1946407,0
1771619700000000,67599.72,67641.5,67555.72,67641.5,0.02486,1771619999999999,1679.8164167,9,0.01464,989.3137506,0
1771620000000000,67665.68,67732.01,67665.68,67732.01,0.00103,1771620299999999,69.7162127,2,0.00031,20.9969231,0
1771620300000000,67737.27,67737.27,67720.97,67720.97,0.01033,1771620599999999,699.6415051,3,0.0,0.0,0
1771620600000000,67683.78,67683.78,67683.56,67683.56,0.0051,1771620899999999,345.186189,2,0.0,0.0,0
1771620900000000,67703.98,67703.98,67703.98,67703.98,0.00502,1771621199999999,339.8739796,1,0.0,0.0,0
1771621200000000,67813.77,67813.77,67688.91,67692.06,0.01826,1771621499999999,1236.846136,8,0.00273,184.8261,0
1771621500000000,67728.4,67728.4,67728.4,67728.4,0.00074,1771621799999999,50.119016,1,0.00074,50.119016,0
1771621800000000,67734.15,67734.15,67689.79,67689.79,0.01618,1771622099999999,1095.6058235,5,0.0,0.0,0
1771622100000000,67688.0,67703.32,67688.0,67703.32,0.00428,1771622399999999,289.7155172,2,0.00071,48.0693572,0
1771622400000000,67701.07,67701.07,67697.81,67698.57,0.01784,1771622699999999,1207.7520706,6,0.0,0.0,0
1771622700000000,67766.72,67766.72,67752.15,67752.15,0.00293,1771622999999999,198.5344889,2,0.00293,198.5344889,0
1771623000000000,67712.46,67748.56,67700.0,67732.81,0.03028,1771623299999999,2050.4372876,9,0.00768,520.205924,0
1771623300000000,67752.15,67805.07,67752.15,67804.3,0.0134,1771623599999999,908.3221725,6,0.00495,335.3731425,0
1771623600000000,67820.35,67820.35,67746.5,67746.5,0.03451,1771623899999999,2339.4647164,17,0.00014,9.4945564,0
1771623900000000,67737.95,67743.06,67725.44,67743.06,0.01272,1771624199999999,861.5373217,5,0.00257,174.0954906,0
1771624200000000,67773.64,67789.29,67773.64,67789.29,0.025,1771624499999999,1694.6518785,5,0.0,0.0,0
1771624500000000,67789.65,67812.3,67789.25,67812.3,0.62961,1771624799999999,42690.7060264,126,0.0,0.0,0
1771624800000000,67812.3,67814.36,67722.57,67775.24,1.39878,1771625099999999,94804.7686228,296,0.0,0.0,0
1771625100000000,67775.24,67775.24,67718.64,67733.17,0.07588,1771625399999999,5139.8449515,19,0.00073,49.4688296,0
1771625400000000,67733.17,67733.17,67638.54,67638.54,0.18544,1771625699999999,12553.5183201,44,0.0,0.0,0
1771625700000000,67673.88,67739.25,67673.88,67739.25,0.00511,1771625999999999,345.8194101,2,9e-05,6.0965325,0
1771626000000000,67755.26,67976.39,67725.44,67975.92,0.05317,1771626299999999,3605.414397,18,0.00512,347.3879149,0
1771626300000000,67925.09,68012.59,67837.09,67930.67,0.07701,1771626599999999,5229.8730934,27,0.00628,426.2075681,0
1771626600000000,68033.34,68079.93,67993.09,67993.09,0.01631,1771626899999999,1109.4461863,8,0.00103,70.1095101,0
1771626900000000,68029.29,68029.29,67920.86,67943.79,0.02107,1771627199999999,1431.7510561,5,0.01108,752.8774147,0
1771627200000000,67997.28,68014.66,67955.85,67978.12,0.20066,1771627499999999,13639.1489008,47,0.00048,32.6470368,0
1771627500000000,67968.36,67968.36,67968.36,67968.36,0.00074,1771627799999999,50.2965864,1,0.00074,50.2965864,0
1771627800000000,68027.91,68063.18,67972.12,68029.15,0.79092,1771628099999999,53788.8463546,103,0.77067,52411.7235788,0
1771628100000000,68029.15,68071.02,67983.31,68055.9,0.74659,1771628399999999,50807.5582353,135,0.73634,50110.1015743,0
1771628400000000,68051.58,68134.69,68029.35,68121.3,1.05504,1771628699999999,71810.0718272,169,1.02956,70075.1162226,0
1771628700000000,68091.57,68221.35,68024.79,68024.79,0.06843,1771628999999999,4661.5341717,19,0.04866,3316.2802214,0
1771629000000000,68050.67,68076.15,68024.57,68024.57,0.04509,1771629299999999,3068.5528007,6,0.037,2518.2319272,0
1771629300000000,68005.83,68010.15,67945.06,68010.15,0.0243,1771629599999999,1651.3999283,7,0.01492,1014.0611689,0
1771629600000000,67963.87,68010.21,67962.76,67962.76,0.04512,1771629899999999,3066.8687223,7,0.03903,2652.9720075,0
1771629900000000,67973.13,67978.83,67973.13,67978.83,0.00132,1771630199999999,89.7273816,2,0.00132,89.7273816,0
1771630200000000,67978.83,67993.12,67925.38,67947.72,0.07938,1771630499999999,5394.1343809,21,0.05999,4076.279142,0
1771630500000000,67950.84,68000.5,67877.89,67877.89,0.33427,1771630799999999,22709.2313036,48,0.24841,16873.5255323,0
1771630800000000,67888.8,67927.45,67888.8,67923.72,0.24113,1771631099999999,16376.7483454,24,0.24113,16376.7483454,0
1771631100000000,67988.08,67988.08,67927.39,67927.39,0.6236,1771631399999999,42371.7822308,62,0.61355,41688.8571518,0
1771631400000000,67942.95,67960.97,67942.34,67960.97,0.1436,1771631699999999,9756.6156496,9,0.1436,9756.6156496,0
1771631700000000,67998.89,67999.1,67981.69,67981.69,0.86415,1771631999999999,58753.707813,77,0.85898,58402.1597697,0
1771632000000000,67995.58,68013.2,67947.93,67947.93,0.31058,1771632299999999,21118.7320845,37,0.30532,20761.0754389,0
1771632300000000,67976.6,67983.64,67927.43,67948.04,0.51689,1771632599999999,35129.0275094,73,0.4901,33308.6934245,0
1771632600000000,68013.19,68013.19,67948.04,67983.12,0.23862,1771632899999999,16219.3599285,34,0.23344,15867.0932527,0
1771632900000000,67981.73,67981.73,67923.43,67923.43,0.14419,1771633199999999,9796.2456721,27,0.12818,8708.1509397,0
1771633200000000,67920.6,67942.4,67920.02,67942.4,0.08002,1771633499999999,5435.963238,12,0.08002,5435.963238,0
1771633500000000,67907.75,67907.75,67898.79,67898.79,0.02191,1771633799999999,1487.8521721,6,0.02117,1437.6070675,0
1771633800000000,67898.77,67898.85,67866.78,67876.68,0.01461,1771634099999999,991.8688594,6,0.01449,983.7236578,0
1771634100000000,67861.83,67872.23,67845.97,67845.97,0.04362,1771634399999999,2960.1092329,16,0.03754,2547.5987102,0
1771634400000000,67895.4,67895.4,67820.07,67820.07,0.01209,1771634699999999,820.3001556,18,0.00437,296.6330673,0
1771634700000000,67814.02,67814.02,67780.42,67780.42,0.01847,1771634999999999,1252.1124504,7,0.0063,427.016646,0
1771635000000000,67780.42,67780.42,67780.42,67780.42,0.0,1771635299999999,0.0,0,0.0,0.0,0
1771635300000000,67811.54,67811.54,67811.54,67811.54,0.0025,1771635599999999,169.52885,1,0.0025,169.52885,0
1771635600000000,67846.94,67894.59,67846.94,67894.59,0.02127,1771635899999999,1444.0545548,2,0.02127,1444.0545548,0
1771635900000000,67840.27,67892.04,67840.27,67892.04,0.14982,1771636199999999,10165.4199163,29,0.14927,10128.1077678,0
1771636200000000,67870.89,67870.89,67870.89,67870.89,0.0005,1771636499999999,33.935445,1,0.0005,33.935445,0
1771636500000000,67851.69,67851.69,67851.69,67851.69,0.00097,1771636799999999,65.8161393,1,0.00097,65.8161393,0
1771636800000000,67848.02,67848.02,67848.02,67848.02,0.00055,1771637099999999,37.316411,1,0.00055,37.316411,0
1771637100000000,67848.0,67848.68,67845.77,67845.77,0.006,1771637399999999,407.0837976,3,0.00546,370.4458776,0
1771637400000000,67843.78,67867.18,67843.78,67867.18,0.0953,1771637699999999,6466.1616316,14,0.0953,6466.1616316,0
1771637700000000,67935.17,67935.17,67935.17,67935.17,9e-05,1771637999999999,6.1141653,1,9e-05,6.1141653,0
1771638000000000,67958.8,67958.8,67958.8,67958.8,0.00525,1771638299999999,356.7837,3,0.0,0.0,0
1771638300000000,67958.8,67958.8,67958.8,67958.8,0.0,1771638599999999,0.0,0,0.0,0.0,0
1771638600000000,67958.8,67958.8,67958.8,67958.8,0.0,1771638899999999,0.0,0,0.0,0.0,0
1771638900000000,67939.83,67939.83,67939.83,67939.83,0.00288,1771639199999999,195.6667104,1,0.00288,195.6667104,0
1771639200000000,67939.83,67939.83,67939.83,67939.83,0.0,1771639499999999,0.0,0,0.0,0.0,0
1771639500000000,67925.65,67925.65,67925.65,67925.65,0.00056,1771639799999999,38.038364,1,0.0,0.0,0
1771639800000000,67977.63,67994.16,67977.63,67980.31,0.00134,1771640099999999,91.0952641,3,0.0,0.0,0
1771640100000000,67980.8,67980.8,67980.8,67980.8,0.00052,1771640399999999,35.350016,1,0.0,0.0,0
1771640400000000,67990.05,68033.34,67990.05,68033.34,0.00312,1771640699999999,212.1328521,3,0.00312,212.1328521,0
1771640700000000,68029.34,68042.02,68029.34,68042.02,0.00384,1771640999999999,261.2690572,3,0.00384,261.2690572,0
1771641000000000,68042.02,68042.02,68042.02,68042.02,0.0,1771641299999999,0.0,0,0.0,0.0,0
1771641300000000,68042.02,68042.02,68042.02,68042.02,0.0,1771641599999999,0.0,0,0.0,0.0,0
1771641600000000,68049.07,68049.07,67999.91,67999.91,0.00591,1771641899999999,401.9010901,6,0.0,0.0,0
1771641900000000,67999.91,67999.91,67999.91,67999.91,0.0,1771642199999999,0.0,0,0.0,0.0,0
1771642200000000,67977.76,67994.12,67977.76,67994.12,0.00283,1771642499999999,192.3788604,3,0.00272,184.8995072,0
1771642500000000,68015.06,68017.79,68015.06,68017.79,0.01037,1771642799999999,705.3258637,3,0.01037,705.3258637,0
1771642800000000,67945.11,67945.11,67716.9,67798.8,0.06874,1771643099999999,4660.8030614,27,0.00445,301.719291,0
1771643100000000,67783.52,67783.52,67677.22,67677.22,0.02031,1771643399999999,1375.9407321,18,0.00062,42.0126244,0
1771643400000000,67712.55,67762.62,67712.55,67762.62,0.01125,1771643699999999,762.2208764,5,0.00557,377.4293741,0
1771643700000000,67739.15,67739.15,67739.15,67739.15,0.00044,1771643999999999,29.805226,1,0.00044,29.805226,0
1771644000000000,67770.42,67770.42,67770.42,67770.42,0.00139,1771644299999999,94.2008838,1,0.00139,94.2008838,0
1771644300000000,67770.42,67770.42,67770.42,67770.42,0.0,1771644599999999,0.0,0,0.0,0.0,0
1771644600000000,67806.3,67806.3,67806.3,67806.3,8e-05,1771644899999999,5.424504,1,0.0,0.0,0
1771644900000000,67787.91,67787.91,67787.91,67787.91,0.0005,1771645199999999,33.893955,1,0.0,0.0,0
1771645200000000,67692.18,67692.18,67547.27,67547.27,0.05192,1771645499999999,3510.3260675,17,0.0,0.0,0
1771645500000000,67591.85,67591.85,67591.85,67591.85,0.00721,1771645799999999,487.3372385,2,0.00721,487.3372385,0
1771645800000000,67633.04,67633.04,67615.33,67615.33,0.00063,1771646099999999,42.6001373,3,0.00014,9.4686256,0
1771646100000000,67641.5,67641.5,67641.5,67641.5,9e-05,1771646399999999,6.087735,1,9e-05,6.087735,0
1771646400000000,67603.48,67621.57,67601.71,67621.57,0.0059,1771646699999999,398.8650509,3,0.00074,50.0399618,0
1771646700000000,67621.57,67621.57,67621.57,67621.57,0.0,1771646999999999,0.0,0,0.0,0.0,0
1771647000000000,67621.57,67621.57,67621.57,67621.57,0.0,1771647299999999,0.0,0,0.0,0.0,0
1771647300000000,67621.57,67621.57,67621.57,67621.57,0.0,1771647599999999,0.0,0,0.0,0.0,0
1771647600000000,67612.2,67630.59,67612.2,67623.54,0.02261,1771647899999999,1528.941972,8,0.02261,1528.941972,0
1771647900000000,67623.54,67623.54,67623.54,67623.54,0.0,1771648199999999,0.0,0,0.0,0.0,0
1771648200000000,67623.54,67623.54,67623.54,67623.54,0.0,1771648499999999,0.0,0,0.0,0.0,0
1771648500000000,67736.56,67736.56,67736.56,67736.56,0.0015,1771648799999999,101.60484,1,0.0015,101.60484,0
1771648800000000,67736.56,67736.56,67736.56,67736.56,0.0,1771649099999999,0.0,0,0.0,0.0,0
1771649100000000,67694.7,67707.14,67694.7,67704.1,0.01019,1771649399999999,689.841915,4,0.00682,461.679098,0
1771649400000000,67704.41,67714.54,67689.51,67714.54,0.00658,1771649699999999,445.5393994,4,0.00658,445.5393994,0
1771649700000000,67774.54,67823.67,67774.54,67815.83,0.041,1771649999999999,2780.4992986,10,0.041,2780.4992986,0
1771650000000000,67837.69,67837.69,67836.19,67836.19,0.00329,1771650299999999,223.1816051,2,0.00329,223.1816051,0
1771650300000000,67824.23,67824.23,67816.88,67819.66,0.02114,1771650599999999,1433.7997379,7,0.02114,1433.7997379,0
1771650600000000,67816.88,67827.13,67816.88,67827.13,0.00082,1771650899999999,55.6144541,2,0.00082,55.6144541,0
1771650900000000,67840.19,67840.19,67831.59,67836.0,0.00262,1771651199999999,177.7351961,3,0.00093,63.085275,0
1771651200000000,67826.33,67826.33,67826.33,67826.33,0.00419,1771651499999999,284.1923227,2,0.00419,284.1923227,0
1771651500000000,67824.23,67850.79,67805.71,67848.93,0.03977,1771651799999999,2697.5848097,10,0.03977,2697.5848097,0
1771651800000000,67826.76,67848.23,67826.76,67848.23,0.00095,1771652099999999,64.4431512,2,0.00095,64.4431512,0
1771652100000000,67826.76,67830.94,67808.44,67808.44,0.00884,1771652399999999,599.499917,5,0.0008,54.2505344,0
1771652400000000,67850.85,67850.85,67850.85,67850.85,0.00276,1771652699999999,187.268346,4,0.0,0.0,0
1771652700000000,67850.85,67850.85,67850.85,67850.85,0.0,1771652999999999,0.0,0,0.0,0.0,0
1771653000000000,67850.85,67850.85,67850.85,67850.85,0.0,1771653299999999,0.0,0,0.0,0.0,0
1771653300000000,67850.85,67850.85,67850.85,67850.85,0.0,1771653599999999,0.0,0,0.0,0.0,0
1771653600000000,67848.24,67868.3,67845.22,67868.3,0.27382,1771653899999999,18578.9170378,47,0.23398,15875.930712,0
1771653900000000,67879.63,67879.63,67837.32,67847.79,0.06064,1771654199999999,4114.28584,13,0.05562,3773.5300974,0
1771654200000000,67850.54,67912.54,67850.54,67898.21,0.06259,1771654499999999,4249.5948581,22,0.06259,4249.5948581,0
1771654500000000,67899.32,67935.16,67879.99,67935.16,0.09501,1771654799999999,6451.8909758,17,0.02001,1358.4909758,0
1771654800000000,67916.13,67916.13,67916.13,67916.13,0.00088,1771655099999999,59.7661944,2,0.00088,59.7661944,0
1771655100000000,67917.31,67917.31,67917.31,67917.31,0.00044,1771655399999999,29.8836164,2,0.00044,29.8836164,0
1771655400000000,67778.07,67778.07,67756.99,67756.99,0.01121,1771655699999999,759.5734685,3,0.0,0.0,0
1771655700000000,67756.99,67756.99,67756.99,67756.99,0.0,1771655999999999,0.0,0,0.0,0.0,0
1771656000000000,67775.57,67775.57,67775.57,67775.57,0.0005,1771656299999999,33.887785,1,0.0005,33.887785,0
1771656300000000,67757.0,67876.61,67756.99,67876.61,0.03041,1771656599999999,2062.2826285,13,0.02862,1940.9976127,0
1771656600000000,67743.62,67743.62,67743.62,67743.62,0.00083,1771656899999999,56.2272046,1,0.00083,56.2272046,0
1771656900000000,67773.48,67773.48,67773.48,67773.48,0.00046,1771657199999999,31.1758008,3,0.0,0.0,0
1771657200000000,67773.48,67773.48,67773.48,67773.48,0.0,1771657499999999,0.0,0,0.0,0.0,0
1771657500000000,67779.54,67779.54,67779.54,67779.54,0.00186,1771657799999999,126.0699444,1,0.00186,126.0699444,0
1771657800000000,67779.54,67779.54,67779.54,67779.54,0.0,1771658099999999,0.0,0,0.0,0.0,0
1771658100000000,67809.97,67821.24,67809.97,67821.24,0.32626,1771658399999999,22127.2978911,60,0.32626,22127.2978911,0
1771658400000000,67821.24,67821.24,67821.24,67821.24,0.0,1771658699999999,0.0,0,0.0,0.0,0
1771658700000000,67842.1,67842.1,67842.1,67842.1,0.00353,1771658999999999,239.482613,2,0.00353,239.482613,0
1771659000000000,67859.02,67859.02,67859.02,67859.02,0.00026,1771659299999999,17.6433452,1,0.00026,17.6433452,0
1771659300000000,67850.94,67864.89,67847.69,67864.89,0.00789,1771659599999999,535.3715348,6,0.00789,535.3715348,0
1771659600000000,67850.82,67850.82,67820.35,67820.35,0.00285,1771659899999999,193.3315696,2,0.00285,193.3315696,0
1771659900000000,67820.35,67820.35,67820.35,67820.35,0.0,1771660199999999,0.0,0,0.0,0.0,0
1771660200000000,67830.96,67830.96,67830.96,67830.96,0.00042,1771660499999999,28.4890032,1,0.00042,28.4890032,0
1771660500000000,67830.97,67830.97,67830.97,67830.97,0.00065,1771660799999999,44.0901305,1,0.00065,44.0901305,0
1771660800000000,67830.96,67845.51,67830.96,67845.51,0.00092,1771661099999999,62.416205,3,0.00081,54.9547994,0
1771661100000000,67845.51,67845.51,67845.51,67845.51,0.0,1771661399999999,0.0,0,0.0,0.0,0
1771661400000000,67881.25,67889.27,67881.25,67889.27,0.01069,1771661699999999,725.6976228,4,0.00488,331.2609641,0
1771661700000000,67900.57,67960.06,67900.57,67936.68,0.02885,1771661999999999,1959.9119645,16,0.01102,748.5269196,0
1771662000000000,67937.77,67937.77,67937.77,67937.77,0.00128,1771662299999999,86.9603456,1,0.00128,86.9603456,0
1771662300000000,67968.36,67968.36,67958.14,67958.14,0.00649,1771662599999999,441.0762166,3,0.00649,441.0762166,0
1771662600000000,67958.33,67959.47,67958.33,67959.47,0.00233,1771662899999999,158.3436955,2,0.00233,158.3436955,0
1771662900000000,67941.94,67941.94,67938.18,67938.18,0.00305,1771663199999999,207.2122762,2,0.00305,207.2122762,0
1771663200000000,67938.18,67938.18,67938.18,67938.18,0.0,1771663499999999,0.0,0,0.0,0.0,0
1771663500000000,67965.9,67965.9,67965.9,67965.9,0.00033,1771663799999999,22.428747,1,0.00033,22.428747,0
1771663800000000,67983.43,67990.14,67965.89,67990.14,0.02118,1771664099999999,1439.9944611,8,0.02118,1439.9944611,0
1771664100000000,68004.88,68068.09,67975.85,68033.65,0.42491,1771664399999999,28903.355741,88,0.42491,28903.355741,0
1771664400000000,68021.97,68042.22,68019.77,68019.94,0.04382,1771664699999999,2980.8565819,15,0.03596,2446.0679362,0
1771664700000000,68019.77,68019.77,68009.8,68009.8,0.00513,1771664999999999,348.9108122,4,0.00513,348.9108122,0
1771665000000000,67991.72,67991.72,67977.95,67977.95,0.00611,1771665299999999,415.3629001,2,0.00611,415.3629001,0
1771665300000000,67981.48,68131.64,67981.48,68114.27,0.02177,1771665599999999,1482.7707111,11,0.00776,528.4524789,0
1771665600000000,68131.65,68233.18,68131.65,68160.45,0.03426,1771665899999999,2335.447149,16,0.02973,2026.6061958,0
1771665900000000,68232.62,68232.62,68221.63,68221.63,0.00517,1771666199999999,352.7073657,2,0.00517,352.7073657,0
1771666200000000,68215.2,68270.61,68194.51,68222.15,0.22599,1771666499999999,15414.541643,50,0.20785,14176.9220177,0
1771666500000000,68226.67,68226.67,68123.87,68123.87,0.04527,1771666799999999,3086.3068776,19,0.00283,192.8575948,0
1771666800000000,68213.55,68218.13,68189.73,68218.13,0.01259,1771667099999999,858.6582006,6,0.00246,167.776584,0
1771667100000000,68218.13,68218.13,68218.13,68218.13,0.0,1771667399999999,0.0,0,0.0,0.0,0
1771667400000000,68189.17,68189.17,68149.52,68149.52,0.02252,1771667699999999,1534.9893044,10,0.00567,386.5591068,0
1771667700000000,68146.71,68146.71,68129.46,68129.46,0.00143,1771667999999999,97.4289228,2,0.00143,97.4289228,0
1771668000000000,68204.78,68204.79,68204.78,68204.79,0.00595,1771668299999999,405.8184863,2,0.00595,405.8184863,0
1771668300000000,68243.11,68243.11,68192.18,68192.18,0.00134,1771668599999999,91.4078696,7,0.00134,91.4078696,0
1771668600000000,68194.51,68194.51,68172.3,68172.3,0.00224,1771668899999999,152.7217882,12,0.00203,138.4009411,0
1771668900000000,68172.33,68172.33,68137.46,68137.7,0.07228,1771669199999999,4925.3981991,12,0.07228,4925.3981991,0
1771669200000000,68131.83,68192.74,68131.83,68180.5,0.00483,1771669499999999,329.2349959,12,0.00483,329.2349959,0
1771669500000000,68214.77,68214.77,68214.77,68214.77,0.00071,1771669799999999,48.4324867,1,0.00071,48.4324867,0
1771669800000000,68194.0,68198.36,68194.0,68198.36,0.01348,1771670099999999,919.2861196,2,0.01348,919.2861196,0
1771670100000000,68175.59,68222.37,68175.59,68195.36,0.01432,1771670399999999,976.7194221,6,0.00614,418.8440893,0
1771670400000000,68195.36,68195.36,68195.36,68195.36,0.0,1771670699999999,0.0,0,0.0,0.0,0
1771670700000000,68195.36,68195.36,68195.36,68195.36,0.0,1771670999999999,0.0,0,0.0,0.0,0
1771671000000000,68209.19,68209.19,68209.19,68209.19,0.00022,1771671299999999,15.0060218,1,0.00022,15.0060218,0
1771671300000000,68150.06,68150.06,68150.06,68150.06,0.00022,1771671599999999,14.9930132,1,0.00022,14.9930132,0
1771671600000000,68150.06,68150.06,68150.06,68150.06,0.0,1771671899999999,0.0,0,0.0,0.0,0
1771671900000000,68252.01,68256.23,68237.52,68237.52,0.01841,1771672199999999,1256.4146901,4,0.00959,654.5578337,0
1771672200000000,68237.52,68237.52,68237.52,68237.52,0.0,1771672499999999,0.0,0,0.0,0.0,0
1771672500000000,68237.52,68237.52,68237.52,68237.52,0.0,1771672799999999,0.0,0,0.0,0.0,0
1771672800000000,68245.22,68245.22,68245.22,68245.22,0.00036,1771673099999999,24.5682792,1,0.00036,24.5682792,0
1771673100000000,68189.36,68202.17,68176.71,68202.17,0.00451,1771673399999999,307.5268871,14,0.00082,55.9129542,0
1771673400000000,68198.93,68198.93,68114.74,68114.74,0.00126,1771673699999999,85.8529751,9,0.00126,85.8529751,0
1771673700000000,68159.47,68159.47,68158.8,68158.8,0.00052,1771673999999999,35.4427167,5,0.00052,35.4427167,0
1771674000000000,68158.8,68159.46,68104.86,68104.87,0.01501,1771674299999999,1023.0491728,10,0.00485,330.5557648,0
1771674300000000,68080.04,68097.13,68079.9,68079.9,0.00418,1771674599999999,284.57634,9,0.00076,51.7428531,0
1771674600000000,68085.51,68123.44,68085.51,68100.66,0.00056,1771674899999999,38.1378295,5,0.00056,38.1378295,0
1771674900000000,68100.71,68102.32,68085.08,68085.52,0.00121,1771675199999999,82.3938325,7,0.00121,82.3938325,0
1771675200000000,68114.54,68131.21,68104.65,68104.65,0.01292,1771675499999999,880.2384691,13,0.00537,365.8547199,0
1771675500000000,68096.03,68096.03,67992.64,67992.64,0.0136,1771675799999999,925.3179575,14,0.00087,59.1909888,0
1771675800000000,68011.06,68011.06,67966.75,67991.65,0.00079,1771676099999999,53.7108601,8,0.00079,53.7108601,0
1771676100000000,67991.65,68009.6,67967.29,67991.53,0.00119,1771676399999999,80.9098679,12,0.00105,71.3944473,0
1771676400000000,68006.1,68025.56,68006.1,68022.6,0.00276,1771676699999999,187.7113176,11,0.00276,187.7113176,0
1771676700000000,68016.17,68027.16,67988.96,67988.96,0.00179,1771676999999999,121.7341099,11,0.00179,121.7341099,0
1771677000000000,67988.96,67988.96,67927.46,67955.52,0.01401,1771677299999999,951.7211319,17,0.00177,120.2796225,0
1771677300000000,67990.05,68029.46,67990.05,68029.46,0.00104,1771677599999999,70.738123,10,0.00104,70.738123,0
1771677600000000,68033.34,68047.7,68033.34,68047.7,0.00204,1771677899999999,138.8160156,12,0.00204,138.8160156,0
1771677900000000,68047.65,68129.78,68047.08,68129.78,0.0119,1771678199999999,809.8805571,15,0.00135,91.9191831,0
1771678200000000,68129.47,68200.55,68129.47,68200.55,0.0011,1771678499999999,74.9863479,11,0.0011,74.9863479,0
1771678500000000,68200.55,68214.37,68155.19,68214.37,0.01187,1771678799999999,809.0638843,17,0.00124,84.5626648,0
1771678800000000,68214.06,68214.06,68178.36,68178.84,0.00103,1771679099999999,70.2409038,10,0.00103,70.2409038,0
1771679100000000,68179.21,68179.21,68178.55,68178.55,0.00136,1771679399999999,92.7230898,11,0.00136,92.7230898,0
1771679400000000,68185.27,68185.27,68147.26,68147.26,0.00101,1771679699999999,68.8524334,10,0.00101,68.8524334,0
1771679700000000,68147.26,68164.75,68140.04,68164.75,0.00219,1771679999999999,149.2404254,13,0.00219,149.2404254,0
1771680000000000,68164.92,68218.05,68164.92,68218.05,0.0073,1771680299999999,497.7765112,17,0.00215,146.5898742,0
1771680300000000,68206.57,68249.39,68181.73,68249.39,0.01909,1771680599999999,1302.3872368,20,0.00187,127.5702638,0
1771680600000000,68249.39,68270.78,68202.13,68202.13,0.01358,1771680899999999,926.4016124,21,0.00188,128.2944517,0
1771680900000000,68167.2,68228.51,68167.19,68167.61,0.10859,1771681199999999,7402.3616307,30,0.10859,7402.3616307,0
1771681200000000,68189.84,68228.51,68167.17,68167.17,0.05841,1771681499999999,3982.0523953,24,0.03938,2684.5649129,0
1771681500000000,68194.32,68238.41,68194.32,68238.41,0.00182,1771681799999999,124.1264537,11,0.00182,124.1264537,0
1771681800000000,68238.41,68270.78,68197.68,68249.92,0.02197,1771682099999999,1498.5260519,18,0.01701,1160.1625399,0
1771682100000000,68233.29,68313.24,68215.61,68253.16,0.13536,1771682399999999,9236.9341509,48,0.0985,6721.5470295,0
1771682400000000,68253.27,68287.3,68212.49,68244.87,0.1303,1771682699999999,8891.6993127,54,0.00755,515.3383749,0
1771682700000000,68197.44,68245.61,68178.35,68224.45,1.08027,1771682999999999,73695.6377382,136,0.75675,51627.4389881,0
1771683000000000,68243.72,68269.58,68208.46,68224.45,0.31826,1771683299999999,21714.037082,84,0.10611,7238.9727679,0
1771683300000000,68249.98,68249.98,68211.88,68229.05,0.21535,1771683599999999,14690.0244963,45,0.2102,14338.5394678,0
1771683600000000,68244.16,68625.34,68244.16,68489.99,2.69022,1771683899999999,184205.0724598,482,2.03058,139008.4719061,0
1771683900000000,68489.81,68562.44,68392.12,68436.31,1.70999,1771684199999999,117084.767362,304,1.54939,106083.9337523,0
1771684200000000,68423.83,68610.66,68418.67,68546.84,0.47046,1771684499999999,32242.6880312,32,0.425,29126.6668902,0
1771684500000000,68537.2,68544.93,68465.16,68500.21,0.74579,1771684799999999,51082.5121791,154,0.68711,47062.8452288,0
1771684800000000,68531.0,68537.16,68480.14,68518.11,0.59927,1771685099999999,41058.463708,83,0.59334,40652.2739779,0
1771685100000000,68541.81,68577.3,68454.54,68499.53,0.04354,1771685399999999,2982.5354353,23,0.01585,1085.3718022,0
1771685400000000,68477.64,68539.32,68460.97,68460.97,0.12173,1771685699999999,8341.8155168,33,0.08958,6138.9172902,0
1771685700000000,68443.24,68457.0,68432.69,68457.0,0.21665,1771685999999999,14826.8651138,34,0.20504,14032.1741502,0
1771686000000000,68459.3,68470.38,68415.57,68430.6,0.40473,1771686299999999,27697.2313999,33,0.40473,27697.2313999,0
1771686300000000,68430.57,68461.3,68415.57,68461.3,0.68405,1771686599999999,46827.8611254,79,0.66895,45794.2696646,0
1771686600000000,68458.02,68498.21,68458.02,68486.23,0.305,1771686899999999,20883.0957323,62,0.305,20883.0957323,0
1771686900000000,68499.25,68556.9,68475.46,68518.06,0.5304,1771687199999999,36338.6037293,76,0.50585,34656.3322095,0
1771687200000000,68518.09,68535.14,68517.29,68533.14,0.05837,1771687499999999,3999.5495811,11,0.03734,2558.4642137,0
1771687500000000,68515.14,68515.14,68457.1,68457.1,0.05659,1771687799999999,3874.906586,16,0.04092,2801.6414389,0
1771687800000000,68450.89,68515.98,68418.83,68513.33,0.41206,1771688099999999,28201.3239036,86,0.38252,26179.3352569,0
1771688100000000,68497.57,68528.61,68475.58,68528.61,0.3343,1771688399999999,22896.3736398,61,0.31275,21420.3581967,0
1771688400000000,68581.15,68689.55,68581.15,68639.21,0.6443,1771688699999999,44233.2882008,119,0.32481,22301.660477,0
1771688700000000,68620.76,68757.64,68594.74,68658.4,0.88327,1771688999999999,60622.9865025,222,0.06549,4495.9943879,0
1771689000000000,68658.4,68663.68,68608.75,68614.92,0.19623,1771689299999999,13469.6436131,54,0.0,0.0,0
1771689300000000,68636.3,68650.75,68613.97,68613.97,0.02983,1771689599999999,2047.2527971,14,0.00178,122.1728111,0
1771689600000000,68596.67,68616.08,68370.8,68416.13,0.7131,1771689899999999,48824.262976,160,0.26913,18439.3161383,0
1771689900000000,68416.13,68416.13,68310.37,68328.84,0.28653,1771690199999999,19578.5054303,70,0.0,0.0,0
1771690200000000,68427.45,68432.37,68427.45,68432.37,0.00022,1771690499999999,15.0546786,2,0.00022,15.0546786,0
1771690500000000,68328.71,68328.71,68300.0,68300.0,0.06085,1771690799999999,4156.0575839,8,0.0,0.0,0
1771690800000000,68283.43,68309.92,68146.61,68163.64,0.01138,1771691099999999,776.9397985,7,0.01015,693.1119532,0
1771691100000000,68177.06,68299.96,68177.06,68299.96,0.09578,1771691399999999,6536.1336011,33,0.01554,1060.7202192,0
1771691400000000,68300.33,68322.2,68181.62,68260.13,0.04253,1771691699999999,2902.0880693,38,0.04253,2902.0880693,0
1771691700000000,68250.05,68335.67,68250.05,68335.0,0.11598,1771691999999999,7925.2086726,32,0.00114,77.8091898,0
1771692000000000,68352.42,68356.82,68352.42,68356.82,0.03506,1771692299999999,2396.5680212,8,0.0,0.0,0
1771692300000000,68373.15,68373.15,68373.15,68373.15,0.00452,1771692599999999,309.046638,2,0.00438,299.474397,0
1771692600000000,68336.49,68370.82,68336.49,68352.53,0.12951,1771692899999999,8852.8503981,38,0.00094,64.2435099,0
1771692900000000,68329.43,68363.42,68316.09,68329.43,0.5205,1771693199999999,35564.1451353,102,0.11669,7972.0388256,0
1771693200000000,68347.33,68382.12,68327.38,68382.12,0.09138,1771693499999999,6244.8487304,25,0.00063,43.0734297,0
1771693500000000,68328.4,68341.64,68263.81,68284.22,0.12707,1771693799999999,8680.6075532,30,0.00049,33.4874036,0
1771693800000000,68300.16,68327.49,68264.82,68271.27,0.10883,1771694099999999,7430.0357123,27,0.00215,146.8841526,0
1771694100000000,68291.99,68315.81,68291.99,68315.81,0.70575,1771694399999999,48206.9787314,127,0.38481,26283.1810864,0
1771694400000000,68262.45,68290.82,68244.53,68271.7,0.34544,1771694699999999,23579.8122164,64,0.16977,11587.8313802,0
1771694700000000,68271.7,68329.52,68213.21,68294.12,2.06574,1771694999999999,141079.3025528,297,1.44118,98433.2682709,0
1771695000000000,68294.12,68304.21,68271.36,68304.21,0.4562,1771695299999999,31151.2805704,87,0.16607,11338.626956,0
1771695300000000,68327.92,68388.85,68327.92,68362.83,0.02442,1771695599999999,1669.4702823,10,0.00363,248.2070466,0
1771695600000000,68362.83,68455.83,68362.83,68436.75,0.50456,1771695899999999,34530.7055928,70,0.30089,20590.7978729,0
1771695900000000,68432.25,68476.44,68417.48,68417.48,0.34479,1771696199999999,23598.4244574,67,0.09895,6770.0649928,0
1771696200000000,68439.29,68444.68,68410.75,68437.77,0.63592,1771696499999999,43512.5598362,114,0.31315,21426.9168376,0
1771696500000000,68455.25,68476.24,68398.86,68416.63,0.92303,1771696799999999,63152.8136229,131,0.81177,55538.928254,0
1771696800000000,68434.12,68476.23,68420.02,68476.23,0.25694,1771697099999999,17579.9456498,47,0.25199,17241.1967558,0
1771697100000000,68441.51,68457.2,68441.51,68457.2,0.00479,1771697399999999,327.9013585,3,0.00479,327.9013585,0
1771697400000000,68437.09,68441.81,68415.19,68416.81,0.26026,1771697699999999,17808.4203942,58,0.20218,13834.1885214,0
1771697700000000,68415.82,68521.67,68399.26,68504.73,0.54775,1771697999999999,37487.8794379,103,0.28121,19239.5859559,0
1771698000000000,68526.34,68558.85,68472.51,68548.58,0.32425,1771698299999999,22218.205166,73,0.07475,5121.8092471,0
1771698300000000,68539.49,68539.49,68539.49,68539.49,0.00021,1771698599999999,14.3932929,1,0.00021,14.3932929,0
1771698600000000,68501.43,68560.9,68486.98,68486.98,1.00703,1771698899999999,68994.7116821,165,0.73097,50075.3608262,0
1771698900000000,68500.87,68578.07,68500.87,68535.29,1.43352,1771699199999999,98244.352366,205,1.26976,87019.8170829,0
1771699200000000,68541.58,68578.94,68533.97,68533.97,0.25008,1771699499999999,17141.4428869,59,0.20557,14089.8323476,0
1771699500000000,68540.01,68627.14,68496.91,68596.53,1.37307,1771699799999999,94149.6208398,217,1.33189,91325.600877,0
1771699800000000,68617.55,68617.55,68579.05,68579.05,0.62303,1771700099999999,42727.3190736,110,0.61151,41936.9681132,0
1771700100000000,68637.12,68637.12,68552.76,68598.68,1.07455,1771700399999999,73701.7355318,162,1.03774,71176.3680901,0
1771700400000000,68571.63,68571.63,68528.63,68544.01,0.3346,1771700699999999,22933.7266686,69,0.31148,21348.70465,0
1771700700000000,68565.75,68637.46,68565.75,68637.46,0.4942,1771700999999999,33885.2685885,23,0.49321,33817.3175031,0
1771701000000000,68607.66,68643.36,68583.3,68583.31,0.85028,1771701299999999,58332.9971469,59,0.8341,57222.7480271,0
1771701300000000,68579.55,68579.55,68579.55,68579.55,0.00057,1771701599999999,39.0903435,1,0.00057,39.0903435,0
1771701600000000,68583.54,68589.65,68541.37,68589.65,0.33222,1771701899999999,22772.0371093,42,0.29204,20017.2055143,0
1771701900000000,68559.01,68613.77,68559.01,68592.73,0.25548,1771702199999999,17525.7610873,48,0.25548,17525.7610873,0
1771702200000000,68555.59,68555.59,68555.59,68555.59,0.06986,1771702499999999,4789.2935174,14,0.06986,4789.2935174,0
1771702500000000,68581.62,68649.07,68581.62,68594.42,0.67116,1771702799999999,46059.583659,86,0.60658,41626.6648114,0
1771702800000000,68610.98,68616.1,68586.41,68616.1,0.53324,1771703099999999,36581.6347332,100,0.50377,34559.9193226,0
1771703100000000,68616.1,68616.1,68591.1,68591.1,0.10921,1771703399999999,7491.5513823,28,0.10784,7397.5685603,0
1771703400000000,68591.08,68622.76,68528.6,68528.61,0.31575,1771703699999999,21640.2602842,85,0.11893,8151.1662459,0
1771703700000000,68565.84,68565.84,68528.48,68544.9,0.10227,1771703999999999,7009.9213089,24,0.09148,6270.4927596,0
1771704000000000,68528.54,68528.6,68491.45,68509.44,0.25744,1771704299999999,17639.5236812,46,0.1672,11456.6205939,0
1771704300000000,68491.3,68561.65,68482.48,68517.68,0.09031,1771704599999999,6185.6612476,25,0.00075,51.4009725,0
1771704600000000,68535.58,68535.63,68499.0,68499.0,0.02708,1771704899999999,1855.4727821,8,0.0,0.0,0
1771704900000000,68515.28,68585.01,68498.12,68567.23,0.55875,1771705199999999,38287.4263472,45,0.52881,36234.8567929,0
1771705200000000,68536.26,68579.7,68536.26,68571.24,0.72694,1771705499999999,49845.3215228,134,0.72694,49845.3215228,0
1771705500000000,68571.23,68587.77,68568.82,68568.82,0.06951,1771705799999999,4766.2429242,22,0.05436,3727.4124506,0
1771705800000000,68571.02,68571.02,68551.61,68551.61,0.02036,1771706099999999,1396.0069762,7,0.0,0.0,0
1771706100000000,68543.66,68543.66,68428.63,68428.63,0.06847,1771706399999999,4689.1155165,21,0.0,0.0,0
1771706400000000,68429.49,68429.49,68339.25,68349.85,0.03999,1771706699999999,2734.7555358,17,0.00033,22.5691818,0
1771706700000000,68381.21,68421.16,68381.21,68421.16,0.01104,1771706999999999,754.9786393,4,0.00104,71.1580064,0
1771707000000000,68384.78,68443.14,68340.14,68340.14,0.05238,1771707299999999,3581.5410639,26,0.00431,294.9188019,0
1771707300000000,68376.07,68376.07,68198.19,68213.67,0.23803,1771707599999999,16235.3472697,37,0.20137,13733.243657,0
1771707600000000,68212.52,68261.4,68183.11,68261.4,0.92888,1771707899999999,63371.1538026,165,0.89125,60804.0970007,0
1771707900000000,68287.79,68334.16,68259.39,68334.14,0.41524,1771708199999999,28355.9027575,80,0.36428,24876.6441979,0
1771708200000000,68337.19,68337.19,68250.15,68271.52,0.3293,1771708499999999,22492.2784457,52,0.1908,13033.1900318,0
1771708500000000,68311.46,68333.39,68311.05,68328.14,0.34809,1771708799999999,23783.9271067,48,0.29641,20253.1439774,0
1771708800000000,68346.92,68363.49,68328.6,68363.49,0.27185,1771709099999999,18577.4309864,54,0.26032,17789.3874925,0
1771709100000000,68364.79,68405.03,68346.0,68355.84,0.48151,1771709399999999,32912.8280148,90,0.45453,31068.3569186,0
1771709400000000,68355.83,68381.36,68328.59,68337.32,0.23192,1771709699999999,15848.8214881,67,0.15834,10819.8938541,0
1771709700000000,68336.09,68336.09,68330.71,68330.71,0.02628,1771709999999999,1795.7587658,7,0.0,0.0,0
1771710000000000,68330.71,68330.71,68330.71,68330.71,0.00754,1771710299999999,515.2135534,2,0.0,0.0,0
1771710300000000,68348.68,68348.68,68348.68,68348.68,0.00073,1771710599999999,49.8945364,1,0.00073,49.8945364,0
1771710600000000,68331.37,68331.37,68328.59,68328.59,0.01255,1771710899999999,857.5376211,6,0.0,0.0,0
1771710900000000,68364.94,68376.35,68364.94,68374.0,0.02982,1771711199999999,2038.9231715,7,0.0001,6.836494,0
1771711200000000,68390.92,68411.75,68390.77,68392.81,0.08289,1771711499999999,5669.4638581,23,0.00071,48.5708515,0
1771711500000000,68409.65,68428.25,68340.37,68342.38,0.09293,1771711799999999,6354.0821597,27,0.00011,7.5266635,0
1771711800000000,68342.38,68342.38,68231.55,68231.55,0.04592,1771712099999999,3135.8428629,15,0.0,0.0,0
1771712100000000,68296.32,68300.99,68296.2,68298.49,0.0203,1771712399999999,1386.449876,7,0.0,0.0,0
1771712400000000,68313.96,68315.33,68313.47,68313.47,0.07015,1771712699999999,4792.2882029,16,0.0,0.0,0
1771712700000000,68313.47,68313.47,68251.83,68305.99,0.21739,1771712999999999,14844.8866525,66,0.0065,443.9831811,0
1771713000000000,68301.81,68301.81,68301.81,68301.81,0.00029,1771713299999999,19.8075249,1,0.00029,19.8075249,0
1771713300000000,68230.11,68230.11,68183.81,68183.81,0.14462,1771713599999999,9860.775572,31,0.13199,8999.5810819,0
1771713600000000,68211.29,68211.29,68033.34,68089.15,0.01044,1771713899999999,711.2611771,10,0.00725,494.0264731,0
1771713900000000,68131.65,68194.57,68131.65,68183.72,0.00263,1771714199999999,179.2631259,6,0.00263,179.2631259,0
1771714200000000,68126.31,68149.86,68085.93,68103.23,1.19031,1771714499999999,81066.402983,190,0.68214,46452.1030362,0
1771714500000000,68122.23,68144.74,67837.13,67965.91,0.99885,1771714799999999,67909.1164039,195,0.70199,47711.1436243,0
1771714800000000,67965.9,68010.35,67936.77,67936.78,0.65992,1771715099999999,44839.2162551,75,0.54206,36827.2911608,0
1771715100000000,67955.41,67991.97,67953.99,67991.97,0.03846,1771715399999999,2613.7485996,14,0.00259,176.0359929,0
1771715400000000,67971.02,68010.04,67953.99,67955.71,0.27547,1771715699999999,18726.1724482,60,0.08444,5738.9486519,0
1771715700000000,67973.07,68026.62,67973.03,68026.6,0.17555,1771715999999999,11939.3790247,46,0.0,0.0,0
1771716000000000,68033.34,68033.34,68033.34,68033.34,9e-05,1771716299999999,6.1230006,1,9e-05,6.1230006,0
1771716300000000,68044.63,68092.94,68026.6,68087.02,0.07245,1771716599999999,4930.987896,24,0.00073,49.7078462,0
1771716600000000,68087.02,68087.02,68087.02,68087.02,0.0,1771716899999999,0.0,0,0.0,0.0,0
1771716900000000,68101.62,68118.07,68084.16,68103.16,0.72208,1771717199999999,49174.6742875,67,0.57362,39064.3490011,0
1771717200000000,68103.14,68107.69,68064.22,68064.22,0.12668,1771717499999999,8625.8307518,24,0.03811,2595.3600662,0
1771717500000000,68055.66,68055.66,67976.21,67976.21,0.22215,1771717799999999,15112.9537867,60,0.00052,35.3888288,0
1771717800000000,67995.02,68014.22,67968.3,67980.39,0.30286,1771718099999999,20588.1911053,58,0.09316,6332.1765798,0
1771718100000000,68031.45,68053.62,67972.75,67972.75,0.24683,1771718399999999,16785.6714083,63,0.10915,7422.7561039,0
1771718400000000,67972.59,68010.54,67922.41,68010.54,0.43202,1771718699999999,29358.2605872,90,0.39721,26992.8945746,0
1771718700000000,68013.25,68053.62,67958.07,68016.8,0.34707,1771718999999999,23602.9702856,79,0.29809,20272.5436624,0
1771719000000000,68016.78,68017.21,67994.95,68015.39,0.09609,1771719299999999,6534.419212,25,0.05607,3812.5054745,0
1771719300000000,68016.72,68053.54,67961.51,67980.98,0.63012,1771719599999999,42835.1463331,124,0.39613,26924.333495,0
1771719600000000,67961.5,67961.5,67849.42,67858.94,0.26654,1771719899999999,18094.7824197,67,0.20127,13663.1924222,0
1771719900000000,67844.64,67859.34,67793.28,67850.25,0.59675,1771720199999999,40471.6173845,113,0.54523,36977.3775513,0
1771720200000000,67852.71,67905.64,67846.4,67872.42,0.11567,1771720499999999,7854.0056366,32,0.09975,6773.329666,0
1771720500000000,67860.13,67860.13,67860.13,67860.13,0.11068,1771720799999999,7510.7591884,23,0.11068,7510.7591884,0
1771720800000000,67860.21,67860.21,67840.87,67840.87,0.00548,1771721099999999,371.7745961,3,0.0003,20.358063,0
1771721100000000,67826.73,67844.2,67826.73,67840.61,0.26763,1771721399999999,18156.407146,48,0.26763,18156.407146,0
1771721400000000,67841.84,67867.18,67841.84,67861.32,0.01943,1771721699999999,1318.3911517,8,0.01354,918.6571344,0
1771721700000000,67935.17,67940.44,67913.16,67913.16,0.01793,1771721999999999,1217.9647469,6,0.01793,1217.9647469,0
1771722000000000,67968.96,67968.96,67968.96,67968.96,0.00079,1771722299999999,53.6954784,1,0.00079,53.6954784,0
1771722300000000,68022.22,68050.61,68022.22,68050.61,0.00451,1771722599999999,306.900451,3,0.00451,306.900451,0
1771722600000000,68011.7,68031.69,68002.37,68002.37,0.01024,1771722899999999,696.3984154,6,0.00048,32.6452424,0
1771722900000000,68002.37,68002.37,68002.37,68002.37,0.0,1771723199999999,0.0,0,0.0,0.0,0
1771723200000000,68024.39,68081.3,68024.37,68081.3,0.01995,1771723499999999,1357.2185842,9,0.01422,967.3247707,0
1771723500000000,68082.62,68082.71,68075.4,68082.71,0.03862,1771723799999999,2629.3177982,14,0.03024,2058.8211504,0
1771723800000000,68100.2,68140.51,68077.4,68079.09,0.69329,1771724099999999,47214.4871061,53,0.5752,39171.5696057,0
1771724100000000,68058.4,68086.2,68046.21,68063.61,0.23769,1771724399999999,16180.3806989,63,0.0,0.0,0
1771724400000000,68085.96,68099.7,68085.96,68099.7,0.00985,1771724699999999,670.7143068,2,0.0,0.0,0
1771724700000000,68100.65,68146.93,68082.16,68146.93,0.85767,1771724999999999,58404.3605736,83,0.84172,57318.3583511,0
1771725000000000,68147.54,68183.34,68147.54,68183.34,0.00181,1771725299999999,123.3753294,2,0.00181,123.3753294,0
1771725300000000,68183.34,68183.34,68183.34,68183.34,0.0,1771725599999999,0.0,0,0.0,0.0,0
1771725600000000,68141.38,68173.38,68108.87,68119.56,0.69437,1771725899999999,47307.7635251,64,0.65715,44771.3793992,0
1771725900000000,68138.38,68194.65,68119.17,68194.61,0.27641,1771726199999999,18838.9081905,29,0.25591,17441.7388299,0
1771726200000000,68195.45,68195.45,68158.36,68168.1,0.57455,1771726499999999,39164.4645674,109,0.57455,39164.4645674,0
1771726500000000,68152.57,68152.57,68099.44,68100.29,0.50462,1771726799999999,34365.7075426,97,0.50007,34055.7638359,0
1771726800000000,68098.65,68098.65,68042.15,68042.15,0.02702,1771727099999999,1838.8317082,8,0.02204,1499.7004312,0
1771727100000000,68064.16,68064.16,68064.16,68064.16,0.00157,1771727399999999,106.8607312,1,0.00157,106.8607312,0
1771727400000000,68049.32,68101.26,68049.32,68101.26,0.00121,1771727699999999,82.3869426,2,0.00121,82.3869426,0
1771727700000000,68079.47,68079.47,67977.74,67977.74,0.08642,1771727999999999,5878.0429414,29,0.05049,3432.9810785,0
1771728000000000,67975.09,67988.5,67958.25,67966.38,0.73003,1771728299999999,49617.8755483,147,0.72314,49149.5244045,0
1771728300000000,67966.39,68006.97,67966.39,67986.1,0.13389,1771728599999999,9104.6677992,28,0.12856,8742.3018862,0
1771728600000000,67991.78,67991.78,67991.47,67991.47,0.00517,1771728899999999,351.5174561,5,0.0,0.0,0
1771728900000000,67978.32,67978.32,67870.95,67885.82,0.02503,1771729199999999,1700.1255082,17,0.00343,232.8483626,0
1771729200000000,67907.71,67973.67,67907.71,67973.67,0.00989,1771729499999999,671.9067103,2,0.00989,671.9067103,0
1771729500000000,67973.67,67973.67,67973.67,67973.67,0.0,1771729799999999,0.0,0,0.0,0.0,0
1771729800000000,67983.16,67983.16,67983.16,67983.16,0.00452,1771730099999999,307.2838832,2,0.0,0.0,0
1771730100000000,68007.05,68007.05,67816.06,67816.06,0.03156,1771730399999999,2142.3082063,15,0.00022,14.9451874,0
1771730400000000,67816.06,67816.06,67816.06,67816.06,0.0,1771730699999999,0.0,0,0.0,0.0,0
1771730700000000,67928.69,67928.69,67928.69,67928.69,0.00535,1771730999999999,363.4184915,1,0.00535,363.4184915,0
1771731000000000,67937.9,67937.9,67899.48,67903.67,0.00516,1771731299999999,350.4739442,6,0.00075,50.9277525,0
1771731300000000,67936.98,67941.38,67936.98,67941.38,0.02338,1771731599999999,1588.4011664,5,0.02338,1588.4011664,0
1771731600000000,67922.91,67926.48,67905.73,67926.48,0.09359,1771731899999999,6357.2163177,19,0.09236,6273.6896928,0
1771731900000000,67963.82,67963.82,67935.32,67962.34,0.00667,1771732199999999,453.147982,6,0.0004,27.184936,0
1771732200000000,68020.63,68023.76,68019.46,68019.46,0.02039,1771732499999999,1386.9446644,9,0.0189,1285.589907,0
1771732500000000,67990.82,67991.53,67990.82,67991.53,0.01319,1771732799999999,896.8081813,4,0.01319,896.8081813,0
1771732800000000,67991.53,67991.53,67991.53,67991.53,0.0,1771733099999999,0.0,0,0.0,0.0,0
1771733100000000,68049.17,68049.23,68017.03,68017.03,0.01116,1771733399999999,759.2115101,7,0.00022,14.9708174,0
1771733400000000,68023.9,68044.24,68023.9,68034.84,0.3264,1771733699999999,22204.5827706,62,0.3264,22204.5827706,0
1771733700000000,68023.73,68039.31,68023.73,68039.31,0.11433,1771733999999999,7777.2116317,22,0.11433,7777.2116317,0
1771734000000000,68039.31,68039.31,68039.31,68039.31,0.0,1771734299999999,0.0,0,0.0,0.0,0
1771734300000000,67991.54,67999.52,67959.12,67999.52,0.0066,1771734599999999,448.6784921,6,0.00426,289.5793792,0
1771734600000000,68009.14,68009.14,68009.14,68009.14,0.01303,1771734899999999,886.1590942,3,0.01303,886.1590942,0
1771734900000000,68023.63,68023.63,68023.63,68023.63,0.0003,1771735199999999,20.407089,1,0.0003,20.407089,0
1771735200000000,67969.87,67969.87,67963.39,67963.39,0.11482,1771735499999999,7803.5885614,22,0.11482,7803.5885614,0
1771735500000000,67973.05,67979.42,67973.05,67979.42,0.00047,1771735799999999,31.9496267,2,0.00047,31.9496267,0
1771735800000000,67970.71,67986.17,67970.71,67986.17,0.00186,1771736099999999,126.4366518,2,0.00186,126.4366518,0
1771736100000000,67994.5,67994.5,67981.07,67981.07,0.00767,1771736399999999,521.4445434,9,0.0,0.0,0
1771736400000000,67974.55,67984.59,67974.54,67974.54,0.08076,1771736699999999,5489.6751577,16,0.07558,5137.516489,0
1771736700000000,67982.08,67985.94,67946.13,67946.13,0.01269,1771736999999999,862.4250783,10,0.00195,132.5650703,0
1771737000000000,67943.61,67943.61,67880.83,67880.83,0.02156,1771737299999999,1464.0557205,7,0.00188,127.6473504,0
1771737300000000,67898.13,67898.13,67898.13,67898.13,0.00541,1771737599999999,367.3288833,1,0.00541,367.3288833,0
1771737600000000,67898.13,67898.13,67898.13,67898.13,0.0,1771737899999999,0.0,0,0.0,0.0,0
1771737900000000,67898.13,67898.13,67898.13,67898.13,0.0,1771738199999999,0.0,0,0.0,0.0,0
1771738200000000,67903.86,67903.86,67903.86,67903.86,0.4592,1771738499999999,31181.452512,84,0.4592,31181.452512,0
1771738500000000,67921.51,67921.51,67921.51,67921.51,0.01997,1771738799999999,1356.3925547,4,0.01997,1356.3925547,0
1771738800000000,67921.51,67921.51,67921.51,67921.51,0.0,1771739099999999,0.0,0,0.0,0.0,0
1771739100000000,67918.6,67958.24,67886.49,67886.5,0.06663,1771739399999999,4523.4476166,22,0.056,3801.6629745,0
1771739400000000,67886.48,67886.48,67861.45,67861.84,0.07976,1771739699999999,5412.7322885,18,0.07439,5048.2174229,0
1771739700000000,67900.24,67956.15,67900.24,67956.15,0.18468,1771739999999999,12545.4505677,37,0.18468,12545.4505677,0
1771740000000000,67968.2,67992.45,67968.2,67992.45,0.05271,1771740299999999,3583.0289538,12,0.0477,3242.3867793,0
1771740300000000,68033.34,68033.34,68016.4,68016.4,0.08823,1771740599999999,6001.0884966,5,0.08823,6001.0884966,0
1771740600000000,68012.5,68012.5,68012.5,68012.5,0.00305,1771740899999999,207.438125,1,0.0,0.0,0
1771740900000000,68030.62,68063.85,68030.62,68063.85,0.00599,1771741199999999,407.5110567,5,0.00023,15.6546855,0
1771741200000000,68034.81,68034.81,68029.51,68034.0,0.01067,1771741499999999,725.9006797,5,0.0,0.0,0
1771741500000000,68058.67,68186.56,68058.67,68114.53,0.19693,1771741799999999,13415.97332,35,0.14132,9626.5716163,0
1771741800000000,68095.47,68160.76,68087.5,68157.39,0.11806,1771742099999999,8039.4701496,30,0.09428,6419.3019345,0
1771742100000000,68139.32,68139.32,68066.71,68091.55,0.1257,1771742399999999,8558.4899654,31,0.09874,6722.4389456,0
1771742400000000,68052.01,68052.01,68052.01,68052.01,0.00566,1771742699999999,385.1743766,4,0.0,0.0,0
1771742700000000,68073.68,68100.99,68073.68,68100.99,0.0053,1771742999999999,360.7984239,2,0.00029,19.7492871,0
1771743000000000,68100.99,68100.99,68100.99,68100.99,0.0,1771743299999999,0.0,0,0.0,0.0,0
1771743300000000,68041.75,68045.48,68029.28,68029.28,0.01019,1771743599999999,693.2952015,8,0.00424,288.50891,0
1771743600000000,68026.49,68054.39,67987.4,68054.39,0.1659,1771743899999999,11280.9524527,36,0.15386,10462.1064232,0
1771743900000000,68017.4,68017.4,68012.89,68012.89,0.00664,1771744199999999,451.6128056,4,0.0,0.0,0
1771744200000000,68012.89,68012.89,68012.89,68012.89,0.0,1771744499999999,0.0,0,0.0,0.0,0
1771744500000000,68012.89,68012.89,68012.89,68012.89,0.0,1771744799999999,0.0,0,0.0,0.0,0
1771744800000000,68012.89,68012.89,68012.89,68012.89,0.0,1771745099999999,0.0,0,0.0,0.0,0
1771745100000000,67997.11,68023.61,67994.42,68023.61,0.23024,1771745399999999,15656.6115929,49,0.23014,15649.8092329,0
1771745400000000,68023.61,68025.65,68023.61,68024.39,0.06227,1771745699999999,4235.9566663,15,0.06227,4235.9566663,0
1771745700000000,68032.86,68067.72,68024.07,68067.72,0.00186,1771745999999999,126.5706207,3,0.00186,126.5706207,0
1771746000000000,68041.89,68065.6,68041.89,68065.6,0.00206,1771746299999999,140.2130021,3,0.00206,140.2130021,0
1771746300000000,68065.64,68065.64,68049.53,68049.53,0.00567,1771746599999999,385.9108524,4,0.00127,86.4229031,0
1771746600000000,68044.29,68062.3,68031.66,68038.04,0.22419,1771746899999999,15257.3980959,52,0.21148,14392.5588613,0
1771746900000000,68012.27,68012.27,67994.4,68004.23,0.13028,1771747199999999,8860.5338839,28,0.12481,8488.6000019,0
1771747200000000,67989.92,67989.92,67986.23,67986.23,0.0379,1771747499999999,2576.8130603,8,0.0379,2576.8130603,0
1771747500000000,67989.92,68027.95,67980.11,68027.95,0.04812,1771747799999999,3271.4540144,12,0.0412,2800.963768,0
1771747800000000,68027.95,68027.95,68027.95,68027.95,0.0,1771748099999999,0.0,0,0.0,0.0,0
1771748100000000,67992.03,67993.27,67986.82,67993.27,0.13259,1771748399999999,9014.9053113,27,0.13259,9014.9053113,0
1771748400000000,67987.56,67989.26,67987.56,67989.26,0.00297,1771748699999999,201.9234102,3,0.00297,201.9234102,0
1771748700000000,67957.0,67957.0,67933.66,67933.66,0.00741,1771748999999999,503.4344646,7,0.0,0.0,0
1771749000000000,67933.66,67933.66,67933.66,67933.66,0.0,1771749299999999,0.0,0,0.0,0.0,0
1771749300000000,67933.66,67933.66,67933.66,67933.66,0.0,1771749599999999,0.0,0,0.0,0.0,0
1771749600000000,67958.25,67960.35,67956.34,67956.34,0.00605,1771749899999999,411.1472325,4,0.00046,31.261761,0
1771749900000000,67954.89,67954.89,67954.89,67954.89,0.0051,1771750199999999,346.569939,1,0.0051,346.569939,0
1771750200000000,67943.39,67943.39,67943.12,67943.12,0.00267,1771750499999999,181.4083788,3,0.00267,181.4083788,0
1771750500000000,67948.82,67977.25,67948.82,67960.14,0.03556,1771750799999999,2416.3281486,11,0.03285,2232.1261083,0
1771750800000000,67955.41,67984.85,67953.1,67984.85,0.0295,1771751099999999,2004.640766,10,0.02313,1571.7747732,0
1771751100000000,67986.04,68014.27,67986.04,68014.27,0.28098,1771751399999999,19106.1113779,55,0.28098,19106.1113779,0
1771751400000000,68011.69,68011.69,68009.83,68009.83,0.00418,1771751699999999,284.287711,3,0.00418,284.287711,0
1771751700000000,68033.34,68063.92,68030.36,68030.36,0.28553,1771751999999999,19426.1027664,56,0.28553,19426.1027664,0
1771752000000000,68028.42,68028.42,68028.42,68028.42,0.00032,1771752299999999,21.7690944,1,0.00032,21.7690944,0
1771752300000000,68015.83,68018.54,68010.88,68010.88,0.04002,1771752599999999,2722.0983615,11,0.04002,2722.0983615,0
1771752600000000,68010.88,68010.88,68010.88,68010.88,0.0,1771752899999999,0.0,0,0.0,0.0,0
1771752900000000,68022.47,68025.83,67991.97,68025.83,0.00841,1771753199999999,571.8810402,8,0.00021,14.2854243,0
1771753200000000,68025.83,68025.83,68025.83,68025.83,0.0,1771753499999999,0.0,0,0.0,0.0,0
1771753500000000,68025.83,68025.83,68025.83,68025.83,0.0,1771753799999999,0.0,0,0.0,0.0,0
1771753800000000,68084.78,68084.78,68064.74,68064.74,0.0055,1771754099999999,374.363072,4,0.0,0.0,0
1771754100000000,68064.74,68064.74,68064.74,68064.74,0.0,1771754399999999,0.0,0,0.0,0.0,0
1771754400000000,68064.74,68064.74,68064.74,68064.74,0.00022,1771754699999999,14.9742428,1,0.0,0.0,0
1771754700000000,68050.06,68050.06,68050.06,68050.06,0.03232,1771754999999999,2199.3779392,2,0.00509,346.3748054,0
1771755000000000,68053.78,68053.78,68053.78,68053.78,0.00058,1771755299999999,39.4711924,1,0.00058,39.4711924,0
1771755300000000,68019.91,68019.91,68019.91,68019.91,0.00031,1771755599999999,21.0861721,1,0.00031,21.0861721,0
1771755600000000,68036.34,68084.76,68036.34,68072.61,0.03726,1771755899999999,2535.4802233,14,0.02752,1872.3962584,0
1771755900000000,68082.25,68082.25,68066.77,68066.77,0.00884,1771756199999999,601.7833842,5,0.0,0.0,0
1771756200000000,68076.82,68123.75,68076.82,68086.04,0.10388,1771756499999999,7072.6926152,27,0.09334,6354.834437,0
1771756500000000,68071.59,68090.81,68071.59,68071.59,0.07772,1771756799999999,5290.7374901,20,0.06069,4131.2647971,0
1771756800000000,68096.02,68096.02,68080.53,68080.53,0.00136,1771757099999999,92.5966462,2,0.00136,92.5966462,0
1771757100000000,68095.43,68095.43,68095.43,68095.43,0.0014,1771757399999999,95.333602,2,0.0014,95.333602,0
1771757400000000,68100.18,68173.64,68100.18,68173.64,0.00255,1771757699999999,173.7384235,10,0.00255,173.7384235,0
1771757700000000,68173.64,68173.64,68131.0,68131.0,0.00929,1771757999999999,633.0063475,13,0.00228,155.4057863,0
1771758000000000,68124.17,68216.82,68124.17,68190.16,0.00242,1771758299999999,164.9771491,12,0.00242,164.9771491,0
1771758300000000,68186.67,68277.73,68186.67,68277.73,0.11437,1771758599999999,7798.6837975,31,0.11437,7798.6837975,0
1771758600000000,68236.67,68236.67,68202.98,68202.98,0.00325,1771758899999999,221.6788883,2,0.00057,38.8949019,0
1771758900000000,68232.02,68232.02,68229.78,68229.78,0.00745,1771759199999999,508.3173042,2,0.0,0.0,0
1771759200000000,68229.78,68229.78,68209.56,68209.56,0.0502,1771759499999999,3425.099814,5,0.0,0.0,0
1771759500000000,68209.56,68209.56,68209.56,68209.56,0.0,1771759799999999,0.0,0,0.0,0.0,0
1771759800000000,68238.56,68238.56,68238.56,68238.56,0.00397,1771760099999999,270.9070832,1,0.00397,270.9070832,0
1771760100000000,68219.78,68219.78,68158.02,68158.02,0.10166,1771760399999999,6929.1357692,22,0.09856,6717.6544512,0
1771760400000000,68161.94,68279.71,68161.94,68279.71,0.0726,1771760699999999,4950.9626757,21,0.0726,4950.9626757,0
1771760700000000,68279.71,68279.71,68279.71,68279.71,0.0,1771760999999999,0.0,0,0.0,0.0,0
1771761000000000,68279.71,68279.71,68279.71,68279.71,0.0,1771761299999999,0.0,0,0.0,0.0,0
1771761300000000,68279.71,68279.71,68279.71,68279.71,0.0,1771761599999999,0.0,0,0.0,0.0,0
1771761600000000,68140.09,68140.09,68118.9,68118.9,0.02485,1771761899999999,1692.9177463,8,0.01515,1032.0202878,0
1771761900000000,68094.94,68094.94,68032.12,68032.12,0.09907,1771762199999999,6740.0684436,23,0.09708,6604.559666,0
1771762200000000,68032.11,68032.11,67977.78,67997.0,0.145,1771762499999999,9859.1223964,23,0.13111,8914.5450017,0
1771762500000000,67997.0,68100.83,67997.0,68015.76,0.23388,1771762799999999,15910.6668417,102,0.20136,13697.6824996,0
1771762800000000,68015.76,68100.83,67975.83,68100.83,0.34509,1771763099999999,23475.6059931,224,0.30531,20769.4635351,0
1771763100000000,68100.83,68126.94,68048.32,68078.79,0.15454,1771763399999999,10519.6953357,74,0.06737,4585.8982295,0
1771763400000000,68078.79,68078.79,68030.14,68050.82,0.66451,1771763699999999,45220.0926655,144,0.01015,690.5121655,0
1771763700000000,68034.02,68035.66,67916.85,67917.18,0.21258,1771763999999999,14448.7369224,54,0.00678,461.115099,0
1771764000000000,67933.56,67973.29,67898.7,67901.88,0.57627,1771764299999999,39153.3084283,126,0.0,0.0,0
1771764300000000,67922.1,67947.06,67876.93,67947.06,0.53584,1771764599999999,36392.3341528,114,0.00074,50.2691768,0
1771764600000000,67982.46,67982.46,67982.46,67982.46,0.00074,1771764899999999,50.3070204,1,0.00074,50.3070204,0
1771764900000000,67968.33,67968.33,67946.26,67964.78,0.09215,1771765199999999,6261.708714,20,0.0,0.0,0
1771765200000000,67966.14,68020.28,67966.14,68020.28,0.15469,1771765499999999,10514.7691984,33,0.00074,50.3150124,0
1771765500000000,68020.28,68020.28,67983.02,68004.17,0.12277,1771765799999999,8348.4870262,27,0.0,0.0,0
1771765800000000,68004.17,68004.17,68004.17,68004.17,0.0,1771766099999999,0.0,0,0.0,0.0,0
1771766100000000,68033.34,68033.34,68033.34,68033.34,9e-05,1771766399999999,6.1230006,1,9e-05,6.1230006,0
1771766400000000,67985.49,67995.54,67937.44,67949.78,0.38123,1771766699999999,25912.4981723,81,0.0,0.0,0
1771766700000000,67967.57,67967.57,67949.78,67955.93,0.11776,1771766999999999,8002.4631269,25,0.0,0.0,0
1771767000000000,67937.37,67937.37,67835.56,67853.79,0.37661,1771767299999999,25566.7489775,84,0.0,0.0,0
1771767300000000,67819.38,67819.98,67641.5,67649.76,2.83621,1771767599999999,192032.2354564,597,0.30471,20623.7441192,0
1771767600000000,67645.4,67677.36,67595.04,67611.03,0.97415,1771767899999999,65878.5074638,208,0.00074,50.0812464,0
1771767900000000,67645.18,67706.75,67610.27,67687.39,0.4964,1771768199999999,33590.0803901,83,0.20135,13625.86632,0
1771768200000000,67683.39,67683.39,67600.0,67618.2,0.51401,1771768499999999,34758.4783823,85,0.32768,22161.1013092,0
1771768500000000,67640.47,67659.58,67570.0,67650.31,0.15255,1771768799999999,10310.3517438,23,0.02791,1886.1645174,0
1771768800000000,67636.26,67656.83,67538.56,67563.11,1.40162,1771769099999999,94738.006978,126,0.76042,51420.7682537,0
1771769100000000,67539.8,67645.72,67488.19,67586.61,0.75913,1771769399999999,51295.8717909,159,0.16859,11397.9984384,0
1771769400000000,67569.26,67610.6,67568.53,67610.6,0.35155,1771769699999999,23757.2932935,44,0.17725,11976.6629102,0
1771769700000000,67661.14,67713.84,67574.0,67575.22,0.43256,1771769999999999,29249.3815052,97,0.00018,12.1884912,0
1771770000000000,67598.79,67652.79,67592.28,67628.78,0.38849,1771770299999999,26264.5805728,81,0.0,0.0,0
1771770300000000,67627.0,67652.07,67575.67,67630.53,1.11009,1771770599999999,75043.0286314,162,0.77859,52624.431329,0
1771770600000000,67617.72,67758.06,67617.72,67647.73,1.65131,1771770899999999,111734.1539259,287,0.84374,57082.8587048,0
1771770900000000,67647.72,67651.88,67592.2,67604.66,0.6203,1771771199999999,41938.4292616,113,0.226,15280.4134864,0
1771771200000000,67589.33,67591.16,67427.68,67427.68,0.93525,1771771499999999,63170.7804851,187,0.11111,7509.8508406,0
1771771500000000,67444.56,67471.87,67379.73,67384.15,1.87446,1771771799999999,126398.7408041,394,0.011,741.752,0
1771771800000000,67475.51,67573.91,67475.51,67485.7,1.49571,1771772099999999,100981.7234283,310,0.2969,20040.7680703,0
1771772100000000,67485.7,67485.7,67413.8,67452.74,0.88509,1771772399999999,59700.9599351,190,0.0,0.0,0
1771772400000000,67476.98,67493.49,67434.73,67473.24,0.50291,1771772699999999,33930.5284615,106,0.00028,18.89608,0
1771772700000000,67452.94,67452.94,67315.19,67353.98,0.9028,1771772999999999,60814.2964082,202,0.01113,749.855957,0
1771773000000000,67371.72,67478.09,67357.5,67435.04,1.73144,1771773299999999,116713.3631029,360,0.10651,7176.2972391,0
1771773300000000,67413.99,67413.99,67341.8,67397.41,0.34319,1771773599999999,23124.8297263,79,0.00096,64.698119,0
1771773600000000,67421.03,67494.1,67418.72,67494.1,1.39,1771773899999999,93767.248565,269,0.46684,31497.2028563,0
1771773900000000,67494.1,67604.27,67494.1,67587.38,2.49168,1771774199999999,168314.7997198,339,1.81223,122415.7252716,0
1771774200000000,67588.58,67628.95,67533.58,67628.95,0.71363,1771774499999999,48240.209377,151,0.33125,22396.852107,0
1771774500000000,67628.96,67789.3,67628.96,67789.3,3.23406,1771774799999999,218874.3457734,433,3.18846,215787.9580264,0
1771774800000000,67787.99,67797.76,67670.83,67756.48,0.22475,1771775099999999,15231.3292179,56,0.19948,13519.7126507,0
1771775100000000,67762.34,67775.2,67730.16,67730.16,0.10687,1771775399999999,7238.755116,34,0.09196,6228.4664332,0
1771775400000000,67726.72,67740.33,67703.23,67703.24,0.49353,1771775699999999,33416.6187539,60,0.47331,32047.2208205,0
1771775700000000,67719.21,67753.63,67664.18,67705.84,0.10535,1771775999999999,7131.3858272,29,0.0787,5327.5746566,0
1771776000000000,67666.44,67702.83,67628.95,67628.95,0.12933,1771776299999999,8754.6062814,36,0.10248,6938.0806175,0
1771776300000000,67628.29,67653.78,67584.11,67653.78,0.16364,1771776599999999,11063.3899159,44,0.13357,9030.4604139,0
1771776600000000,67605.34,67650.61,67569.68,67569.68,0.07288,1771776899999999,4925.2789836,12,0.05152,3481.6959581,0
1771776900000000,67571.05,67617.53,67569.68,67604.62,0.41611,1771777199999999,28125.9033726,84,0.39945,26999.7998955,0
1771777200000000,67617.76,67617.76,67549.23,67549.23,0.1498,1771777499999999,10123.1711155,33,0.11825,7990.9979875,0
1771777500000000,67540.67,67600.82,67540.67,67545.9,0.46998,1771777799999999,31747.3574143,95,0.45397,30665.8399644,0
1771777800000000,67544.55,67573.61,67544.55,67544.55,1.48612,1771778099999999,100398.6211334,201,0.93171,62936.7210934,0
1771778100000000,67544.55,67600.55,67528.65,67536.14,0.82804,1771778399999999,55921.3345369,98,0.53825,36349.6238599,0
1771778400000000,67553.76,67553.76,67553.76,67553.76,0.00036,1771778699999999,24.3193536,1,0.00036,24.3193536,0
1771778700000000,67596.59,67654.11,67596.59,67614.0,0.80996,1771778999999999,54773.8185732,172,0.00029,19.6196919,0
1771779000000000,67614.0,67614.0,67614.0,67614.0,0.0,1771779299999999,0.0,0,0.0,0.0,0
1771779300000000,67657.46,67687.96,67632.52,67635.08,0.19067,1771779599999999,12896.022688,44,0.00307,207.7794672,0
1771779600000000,67639.19,67639.19,67639.19,67639.19,0.00074,1771779899999999,50.0530006,1,0.00074,50.0530006,0
1771779900000000,67639.19,67639.19,67620.02,67620.02,0.00153,1771780199999999,103.4799093,3,0.0,0.0,0
1771780200000000,67569.31,67633.75,67569.31,67599.71,1.68154,1771780499999999,113697.1814732,198,0.92063,62244.8282645,0
1771780500000000,67548.74,67556.72,67548.68,67552.31,0.16393,1771780799999999,11074.1629907,34,0.0,0.0,0
1771780800000000,67552.31,67552.31,67552.31,67552.31,0.0,1771781099999999,0.0,0,0.0,0.0,0
1771781100000000,67533.11,67533.96,67494.14,67494.14,0.18609,1771781399999999,12566.9446219,40,0.17207,11620.4675107,0
1771781400000000,67485.34,67517.61,67193.86,67268.91,0.65625,1771781699999999,44240.4715936,144,0.56857,38335.7926962,0
1771781700000000,67292.14,67292.14,67188.49,67250.6,0.10508,1771781999999999,7064.48433,32,0.05632,3786.0108792,0
1771782000000000,67294.42,67311.33,67277.22,67277.22,0.01591,1771782299999999,1070.7819905,5,0.00438,294.7431956,0
1771782300000000,67271.22,67336.83,67271.22,67336.83,0.0086,1771782599999999,578.8601724,4,0.00093,62.6152167,0
1771782600000000,67325.53,67362.89,67294.52,67354.4,0.01564,1771782899999999,1053.3272511,11,0.00199,133.9240479,0
1771782900000000,67369.45,67377.75,67346.83,67346.83,0.31045,1771783199999999,20910.4466117,59,0.31045,20910.4466117,0
1771783200000000,67362.52,67364.17,67357.33,67358.74,0.735,1771783499999999,49510.6566138,135,0.735,49510.6566138,0
1771783500000000,67357.77,67408.5,67316.18,67408.5,0.24738,1771783799999999,16660.6310076,57,0.23497,15824.921314,0
1771783800000000,67404.86,67431.68,67404.85,67404.85,0.00537,1771784099999999,361.9669983,3,0.00036,24.2686998,0
1771784100000000,67408.27,67442.5,67387.55,67387.55,0.06617,1771784399999999,4460.5818165,20,0.03081,2076.8760857,0
1771784400000000,67444.47,67444.47,67384.09,67384.09,0.06655,1771784699999999,4484.7006999,20,0.00042,28.3229058,0
1771784700000000,67404.76,67404.76,67321.81,67335.04,0.46261,1771784999999999,31153.123456,89,0.06261,4215.0185241,0
1771785000000000,67351.91,67356.0,67329.75,67355.84,0.18448,1771785299999999,12424.9447317,38,0.0,0.0,0
1771785300000000,67355.84,67365.82,67311.89,67365.82,0.49679,1771785599999999,33449.6210446,106,0.00074,49.8507068,0
1771785600000000,67411.54,67411.54,67366.64,67373.99,0.21765,1771785899999999,14663.4941262,46,0.08244,5553.8942328,0
1771785900000000,67433.0,67433.0,67433.0,67433.0,0.00602,1771786199999999,405.94666,1,0.00602,405.94666,0
1771786200000000,67421.38,67446.96,67421.38,67427.73,0.33267,1771786499999999,22430.5901564,54,0.14576,9827.4397797,0
1771786500000000,67447.17,67447.17,67429.75,67429.75,0.26006,1771786799999999,17539.08847,45,0.06722,4532.6284672,0
1771786800000000,67468.64,67500.38,67464.67,67500.38,0.00974,1771787099999999,657.1361615,4,0.00465,313.740285,0
1771787100000000,67503.88,67503.88,67466.52,67468.06,0.70064,1771787399999999,47270.8365659,50,0.66761,45041.7203778,0
1771787400000000,67490.73,67490.73,67409.39,67440.3,0.84051,1771787699999999,56690.690049,123,0.63738,42991.8016139,0
1771787700000000,67451.04,67451.04,67429.24,67431.71,0.13912,1771787999999999,9381.1035509,39,0.0045,303.4496538,0
1771788000000000,67431.71,67431.71,67431.71,67431.71,0.07451,1771788299999999,5024.3367121,14,0.07451,5024.3367121,0
1771788300000000,67431.71,67456.6,67403.42,67414.25,0.18242,1771788599999999,12297.8300863,49,0.16469,11102.4760326,0
1771788600000000,67452.69,67452.69,67452.69,67452.69,0.00976,1771788899999999,658.3382544,3,0.00976,658.3382544,0
1771788900000000,67495.67,67513.85,67452.69,67452.69,0.08284,1771789199999999,5588.2309153,31,0.07777,5246.1624181,0
1771789200000000,67469.07,67489.89,67441.24,67479.31,0.42174,1771789499999999,28451.9283096,59,0.37929,25587.7428669,0
1771789500000000,67470.77,67495.07,67441.04,67460.95,0.35688,1771789799999999,24070.3182145,44,0.33647,22693.2364408,0
1771789800000000,67460.95,67460.95,67390.01,67460.95,0.43144,1771790099999999,29085.9224923,73,0.37845,25513.0385839,0
1771790100000000,67477.23,67477.23,67477.23,67477.23,0.00502,1771790399999999,338.7356946,2,0.00502,338.7356946,0
1771790400000000,67477.23,67477.23,67477.23,67477.23,0.0,1771790699999999,0.0,0,0.0,0.0,0
1771790700000000,67414.46,67451.01,67411.31,67411.31,0.7254,1771790999999999,48905.9453145,69,0.64062,43188.121634,0
1771791000000000,67411.31,67414.44,67339.91,67414.44,0.57914,1771791299999999,39009.3062993,62,0.54396,36639.1331859,0
1771791300000000,67375.26,67394.02,67375.26,67392.95,0.1026,1771791599999999,6914.5869717,24,0.09858,6643.6663685,0
1771791600000000,67446.42,67465.07,67446.42,67465.07,0.00541,1771791899999999,364.9839614,5,0.00027,18.2135016,0
1771791900000000,67446.14,67451.55,67428.0,67451.55,0.02272,1771792199999999,1532.350177,6,0.0,0.0,0
1771792200000000,67447.01,67470.81,67426.94,67446.62,0.02717,1771792499999999,1832.5525606,10,0.00323,217.8589938,0
1771792500000000,67428.61,67464.69,67428.61,67464.69,0.00106,1771792799999999,71.491645,2,0.00106,71.491645,0
1771792800000000,67428.61,67430.34,67428.61,67430.34,0.00247,1771793099999999,166.5499469,3,0.00247,166.5499469,0
1771793100000000,67467.94,67481.6,67462.22,67462.22,0.00735,1771793399999999,495.8709444,4,0.0001,6.746794,0
1771793400000000,67381.73,67407.14,67354.87,67378.72,0.36322,1771793699999999,24474.809109,56,0.13378,9011.9540606,0
1771793700000000,67397.63,67427.22,67374.42,67427.22,0.02631,1771793999999999,1773.2005292,12,0.00287,193.4994122,0
1771794000000000,67439.03,67462.75,67439.03,67462.75,0.00148,1771794299999999,99.8273172,2,0.00148,99.8273172,0
1771794300000000,67479.06,67479.06,67479.06,67479.06,0.00074,1771794599999999,49.9345044,1,0.00074,49.9345044,0
1771794600000000,67497.65,67497.65,67497.65,67497.65,0.00022,1771794899999999,14.849483,1,0.00022,14.849483,0
1771794900000000,67479.07,67479.07,67479.07,67479.07,0.00074,1771795199999999,49.9345118,1,0.00074,49.9345118,0
1771795200000000,67479.07,67479.07,67479.07,67479.07,0.0,1771795499999999,0.0,0,0.0,0.0,0
1771795500000000,67506.85,67528.66,67479.06,67506.74,0.06247,1771795799999999,4217.4897842,20,0.00217,146.5052612,0
1771795800000000,67507.26,67528.03,67481.23,67528.03,1.10363,1771796099999999,74493.6373938,131,0.81487,54995.1248504,0
1771796100000000,67543.89,67608.94,67543.89,67608.94,0.30502,1771796399999999,20616.0988737,66,0.00083,56.0833401,0
1771796400000000,67608.87,67608.87,67590.59,67608.87,0.13493,1771796699999999,9122.4501018,31,0.0,0.0,0
1771796700000000,67633.64,67633.64,67633.64,67633.64,0.00022,1771796999999999,14.8794008,1,0.00022,14.8794008,0
1771797000000000,67622.28,67641.5,67593.23,67632.4,0.08182,1771797299999999,5532.4894299,24,0.00199,134.5827312,0
1771797300000000,67627.31,67632.4,67609.74,67619.4,0.24848,1771797599999999,16802.3495842,54,0.00015,10.14486,0
1771797600000000,67632.19,67632.19,67582.06,67632.19,0.08198,1771797899999999,5540.6720526,23,0.00417,282.0028269,0
1771797900000000,67584.16,67584.16,67486.4,67511.2,0.23565,1771798199999999,15918.0026266,61,0.0,0.0,0
1771798200000000,67532.75,67533.51,67491.76,67512.03,0.30257,1771798499999999,20430.590733,65,0.00074,49.9589022,0
1771798500000000,67535.82,67543.83,67535.82,67543.83,0.24974,1771798799999999,16868.3548359,52,0.0,0.0,0
1771798800000000,67559.75,67690.55,67559.75,67652.76,0.41123,1771799099999999,27827.3168519,83,0.00411,277.7802693,0
1771799100000000,67589.28,67622.01,67589.28,67622.01,0.03505,1771799399999999,2369.4991562,9,0.00022,14.8768422,0
1771799400000000,67560.14,67611.87,67543.08,67611.87,0.15068,1771799699999999,10179.1872778,33,0.00148,100.0366706,0
1771799700000000,67602.21,67613.4,67566.37,67584.36,0.30181,1771799999999999,20395.963703,53,0.14747,9964.0140586,0
1771800000000000,67641.8,67724.83,67641.8,67724.83,0.00245,1771800299999999,165.8204807,5,0.00245,165.8204807,0
1771800300000000,67722.78,67730.0,67722.78,67730.0,0.00079,1771800599999999,53.5025846,2,0.00079,53.5025846,0
1771800600000000,67703.11,67757.09,67683.73,67750.37,0.90412,1771800899999999,61218.7036775,137,0.68423,46323.193959,0
1771800900000000,67750.37,67750.37,67665.2,67683.36,0.72538,1771801199999999,49095.2269613,98,0.36851,24935.4642373,0
1771801200000000,67672.93,67729.06,67598.26,67615.86,2.39927,1771801499999999,162271.0339616,362,1.73119,117062.9688504,0
1771801500000000,67654.27,67695.75,67574.27,67574.27,0.20156,1771801799999999,13635.2974331,48,0.03011,2036.6816836,0
1771801800000000,67569.51,67580.89,67503.95,67503.95,0.06072,1771802099999999,4101.3365562,19,0.0,0.0,0
1771802100000000,67466.68,67530.4,67466.68,67501.3,0.01517,1771802399999999,1023.9651842,4,0.0,0.0,0
1771802400000000,67490.46,67546.01,67469.61,67546.01,0.58784,1771802699999999,39680.4475656,96,0.57273,38660.6783647,0
1771802700000000,67558.82,67635.71,67531.66,67635.71,0.15482,1771802999999999,10459.4696603,38,0.14447,9760.1375675,0
1771803000000000,67578.72,67578.72,67539.61,67556.13,0.04124,1771803299999999,2786.2163249,14,0.0,0.0,0
1771803300000000,67556.21,67558.53,67538.66,67542.63,0.13956,1771803599999999,9426.4327022,32,0.0,0.0,0
1771803600000000,67557.2,67562.78,67541.99,67541.99,0.02358,1771803899999999,1593.0300825,7,0.00343,231.6690257,0
1771803900000000,67527.9,67527.9,67527.9,67527.9,0.00472,1771804199999999,318.731688,1,0.00472,318.731688,0
1771804200000000,67588.8,67627.75,67588.8,67625.86,0.34281,1771804499999999,23181.6137861,73,0.19607,13258.1010307,0
1771804500000000,67625.85,67709.92,67625.85,67629.47,0.69613,1771804799999999,47101.4414579,117,0.29246,19786.3635254,0
1771804800000000,67639.37,67643.61,67596.14,67596.14,0.12668,1771805099999999,8566.3898701,31,0.0,0.0,0
1771805100000000,67596.14,67596.14,67596.14,67596.14,0.0,1771805399999999,0.0,0,0.0,0.0,0
1771805400000000,67623.82,67623.82,67623.82,67623.82,0.00015,1771805699999999,10.143573,1,0.00015,10.143573,0
1771805700000000,67627.21,67627.21,67542.2,67560.97,0.689,1771805999999999,46545.7033064,108,0.40487,27346.2733937,0
1771806000000000,67506.24,67506.24,67475.23,67476.21,0.11833,1771806299999999,7986.5380636,30,0.0,0.0,0
1771806300000000,67422.99,67495.02,67372.33,67495.02,0.81732,1771806599999999,55092.1358984,138,0.53729,36214.6497526,0
1771806600000000,67447.72,67451.43,67276.54,67276.54,0.19904,1771806899999999,13414.1044535,49,0.00643,433.6414505,0
1771806900000000,67304.86,67305.57,67164.96,67164.96,0.10491,1771807199999999,7055.1301439,31,0.05147,3463.111226,0
1771807200000000,67235.08,67235.08,67172.0,67172.76,0.31285,1771807499999999,21020.8475431,69,0.27995,18809.9484226,0
1771807500000000,67172.75,67172.75,66979.89,67094.02,1.13034,1771807799999999,75838.7465,151,0.81451,54644.5253804,0
1771807800000000,67071.86,67085.73,67047.69,67081.47,1.10867,1771808099999999,74355.9549914,129,1.08168,72545.6967887,0
1771808100000000,67131.85,67131.85,66697.88,66706.35,0.32587,1771808399999999,21753.4721215,78,0.25407,16947.3173531,0
1771808400000000,66689.35,66695.65,66037.24,66406.77,0.99033,1771808699999999,65762.5344367,226,0.78872,52385.0622343,0
1771808700000000,66402.33,66402.33,65375.67,65555.0,0.9085,1771808999999999,59596.2887229,195,0.42193,27627.644863,0
1771809000000000,65551.71,65588.04,65259.18,65515.6,0.60947,1771809299999999,39871.8209147,181,0.26687,17454.3660635,0
1771809300000000,65489.94,65489.94,65114.21,65114.21,0.38366,1771809599999999,25061.7506099,113,0.17344,11329.1125374,0
1771809600000000,65117.06,65255.09,65000.0,65069.67,0.55147,1771809899999999,35884.7068679,103,0.12837,8358.5055493,0
1771809900000000,65000.01,65285.99,65000.0,65081.32,0.80784,1771810199999999,52527.2666083,58,0.07432,4837.6401074,0
1771810200000000,65081.33,65233.18,65081.33,65233.18,0.08802,1771810499999999,5733.6849761,23,0.03615,2355.5524204,0
1771810500000000,65253.32,65372.26,65167.08,65321.2,0.09971,1771810799999999,6511.798483,27,0.07343,4797.9834246,0
1771810800000000,65373.5,65373.5,65122.25,65139.27,0.25719,1771811099999999,16770.2088495,53,0.12279,8005.8775257,0
1771811100000000,65136.52,65136.52,64339.05,64670.09,1.13071,1771811399999999,73361.5477231,146,0.1405,9090.0925794,0
1771811400000000,64671.64,64839.0,64370.79,64401.58,0.13669,1771811699999999,8829.8618738,65,0.04066,2629.7012457,0
1771811700000000,64504.8,64709.49,64417.21,64434.46,0.14407,1771811999999999,9299.4001692,60,0.05987,3867.5310462,0
1771812000000000,64411.39,64607.81,64331.99,64604.89,0.15773,1771812299999999,10167.6322055,54,0.06318,4077.339949,0
1771812300000000,64641.12,64709.04,64592.15,64709.04,0.05698,1771812599999999,3682.7979168,19,0.02772,1792.191367,0
1771812600000000,64759.91,64759.91,64599.2,64732.84,0.04554,1771812899999999,2944.9037102,27,0.03682,2381.2827467,0
1771812900000000,64760.49,64788.43,64700.0,64700.0,0.15224,1771813199999999,9859.3095425,39,0.0281,1819.3035475,0
1771813200000000,64748.17,64748.17,64512.31,64536.78,0.01121,1771813499999999,723.68564,12,0.00752,485.3429513,0
1771813500000000,64590.63,64699.33,64581.68,64699.33,0.01625,1771813799999999,1049.754227,6,0.0158,1020.682469,0
1771813800000000,64781.03,64891.28,64776.81,64889.21,0.06078,1771814099999999,3941.9426636,20,0.04946,3207.7437964,0
1771814100000000,64830.56,64847.33,64715.57,64715.57,0.02666,1771814399999999,1726.8936719,9,0.01057,684.8554675,0
1771814400000000,64727.42,64809.79,64696.04,64809.79,0.04815,1771814699999999,3117.2073513,12,0.04027,2607.3920701,0
1771814700000000,64857.72,64857.72,64766.4,64766.4,0.03304,1771814999999999,2140.6576939,11,0.01168,756.6496342,0
1771815000000000,64827.8,64827.8,64744.72,64744.72,0.00336,1771815299999999,217.5840275,4,0.00303,196.191494,0
1771815300000000,64734.92,64754.94,64725.78,64754.94,0.01109,1771815599999999,717.916903,3,0.01109,717.916903,0
1771815600000000,64775.76,64793.28,64775.76,64793.28,0.0002,1771815899999999,12.956904,2,0.0002,12.956904,0
1771815900000000,64906.33,65037.09,64906.33,64988.92,0.0599,1771816199999999,3890.5290392,17,0.04607,2991.8582695,0
1771816200000000,64902.22,64937.54,64850.17,64937.54,0.01347,1771816499999999,873.7841886,7,0.0,0.0,0
1771816500000000,64916.71,64916.71,64725.61,64752.77,0.02307,1771816799999999,1494.6366635,11,0.00823,533.8038653,0
1771816800000000,64780.58,64799.79,64765.41,64780.57,0.02218,1771817099999999,1436.9766622,8,0.02203,1427.2618507,0
1771817100000000,64713.52,64753.54,64713.52,64753.54,0.00919,1771817399999999,594.9461012,4,0.00919,594.9461012,0
1771817400000000,64823.04,64844.8,64728.84,64728.85,0.06626,1771817699999999,4293.0795554,15,0.05328,3452.4298182,0
1771817700000000,64766.09,64892.23,64766.09,64892.23,0.03447,1771817999999999,2234.8259736,17,0.03326,2156.4062483,0
1771818000000000,64893.82,64997.2,64893.82,64997.2,0.01834,1771818299999999,1191.2333856,4,0.01834,1191.2333856,0
1771818300000000,64979.59,64979.59,64916.94,64916.94,0.0134,1771818599999999,870.194771,5,0.0,0.0,0
1771818600000000,64928.24,64962.43,64926.15,64962.43,0.0292,1771818899999999,1896.4771466,4,0.0292,1896.4771466,0
1771818900000000,64967.67,64986.41,64967.67,64972.02,0.00896,1771819199999999,582.177171,5,0.00236,153.359682,0
1771819200000000,64945.44,64979.13,64892.24,64920.51,0.02998,1771819499999999,1947.0016795,12,0.00635,412.123118,0
1771819500000000,64892.23,64892.23,64865.57,64865.57,0.0004,1771819799999999,25.9524749,3,0.00016,10.3784912,0
1771819800000000,64865.57,64865.57,64865.57,64865.57,0.0,1771820099999999,0.0,0,0.0,0.0,0
1771820100000000,65004.16,65004.16,64886.93,64886.93,0.03456,1771820399999999,2244.3263361,10,0.01417,920.2848203,0
1771820400000000,64886.92,64886.92,64787.05,64787.05,0.15198,1771820699999999,9854.1576416,18,0.13025,8444.4520042,0
1771820700000000,64779.25,64779.25,64713.2,64761.1,0.07835,1771820999999999,5073.4480828,19,0.06628,4291.6789645,0
1771821000000000,64781.62,64797.13,64759.55,64765.57,0.01269,1771821299999999,822.0285476,14,0.01269,822.0285476,0
1771821300000000,64781.5,64781.5,64680.57,64680.57,0.00279,1771821599999999,180.5558712,7,0.00095,61.5310629,0
1771821600000000,64695.35,64695.35,64695.35,64695.35,0.00031,1771821899999999,20.0555585,2,0.0,0.0,0
1771821900000000,64695.35,64695.35,64695.35,64695.35,0.0,1771822199999999,0.0,0,0.0,0.0,0
1771822200000000,64695.35,64695.35,64695.35,64695.35,0.0,1771822499999999,0.0,0,0.0,0.0,0
1771822500000000,64695.35,64695.35,64695.35,64695.35,0.0,1771822799999999,0.0,0,0.0,0.0,0
1771822800000000,64815.57,64849.67,64815.57,64841.43,0.01965,1771823099999999,1273.9919806,7,0.0195,1264.2648721,0
1771823100000000,64878.13,64938.61,64878.13,64938.61,0.01298,1771823399999999,842.4455195,5,0.01282,832.0614907,0
1771823400000000,64996.69,65151.94,64996.69,65051.55,0.07074,1771823699999999,4603.9662278,21,0.05726,3726.8346577,0
1771823700000000,65187.25,65212.91,65187.25,65212.91,0.01601,1771823999999999,1043.8223116,4,0.01601,1043.8223116,0
1771824000000000,65065.12,65094.39,65043.55,65043.55,0.00478,1771824299999999,311.1192067,8,0.00417,271.4304801,0
1771824300000000,65030.38,65030.38,64916.6,65010.36,0.08676,1771824599999999,5637.3405381,19,0.05167,3358.3154542,0
1771824600000000,65091.47,65099.08,65091.47,65099.08,0.00816,1771824899999999,531.2070288,3,0.008,520.7923936,0
1771824900000000,65067.93,65068.96,65017.19,65049.7,0.02009,1771825199999999,1306.7379076,12,0.00723,470.1390863,0
1771825200000000,65059.96,65066.09,65033.74,65033.74,0.03675,1771825499999999,2390.0797503,3,0.00324,210.7942704,0
1771825500000000,64997.99,65045.4,64949.86,64949.86,0.00119,1771825799999999,77.378094,4,0.00074,48.133596,0
1771825800000000,65018.32,65022.36,64983.94,64983.94,0.00605,1771826099999999,393.322876,8,0.00541,351.7165562,0
1771826100000000,64983.94,64983.94,64983.94,64983.94,0.0,1771826399999999,0.0,0,0.0,0.0,0
1771826400000000,65039.37,65054.04,65039.37,65054.04,0.00038,1771826699999999,24.7183347,2,0.0,0.0,0
1771826700000000,65149.83,65149.83,65129.14,65129.14,0.00515,1771826999999999,335.518521,2,0.005,325.74915,0
1771827000000000,65190.92,65328.98,65190.92,65328.98,0.01046,1771827299999999,682.5171864,6,0.01016,662.9241954,0
1771827300000000,65339.45,65346.74,65303.72,65311.77,0.01752,1771827599999999,1144.47397,10,0.00498,325.2526644,0
1771827600000000,65378.96,65402.76,65378.96,65380.45,0.00257,1771827899999999,168.0471341,4,0.00242,158.2379696,0
1771827900000000,65380.28,65380.28,65324.52,65324.52,0.00943,1771828199999999,616.213959,9,0.0035,228.8103475,0
1771828200000000,65291.95,65383.54,65291.95,65383.54,0.00514,1771828499999999,336.0576571,2,0.00499,326.2638646,0
1771828500000000,65414.9,65657.84,65414.9,65608.16,0.25658,1771828799999999,16824.0944562,83,0.10925,7161.6742465,0
1771828800000000,65625.92,65625.92,65518.96,65518.96,0.03427,1771829099999999,2246.0573148,15,0.00101,66.2821792,0
1771829100000000,65544.76,65702.41,65544.76,65641.38,0.04119,1771829399999999,2703.2150391,13,0.04009,2630.95585,0
1771829400000000,65707.74,65788.46,65692.52,65788.46,0.03114,1771829699999999,2046.3810753,10,0.03084,2026.6677513,0
1771829700000000,65772.35,65772.35,65705.65,65705.65,0.00572,1771829999999999,375.9523322,6,0.00497,326.6483297,0
1771830000000000,65740.92,65826.87,65737.4,65826.87,0.15564,1771830299999999,10243.0597188,53,0.0165,1085.2358846,0
1771830300000000,65825.25,65890.6,65748.08,65748.08,0.12579,1771830599999999,8284.4228959,55,0.06448,4245.8643692,0
1771830600000000,65743.44,65855.72,65743.44,65827.38,0.02137,1771830899999999,1405.6192579,9,0.0207,1361.5185703,0
1771830900000000,65734.14,65787.26,65641.09,65787.25,0.03875,1771831199999999,2545.3752309,15,0.02309,1516.996803,0
1771831200000000,65771.62,65771.62,65709.02,65728.6,0.04522,1771831499999999,2972.3073299,6,0.04326,2843.4546485,0
1771831500000000,65766.29,65780.09,65710.61,65724.49,0.14305,1771831799999999,9403.8819928,24,0.05405,3554.1195187,0
1771831800000000,65707.74,65707.74,65707.74,65707.74,0.00015,1771832099999999,9.856161,1,0.0,0.0,0
1771832100000000,65769.87,65904.68,65769.87,65904.68,0.00597,1771832399999999,393.1638435,5,0.00582,383.298363,0
1771832400000000,65958.92,65990.78,65918.41,65945.93,0.02324,1771832699999999,1533.2362808,26,0.01017,670.8692348,0
1771832700000000,65955.89,65980.39,65915.03,65923.85,0.10336,1771832999999999,6815.5802083,10,0.00306,201.8228487,0
1771833000000000,65928.93,65951.31,65928.93,65951.31,0.0009,1771833299999999,59.3411844,3,0.0009,59.3411844,0
1771833300000000,65928.93,65957.06,65928.93,65950.97,0.0034,1771833599999999,224.2037346,13,0.00305,201.1210096,0
1771833600000000,65947.73,65956.69,65778.16,65813.32,0.60168,1771833899999999,39675.268257,60,0.02766,1821.5560766,0
1771833900000000,65809.95,65830.95,65701.38,65726.13,0.19038,1771834199999999,12521.8268833,106,0.07386,4858.1149899,0
1771834200000000,65754.02,65836.02,65747.29,65836.02,0.31424,1771834499999999,20671.9625572,89,0.15012,9878.9345509,0
1771834500000000,65852.22,65874.9,65751.65,65770.07,0.03722,1771834799999999,2449.3626214,35,0.02389,1572.5219876,0
1771834800000000,65751.64,65751.64,65657.5,65657.5,0.0112,1771835099999999,735.9333128,22,0.00968,636.0443429,0
1771835100000000,65614.74,65712.92,65596.96,65700.61,0.02537,1771835399999999,1665.6527988,18,0.02474,1624.2939495,0
1771835400000000,65682.68,65727.07,65629.31,65648.78,0.00737,1771835699999999,484.0593189,15,0.00677,444.6575424,0
1771835700000000,65648.77,65648.77,65580.91,65586.01,0.00694,1771835999999999,455.395538,14,0.00633,415.3644834,0
1771836000000000,65614.64,65614.64,65583.0,65583.0,0.02201,1771836299999999,1443.5071492,8,0.00104,68.2263712,0
1771836300000000,65636.16,65636.16,65606.54,65619.69,0.08946,1771836599999999,5871.3300775,35,0.00489,320.8797951,0
1771836600000000,65622.35,65622.35,65567.03,65578.22,0.01258,1771836899999999,825.0086153,12,0.01168,765.9689813,0
1771836900000000,65603.45,65692.55,65603.45,65675.16,0.1222,1771837199999999,8019.6154657,41,0.02218,1456.1849773,0
1771837200000000,65719.09,65828.3,65719.09,65795.5,0.04439,1771837499999999,2919.065602,19,0.04409,2899.343827,0
1771837500000000,65795.49,65822.85,65758.01,65779.29,0.01596,1771837799999999,1049.9346081,27,0.01551,1020.3277521,0
1771837800000000,65806.06,65839.61,65784.35,65818.2,0.01973,1771838099999999,1298.4193103,33,0.01958,1288.5474653,0
1771838100000000,65819.34,65846.49,65722.16,65737.22,0.02105,1771838399999999,1385.0024946,50,0.02045,1345.5267531,0
1771838400000000,65755.23,65774.65,65722.15,65737.46,0.03381,1771838699999999,2222.9646901,44,0.03381,2222.9646901,0
1771838700000000,65758.71,65874.5,65756.08,65835.24,0.014,1771838999999999,920.9763495,31,0.014,920.9763495,0
1771839000000000,65835.19,66231.58,65833.27,66169.23,0.0511,1771839299999999,3376.3690043,56,0.03124,2063.2375036,0
1771839300000000,66146.41,66337.96,66146.41,66302.7,0.03793,1771839599999999,2512.6528617,71,0.03229,2139.3813096,0
1771839600000000,66271.75,66309.58,66236.52,66270.44,0.04929,1771839899999999,3266.6002654,68,0.04914,3256.6595449,0
1771839900000000,66309.57,66413.7,66273.95,66310.28,0.05556,1771840199999999,3685.4270623,80,0.05556,3685.4270623,0
1771840200000000,66326.43,66441.79,66243.69,66441.79,0.04212,1771840499999999,2793.4656023,71,0.03643,2416.2392943,0
1771840500000000,66476.4,66476.43,66380.7,66380.7,0.05113,1771840799999999,3395.7958744,71,0.03744,2486.4255082,0
1771840800000000,66411.1,66590.71,66342.76,66467.96,0.13939,1771841099999999,9262.6990257,63,0.1337,8884.1524816,0
1771841100000000,66472.43,66485.41,66362.45,66362.45,0.11689,1771841399999999,7765.3878913,74,0.04762,3162.9399255,0
1771841400000000,66362.45,66402.23,66303.58,66348.86,0.0396,1771841699999999,2627.2477526,58,0.02781,1845.0897917,0
1771841700000000,66311.11,66453.97,66270.36,66453.95,0.21276,1771841999999999,14105.622966,68,0.18543,12292.5981649,0
1771842000000000,66453.95,66510.56,66432.26,66434.08,0.03073,1771842299999999,2042.3447375,45,0.0236,1568.428202,0
1771842300000000,66434.08,66434.08,66361.78,66361.78,0.05647,1771842599999999,3748.5057487,62,0.05105,3388.6567624,0
1771842600000000,66361.78,66384.01,66281.56,66293.82,0.05747,1771842899999999,3811.3812404,79,0.04069,2698.8045543,0
1771842900000000,66293.82,66335.95,66235.19,66263.8,0.04777,1771843199999999,3165.7248134,73,0.03659,2425.197081,0
1771843200000000,66263.36,66387.19,66263.36,66333.15,0.0274,1771843499999999,1818.0140002,55,0.0274,1818.0140002,0
1771843500000000,66334.33,66334.33,66262.75,66306.27,0.03357,1771843799999999,2225.496331,62,0.03056,2025.9211405,0
1771843800000000,66306.27,66402.23,66296.78,66367.86,0.02061,1771844099999999,1367.1917154,53,0.02061,1367.1917154,0
1771844100000000,66367.86,66427.63,66306.14,66323.71,0.04016,1771844399999999,2665.24875,68,0.02187,1451.5136247,0
1771844400000000,66323.71,66358.96,66271.86,66271.86,0.02397,1771844699999999,1589.775007,61,0.02397,1589.775007,0
1771844700000000,66269.76,66362.26,66249.35,66362.19,0.01575,1771844999999999,1044.3574823,53,0.01575,1044.3574823,0
1771845000000000,66336.6,66398.88,66336.6,66370.14,0.01157,1771845299999999,767.7877125,38,0.01157,767.7877125,0
1771845300000000,66397.91,66469.43,66390.39,66468.4,0.01175,1771845599999999,780.5116808,38,0.01175,780.5116808,0
1771845600000000,66442.49,66481.55,66320.63,66320.63,0.01789,1771845899999999,1188.0475886,40,0.01073,712.5454431,0
1771845900000000,66320.63,66363.39,66307.79,66326.32,0.02942,1771846199999999,1951.2569403,44,0.0111,736.3335493,0
1771846200000000,66321.08,66338.21,66226.55,66269.75,0.14831,1771846499999999,9828.8685394,81,0.11776,7803.7622078,0
1771846500000000,66269.75,66307.75,66172.5,66201.45,0.06291,1771846799999999,4165.8075002,56,0.03845,2546.8090992,0
1771846800000000,66201.45,66219.81,66139.55,66163.98,0.03066,1771847099999999,2028.760899,52,0.01853,1226.3697176,0
1771847100000000,66162.73,66219.63,66131.55,66139.39,0.01644,1771847399999999,1087.791486,47,0.01644,1087.791486,0
1771847400000000,66131.03,66236.88,66131.03,66164.76,0.68959,1771847699999999,45641.8921911,164,0.68959,45641.8921911,0
1771847700000000,66207.01,66246.1,66187.84,66246.1,0.06479,1771847999999999,4289.0544062,48,0.06479,4289.0544062,0
1771848000000000,66246.1,66246.11,66187.83,66209.2,0.73145,1771848299999999,48421.765384,156,0.71988,47655.9568655,0
1771848300000000,66209.2,66301.24,66185.35,66225.33,0.63336,1771848599999999,41934.3386568,147,0.61985,41039.4773585,0
1771848600000000,66187.92,66224.63,66187.92,66220.3,0.07557,1771848899999999,5004.0050655,18,0.07557,5004.0050655,0
1771848900000000,66232.7,66243.69,66179.95,66181.32,0.17516,1771849199999999,11597.6463831,35,0.16951,11223.4136046,0
1771849200000000,66180.28,66180.28,66069.65,66116.92,0.6942,1771849499999999,45880.3296852,136,0.67158,44384.4731121,0
1771849500000000,66121.19,66173.08,66121.19,66148.63,0.08088,1771849799999999,5349.8147317,19,0.08088,5349.8147317,0
1771849800000000,66150.77,66150.77,65953.96,65953.96,0.10325,1771850099999999,6818.1817308,20,0.01849,1223.1277373,0
1771850100000000,65980.63,66354.88,65980.63,66261.99,1.16412,1771850399999999,76939.0471638,210,1.13277,74860.6210614,0
1771850400000000,66270.01,66494.4,66269.13,66482.71,0.20643,1771850699999999,13689.9036727,51,0.18653,12368.6778632,0
1771850700000000,66419.12,66512.03,66353.45,66353.45,1.23747,1771850999999999,82200.6841205,245,1.23048,81736.4912782,0
1771851000000000,66366.94,66380.34,66330.79,66356.87,0.4758,1771851299999999,31568.3697562,99,0.46707,30989.0060686,0
1771851300000000,66332.66,66342.71,66266.9,66307.52,0.45788,1771851599999999,30352.1640544,37,0.10005,6635.5564545,0
1771851600000000,66306.39,66306.39,66244.64,66275.39,1.12569,1771851899999999,74602.8840234,88,0.38662,25620.4514409,0
1771851900000000,66292.21,66384.36,66275.39,66384.36,0.02835,1771852199999999,1879.027453,3,0.00665,440.85149,0
1771852200000000,66384.36,66384.36,66384.36,66384.36,0.0,1771852499999999,0.0,0,0.0,0.0,0
1771852500000000,66188.95,66188.95,66188.95,66188.95,0.00027,1771852799999999,17.8710165,1,0.00027,17.8710165,0
1771852800000000,66188.95,66188.95,66188.95,66188.95,0.0,1771853099999999,0.0,0,0.0,0.0,0
1771853100000000,66251.88,66251.88,66231.85,66231.85,0.01509,1771853399999999,999.6450796,4,0.0,0.0,0
1771853400000000,66307.39,66307.39,66226.89,66249.55,0.02612,1771853699999999,1730.6577627,12,0.02612,1730.6577627,0
1771853700000000,66232.23,66434.15,66187.1,66434.15,0.06128,1771853999999999,4062.9942946,32,0.06128,4062.9942946,0
1771854000000000,66211.36,66475.13,66209.73,66374.37,0.0911,1771854299999999,6038.0017752,14,0.0458,3038.6701003,0
1771854300000000,66374.37,66374.37,66361.0,66361.0,0.00123,1771854599999999,81.6304476,2,0.00075,49.77075,0
1771854600000000,66368.91,66371.51,66368.28,66371.51,0.01597,1771854899999999,1059.9162384,4,0.0032,212.3883825,0
1771854900000000,66371.51,66371.51,66371.51,66371.51,0.0,1771855199999999,0.0,0,0.0,0.0,0
1771855200000000,66191.98,66226.36,66183.7,66183.7,0.01238,1771855499999999,819.5843059,6,0.00945,625.5410711,0
1771855500000000,66183.7,66183.7,66183.7,66183.7,0.0,1771855799999999,0.0,0,0.0,0.0,0
1771855800000000,66285.0,66285.0,66285.0,66285.0,0.00011,1771856099999999,7.29135,1,0.0,0.0,0
1771856100000000,66214.06,66214.06,66186.39,66186.64,0.00105,1771856399999999,69.4993341,3,0.00105,69.4993341,0
1771856400000000,66149.27,66149.27,66149.27,66149.27,0.00015,1771856699999999,9.9223905,1,0.00015,9.9223905,0
1771856700000000,66117.33,66143.73,66096.26,66096.26,0.00214,1771856999999999,141.5153287,5,0.00214,141.5153287,0
1771857000000000,66089.79,66218.02,66008.79,66008.79,2.60033,1771857299999999,172094.118759,317,1.71242,113342.5818954,0
1771857300000000,66082.45,66116.7,65830.89,65866.34,2.36704,1771857599999999,155949.8062732,395,1.35682,89378.2781352,0
1771857600000000,65812.5,65813.19,65578.29,65787.26,0.53282,1771857899999999,35000.6474298,119,0.00032,21.0315666,0
1771857900000000,65912.55,65958.92,65745.92,65750.08,0.3178,1771858199999999,20943.3876479,75,0.00311,204.8246913,0
1771858200000000,65787.26,66083.86,65787.26,65992.36,0.16809,1771858499999999,11084.9001029,41,0.00096,63.3405156,0
1771858500000000,66037.26,66037.26,65990.59,65990.59,0.01521,1771858799999999,1003.9827009,5,0.0,0.0,0
1771858800000000,66065.67,66065.67,65734.59,65735.37,0.08617,1771859099999999,5668.3966631,21,0.00734,483.2445342,0
1771859100000000,65753.01,65887.12,65733.55,65848.42,0.71659,1771859399999999,47156.0958329,163,0.00661,435.2494133,0
1771859400000000,65848.42,66012.83,65844.99,65933.23,0.56874,1771859699999999,37475.6124741,125,0.0001,6.595892,0
1771859700000000,65951.65,66211.39,65934.86,66013.86,1.31773,1771859999999999,87129.8112155,232,1.00106,66199.0010436,0
1771860000000000,66013.85,66037.21,65866.82,65936.54,1.56518,1771860299999999,103241.3040881,243,1.25082,82513.5946282,0
1771860300000000,65924.66,65924.66,65761.85,65761.85,0.29443,1771860599999999,19380.4492592,80,0.16761,11031.0055936,0
1771860600000000,65790.84,65916.02,65790.84,65799.85,0.00779,1771860899999999,513.2740857,9,0.00078,51.3389448,0
1771860900000000,65848.23,65895.91,65749.46,65843.14,0.28664,1771861199999999,18878.8009797,62,0.27622,18192.4189394,0
1771861200000000,65808.35,65837.61,65743.41,65837.61,0.002,1771861499999999,131.5205775,4,0.0017,111.784521,0
1771861500000000,65812.81,65870.78,65812.81,65839.76,0.0371,1771861799999999,2442.1677573,10,0.02981,1962.1959069,0
1771861800000000,65713.89,65713.89,65713.89,65713.89,0.00015,1771862099999999,9.8570835,1,0.0,0.0,0
1771862100000000,65745.07,65745.07,65745.07,65745.07,0.00026,1771862399999999,17.0937182,1,0.00026,17.0937182,0
1771862400000000,65629.87,65671.12,65401.75,65401.75,0.00756,1771862699999999,496.2302493,8,0.00682,447.725025,0
1771862700000000,65377.39,65377.39,65322.56,65322.56,0.00096,1771862999999999,62.7394469,4,0.00065,42.472456,0
1771863000000000,65274.98,65274.98,65268.76,65268.76,0.00029,1771863299999999,18.9285624,2,0.0,0.0,0
1771863300000000,65445.3,65445.3,65445.3,65445.3,0.0001,1771863599999999,6.54453,1,0.0001,6.54453,0
1771863600000000,65523.03,65578.06,65421.76,65421.76,0.01554,1771863899999999,1017.6470625,13,0.01465,959.3951318,0
1771863900000000,65438.38,65636.22,65438.38,65636.22,0.00532,1771864199999999,348.3523573,6,0.00532,348.3523573,0
1771864200000000,65702.1,65702.1,65488.1,65504.79,0.40446,1771864499999999,26497.726422,52,0.29712,19462.3091296,0
1771864500000000,65486.84,65640.56,65450.35,65595.78,1.11019,1771864799999999,72764.5688027,148,1.03621,67916.2732626,0
1771864800000000,65594.0,65614.09,65555.64,65596.07,0.51212,1771865099999999,33587.7012784,43,0.51146,33544.4157624,0
1771865100000000,65558.74,65580.63,65336.67,65383.49,0.53566,1771865399999999,35053.7855651,60,0.46212,30242.6573166,0
1771865400000000,65383.28,65455.42,65362.68,65393.46,0.23535,1771865699999999,15388.455615,22,0.20351,13305.9610849,0
1771865700000000,65382.13,65382.13,65308.98,65326.15,0.2536,1771865999999999,16567.2707236,51,0.22582,14752.4033819,0
1771866000000000,65383.2,65429.24,65317.93,65317.93,0.02365,1771866299999999,1546.2702889,10,0.01738,1136.5446476,0
1771866300000000,65396.4,65396.4,65350.01,65350.01,0.13495,1771866599999999,8824.3516746,30,0.11737,7675.3013924,0
1771866600000000,65347.72,65377.29,65088.43,65088.43,0.24505,1771866899999999,15994.4172872,64,0.15765,10294.9798787,0
1771866900000000,65174.97,65174.97,64771.63,64771.63,1.42462,1771867199999999,92527.6864508,218,0.90823,58970.8592671,0
1771867200000000,64809.3,64854.22,64695.53,64730.14,1.58333,1771867499999999,102573.9564819,308,1.5138,98070.2580247,0
1771867500000000,64730.15,64811.95,64590.27,64590.36,0.91529,1771867799999999,59265.3238851,174,0.83294,53939.619847,0
1771867800000000,64566.33,64665.75,64537.09,64547.93,0.12843,1771868099999999,8291.3307113,41,0.07561,4880.8337415,0
1771868100000000,64557.55,64557.55,64338.62,64372.52,0.49832,1771868399999999,32114.2803853,94,0.32683,21063.6359103,0
1771868400000000,64366.68,64603.84,64314.87,64469.56,0.51919,1771868699999999,33411.1408015,101,0.50053,32208.3347016,0
1771868700000000,64440.79,64471.41,64410.72,64443.45,0.01903,1771868999999999,1226.1769397,9,0.00846,545.1646302,0
1771869000000000,64432.29,64513.53,64155.41,64488.84,0.45897,1771869299999999,29551.5085836,120,0.31603,20357.7427933,0
1771869300000000,64501.46,64741.63,64488.74,64732.17,0.30689,1771869599999999,19833.8675601,67,0.23982,15497.0854771,0
1771869600000000,64782.8,64839.97,64665.63,64778.6,0.52773,1771869899999999,34152.7482844,103,0.44892,29049.2893673,0
1771869900000000,64788.61,64820.98,64667.73,64820.98,1.18082,1771870199999999,76435.4151826,165,1.0616,68715.8480803,0
1771870200000000,64789.84,64813.87,64761.5,64807.62,0.05019,1771870499999999,3252.1025066,14,0.03601,2333.2638768,0
1771870500000000,64756.15,64760.01,64698.99,64698.99,0.0346,1771870799999999,2240.1093678,11,0.0211,1366.0226572,0
1771870800000000,64634.69,64899.18,64608.01,64899.18,0.02694,1771871099999999,1741.7792041,17,0.01885,1218.8193459,0
1771871100000000,64824.79,65032.58,64794.72,64810.52,0.16978,1771871399999999,11009.299073,27,0.15894,10306.7646921,0
1771871400000000,64766.69,64795.97,64758.66,64791.83,0.02207,1771871699999999,1429.7562739,7,0.0142,920.0998412,0
1771871700000000,65059.13,65145.15,65001.08,65084.3,0.04324,1771871999999999,2813.1450996,12,0.02998,1950.0808628,0
1771872000000000,64992.44,64992.44,64881.45,64881.45,0.00288,1771872299999999,186.8871328,4,0.00023,14.9482612,0
1771872300000000,64878.52,64878.52,64756.03,64820.67,0.03654,1771872599999999,2368.2235096,12,0.02355,1526.3364378,0
1771872600000000,64787.37,64807.89,64724.52,64724.52,0.04739,1771872899999999,3070.088848,15,0.04695,3041.5932161,0
1771872900000000,64722.13,64722.13,64587.08,64640.7,0.01588,1771873199999999,1026.4037245,11,0.00737,476.5278973,0
1771873200000000,64676.61,64732.91,64603.85,64603.85,0.1308,1771873499999999,8464.0119515,18,0.11143,7211.6547429,0
1771873500000000,64648.4,64739.55,64648.39,64739.55,0.05421,1771873799999999,3507.4675994,14,0.05421,3507.4675994,0
1771873800000000,64810.77,64810.77,64735.09,64735.09,0.00913,1771874099999999,591.2366452,4,0.00224,145.1686043,0
1771874100000000,64681.09,64681.09,64572.08,64595.15,0.40965,1771874399999999,26466.6560629,85,0.38985,25187.4531712,0
1771874400000000,64640.24,64640.24,64379.8,64461.97,0.30591,1771874699999999,19733.9157981,82,0.22681,14633.1924699,0
1771874700000000,64474.66,64511.03,64443.86,64443.86,0.08504,1771874999999999,5483.1052815,26,0.05728,3693.3617335,0
1771875000000000,64440.33,64525.59,64316.3,64316.3,0.29449,1771875299999999,18976.3959779,51,0.23634,15229.6706166,0
1771875300000000,64327.22,64354.83,64111.03,64116.21,0.12152,1771875599999999,7815.8893925,32,0.00291,187.1216697,0
1771875600000000,64256.41,64342.45,64154.18,64154.18,0.0517,1771875899999999,3322.4576511,17,0.01844,1185.7082136,0
1771875900000000,64272.69,64272.69,64098.53,64098.53,1.11575,1771876199999999,71626.3117489,212,0.92785,59573.4237953,0
1771876200000000,64165.99,64263.68,64151.93,64239.94,1.09025,1771876499999999,70008.666108,173,0.99347,63795.5372179,0
1771876500000000,64239.72,64576.1,64239.14,64307.93,0.42005,1771876799999999,27013.3035901,79,0.34911,22451.844372,0
1771876800000000,64277.24,64329.45,64226.19,64251.78,0.25753,1771877099999999,16549.6072027,53,0.23714,15239.2766771,0
1771877100000000,64343.46,64343.46,64253.38,64253.38,0.08141,1771877399999999,5233.831029,16,0.06039,3882.335255,0
1771877400000000,64173.24,64173.24,63914.31,63914.31,0.71214,1771877699999999,45589.1574036,57,0.03913,2508.8576452,0
1771877700000000,64042.18,64047.91,63900.0,64042.82,0.06757,1771877999999999,4318.8494041,13,0.01148,734.149607,0
1771878000000000,64018.97,64145.38,63983.2,64039.28,0.03763,1771878299999999,2410.3760997,18,0.00374,239.6998538,0
1771878300000000,64087.16,64106.33,63940.59,64024.83,0.06969,1771878599999999,4460.8318972,16,0.04716,3017.7048546,0
1771878600000000,64004.33,64262.34,63993.2,64248.41,0.1931,1771878899999999,12376.4068815,21,0.17533,11237.15216,0
1771878900000000,64221.23,64262.35,64201.44,64239.27,0.12898,1771879199999999,8283.8772364,16,0.11672,7496.3159825,0
1771879200000000,64219.05,64249.74,64167.26,64249.74,0.17959,1771879499999999,11533.1891243,30,0.17425,11190.5139817,0
1771879500000000,64251.5,64298.31,64233.35,64268.53,0.95754,1771879799999999,61524.3087211,77,0.90392,58078.9179448,0
1771879800000000,64300.38,64382.91,64233.48,64367.97,0.92596,1771880099999999,59539.0598115,116,0.86827,55829.7780636,0
1771880100000000,64384.52,64442.51,64330.17,64433.78,0.18255,1771880399999999,11745.7989282,26,0.16091,10351.9790811,0
1771880400000000,64558.57,64631.27,64531.24,64631.27,0.00715,1771880699999999,461.4300235,6,0.00029,18.7397553,0
1771880700000000,64639.29,64688.18,64507.99,64507.99,0.01216,1771880999999999,785.4411581,5,0.00412,266.1787475,0
1771881000000000,64591.83,64591.83,64591.83,64591.83,0.0015,1771881299999999,96.887745,1,0.0015,96.887745,0
1771881300000000,64556.02,64621.83,64556.02,64621.83,0.00186,1771881599999999,120.1038117,2,0.00186,120.1038117,0
1771881600000000,64608.57,64623.79,64540.88,64540.95,0.23707,1771881899999999,15314.5305354,40,0.21531,13909.3936599,0
1771881900000000,64540.87,64556.4,64517.09,64544.19,0.42588,1771882199999999,27478.2884868,26,0.41587,26832.2600251,0
1771882200000000,64550.47,64550.47,64550.47,64550.47,0.00015,1771882499999999,9.6825705,1,0.0,0.0,0
1771882500000000,64550.47,64550.47,64550.47,64550.47,0.0,1771882799999999,0.0,0,0.0,0.0,0
1771882800000000,64672.89,64754.38,64652.65,64652.65,0.28142,1771883099999999,18217.6228136,28,0.25903,16769.2800901,0
1771883100000000,64665.28,64665.28,64665.28,64665.28,0.00062,1771883399999999,40.0924736,1,0.00062,40.0924736,0
1771883400000000,64707.04,64707.04,64707.04,64707.04,0.00022,1771883699999999,14.2355488,1,0.00022,14.2355488,0
1771883700000000,64602.23,64602.23,64564.01,64564.01,0.00844,1771883999999999,545.2231154,6,0.00748,483.2090102,0
1771884000000000,64589.21,64749.21,64581.53,64731.12,0.00992,1771884299999999,641.2794844,11,0.00605,390.8464086,0
1771884300000000,64822.57,64918.69,64806.39,64885.85,0.55953,1771884599999999,36302.7800823,74,0.47649,30914.470472,0
1771884600000000,64918.6,64971.03,64841.35,64909.28,0.12089,1771884899999999,7846.3254189,22,0.10501,6815.6317346,0
1771884900000000,64945.25,64991.69,64909.26,64909.26,0.05765,1771885199999999,3744.3839453,19,0.02654,1723.6848131,0
1771885200000000,64912.28,64972.24,64912.28,64972.24,0.00092,1771885499999999,59.7282916,2,0.00092,59.7282916,0
1771885500000000,64972.24,64972.24,64972.24,64972.24,0.0,1771885799999999,0.0,0,0.0,0.0,0
1771885800000000,64972.24,64972.24,64972.24,64972.24,0.0,1771886099999999,0.0,0,0.0,0.0,0
1771886100000000,64843.57,64843.57,64843.56,64843.56,0.00654,1771886399999999,424.0768978,2,0.0,0.0,0
1771886400000000,64822.49,64904.98,64819.82,64898.26,0.08443,1771886699999999,5475.5669839,18,0.08443,5475.5669839,0
1771886700000000,64898.26,64898.26,64898.26,64898.26,0.0,1771886999999999,0.0,0,0.0,0.0,0
1771887000000000,64828.51,64828.51,64695.63,64695.65,0.18422,1771887299999999,11927.4592458,41,0.12401,8029.1495135,0
1771887300000000,64679.16,64763.53,64606.66,64720.97,0.51919,1771887599999999,33556.6132956,40,0.48863,31580.6219909,0
1771887600000000,64698.31,64743.95,64694.05,64702.81,0.13476,1771887899999999,8721.6385987,61,0.08848,5726.7390241,0
1771887900000000,64756.73,64855.13,64721.59,64855.13,0.69387,1771888199999999,44956.4409536,61,0.677,43863.8321171,0
1771888200000000,64856.38,64877.15,64844.57,64851.64,0.40281,1771888499999999,26127.368329,57,0.39781,25803.110129,0
1771888500000000,64867.48,64867.48,64815.46,64815.46,0.17186,1771888799999999,11147.6732373,35,0.17186,11147.6732373,0
1771888800000000,64831.95,64831.95,64800.33,64800.33,0.01184,1771889099999999,767.5104578,8,0.00088,57.0462992,0
1771889100000000,64847.57,64847.57,64847.57,64847.57,0.00236,1771889399999999,153.0402652,1,0.00236,153.0402652,0
1771889400000000,64848.15,64857.49,64826.17,64826.17,0.00438,1771889699999999,284.0520148,3,0.00438,284.0520148,0
1771889700000000,64766.25,64766.25,64726.68,64726.68,0.1713,1771889999999999,11089.1932484,20,0.15532,10054.6955026,0
1771890000000000,64687.48,64735.64,64607.89,64607.89,0.19593,1771890299999999,12667.3100444,48,0.13324,8613.1092184,0
1771890300000000,64623.95,64662.27,64604.33,64626.75,0.42217,1771890599999999,27280.6681185,53,0.40537,26195.001545,0
1771890600000000,64592.01,64592.01,64569.04,64569.04,0.19971,1771890899999999,12895.3437817,15,0.19312,12469.8337616,0
1771890900000000,64552.37,64664.07,64528.92,64660.26,0.97557,1771891199999999,63033.6950227,86,0.87824,56742.6761931,0
1771891200000000,64679.25,64763.13,64661.9,64728.29,0.18292,1771891499999999,11838.8577311,44,0.02031,1313.2927282,0
1771891500000000,64728.29,64728.29,64728.29,64728.29,0.0,1771891799999999,0.0,0,0.0,0.0,0
1771891800000000,64773.56,64878.17,64773.56,64878.17,0.00385,1771892099999999,249.6095833,5,0.00385,249.6095833,0
1771892100000000,64912.29,64952.42,64912.29,64931.12,0.00552,1771892399999999,358.4093873,5,0.0051,331.1383169,0
1771892400000000,64979.64,65006.05,64926.45,64926.45,0.0031,1771892699999999,201.3985563,4,0.00154,100.0889813,0
1771892700000000,64926.45,64926.45,64863.95,64863.95,0.01073,1771892999999999,696.0326835,3,0.01005,651.8826975,0
1771893000000000,64863.95,64863.95,64863.95,64863.95,0.0,1771893299999999,0.0,0,0.0,0.0,0
1771893300000000,64897.96,65105.69,64897.34,64937.85,0.13267,1771893599999999,8618.385674,28,0.13267,8618.385674,0
1771893600000000,64960.51,64982.46,64960.51,64982.46,0.00271,1771893899999999,176.0620011,3,0.00271,176.0620011,0
1771893900000000,64931.34,64961.23,64926.79,64961.23,0.00476,1771894199999999,309.131599,6,0.00476,309.131599,0
1771894200000000,64979.33,64998.62,64979.33,64998.62,0.00154,1771894499999999,100.0830215,2,0.00154,100.0830215,0
1771894500000000,64921.88,64956.03,64905.01,64956.03,0.04078,1771894799999999,2647.5305981,6,0.00231,149.9858745,0
1771894800000000,64906.21,64936.96,64791.18,64791.18,0.00372,1771895099999999,241.3176898,5,0.00372,241.3176898,0
1771895100000000,64791.18,64791.18,64740.23,64770.4,0.10863,1771895399999999,7037.9658555,19,0.00077,49.8710212,0
1771895400000000,64631.27,64631.27,64314.86,64381.88,0.00503,1771895699999999,324.0675183,11,0.00399,256.9985092,0
1771895700000000,64353.89,64353.89,63466.19,63825.45,0.39707,1771895999999999,25278.0211626,100,0.33908,21586.2620496,0
1771896000000000,63727.21,64314.86,63727.21,64314.86,0.01101,1771896299999999,705.688078,17,0.00908,581.8499712,0
1771896300000000,64358.93,64493.85,64358.93,64493.85,0.00397,1771896599999999,255.8430117,7,0.00397,255.8430117,0
1771896600000000,64535.53,64598.14,64521.18,64598.14,0.00164,1771896899999999,105.8334807,3,0.00164,105.8334807,0
1771896900000000,64521.18,64521.18,64262.35,64262.35,0.00192,1771897199999999,123.8547826,2,0.0,0.0,0
1771897200000000,64239.65,64314.21,64239.65,64314.21,0.00416,1771897499999999,267.3724898,4,0.00416,267.3724898,0
1771897500000000,64259.17,64259.17,64259.17,64259.17,0.00078,1771897799999999,50.1221526,1,0.00078,50.1221526,0
1771897800000000,64259.17,64259.17,64259.17,64259.17,0.0,1771898099999999,0.0,0,0.0,0.0,0
1771898100000000,64164.62,64164.62,64164.62,64164.62,0.00016,1771898399999999,10.2663392,1,0.0,0.0,0
1771898400000000,64150.76,64161.74,64032.22,64032.22,0.00074,1771898699999999,47.4460726,5,0.0,0.0,0
1771898700000000,64147.03,64147.03,64120.41,64120.41,0.00046,1771898999999999,29.4996478,2,0.0003,19.236123,0
1771899000000000,64262.35,64269.36,64207.01,64247.53,0.00074,1771899299999999,47.540907,5,0.0001,6.426235,0
1771899300000000,64248.18,64248.18,64049.04,64049.04,0.00206,1771899599999999,132.035777,7,0.00132,84.5616516,0
1771899600000000,64161.65,64161.65,64156.72,64156.72,0.00032,1771899899999999,20.5309392,2,0.0,0.0,0
1771899900000000,64232.48,64305.03,64204.41,64305.03,0.00479,1771900199999999,307.8916144,7,0.00347,223.109232,0
1771900200000000,64323.42,64477.26,64323.42,64360.86,0.00097,1771900499999999,62.4577071,7,0.00017,10.9474607,0
1771900500000000,64334.38,64334.38,64208.93,64215.16,0.10404,1771900799999999,6688.1173769,20,0.02936,1886.3526819,0
1771900800000000,64253.57,64253.57,64144.18,64144.18,0.00048,1771901099999999,30.8138896,3,0.0,0.0,0
1771901100000000,64157.65,64157.65,64157.65,64157.65,0.00016,1771901399999999,10.265224,1,0.0,0.0,0
1771901400000000,64140.7,64140.7,64074.23,64074.23,0.00074,1771901699999999,47.4392822,5,0.0,0.0,0
1771901700000000,64139.45,64139.45,64139.45,64139.45,0.00016,1771901999999999,10.262312,1,0.0,0.0,0
1771902000000000,64095.68,64095.68,63653.88,63818.95,0.04193,1771902299999999,2674.8375621,37,0.03095,1973.1936927,0
1771902300000000,63767.02,63838.6,63662.87,63811.07,0.00839,1771902599999999,535.3497351,17,0.00479,305.7860797,0
1771902600000000,63820.35,63820.35,63547.64,63585.39,0.00686,1771902899999999,436.9991164,28,0.00272,173.3704446,0
1771902900000000,63672.06,63781.06,63577.53,63697.61,0.00871,1771903199999999,554.8121335,22,0.0051,324.864244,0
1771903200000000,63811.91,63811.91,63697.92,63723.25,0.00784,1771903499999999,499.8515492,10,0.00656,418.2606788,0
1771903500000000,63692.01,63731.29,63670.47,63689.43,0.01157,1771903799999999,736.975855,11,0.00979,623.6064954,0
1771903800000000,63746.41,63753.85,63655.45,63666.23,0.00553,1771904099999999,352.4057123,10,0.00341,217.3804759,0
1771904100000000,63668.56,63710.05,63662.46,63666.04,0.01579,1771904399999999,1005.5345034,9,0.01483,944.4021546,0
1771904400000000,63755.2,63755.2,63647.69,63663.31,0.02159,1771904699999999,1375.0078678,15,0.01983,1262.8972918,0
1771904700000000,63662.54,63662.54,63524.79,63543.4,0.25452,1771904999999999,16180.467619,63,0.17762,11292.3907723,0
1771905000000000,63527.23,63632.16,63333.0,63603.22,0.46494,1771905299999999,29498.2456764,119,0.38652,24527.7625902,0
1771905300000000,63623.04,63639.6,63562.42,63583.92,0.01812,1771905599999999,1152.4216295,11,0.017,1081.1987991,0
1771905600000000,63604.43,63604.43,63512.81,63512.81,0.00032,1771905899999999,20.3387584,2,0.0,0.0,0
1771905900000000,63414.26,63472.99,63142.29,63239.86,0.87817,1771906199999999,55575.1185648,106,0.05907,3743.4717037,0
1771906200000000,63326.3,63407.46,63000.87,63045.9,0.22771,1771906499999999,14386.616746,49,0.03253,2054.1606711,0
1771906500000000,63000.0,63000.0,62917.1,62961.16,0.48524,1771906799999999,30569.3547685,96,0.02123,1337.0198057,0
1771906800000000,62996.37,63359.5,62996.37,63296.78,0.0531,1771907099999999,3353.3949368,18,0.0528,3334.4262434,0
1771907100000000,63149.69,63197.61,63149.69,63197.61,0.00032,1771907399999999,20.215568,2,0.0,0.0,0
1771907400000000,63136.11,63148.36,62991.17,63148.36,0.02742,1771907699999999,1727.486818,18,0.00092,58.0964912,0
1771907700000000,63176.77,63288.16,63176.77,63288.16,0.0199,1771907999999999,1258.4695292,6,0.01974,1248.3461068,0
1771908000000000,63288.48,63335.99,63288.16,63335.99,0.01353,1771908299999999,856.5839257,7,0.00726,459.7671113,0
1771908300000000,63341.4,63365.85,63333.78,63333.78,0.03569,1771908599999999,2261.4289008,5,0.00381,241.330734,0
1771908600000000,63281.42,63281.42,63273.79,63273.79,0.00169,1771908899999999,106.944379,2,0.00153,96.8205726,0
1771908900000000,63243.93,63512.61,63240.18,63512.61,0.05676,1771909199999999,3596.5997784,28,0.05078,3218.324866,0
1771909200000000,63339.18,63339.18,63289.77,63289.77,0.00048,1771909499999999,30.3910992,3,0.0,0.0,0
1771909500000000,63412.48,63512.3,63412.48,63464.81,0.0395,1771909799999999,2506.631587,11,0.03918,2486.322955,0
1771909800000000,63492.33,63527.44,63482.31,63502.85,0.03063,1771910099999999,1945.2042041,8,0.03047,1935.0432233,0
1771910100000000,63423.9,63477.11,63261.36,63261.36,0.02425,1771910399999999,1537.9038762,15,0.02287,1450.4900964,0
1771910400000000,63201.97,63241.88,62698.83,62698.95,0.38235,1771910699999999,24034.3899254,92,0.09049,5690.1616582,0
1771910700000000,62730.57,62868.35,62713.01,62814.58,0.46537,1771910999999999,29229.5286132,112,0.14594,9166.2871866,0
1771911000000000,62812.54,62981.75,62715.5,62918.42,0.69026,1771911299999999,43353.6540713,190,0.20062,12608.7491274,0
1771911300000000,62937.42,63282.66,62895.03,62913.45,0.5432,1771911599999999,34300.5069706,66,0.43061,27218.022449,0
1771911600000000,62949.21,62949.21,62916.68,62916.68,0.00069,1771911899999999,43.4173887,2,0.00069,43.4173887,0
1771911900000000,62957.2,62997.08,62957.2,62997.08,0.00551,1771912199999999,347.0784062,4,0.00503,316.8514702,0
1771912200000000,62992.34,63058.19,62992.34,63058.19,0.00589,1771912499999999,371.3532762,3,0.00496,312.7686224,0
1771912500000000,63058.19,63058.19,63058.19,63058.19,0.0,1771912799999999,0.0,0,0.0,0.0,0
1771912800000000,63070.39,63111.26,62887.56,62887.56,0.08529,1771913099999999,5378.0169721,29,0.05718,3605.4355662,0
1771913100000000,62926.47,63146.1,62921.8,63146.1,0.09782,1771913399999999,6162.900732,17,0.06347,4001.3240209,0
1771913400000000,63207.36,63265.04,63092.23,63092.23,0.08685,1771913699999999,5482.4642698,25,0.02562,1618.8208378,0
1771913700000000,63155.5,63221.48,63121.56,63193.63,0.18111,1771913999999999,11444.6954776,43,0.03023,1909.9002364,0
1771914000000000,63220.53,63254.35,63193.47,63254.35,0.00589,1771914299999999,372.3769381,5,0.00541,342.0326997,0
1771914300000000,63263.04,63296.23,63160.43,63160.43,0.02867,1771914599999999,1812.6370803,9,0.02819,1782.2836355,0
1771914600000000,63198.47,63301.24,63198.47,63301.24,0.02717,1771914899999999,1717.7244658,9,0.02701,1707.6088818,0
1771914900000000,63293.72,63293.72,63196.49,63239.6,0.00048,1771915199999999,30.3567696,3,0.0,0.0,0
1771915200000000,63295.24,63295.25,63278.5,63278.5,0.08516,1771915499999999,5390.22001,18,0.0,0.0,0
1771915500000000,63167.39,63205.9,63100.0,63205.9,0.11716,1771915799999999,7400.0594702,35,0.01233,778.6327929,0
1771915800000000,63188.89,63189.06,63027.96,63027.96,0.04603,1771916099999999,2904.1691263,19,0.01346,849.2210464,0
1771916100000000,63008.82,63078.25,62930.97,63078.25,0.02582,1771916399999999,1627.8004096,36,0.01004,632.4796888,0
1771916400000000,63063.9,63135.54,62922.63,62922.63,0.01013,1771916699999999,638.9910752,13,0.00708,446.7038722,0
1771916700000000,62921.89,63272.08,62907.88,63254.72,0.1079,1771916999999999,6813.6778872,37,0.08137,5136.9831109,0
1771917000000000,63271.31,63356.76,63232.66,63340.75,0.02304,1771917299999999,1458.1149076,15,0.02272,1437.8581684,0
1771917300000000,63322.65,63322.65,63199.61,63199.61,0.01059,1771917599999999,669.9212043,5,0.01027,649.6814555,0
1771917600000000,63188.05,63472.8,63169.16,63236.4,0.17685,1771917899999999,11216.5875117,14,0.17637,11186.2525341,0
1771917900000000,63231.26,63285.67,63205.21,63285.67,0.02161,1771918199999999,1366.8477287,9,0.02113,1336.4981943,0
1771918200000000,63268.54,63268.54,63205.08,63205.08,0.01045,1771918499999999,661.044153,5,0.00997,630.687745,0
1771918500000000,63210.95,63210.95,63210.95,63210.95,0.00016,1771918799999999,10.113752,1,0.0,0.0,0
1771918800000000,63190.6,63190.6,63095.48,63106.78,0.00566,1771919099999999,357.156998,7,0.00476,300.3344848,0
1771919100000000,63057.34,63057.34,63015.46,63015.46,0.00955,1771919399999999,601.9349104,8,0.00891,561.5977952,0
1771919400000000,63083.5,63083.5,63040.8,63053.37,0.07995,1771919699999999,5041.0702051,19,0.00483,304.4967723,0
1771919700000000,63149.93,63166.17,63149.93,63166.17,0.01076,1771919999999999,679.5834923,3,0.01076,679.5834923,0
1771920000000000,63160.33,63166.12,63039.91,63124.43,0.11696,1771920299999999,7376.047392,33,0.01305,824.1367649,0
1771920300000000,63130.81,63142.1,63093.33,63120.75,0.11291,1771920599999999,7126.9616105,26,0.01471,928.4977457,0
1771920600000000,63211.39,63248.08,63211.39,63222.69,0.01964,1771920899999999,1241.876941,7,0.01916,1211.5260962,0
1771920900000000,63212.54,63212.54,63159.39,63202.1,0.00076,1771921199999999,48.021789,4,0.00026,16.4352604,0
1771921200000000,63184.22,63299.0,63184.22,63299.0,0.0251,1771921499999999,1587.3282462,6,0.01999,1264.2502644,0
1771921500000000,63286.42,63286.42,63213.83,63236.68,0.00762,1771921799999999,481.8218269,10,0.00499,315.5510332,0
1771921800000000,63325.55,63406.34,63325.55,63393.98,0.02481,1771922099999999,1571.8636615,6,0.01929,1222.1249091,0
1771922100000000,63297.34,63378.68,63283.38,63378.68,0.01656,1771922399999999,1048.7205393,6,0.0164,1038.5929649,0
1771922400000000,63386.62,63389.17,63335.53,63335.53,0.00921,1771922699999999,583.7862848,5,0.00889,563.5104208,0
1771922700000000,63390.78,63415.22,63348.59,63364.47,0.09934,1771922999999999,6293.6637147,25,0.00661,419.0526486,0
1771923000000000,63345.92,63345.92,63345.92,63345.92,0.00016,1771923299999999,10.1353472,1,0.0,0.0,0
1771923300000000,63398.64,63419.17,63398.64,63419.17,0.01088,1771923599999999,689.8932363,4,0.01072,679.7490379,0
1771923600000000,63377.54,63385.51,63346.58,63346.58,0.0065,1771923899999999,411.9214034,4,0.00618,391.6455442,0
1771923900000000,63333.53,63333.53,63252.39,63252.39,0.00147,1771924199999999,93.0760248,4,0.00099,62.6965416,0
1771924200000000,63252.39,63278.97,63252.39,63278.97,0.01833,1771924499999999,1159.5050859,4,0.00334,211.3517598,0
1771924500000000,63260.26,63260.26,63197.76,63197.76,0.00781,1771924799999999,493.917122,7,0.00749,473.6838388,0
1771924800000000,63171.4,63171.4,63171.4,63171.4,0.00099,1771925099999999,62.539686,1,0.00099,62.539686,0
1771925100000000,63130.01,63171.4,63130.01,63163.57,0.03582,1771925399999999,2262.216643,11,0.02104,1328.543351,0
1771925400000000,63145.51,63145.51,63112.93,63112.94,0.03741,1771925699999999,2361.6264121,10,0.01115,703.7349575,0
1771925700000000,63007.05,63051.51,63007.05,63051.51,0.00354,1771925999999999,223.0522983,3,0.00338,212.9640567,0
1771926000000000,63100.78,63167.92,63100.78,63167.92,0.00089,1771926299999999,56.2127348,2,0.00089,56.2127348,0
1771926300000000,63064.57,63064.57,63064.57,63064.57,0.0008,1771926599999999,50.451656,1,0.0008,50.451656,0
1771926600000000,63255.32,63255.43,63255.32,63255.43,0.00625,1771926899999999,395.3463165,3,0.00625,395.3463165,0
1771926900000000,63239.26,63239.26,63239.26,63239.26,9e-05,1771927199999999,5.6915334,1,9e-05,5.6915334,0
1771927200000000,63226.08,63226.08,63172.66,63175.34,0.0048,1771927499999999,303.2479492,10,0.00038,24.0066292,0
1771927500000000,63169.48,63169.48,63169.48,63169.48,0.00016,1771927799999999,10.1071168,1,0.0,0.0,0
1771927800000000,63169.48,63169.48,63169.48,63169.48,0.0,1771928099999999,0.0,0,0.0,0.0,0
1771928100000000,63211.5,63249.0,63169.48,63249.0,0.0095,1771928399999999,600.1295064,4,0.0,0.0,0
1771928400000000,63262.74,63262.74,63262.74,63262.74,0.00079,1771928699999999,49.9775646,1,0.00079,49.9775646,0
1771928700000000,63274.3,63274.3,63270.01,63270.01,0.0017,1771928999999999,107.5597034,2,0.00154,97.4358154,0
1771929000000000,63272.16,63349.77,63200.05,63200.05,0.01762,1771929299999999,1115.2212744,9,0.01698,1074.7485448,0
1771929300000000,63252.76,63252.76,63184.73,63184.73,0.00332,1771929599999999,209.7905852,3,0.0,0.0,0
1771929600000000,63184.73,63184.73,63184.73,63184.73,0.0,1771929899999999,0.0,0,0.0,0.0,0
1771929900000000,63184.73,63184.73,63184.73,63184.73,0.0,1771930199999999,0.0,0,0.0,0.0,0
1771930200000000,63206.62,63341.44,63206.62,63334.21,0.12871,1771930499999999,8147.2174774,12,0.02629,1663.3360442,0
1771930500000000,63299.02,63299.02,63299.02,63299.02,0.00016,1771930799999999,10.1278432,1,0.0,0.0,0
1771930800000000,63295.31,63295.31,63295.31,63295.31,0.00031,1771931099999999,19.6215461,1,0.00031,19.6215461,0
1771931100000000,63232.34,63295.31,63209.8,63213.17,0.03245,1771931399999999,2052.9463573,14,0.02617,1655.4654921,0
1771931400000000,63193.8,63193.8,63193.8,63193.8,0.00016,1771931699999999,10.111008,1,0.0,0.0,0
1771931700000000,63197.47,63197.47,63197.47,63197.47,0.00016,1771931999999999,10.1115952,1,0.0,0.0,0
1771932000000000,63197.43,63197.43,63155.27,63176.17,0.0069,1771932299999999,435.8153106,3,0.00674,425.7037218,0
1771932300000000,63182.81,63184.46,63163.47,63184.46,0.00332,1771932599999999,209.7640988,3,0.0,0.0,0
1771932600000000,63114.45,63114.45,63047.6,63050.0,0.00151,1771932899999999,95.21418,3,0.0,0.0,0
1771932900000000,63126.44,63234.97,63089.87,63234.97,0.00899,1771933199999999,568.0104131,7,0.00867,547.8158035,0
1771933200000000,63220.02,63237.59,63181.74,63181.74,0.01764,1771933499999999,1115.1617338,13,0.01576,996.349324,0
1771933500000000,63181.74,63200.35,63167.45,63200.35,0.00996,1771933799999999,629.3399382,4,0.00498,314.737743,0
1771933800000000,63200.35,63200.35,63200.35,63200.35,0.0,1771934099999999,0.0,0,0.0,0.0,0
1771934100000000,63200.35,63200.35,63189.3,63189.3,0.00048,1771934399999999,30.334179,2,0.0,0.0,0
1771934400000000,63133.23,63133.23,63133.23,63133.23,0.00016,1771934699999999,10.1013168,1,0.0,0.0,0
1771934700000000,63189.05,63200.29,63189.05,63200.29,0.00515,1771934999999999,325.4796951,2,0.00499,315.3694471,0
1771935000000000,63200.29,63200.29,63200.29,63200.29,0.0,1771935299999999,0.0,0,0.0,0.0,0
1771935300000000,63263.59,63318.96,63242.31,63280.99,0.00818,1771935599999999,517.5968421,5,0.0053,335.4555845,0
1771935600000000,63244.7,63254.73,63244.7,63254.73,0.00285,1771935899999999,180.2487992,2,0.00271,171.393137,0
1771935900000000,63324.01,63459.02,63324.01,63459.02,0.03493,1771936199999999,2213.9188022,8,0.03493,2213.9188022,0
1771936200000000,63302.91,63305.03,63265.43,63305.03,0.00237,1771936499999999,150.0233227,5,0.00195,123.4448085,0
1771936500000000,63240.65,63240.65,63129.06,63129.06,0.0054,1771936799999999,340.9402952,11,0.0,0.0,0
1771936800000000,63105.09,63128.04,63105.09,63128.04,0.0034,1771937099999999,214.617026,4,0.00306,193.1612954,0
1771937100000000,63050.0,63071.02,63022.31,63022.31,0.00628,1771937399999999,395.965832,5,0.00187,117.928371,0
1771937400000000,63047.14,63047.14,63009.0,63009.0,0.00427,1771937699999999,269.1811572,3,0.0,0.0,0
1771937700000000,62992.61,62992.61,62992.61,62992.61,0.00184,1771937999999999,115.9064024,1,0.00184,115.9064024,0
1771938000000000,62992.61,63026.74,62938.26,62938.26,0.00892,1771938299999999,562.0865123,7,0.00559,352.298316,0
1771938300000000,62963.25,62963.25,62959.32,62959.32,0.00095,1771938599999999,59.8120614,2,0.00077,48.4786764,0
1771938600000000,63086.97,63086.97,63086.97,63086.97,0.00064,1771938899999999,40.3756608,2,0.00041,25.8656577,0
1771938900000000,63080.61,63080.61,63046.5,63062.33,0.01159,1771939199999999,730.8216272,4,0.01159,730.8216272,0
1771939200000000,63001.16,63018.87,62897.69,62899.19,0.01297,1771939499999999,816.6448043,8,0.00749,471.9233176,0
1771939500000000,62986.67,62986.67,62986.67,62986.67,0.00077,1771939799999999,48.4997359,1,0.00077,48.4997359,0
1771939800000000,62883.44,62920.88,62526.8,62707.81,0.05005,1771940099999999,3139.3151985,35,0.01814,1136.6550072,0
1771940100000000,62675.14,62970.06,62643.56,62970.06,0.24845,1771940399999999,15574.9323884,64,0.07226,4534.3217117,0
1771940400000000,62977.24,63272.25,62974.34,62974.34,0.06775,1771940699999999,4275.8642313,16,0.06759,4265.7883369,0
1771940700000000,62920.41,62993.99,62920.41,62955.97,0.01846,1771940999999999,1162.1438129,5,0.0118,742.8570527,0
1771941000000000,62936.44,62936.44,62936.44,62936.44,0.00463,1771941299999999,291.3957172,1,0.00463,291.3957172,0
1771941300000000,62938.89,62938.89,62922.24,62922.24,0.002,1771941599999999,125.849475,2,0.002,125.849475,0
1771941600000000,62905.0,62905.0,62804.56,62804.56,0.00413,1771941899999999,259.735998,4,0.0008,50.301264,0
1771941900000000,62936.57,62936.57,62936.57,62936.57,0.0001,1771942199999999,6.293657,1,0.0001,6.293657,0
1771942200000000,62939.22,62939.54,62939.22,62939.54,0.00234,1771942499999999,147.2784308,2,0.00234,147.2784308,0
1771942500000000,62895.55,62895.55,62841.88,62841.88,0.0046,1771942799999999,289.1574466,2,0.0,0.0,0
1771942800000000,62934.65,62934.65,62934.05,62934.05,0.025,1771943099999999,1573.35755,3,0.0,0.0,0
1771943100000000,63023.81,63045.45,63003.41,63003.41,0.01377,1771943399999999,867.843878,7,0.00732,461.4718835,0
1771943400000000,62936.57,62936.57,62936.57,62936.57,0.0001,1771943699999999,6.293657,1,0.0001,6.293657,0
1771943700000000,62859.69,63100.78,62859.69,63100.78,0.0125,1771943999999999,786.0091265,6,0.0125,786.0091265,0
1771944000000000,63167.79,63362.08,63167.79,63340.59,0.02626,1771944299999999,1662.9291837,10,0.02594,1642.6844045,0
1771944300000000,63347.0,63664.25,63347.0,63573.64,0.03283,1771944599999999,2082.3933882,21,0.01938,1230.1528078,0
1771944600000000,63504.95,63854.89,63497.4,63715.53,0.00384,1771944899999999,244.4090674,25,0.00184,117.1379604,0
1771944900000000,63614.33,63620.1,63442.63,63479.28,0.00858,1771945199999999,545.2071182,25,0.00672,427.0659839,0
1771945200000000,63430.5,63572.97,63340.26,63476.12,0.10922,1771945499999999,6939.0969678,32,0.10589,6727.983508,0
1771945500000000,63412.42,63552.3,63412.42,63552.3,0.00354,1771945799999999,224.7453821,8,0.00195,123.8506499,0
1771945800000000,63575.14,63575.15,63528.26,63528.26,0.00605,1771946099999999,384.5958878,4,0.00533,338.8555406,0
1771946100000000,63587.44,63763.62,63587.44,63763.62,0.00625,1771946399999999,397.4934215,5,0.00577,366.9144519,0
1771946400000000,63731.39,63928.31,63731.39,63928.31,0.00865,1771946699999999,551.4217289,6,0.00865,551.4217289,0
1771946700000000,63928.31,63928.31,63928.31,63928.31,0.0,1771946999999999,0.0,0,0.0,0.0,0
1771947000000000,63899.65,63962.26,63899.65,63952.16,0.00364,1771947299999999,232.6203944,4,0.00348,222.3864328,0
1771947300000000,63952.16,63952.16,63952.16,63952.16,0.0,1771947599999999,0.0,0,0.0,0.0,0
1771947600000000,63804.59,63837.2,63746.22,63746.22,0.00649,1771947899999999,414.0113288,5,0.00364,232.3330298,0
1771947900000000,63815.96,63815.96,63802.57,63802.57,0.00017,1771948199999999,10.847642,2,9e-05,5.7434364,0
1771948200000000,63802.57,63802.57,63802.57,63802.57,0.0,1771948499999999,0.0,0,0.0,0.0,0
1771948500000000,63996.11,64000.93,63982.05,63982.05,0.00155,1771948799999999,99.196032,4,0.00155,99.196032,0
1771948800000000,64162.91,64405.91,64162.91,64372.3,0.01892,1771949099999999,1216.0723422,8,0.01892,1216.0723422,0
1771949100000000,64294.69,64313.31,64200.01,64275.56,0.00273,1771949399999999,175.4650873,12,0.00273,175.4650873,0
1771949400000000,64095.11,64262.35,64068.43,64196.51,0.0073,1771949699999999,468.4372925,16,0.00676,433.7523475,0
1771949700000000,64233.6,64233.6,64039.13,64112.32,0.00098,1771949999999999,62.8440263,9,0.00098,62.8440263,0
1771950000000000,64149.48,64211.01,64071.44,64071.44,0.02417,1771950299999999,1551.0625401,14,0.02417,1551.0625401,0
1771950300000000,64071.34,64146.66,63928.31,64017.76,0.01706,1771950599999999,1093.5539319,17,0.01676,1074.3611009,0
1771950600000000,63994.43,63994.43,63749.82,63800.99,0.00587,1771950899999999,374.786958,14,0.00533,340.2956488,0
1771950900000000,63838.08,63949.34,63780.3,63943.57,0.00204,1771951199999999,130.2467231,13,0.00204,130.2467231,0
1771951200000000,64024.25,64122.12,64024.25,64122.12,0.01432,1771951499999999,917.5658652,16,0.01432,917.5658652,0
1771951500000000,64089.34,64089.34,63934.95,63934.95,0.00936,1771951799999999,599.0589377,16,0.00618,395.6808109,0
1771951800000000,63904.51,63961.81,63848.24,63932.56,0.01947,1771952099999999,1244.3713614,16,0.00888,567.6159495,0
1771952100000000,63970.43,64314.83,63970.43,64314.83,0.00358,1771952399999999,229.828865,14,0.00358,229.828865,0
1771952400000000,64302.15,64314.86,64208.45,64314.86,0.0089,1771952699999999,571.8275495,14,0.0089,571.8275495,0
1771952700000000,64314.86,64516.85,64314.86,64415.14,0.02341,1771952999999999,1508.8206753,24,0.02289,1475.3645149,0
1771953000000000,64468.7,64497.14,64387.37,64467.05,0.00212,1771953299999999,136.6074334,11,0.00212,136.6074334,0
1771953300000000,64402.23,64402.23,64265.83,64314.59,0.01665,1771953599999999,1071.296518,12,0.01665,1071.296518,0
1771953600000000,64262.64,64354.11,64233.6,64354.11,0.01788,1771953899999999,1148.8081014,17,0.01772,1138.5181686,0
1771953900000000,64321.04,64321.04,64163.36,64189.38,0.00147,1771954199999999,94.4463213,12,0.00096,61.7152779,0
1771954200000000,64213.68,64227.84,64193.04,64227.84,0.0006,1771954499999999,38.5263992,5,0.0006,38.5263992,0
1771954500000000,64194.3,64268.56,64172.87,64268.56,0.00058,1771954799999999,37.2392331,5,0.00058,37.2392331,0
1771954800000000,64237.65,64270.04,64183.71,64183.71,0.0018,1771955099999999,115.6246486,6,0.0018,115.6246486,0
1771955100000000,64145.79,64225.53,64145.79,64201.5,0.00074,1771955399999999,47.4862877,6,0.00074,47.4862877,0
1771955400000000,64181.92,64316.82,64087.81,64168.01,0.03252,1771955699999999,2088.958483,14,0.03252,2088.958483,0
1771955700000000,64135.35,64292.62,64135.35,64266.82,0.00119,1771955999999999,76.4095263,10,0.0011,70.6261623,0
1771956000000000,64266.82,64506.53,64266.82,64294.54,0.03259,1771956299999999,2099.4105311,20,0.02575,1659.6704339,0
1771956300000000,64260.81,64315.32,64214.21,64221.6,0.00125,1771956599999999,80.3033627,10,0.00125,80.3033627,0
1771956600000000,64198.02,64230.89,63984.32,63986.81,0.01327,1771956899999999,850.3514231,20,0.00215,137.8012469,0
1771956900000000,64011.97,64256.41,63999.69,64256.41,0.0014,1771957199999999,89.6999194,12,0.001,64.1000434,0
1771957200000000,64296.39,64370.94,64296.39,64344.07,0.00181,1771957499999999,116.4300739,11,0.00181,116.4300739,0
1771957500000000,64324.11,64344.07,64323.92,64339.24,0.0007,1771957799999999,45.0353505,6,0.0007,45.0353505,0
1771957800000000,64342.21,64429.64,64342.21,64401.61,0.00807,1771958099999999,519.8242229,8,0.00122,78.5756504,0
1771958100000000,64386.33,64395.41,64358.04,64359.97,0.00159,1771958399999999,102.3584174,8,0.00159,102.3584174,0
1771958400000000,64359.97,64359.97,64359.97,64359.97,0.0,1771958699999999,0.0,0,0.0,0.0,0
1771958700000000,64359.97,64359.97,64359.97,64359.97,0.0,1771958999999999,0.0,0,0.0,0.0,0
1771959000000000,64359.97,64359.97,64359.97,64359.97,0.0,1771959299999999,0.0,0,0.0,0.0,0
1771959300000000,64359.97,64359.97,64359.97,64359.97,0.0,1771959599999999,0.0,0,0.0,0.0,0
1771959600000000,64538.4,64578.49,64538.4,64547.43,0.00482,1771959899999999,311.2429928,5,0.00482,311.2429928,0
1771959900000000,64631.27,64659.75,64631.27,64659.75,0.0003,1771960199999999,19.3925138,2,0.0003,19.3925138,0
1771960200000000,64538.4,64538.4,64359.97,64359.97,0.00401,1771960499999999,258.1227192,6,9e-05,5.8080618,0
1771960500000000,64314.86,64314.86,64314.86,64314.86,0.00019,1771960799999999,12.2198234,1,0.0,0.0,0
1771960800000000,64304.95,64304.95,64304.95,64304.95,0.00078,1771961099999999,50.157861,1,0.00078,50.157861,0
1771961100000000,64390.33,64390.33,64390.33,64390.33,0.00091,1771961399999999,58.5952003,1,0.00091,58.5952003,0
1771961400000000,64357.92,64390.33,64357.92,64390.33,0.01127,1771961699999999,725.5661149,4,0.00989,636.7074595,0
1771961700000000,64401.48,64401.48,64392.57,64392.57,0.00189,1771961999999999,121.7048085,3,0.0,0.0,0
1771962000000000,64564.11,64564.13,64545.91,64564.13,0.0352,1771962299999999,2272.5665808,7,0.01163,750.7900639,0
1771962300000000,64508.19,64508.19,64465.99,64465.99,0.0049,1771962599999999,315.896011,2,0.0003,19.352457,0
1771962600000000,64508.17,64508.17,64462.18,64462.18,0.03061,1771962899999999,1974.5278844,9,0.00188,121.2753596,0
1771962900000000,64509.1,64509.1,64509.1,64509.1,9e-05,1771963199999999,5.805819,1,9e-05,5.805819,0
1771963200000000,64479.62,64479.62,64479.62,64479.62,0.00047,1771963499999999,30.3054214,1,0.00047,30.3054214,0
1771963500000000,64498.56,64560.35,64498.56,64560.35,0.02277,1771963799999999,1469.0813469,8,0.02277,1469.0813469,0
1771963800000000,64382.86,64382.86,64382.86,64382.86,0.00027,1771964099999999,17.3833722,1,0.00027,17.3833722,0
1771964100000000,64519.02,64519.02,64478.69,64478.69,0.00137,1771964399999999,88.3668594,2,0.00137,88.3668594,0
1771964400000000,64516.69,64516.69,64516.69,64516.69,0.00014,1771964699999999,9.0323366,1,0.00014,9.0323366,0
1771964700000000,64519.02,64519.02,64518.93,64518.93,0.0004,1771964999999999,25.8075828,2,0.0004,25.8075828,0
1771965000000000,64512.38,64581.95,64490.38,64581.95,0.00532,1771965299999999,343.2086164,6,0.00532,343.2086164,0
1771965300000000,64533.36,64535.9,64533.36,64535.9,0.00546,1771965599999999,352.3560826,2,0.00155,100.030645,0
1771965600000000,64543.71,64602.17,64543.71,64602.17,0.02097,1771965899999999,1353.9329562,7,0.02097,1353.9329562,0
1771965900000000,64516.92,64535.9,64515.18,64515.18,0.00219,1771966199999999,141.3111328,3,0.00115,74.1937968,0
1771966200000000,64515.18,64515.18,64515.18,64515.18,0.0,1771966499999999,0.0,0,0.0,0.0,0
1771966500000000,64515.18,64515.18,64515.18,64515.18,0.0,1771966799999999,0.0,0,0.0,0.0,0
1771966800000000,64417.29,64417.29,64262.41,64262.41,0.0019,1771967099999999,122.25798,3,0.00165,106.1768895,0
1771967100000000,64219.16,64278.34,64219.16,64278.34,0.00665,1771967399999999,427.1025464,4,0.00665,427.1025464,0
1771967400000000,64278.34,64278.34,64278.34,64278.34,0.0,1771967699999999,0.0,0,0.0,0.0,0
1771967700000000,64175.73,64175.73,63954.5,63954.5,0.01938,1771967999999999,1239.8450554,8,0.0,0.0,0
1771968000000000,64082.54,64082.54,64082.54,64082.54,9e-05,1771968299999999,5.7674286,1,9e-05,5.7674286,0
1771968300000000,64063.09,64063.09,63891.97,63891.97,0.00923,1771968599999999,590.486381,8,0.00477,305.375685,0
1771968600000000,63905.41,63905.41,63905.41,63905.41,0.00181,1771968899999999,115.6687921,1,0.0,0.0,0
1771968900000000,64019.18,64024.78,64019.18,64024.78,0.00907,1771969199999999,580.6583802,3,0.00907,580.6583802,0
1771969200000000,64024.78,64024.78,64024.78,64024.78,0.0,1771969499999999,0.0,0,0.0,0.0,0
1771969500000000,64024.78,64024.78,64024.78,64024.78,0.0,1771969799999999,0.0,0,0.0,0.0,0
1771969800000000,64015.9,64015.9,64015.9,64015.9,0.00018,1771970099999999,11.522862,1,0.0,0.0,0
1771970100000000,64015.9,64015.9,64015.9,64015.9,0.0,1771970399999999,0.0,0,0.0,0.0,0
1771970400000000,64103.21,64140.12,64103.21,64140.12,0.00374,1771970699999999,239.855259,2,0.00374,239.855259,0
1771970700000000,64140.12,64140.12,64140.12,64140.12,0.0,1771970999999999,0.0,0,0.0,0.0,0
1771971000000000,64207.4,64207.4,64207.4,64207.4,0.00076,1771971299999999,48.797624,1,0.00076,48.797624,0
1771971300000000,64207.4,64207.4,64174.27,64174.27,0.00707,1771971599999999,453.8518975,3,0.0,0.0,0
1771971600000000,64174.27,64174.27,64174.27,64174.27,0.0,1771971899999999,0.0,0,0.0,0.0,0
1771971900000000,64174.72,64189.38,64174.72,64189.38,0.00302,1771972199999999,193.8205802,3,0.00302,193.8205802,0
1771972200000000,64189.38,64189.38,64189.38,64189.38,0.0,1771972499999999,0.0,0,0.0,0.0,0
1771972500000000,64137.84,64147.99,64114.07,64147.99,0.01217,1771972799999999,780.5779635,6,0.00608,390.0180812,0
1771972800000000,64147.99,64147.99,64147.99,64147.99,0.0,1771973099999999,0.0,0,0.0,0.0,0
1771973100000000,64147.99,64147.99,64147.99,64147.99,0.0,1771973399999999,0.0,0,0.0,0.0,0
1771973400000000,64115.44,64115.44,64051.64,64051.64,0.00089,1771973699999999,57.0525336,2,0.00073,46.8042712,0
1771973700000000,64130.61,64130.61,64130.61,64130.61,0.00029,1771973999999999,18.5978769,1,0.00029,18.5978769,0
1771974000000000,64130.61,64130.61,64130.61,64130.61,0.0,1771974299999999,0.0,0,0.0,0.0,0
1771974300000000,63946.95,63965.44,63919.94,63919.94,0.00301,1771974599999999,192.4874272,3,0.00301,192.4874272,0
1771974600000000,63919.94,63919.94,63919.94,63919.94,0.0,1771974899999999,0.0,0,0.0,0.0,0
1771974900000000,63919.94,63919.94,63919.94,63919.94,0.0,1771975199999999,0.0,0,0.0,0.0,0
1771975200000000,63919.94,63919.94,63919.94,63919.94,0.0,1771975499999999,0.0,0,0.0,0.0,0
1771975500000000,63919.94,63919.94,63919.94,63919.94,0.0,1771975799999999,0.0,0,0.0,0.0,0
1771975800000000,63919.94,63919.94,63919.94,63919.94,0.0,1771976099999999,0.0,0,0.0,0.0,0
1771976100000000,64264.96,64264.96,64264.96,64264.96,9e-05,1771976399999999,5.7838464,1,9e-05,5.7838464,0
1771976400000000,64264.96,64264.96,64264.96,64264.96,0.0,1771976699999999,0.0,0,0.0,0.0,0
1771976700000000,64264.96,64264.96,64264.96,64264.96,0.0,1771976999999999,0.0,0,0.0,0.0,0
1771977000000000,64139.19,64139.19,64139.19,64139.19,9e-05,1771977299999999,5.7725271,1,9e-05,5.7725271,0
1771977300000000,64139.19,64139.19,64139.19,64139.19,0.0,1771977599999999,0.0,0,0.0,0.0,0
1771977600000000,64139.19,64139.19,64139.19,64139.19,0.0,1771977899999999,0.0,0,0.0,0.0,0
1771977900000000,64139.19,64139.19,64139.19,64139.19,0.0,1771978199999999,0.0,0,0.0,0.0,0
1771978200000000,64139.19,64139.19,64139.19,64139.19,0.0,1771978499999999,0.0,0,0.0,0.0,0
1771978500000000,64139.19,64139.19,64139.19,64139.19,0.0,1771978799999999,0.0,0,0.0,0.0,0
1771978800000000,64096.7,64096.7,64096.7,64096.7,0.00014,1771979099999999,8.973538,1,0.00014,8.973538,0
1771979100000000,64005.21,64005.21,64005.21,64005.21,0.00022,1771979399999999,14.0811462,1,0.00022,14.0811462,0
1771979400000000,64005.21,64005.21,64005.21,64005.21,0.0,1771979699999999,0.0,0,0.0,0.0,0
1771979700000000,64005.21,64005.21,64005.21,64005.21,0.0,1771979999999999,0.0,0,0.0,0.0,0
1771980000000000,64005.21,64005.21,64005.21,64005.21,0.0,1771980299999999,0.0,0,0.0,0.0,0
1771980300000000,64245.29,64245.29,64199.91,64224.3,0.00732,1771980599999999,470.0340443,5,0.00732,470.0340443,0
1771980600000000,64296.39,64296.39,64296.39,64296.39,0.0001,1771980899999999,6.429639,1,0.0001,6.429639,0
1771980900000000,64314.86,64314.86,64314.86,64314.86,0.0002,1771981199999999,12.862972,1,0.0002,12.862972,0
1771981200000000,64320.53,64320.53,64320.53,64320.53,0.00078,1771981499999999,50.1700134,1,0.00078,50.1700134,0
1771981500000000,64320.53,64320.53,64320.53,64320.53,0.0,1771981799999999,0.0,0,0.0,0.0,0
1771981800000000,64517.85,65945.99,64517.85,65589.87,0.02526,1771982099999999,1653.8507122,40,0.02328,1523.6478001,0
1771982100000000,65650.15,65958.92,65650.15,65806.47,0.03003,1771982399999999,1973.4573913,13,0.02973,1953.7099903,0
1771982400000000,65958.92,66305.0,65958.92,66019.87,0.03372,1771982699999999,2230.3351612,26,0.03062,2025.3616972,0
1771982700000000,66201.51,66208.69,65991.93,65991.93,0.01851,1771982999999999,1222.2281534,15,0.0,0.0,0
1771983000000000,66132.31,66132.31,66028.19,66037.36,0.0006,1771983299999999,39.6393975,4,0.0,0.0,0
1771983300000000,66037.36,66216.73,66024.47,66196.18,0.00193,1771983599999999,127.6787011,7,0.00102,67.50069,0
1771983600000000,66054.72,66054.72,65912.55,65912.55,0.00262,1771983899999999,173.0165061,5,0.00198,130.7883456,0
1771983900000000,65910.06,65910.06,65910.06,65910.06,0.00221,1771984199999999,145.6612326,1,0.00221,145.6612326,0
1771984200000000,66035.51,66035.51,65925.68,65925.68,0.0008,1771984499999999,52.7605525,3,0.0,0.0,0
1771984500000000,65893.13,65969.8,65893.13,65941.74,0.00599,1771984799999999,395.1388787,5,0.00554,365.4681782,0
1771984800000000,66085.21,66095.75,65980.13,65989.14,0.00993,1771985099999999,655.3164415,26,0.0,0.0,0
1771985100000000,65988.28,66296.36,65953.31,66140.43,0.02957,1771985399999999,1955.73724,22,0.02705,1788.9249853,0
1771985400000000,66101.53,66277.67,66101.53,66245.28,0.02394,1771985699999999,1584.4942219,11,0.02319,1534.8470509,0
1771985700000000,66257.58,66257.58,66133.52,66133.52,0.00135,1771985999999999,89.367951,9,0.0,0.0,0
1771986000000000,66208.41,66208.41,66113.84,66113.84,0.0012,1771986299999999,79.395165,8,0.0,0.0,0
1771986300000000,66093.67,66186.84,66078.07,66132.5,0.00667,1771986599999999,441.1454911,13,0.00486,321.4542024,0
1771986600000000,66169.02,66169.02,65959.52,65964.74,0.25295,1771986899999999,16697.6749946,104,0.03119,2060.9293689,0
1771986900000000,66030.84,66030.84,65975.52,65976.69,0.0012,1771987199999999,79.2048825,8,0.0,0.0,0
1771987200000000,65958.33,65958.33,65907.28,65953.39,0.03992,1771987499999999,2631.6401753,18,0.02847,1876.7272423,0
1771987500000000,65969.18,65979.39,65947.59,65948.87,0.00759,1771987799999999,500.5625167,11,0.00632,416.7901268,0
1771987800000000,65998.06,65998.06,65916.56,65974.56,0.00744,1771988099999999,490.4633464,8,0.00654,431.0969524,0
1771988100000000,65959.92,65959.92,65884.57,65907.14,0.00502,1771988399999999,330.9185709,15,0.0,0.0,0
1771988400000000,65916.62,65928.07,65824.44,65843.43,0.01612,1771988699999999,1061.4525083,17,0.00984,647.8781246,0
1771988700000000,65878.56,65944.97,65735.82,65877.83,0.58269,1771988999999999,38371.1172706,140,0.02035,1340.7773488,0
1771989000000000,65895.37,65895.37,65824.72,65824.72,0.52439,1771989299999999,34529.5166986,127,0.00899,591.945538,0
1771989300000000,65828.42,65845.74,65577.19,65577.19,0.45512,1771989599999999,29924.9808973,133,0.17528,11515.7910032,0
1771989600000000,65623.03,65686.21,65511.39,65561.12,0.11995,1771989899999999,7869.2531333,54,0.00998,654.599528,0
1771989900000000,65560.33,65653.67,65557.86,65597.29,0.17472,1771990199999999,11459.8928463,71,0.01481,971.020899,0
1771990200000000,65578.42,65615.81,65516.82,65568.5,0.14919,1771990499999999,9779.8364776,54,0.0,0.0,0
1771990500000000,65546.83,65546.83,65386.0,65474.26,0.01718,1771990799999999,1124.8609329,17,0.01502,983.4452217,0
1771990800000000,65455.92,65480.62,65427.32,65439.84,0.03092,1771991099999999,2023.750454,10,0.03047,1994.295437,0
1771991100000000,65466.64,65550.65,65388.02,65394.7,0.03744,1771991399999999,2451.0723616,25,0.03209,2100.8851791,0
1771991400000000,65408.01,65506.44,65370.68,65449.44,0.00622,1771991699999999,406.7127611,9,0.00502,328.1608136,0
1771991700000000,65429.5,65455.38,65380.4,65395.71,0.0027,1771991999999999,176.562769,8,0.0,0.0,0
1771992000000000,65385.66,65385.66,65142.41,65162.2,0.00599,1771992299999999,390.5953662,23,0.0,0.0,0
1771992300000000,65320.08,65370.24,65292.11,65317.25,0.00737,1771992599999999,481.2972474,9,0.00662,432.3055749,0
1771992600000000,65352.5,65512.92,65352.5,65428.56,0.02353,1771992899999999,1538.9525774,12,0.02213,1447.3240679,0
1771992900000000,65451.61,65541.38,65376.7,65515.3,0.02695,1771993199999999,1764.1914543,14,0.02575,1685.6646693,0
1771993200000000,65526.38,65607.89,65526.38,65593.1,0.01114,1771993499999999,730.677935,12,0.01008,661.1769004,0
1771993500000000,65570.75,65571.54,65539.07,65571.54,0.0053,1771993799999999,347.524173,3,0.005,327.8577,0
1771993800000000,65603.62,65603.62,65603.62,65603.62,0.00015,1771994099999999,9.840543,1,0.0,0.0,0
1771994100000000,65585.67,65585.67,65550.96,65583.86,0.00558,1771994399999999,365.9487948,5,0.00498,326.6076228,0
1771994400000000,65615.78,65616.06,65615.78,65616.06,0.00025,1771994699999999,16.403973,2,0.0001,6.561606,0
1771994700000000,65630.86,65630.86,65557.3,65557.3,0.0009,1771994999999999,59.0359365,6,0.0,0.0,0
1771995000000000,65529.04,65529.04,65467.45,65467.45,0.00557,1771995299999999,364.6738295,5,0.00497,325.3732265,0
1771995300000000,65448.31,65448.31,65427.95,65427.95,0.0004,1771995599999999,26.175969,3,0.0,0.0,0
1771995600000000,65464.86,65464.86,65414.16,65448.17,0.01258,1771995899999999,823.0885543,9,0.00481,314.7001663,0
1771995900000000,65468.02,65507.62,65468.02,65494.17,0.01563,1771996199999999,1023.4065888,7,0.01503,984.1134483,0
1771996200000000,65464.15,65464.15,65328.54,65328.54,0.00135,1771996499999999,88.2839445,9,0.0,0.0,0
1771996500000000,65345.1,65359.99,65331.7,65331.7,0.00207,1771996799999999,135.2705505,5,0.00147,96.064206,0
1771996800000000,65309.83,65318.91,65183.73,65184.17,0.00194,1771997099999999,126.5905479,13,0.0,0.0,0
1771997100000000,65208.05,65258.0,65176.37,65176.37,0.0234,1771997399999999,1526.1392674,25,0.01016,662.5482664,0
1771997400000000,65236.61,65236.61,64917.9,65046.43,0.09913,1771997699999999,6442.6821105,60,0.01494,972.4685599,0
1771997700000000,65024.88,65048.66,64819.53,64901.79,0.1562,1771997999999999,10143.94243,61,0.09494,6165.1033868,0
1771998000000000,64884.93,64884.93,64743.12,64853.27,0.19192,1771998299999999,12439.3898928,63,0.01314,851.5217373,0
1771998300000000,64836.62,64952.79,64773.85,64896.24,0.01213,1771998599999999,787.6349939,11,0.01078,700.0688864,0
1771998600000000,64944.86,64964.55,64929.15,64929.15,0.00714,1771998899999999,463.8195355,6,0.00654,424.84996,0
1771998900000000,64908.89,64932.85,64853.44,64853.44,0.02382,1771999199999999,1545.6566638,11,0.02322,1506.7272148,0
1771999200000000,64885.13,64919.84,64872.94,64900.66,0.00217,1771999499999999,140.8015438,6,0.0,0.0,0
1771999500000000,64986.43,64990.36,64957.57,64959.33,0.00447,1771999799999999,290.3794791,5,0.0,0.0,0
1771999800000000,64991.7,64991.7,64975.06,64975.06,0.0003,1772000099999999,19.495014,2,0.0,0.0,0
1772000100000000,64990.04,64990.04,64917.17,64938.72,0.0009,1772000399999999,58.458621,6,0.0,0.0,0
1772000400000000,65066.65,65091.67,65066.65,65091.67,0.00024,1772000699999999,15.619749,2,0.0,0.0,0
1772000700000000,65070.91,65070.91,65039.51,65039.51,0.00045,1772000999999999,29.2737405,3,0.0,0.0,0
1772001000000000,65020.26,65092.11,65020.26,65077.68,0.01189,1772001299999999,773.7918557,6,0.01149,747.7698002,0
1772001300000000,65063.44,65065.43,65043.79,65065.43,0.00096,1772001599999999,62.4592683,3,0.00066,42.9431838,0
1772001600000000,65091.11,65155.38,65091.11,65102.69,0.00965,1772001899999999,628.5251323,5,0.00935,608.9960623,0
1772001900000000,65102.69,65102.69,65102.69,65102.69,0.0,1772002199999999,0.0,0,0.0,0.0,0
1772002200000000,64986.21,64986.21,64912.4,64912.4,0.0012,1772002499999999,77.9336265,8,0.0,0.0,0
1772002500000000,64896.64,64896.64,64873.39,64887.56,0.00045,1772002799999999,29.1986385,3,0.0,0.0,0
1772002800000000,64907.46,64907.46,64859.75,64877.73,0.0006,1772003099999999,38.928456,4,0.0,0.0,0
1772003100000000,64858.78,64858.78,64804.49,64804.49,0.0003,1772003399999999,19.4494905,2,0.0,0.0,0
1772003400000000,64958.63,65059.41,64958.63,65059.41,0.0003,1772003699999999,19.502706,2,0.0,0.0,0
1772003700000000,65018.53,65195.0,65018.53,65114.62,0.04524,1772003999999999,2946.507684,13,0.03011,1960.148062,0
1772004000000000,65099.32,65144.23,65039.55,65144.23,0.01261,1772004299999999,820.7085016,6,0.01246,810.9525691,0
1772004300000000,65064.37,65064.37,65051.23,65051.23,0.00238,1772004599999999,154.8512296,2,0.00223,145.0935451,0
1772004600000000,65163.08,65163.08,65163.08,65163.08,0.00015,1772004899999999,9.774462,1,0.0,0.0,0
1772004900000000,65094.98,65094.98,65030.51,65039.96,0.11333,1772005199999999,7372.0231048,29,0.00499,324.5022449,0
1772005200000000,65022.01,65022.01,64879.61,64924.54,0.03073,1772005499999999,1994.8626435,19,0.00972,631.0881598,0
1772005500000000,64946.91,64970.36,64946.91,64963.7,0.01191,1772005799999999,773.6673356,5,0.01176,763.9217816,0
1772005800000000,65002.32,65073.65,64995.61,65020.37,0.05069,1772006099999999,3296.269672,14,0.05054,3286.5166165,0
1772006100000000,65041.67,65041.67,65023.22,65033.9,0.00045,1772006399999999,29.2648185,3,0.0,0.0,0
1772006400000000,65032.93,65053.09,64980.02,64990.56,0.01267,1772006699999999,824.0564518,8,0.01177,765.5502463,0
1772006700000000,65038.28,65038.28,65038.28,65038.28,0.00015,1772006999999999,9.755742,1,0.0,0.0,0
1772007000000000,65034.49,65170.11,65028.42,65132.62,0.05791,1772007299999999,3768.8233701,16,0.05791,3768.8233701,0
1772007300000000,65076.17,65076.17,65076.17,65076.17,0.00149,1772007599999999,96.9634933,1,0.00149,96.9634933,0
1772007600000000,65076.17,65076.17,65076.17,65076.17,0.0,1772007899999999,0.0,0,0.0,0.0,0
1772007900000000,65216.53,65216.53,65216.53,65216.53,0.00031,1772008199999999,20.2171243,1,0.00031,20.2171243,0
1772008200000000,65213.34,65268.76,65213.34,65268.76,0.02519,1772008499999999,1643.3826836,10,0.02519,1643.3826836,0
1772008500000000,65319.22,65447.5,65292.15,65447.5,0.02885,1772008799999999,1886.0031754,9,0.0287,1876.2093529,0
1772008800000000,65433.63,65433.63,65433.63,65433.63,0.00592,1772009099999999,387.3670896,2,0.00503,329.1311589,0
1772009100000000,65393.06,65456.2,65393.06,65456.2,0.0003,1772009399999999,19.627389,2,0.0,0.0,0
1772009400000000,65454.22,65541.2,65400.46,65541.2,0.0389,1772009699999999,2546.9431943,12,0.03505,2295.1475638,0
1772009700000000,65550.59,65550.59,65531.57,65548.01,0.00783,1772009999999999,513.1290638,5,0.00774,507.2295107,0
1772010000000000,65528.24,65528.24,65528.24,65528.24,0.00015,1772010299999999,9.829236,1,0.0,0.0,0
1772010300000000,65558.24,65558.24,65558.24,65558.24,0.00015,1772010599999999,9.833736,1,0.0,0.0,0
1772010600000000,65589.87,65664.74,65528.24,65568.32,0.01767,1772010899999999,1158.4314173,8,0.01757,1151.8785933,0
1772010900000000,65547.12,65566.77,65543.05,65543.05,0.01413,1772011199999999,926.2385841,5,0.01413,926.2385841,0
1772011200000000,65586.61,65631.53,65586.61,65631.53,0.00276,1772011499999999,181.0235356,2,0.00266,174.4603826,0
1772011500000000,65530.71,65530.71,65524.57,65524.57,0.00025,1772011799999999,16.3820635,2,0.0001,6.552457,0
1772011800000000,65530.0,65530.0,65479.23,65479.23,0.0315,1772012099999999,2064.1349379,6,0.0,0.0,0
1772012100000000,65486.9,65486.9,65449.3,65449.5,0.00149,1772012399999999,97.525153,4,0.00119,77.884675,0
1772012400000000,65465.3,65506.91,65445.3,65506.91,0.01044,1772012699999999,683.5973461,5,0.01019,667.2330211,0
1772012700000000,65509.52,65509.52,65509.52,65509.52,0.00496,1772012999999999,324.9272192,1,0.00496,324.9272192,0
1772013000000000,65546.7,65567.24,65546.7,65567.24,0.00354,1772013299999999,232.1049486,2,0.00339,222.2729436,0
1772013300000000,65539.22,65561.78,65539.22,65561.78,0.00396,1772013599999999,259.5386952,2,0.0,0.0,0
1772013600000000,65597.39,65597.39,65501.27,65501.27,0.00198,1772013899999999,129.7172461,4,0.00155,101.5269685,0
1772013900000000,65493.08,65548.53,65493.08,65530.98,0.01963,1772014199999999,1286.1244506,6,0.01963,1286.1244506,0
1772014200000000,65536.62,65571.23,65536.62,65571.23,0.00024,1772014499999999,15.7319037,2,9e-05,5.9014107,0
1772014500000000,65616.06,65616.06,65489.56,65489.56,0.05144,1772014799999999,3370.9721999,17,0.0001,6.561606,0
1772014800000000,65489.52,65489.52,65401.02,65401.02,0.00452,1772015099999999,295.9147233,7,0.00382,250.1022378,0
1772015100000000,65379.56,65399.71,65379.56,65394.74,0.01014,1772015399999999,663.0675846,4,0.00984,643.4514396,0
1772015400000000,65384.61,65384.61,65384.61,65384.61,0.00062,1772015699999999,40.5384582,1,0.00062,40.5384582,0
1772015700000000,65410.73,65410.73,65381.67,65381.67,0.0003,1772015999999999,19.61886,2,0.0,0.0,0
1772016000000000,65381.67,65381.67,65381.67,65381.67,0.0,1772016299999999,0.0,0,0.0,0.0,0
1772016300000000,65418.5,65476.11,65418.5,65476.11,0.01071,1772016599999999,700.8241234,3,0.01071,700.8241234,0
1772016600000000,65476.11,65476.11,65476.11,65476.11,0.0,1772016899999999,0.0,0,0.0,0.0,0
1772016900000000,65389.79,65389.79,65381.67,65389.79,0.00776,1772017199999999,507.3887988,4,0.00333,217.7480007,0
1772017200000000,65372.59,65372.59,65354.16,65354.16,0.00237,1772017499999999,154.9302738,2,0.00222,145.1271498,0
1772017500000000,65274.98,65274.98,65202.42,65254.22,0.06881,1772017799999999,4489.9812108,23,0.00999,651.6652548,0
1772017800000000,65304.26,65345.48,65281.08,65281.08,0.00195,1772018099999999,127.3931952,6,0.00165,107.8045422,0
1772018100000000,65252.02,65252.02,65224.55,65236.33,0.00061,1772018399999999,39.792863,4,0.0,0.0,0
1772018400000000,65333.72,65384.67,65333.72,65367.02,0.0057,1772018699999999,372.6020151,4,0.0054,352.9892616,0
1772018700000000,65340.16,65362.88,65340.16,65362.88,0.00111,1772018999999999,72.5482428,3,0.00081,52.9439328,0
1772019000000000,65362.88,65362.88,65362.88,65362.88,0.0,1772019299999999,0.0,0,0.0,0.0,0
1772019300000000,65404.92,65428.19,65404.92,65428.19,0.00236,1772019599999999,154.3591017,2,0.00221,144.5448732,0
1772019600000000,65463.79,65463.79,65405.4,65439.55,0.00851,1772019899999999,556.7904305,5,0.00821,537.160052,0
1772019900000000,65423.07,65439.55,65410.61,65410.61,0.04109,1772020199999999,2688.6758637,8,0.01234,807.2888012,0
1772020200000000,65401.36,65437.16,65401.36,65437.16,0.00045,1772020499999999,29.441352,2,0.0003,19.631148,0
1772020500000000,65382.37,65440.77,65382.37,65440.77,0.00857,1772020799999999,560.4100559,3,0.00842,550.5939404,0
1772020800000000,65473.99,65473.99,65441.42,65441.42,0.0003,1772021099999999,19.6373115,2,0.0,0.0,0
1772021100000000,65404.12,65430.71,65353.56,65430.71,0.00067,1772021399999999,43.8127084,4,0.0,0.0,0
1772021400000000,65495.98,65495.98,65495.98,65495.98,0.00031,1772021699999999,20.3037538,1,0.00031,20.3037538,0
1772021700000000,65500.24,65755.55,65500.24,65693.81,0.17392,1772021999999999,11399.6918409,27,0.06322,4147.6302472,0
1772022000000000,65713.2,65904.58,65713.2,65771.77,0.05257,1772022299999999,3461.3029032,22,0.05109,3363.9391005,0
1772022300000000,65790.52,65790.52,65754.72,65771.2,0.0006,1772022599999999,39.4633065,4,0.0,0.0,0
1772022600000000,65819.32,65819.32,65763.23,65796.87,0.00546,1772022899999999,359.2487457,4,0.00501,329.6423187,0
1772022900000000,65857.97,66330.35,65777.25,65777.25,0.53957,1772023199999999,35647.6265569,44,0.53882,35598.2561914,0
1772023200000000,65860.78,65860.78,65821.48,65837.12,0.2729,1772023499999999,17972.5716994,38,0.0059,388.4855866,0
1772023500000000,65858.37,65985.71,65858.37,65985.71,0.04136,1772023799999999,2726.5856517,14,0.04106,2706.8250522,0
1772023800000000,66038.42,66219.15,66025.4,66158.71,0.07598,1772024099999999,5021.4009648,26,0.07463,4932.1552518,0
1772024100000000,66128.55,66141.17,66024.16,66077.56,0.02353,1772024399999999,1554.5146701,14,0.02293,1514.8717791,0
1772024400000000,66041.88,66236.82,66041.88,66118.82,0.09135,1772024699999999,6040.9633769,30,0.0903,5971.5348524,0
1772024700000000,66116.17,66267.14,66112.61,66129.56,0.02366,1772024999999999,1566.6081749,11,0.02291,1516.9724369,0
1772025000000000,66102.41,66102.41,66067.65,66091.06,0.0043,1772025299999999,284.2327655,3,0.00021,13.8791226,0
1772025300000000,66063.51,66112.06,66063.51,66112.06,0.00531,1772025599999999,351.0420006,3,0.00501,331.2214206,0
1772025600000000,66094.78,66118.37,66094.78,66118.37,0.0003,1772025899999999,19.8319725,2,0.0,0.0,0
1772025900000000,66195.58,66217.73,66195.49,66217.73,0.01084,1772026199999999,717.6638891,5,0.01084,717.6638891,0
1772026200000000,66172.16,66172.16,66172.16,66172.16,0.00072,1772026499999999,47.6439552,1,0.00072,47.6439552,0
1772026500000000,66190.95,66288.38,66190.95,66288.38,0.01089,1772026799999999,721.241212,4,0.01074,711.297955,0
1772026800000000,66300.4,66398.42,66300.4,66313.1,0.00598,1772027099999999,396.5549622,5,0.00583,386.5951992,0
1772027100000000,66438.24,66687.94,66362.52,66687.94,0.03774,1772027399999999,2509.6815854,14,0.03774,2509.6815854,0
1772027400000000,66651.89,66651.89,66342.69,66342.69,0.00085,1772027699999999,56.503103,6,0.0,0.0,0
1772027700000000,66313.12,66313.12,66257.88,66267.77,0.00074,1772027999999999,49.0509188,6,0.00014,9.2800043,0
1772028000000000,66236.82,66334.58,66236.82,66334.58,0.00746,1772028299999999,494.6499653,4,0.00727,482.0649695,0
1772028300000000,66430.06,66477.91,66430.06,66477.91,0.01998,1772028599999999,1327.7708968,5,0.01998,1327.7708968,0
1772028600000000,66501.0,66501.0,66501.0,66501.0,0.00022,1772028899999999,14.63022,1,0.00022,14.63022,0
1772028900000000,66515.59,66517.36,66491.89,66495.87,0.00303,1772029199999999,201.49246,5,0.00288,191.514856,0
1772029200000000,66562.68,66562.68,66548.48,66548.48,0.00034,1772029499999999,22.6291812,2,0.00019,12.6469092,0
1772029500000000,66593.37,66593.37,66581.69,66581.69,0.00202,1772029799999999,134.5168554,2,0.0,0.0,0
1772029800000000,66581.65,66783.12,66507.99,66588.96,0.08981,1772030099999999,5985.8721195,37,0.07109,4739.6191705,0
1772030100000000,66566.77,66566.77,66250.94,66250.94,0.01643,1772030399999999,1090.4825919,42,0.00961,637.9694979,0
1772030400000000,66250.27,66466.06,66236.82,66265.45,0.01112,1772030699999999,737.7453112,22,0.00729,483.6541827,0
1772030700000000,66401.87,66867.38,66401.87,66805.69,0.01117,1772030999999999,743.4483204,11,0.01027,683.4359289,0
1772031000000000,66885.34,66901.65,66719.88,66719.88,0.02097,1772031299999999,1402.1817682,10,0.01108,741.0242969,0
1772031300000000,66847.98,67215.76,66801.39,67215.76,0.11828,1772031599999999,7938.1616505,28,0.11671,7833.1146562,0
1772031600000000,66989.96,67225.42,66982.23,67135.35,0.04864,1772031899999999,3265.4843177,39,0.04216,2830.5111675,0
1772031900000000,67124.41,67124.41,66816.67,66857.56,0.14438,1772032199999999,9654.647681,35,0.13321,8907.860482,0
1772032200000000,66857.56,66861.73,66801.67,66856.08,0.03011,1772032499999999,2012.8991008,9,0.0253,1691.4888532,0
1772032500000000,66985.34,67017.27,66858.54,66858.54,0.04089,1772032799999999,2737.9003648,19,0.01898,1270.2498126,0
1772032800000000,66824.27,66904.45,66765.32,66904.45,0.0439,1772033099999999,2932.7424641,18,0.0439,2932.7424641,0
1772033100000000,66914.23,67006.71,66914.23,67006.71,0.01833,1772033399999999,1227.9294079,6,0.01833,1227.9294079,0
1772033400000000,67219.23,67321.86,67219.23,67321.86,0.00307,1772033699999999,206.6582331,3,0.00307,206.6582331,0
1772033700000000,67339.65,67454.48,67339.65,67454.48,0.00666,1772033999999999,448.6073932,4,0.00666,448.6073932,0
1772034000000000,67335.35,67535.06,67335.35,67535.06,0.08066,1772034299999999,5439.0892285,18,0.03601,2427.2466965,0
1772034300000000,67549.42,67553.99,67515.68,67515.68,0.01128,1772034599999999,761.9281539,5,0.01128,761.9281539,0
1772034600000000,67348.9,67361.14,67348.36,67361.14,0.00239,1772034899999999,160.9901384,3,0.00215,144.826451,0
1772034900000000,67311.7,67311.7,67311.7,67311.7,0.00021,1772035199999999,14.135457,1,0.00021,14.135457,0
1772035200000000,67506.3,67543.76,67465.54,67465.54,0.02415,1772035499999999,1630.3050814,8,0.02272,1533.8007878,0
1772035500000000,67549.28,67586.46,67465.42,67465.42,0.01365,1772035799999999,922.2472128,5,0.01349,911.4527456,0
1772035800000000,67660.72,67785.82,67626.21,67785.82,0.02336,1772036099999999,1581.8255197,8,0.02336,1581.8255197,0
1772036100000000,67666.19,67876.92,67666.19,67876.92,0.01185,1772036399999999,802.2326433,6,0.01185,802.2326433,0
1772036400000000,67882.25,68017.21,67882.25,68016.98,0.02346,1772036699999999,1594.61048,9,0.02346,1594.61048,0
1772036700000000,68054.03,68081.51,68016.03,68066.16,0.0895,1772036999999999,6092.1737941,23,0.02475,1683.8960216,0
1772037000000000,68066.16,68066.16,68066.16,68066.16,0.0,1772037299999999,0.0,0,0.0,0.0,0
1772037300000000,67988.72,67988.72,67988.15,67988.15,0.05973,1772037599999999,4060.9376373,2,0.0,0.0,0
1772037600000000,67928.45,67928.45,67928.45,67928.45,0.00042,1772037899999999,28.529949,1,0.00042,28.529949,0
1772037900000000,67969.01,68100.0,67969.01,68100.0,0.00369,1772038199999999,251.2706614,2,0.0,0.0,0
1772038200000000,68126.19,68126.19,68052.94,68079.0,0.02132,1772038499999999,1451.4612052,5,0.02062,1403.8241472,0
1772038500000000,68052.94,68367.94,68052.94,68278.68,0.09335,1772038799999999,6366.2653807,25,0.04491,3067.3994101,0
1772038800000000,68340.43,68510.82,68340.43,68468.12,0.05735,1772039099999999,3924.3564892,14,0.05735,3924.3564892,0
1772039100000000,68121.6,68236.59,68067.52,68236.59,0.00093,1772039399999999,63.3676305,5,0.00068,46.3236993,0
1772039400000000,68484.57,68637.6,68484.57,68637.6,0.01341,1772039699999999,919.3108634,7,0.01105,757.4483846,0
1772039700000000,68592.97,68593.95,68335.15,68335.15,0.01128,1772039999999999,773.2143875,7,0.01128,773.2143875,0
1772040000000000,68371.37,68705.49,68371.37,68705.49,0.00334,1772040299999999,229.0165488,15,0.00304,208.4250438,0
1772040300000000,68719.9,68719.9,68577.15,68609.28,0.00397,1772040599999999,272.3889077,13,0.00382,262.0891742,0
1772040600000000,68628.81,68700.51,68478.29,68541.11,0.01859,1772040899999999,1275.1257863,16,0.00739,507.3667538,0
1772040900000000,68541.11,68681.35,68541.11,68556.9,0.02254,1772041199999999,1546.3638068,12,0.01756,1204.3306838,0
1772041200000000,68752.96,68776.28,68750.69,68760.19,0.01648,1772041499999999,1133.1933865,5,0.01648,1133.1933865,0
1772041500000000,68841.14,68841.14,68736.03,68758.27,0.0052,1772041799999999,357.598597,5,0.0052,357.598597,0
1772041800000000,68849.66,68853.07,68710.3,68756.32,0.00819,1772042099999999,563.6640817,8,0.00759,522.4003065,0
1772042100000000,68747.99,68747.99,68616.22,68742.22,0.00675,1772042399999999,463.7532338,14,0.00496,340.8351296,0
1772042400000000,68697.37,68697.37,68393.25,68478.64,0.01227,1772042699999999,840.093176,17,0.01031,705.7498196,0
1772042700000000,68471.84,68758.75,68471.84,68758.75,0.00139,1772042999999999,95.3547723,11,0.0,0.0,0
1772043000000000,68759.71,68922.01,68759.71,68922.01,0.00802,1772043299999999,552.4348312,16,0.0067,461.5327778,0
1772043300000000,68874.73,68983.06,68793.26,68833.09,0.00838,1772043599999999,576.9351779,17,0.00669,460.5716104,0
1772043600000000,68833.14,69076.8,68833.14,69008.5,0.01396,1772043899999999,962.4828167,20,0.01191,821.1092666,0
1772043900000000,68957.01,69460.75,68957.01,69378.16,0.0414,1772044199999999,2870.9509736,32,0.03973,2755.4393169,0
1772044200000000,69365.68,69446.34,69280.44,69328.65,0.13035,1772044499999999,9033.6726091,24,0.02465,1709.413726,0
1772044500000000,69381.15,69500.0,69381.15,69500.0,0.0949,1772044799999999,6594.0347251,9,0.09453,6568.336553,0
1772044800000000,69441.66,69568.56,69432.97,69484.4,0.02214,1772045099999999,1539.6040531,15,0.01898,1319.7998379,0
1772045100000000,69381.16,69381.16,69381.16,69381.16,0.0002,1772045399999999,13.876232,1,0.0,0.0,0
1772045400000000,69387.95,69502.37,69386.22,69386.22,0.04481,1772045699999999,3109.3258231,7,0.00112,77.7125664,0
1772045700000000,69346.71,69381.12,69340.92,69381.12,0.20903,1772045999999999,14495.2599949,9,0.10378,7196.5130316,0
1772046000000000,69381.12,69381.12,69105.41,69105.41,0.00856,1772046299999999,593.025231,12,0.0,0.0,0
1772046300000000,69222.56,69223.06,69025.77,69075.61,0.05235,1772046599999999,3619.7806206,27,0.03783,2616.2956411,0
1772046600000000,69065.29,69065.29,68835.38,68954.17,0.00409,1772046899999999,281.8811741,22,0.00029,19.9996441,0
1772046900000000,68950.86,69017.75,68950.86,68998.61,0.00352,1772047199999999,242.8217475,9,0.00196,135.2159712,0
1772047200000000,69074.95,69074.95,69003.85,69003.86,0.00182,1772047499999999,125.6858387,3,0.00182,125.6858387,0
1772047500000000,68970.47,69012.57,68970.47,68989.43,0.11726,1772047799999999,8089.715055,6,0.0014,96.563894,0
1772047800000000,68857.41,68860.17,68857.41,68860.17,0.0003,1772048099999999,20.657637,2,0.0,0.0,0
1772048100000000,68967.17,68967.17,68904.58,68904.58,0.00339,1772048399999999,233.7774459,5,0.0031,213.7897822,0
1772048400000000,68901.23,68941.17,68876.97,68941.17,0.00114,1772048699999999,78.5607059,4,0.00084,57.8939759,0
1772048700000000,68912.57,69203.21,68909.83,69014.29,0.09432,1772048999999999,6518.5933222,14,0.09417,6508.2564367,0
1772049000000000,69092.07,69092.07,69030.45,69030.45,0.00028,1772049299999999,19.3371528,2,0.0,0.0,0
1772049300000000,69050.05,69088.12,69050.05,69088.12,0.01447,1772049599999999,999.3670399,5,0.01447,999.3670399,0
1772049600000000,69100.58,69100.58,68949.07,68980.34,0.00364,1772049899999999,251.1390016,6,0.00141,97.2181887,0
1772049900000000,69003.65,69014.29,68905.06,68970.39,0.00184,1772050199999999,126.9365553,9,0.00138,95.2168466,0
1772050200000000,68932.85,68932.85,68683.04,68692.14,0.02239,1772050499999999,1540.0366464,20,0.00396,272.0465761,0
1772050500000000,68789.93,68789.93,68773.06,68774.87,0.00363,1772050799999999,249.6490098,3,0.0,0.0,0
1772050800000000,68774.87,68774.87,68774.87,68774.87,0.0,1772051099999999,0.0,0,0.0,0.0,0
1772051100000000,68862.46,68882.01,68846.41,68846.41,0.10641,1772051399999999,7325.9993875,4,0.0014,96.434814,0
1772051400000000,68909.89,69208.59,68909.89,69208.59,0.01601,1772051699999999,1103.7066366,6,0.01587,1094.0447424,0
1772051700000000,69153.24,69153.24,69052.34,69052.34,0.00319,1772051999999999,220.5019716,2,0.00223,154.2117252,0
1772052000000000,69170.21,69181.04,69170.21,69181.04,0.0035,1772052299999999,242.0985637,3,0.0035,242.0985637,0
1772052300000000,69227.98,69431.98,69227.98,69300.25,0.00106,1772052599999999,73.5364168,5,0.00092,63.8343818,0
1772052600000000,69314.97,69315.42,69314.97,69315.42,0.00743,1772052899999999,515.0128011,3,0.00671,465.1056987,0
1772052900000000,69221.84,69227.15,69221.84,69227.15,0.00091,1772053199999999,62.9928833,3,0.00091,62.9928833,0
1772053200000000,69181.73,69207.63,69178.2,69207.63,0.00209,1772053499999999,144.6165165,3,0.00195,134.9315685,0
1772053500000000,69244.6,69244.6,69244.6,69244.6,0.00433,1772053799999999,299.829118,1,0.00433,299.829118,0
1772053800000000,69173.32,69173.32,69100.96,69100.96,0.00358,1772054099999999,247.6339732,2,0.00349,241.4148868,0
1772054100000000,69100.96,69100.96,69100.96,69100.96,0.0,1772054399999999,0.0,0,0.0,0.0,0
1772054400000000,69032.15,69032.15,69032.15,69032.15,0.00092,1772054699999999,63.509578,2,0.00092,63.509578,0
1772054700000000,69003.03,69044.13,68889.07,68889.07,0.00255,1772054999999999,175.7435493,4,0.00022,15.1897086,0
1772055000000000,68851.0,69227.98,68847.69,69227.98,0.01481,1772055299999999,1020.9323893,11,0.01412,973.4086687,0
1772055300000000,69290.5,70027.62,69290.5,69692.68,0.10261,1772055599999999,7150.2861287,48,0.09921,6912.8602349,0
1772055600000000,69379.02,69399.3,69227.98,69227.98,0.00221,1772055899999999,153.2997888,4,0.00029,20.125797,0
1772055900000000,69247.05,69247.05,69100.96,69100.96,0.00019,1772056199999999,13.1437914,2,0.0,0.0,0
1772056200000000,69114.9,69122.96,69075.23,69075.23,0.0065,1772056499999999,449.2889008,4,0.0065,449.2889008,0
1772056500000000,68889.07,68992.97,68889.07,68992.97,0.00386,1772056799999999,266.2747726,5,0.00368,253.87474,0
1772056800000000,68963.49,69021.2,68963.49,69021.2,0.0137,1772057099999999,945.0984542,5,0.007,483.0430712,0
1772057100000000,69065.01,69095.85,69055.72,69074.64,0.07923,1772057399999999,5474.0379229,20,0.01997,1379.4178519,0
1772057400000000,69170.19,69171.0,69170.19,69171.0,0.00638,1772057699999999,441.3086472,2,0.00638,441.3086472,0
1772057700000000,69057.02,69057.02,68937.21,68955.18,0.00241,1772057999999999,166.2509958,3,0.00241,166.2509958,0
1772058000000000,68955.18,68955.18,68955.18,68955.18,0.00099,1772058299999999,68.2656282,1,0.00099,68.2656282,0
1772058300000000,68955.18,68955.18,68955.18,68955.18,0.00196,1772058599999999,135.1521528,1,0.0,0.0,0
1772058600000000,68813.39,68813.39,68813.39,68813.39,0.00042,1772058899999999,28.9016238,1,0.00042,28.9016238,0
1772058900000000,68780.6,68780.6,68763.16,68763.16,0.00217,1772059199999999,149.217278,2,0.00217,149.217278,0
1772059200000000,68630.4,68630.4,68438.42,68455.43,0.00527,1772059499999999,361.0444575,12,0.00175,119.8880919,0
1772059500000000,68515.78,68515.78,68515.78,68515.78,0.00073,1772059799999999,50.0165194,1,0.00073,50.0165194,0
1772059800000000,68441.58,68441.58,68107.05,68192.33,0.03703,1772060099999999,2525.2263292,16,0.03611,2462.4203863,0
1772060100000000,68395.67,68395.67,68395.67,68395.67,0.00073,1772060399999999,49.9288391,1,0.00073,49.9288391,0
1772060400000000,68395.67,68395.67,68395.67,68395.67,0.0,1772060699999999,0.0,0,0.0,0.0,0
1772060700000000,68551.81,68686.38,68551.81,68686.38,0.00365,1772060999999999,250.3954667,5,0.0035,240.0925097,0
1772061000000000,68583.35,68583.35,68583.35,68583.35,0.00112,1772061299999999,76.813352,2,0.00112,76.813352,0
1772061300000000,68409.05,68409.05,68409.05,68409.05,0.00015,1772061599999999,10.2613575,1,0.0,0.0,0
1772061600000000,68409.05,68409.05,68409.05,68409.05,0.0,1772061899999999,0.0,0,0.0,0.0,0
1772061900000000,68373.32,68373.32,68373.32,68373.32,0.00021,1772062199999999,14.3583972,1,0.00021,14.3583972,0
1772062200000000,68216.21,68216.21,68161.22,68184.38,0.00059,1772062499999999,40.2287236,3,0.00041,27.9498058,0
1772062500000000,68161.22,68246.63,68067.52,68067.52,0.00404,1772062799999999,275.3757073,5,0.0,0.0,0
1772062800000000,68016.05,68016.05,67811.58,67811.58,0.0897,1772063099999999,6099.5241447,29,0.0009,61.164909,0
1772063100000000,67830.3,67830.3,67830.3,67830.3,0.00045,1772063399999999,30.523635,1,0.00045,30.523635,0
1772063400000000,67830.3,67973.02,67830.3,67973.02,0.00066,1772063699999999,44.789406,2,0.00051,34.593453,0
1772063700000000,67973.02,67973.02,67973.02,67973.02,0.0,1772063999999999,0.0,0,0.0,0.0,0
1772064000000000,67845.93,67845.93,67845.93,67845.93,0.00059,1772064299999999,40.0290987,1,0.00059,40.0290987,0
1772064300000000,67845.93,67845.93,67845.93,67845.93,0.0,1772064599999999,0.0,0,0.0,0.0,0
1772064600000000,67845.93,67845.93,67845.93,67845.93,0.0,1772064899999999,0.0,0,0.0,0.0,0
1772064900000000,68216.21,68324.42,68216.21,68248.57,0.00508,1772065199999999,346.8749318,5,0.00225,153.5168232,0
1772065200000000,68406.96,68406.96,68375.87,68390.0,0.01568,1772065499999999,1072.3597067,4,0.01568,1072.3597067,0
1772065500000000,68390.0,68390.0,68390.0,68390.0,0.00297,1772065799999999,203.1183,2,0.0,0.0,0
1772065800000000,68329.64,68477.27,68329.64,68477.27,0.02486,1772066099999999,1700.5444863,7,0.02486,1700.5444863,0
1772066100000000,68467.17,68467.17,68298.73,68298.73,0.72692,1772066399999999,49755.4364074,137,0.0,0.0,0
1772066400000000,68117.26,68117.26,68067.52,68067.52,0.00024,1772066699999999,16.3436658,2,0.0,0.0,0
1772066700000000,68067.52,68067.52,68067.52,68067.52,0.0,1772066999999999,0.0,0,0.0,0.0,0
1772067000000000,68277.22,68277.22,68277.22,68277.22,0.0007,1772067299999999,47.794054,1,0.0007,47.794054,0
1772067300000000,68394.61,68398.16,68394.61,68398.16,0.0007,1772067599999999,47.87644,2,0.0007,47.87644,0
1772067600000000,68334.96,68334.96,68277.22,68277.22,0.00172,1772067899999999,117.4408602,2,7e-05,4.7834472,0
1772067900000000,68483.75,68688.95,68483.75,68687.48,0.03142,1772068199999999,2155.6851895,13,0.03127,2145.412627,0
1772068200000000,68687.48,68687.48,68687.48,68687.48,0.0,1772068499999999,0.0,0,0.0,0.0,0
1772068500000000,68586.0,68586.0,68586.0,68586.0,0.00296,1772068799999999,203.01456,1,0.00296,203.01456,0
1772068800000000,68491.36,68491.36,68479.41,68479.41,0.00083,1772069099999999,56.8397028,2,0.0,0.0,0
1772069100000000,68514.95,68514.95,68478.77,68479.36,0.00158,1772069399999999,108.1998348,3,0.0015,102.7186388,0
1772069400000000,68360.4,68366.48,68133.19,68335.8,0.74188,1772069699999999,50688.1618134,67,8e-05,5.4693184,0
1772069700000000,68342.41,68413.59,68341.7,68413.59,0.00358,1772069999999999,244.6797266,4,0.00022,15.0509898,0
1772070000000000,68449.54,68449.54,68449.54,68449.54,0.00015,1772070299999999,10.267431,1,0.0,0.0,0
1772070300000000,68341.7,68341.7,68341.7,68341.7,0.00141,1772070599999999,96.361797,1,0.0,0.0,0
1772070600000000,68275.66,68275.66,68275.66,68275.66,0.00088,1772070899999999,60.0825808,1,0.00088,60.0825808,0
1772070900000000,68275.66,68275.66,68275.66,68275.66,0.0,1772071199999999,0.0,0,0.0,0.0,0
1772071200000000,68067.52,68067.52,68029.29,68029.29,0.0013,1772071499999999,88.4805363,3,0.00106,72.150066,0
1772071500000000,67971.57,67985.98,67969.3,67985.98,0.0006,1772071799999999,40.786665,4,0.0,0.0,0
1772071800000000,68028.41,68028.41,67790.6,67845.36,0.00795,1772072099999999,539.7201178,20,0.00284,192.7315448,0
1772072100000000,67888.69,68129.6,67888.69,68065.84,0.0107,1772072399999999,728.1897486,11,0.00965,656.7725406,0
1772072400000000,68047.88,68047.88,67970.24,67986.21,0.0009,1772072699999999,61.2085095,6,0.0,0.0,0
1772072700000000,67959.16,67986.95,67929.97,67930.61,0.001,1772072999999999,67.958258,7,0.0,0.0,0
1772073000000000,68001.5,68112.92,67983.84,68078.87,0.1015,1772073299999999,6900.9225573,9,0.00485,330.0794085,0
1772073300000000,68063.1,68084.7,68002.13,68002.13,0.00089,1772073599999999,60.571119,5,0.00029,19.738299,0
1772073600000000,68044.85,68107.87,68027.1,68071.12,0.00117,1772073899999999,79.6424304,6,0.0,0.0,0
1772073900000000,68216.21,68251.34,68159.89,68161.87,0.00719,1772074199999999,490.3421534,11,0.00018,12.2789178,0
1772074200000000,68234.77,68271.06,68234.77,68271.06,0.02085,1772074499999999,1423.4413434,5,0.01749,1194.0505818,0
1772074500000000,68249.96,68324.42,68249.96,68300.8,0.00047,1772074799999999,32.0938646,4,0.00017,11.6112506,0
1772074800000000,68269.52,68376.34,68260.43,68318.83,0.03944,1772075099999999,2693.1627793,20,0.03794,2590.7031103,0
1772075100000000,68292.29,68292.29,68104.87,68104.87,0.00276,1772075399999999,188.1981783,18,0.0,0.0,0
1772075400000000,68067.52,68067.52,68067.52,68067.52,9e-05,1772075699999999,6.1260768,1,0.0,0.0,0
1772075700000000,68135.96,68183.91,68135.96,68183.91,0.00268,1772075999999999,182.7162784,8,0.00036,24.5462076,0
1772076000000000,68162.49,68162.49,68108.17,68108.17,0.00096,1772076299999999,65.4000927,6,0.0,0.0,0
1772076300000000,68155.4,68155.4,68105.64,68132.77,0.00118,1772076599999999,80.3947921,5,0.00058,39.5170066,0
1772076600000000,68114.5,68276.89,68085.4,68276.89,0.00816,1772076899999999,556.1412128,8,0.00732,498.8882813,0
1772076900000000,68268.04,68268.04,68155.01,68155.01,0.01297,1772077199999999,884.6668159,16,0.01117,761.8992214,0
1772077200000000,68264.02,68264.02,68264.02,68264.02,0.00015,1772077499999999,10.239603,1,0.0,0.0,0
1772077500000000,68245.86,68328.85,68245.86,68312.78,0.0008,1772077799999999,54.643082,4,0.00035,23.9150975,0
1772077800000000,68288.91,68292.07,68219.78,68219.78,0.00111,1772078099999999,75.7805532,6,0.00036,24.5851452,0
1772078100000000,68203.23,68226.98,68203.23,68226.98,0.0008,1772078399999999,54.5719105,4,0.00035,23.8759255,0
1772078400000000,68250.37,68261.94,68201.55,68261.94,0.0006,1772078699999999,40.9397655,4,0.0,0.0,0
1772078700000000,68333.92,68458.61,68333.92,68458.61,0.01332,1772078999999999,911.6094564,6,0.01317,901.3406649,0
1772079000000000,68545.11,68579.72,68493.32,68493.32,0.00351,1772079299999999,240.5845059,9,0.00246,168.6177534,0
1772079300000000,68582.29,68689.05,68582.29,68633.5,0.00598,1772079599999999,410.619425,8,0.00508,348.825776,0
1772079600000000,68605.94,68605.94,68417.81,68517.7,0.00404,1772079899999999,276.6156416,11,0.00071,48.6663698,0
1772079900000000,68612.95,68612.95,68584.19,68595.56,0.00045,1772080199999999,30.868905,3,0.0,0.0,0
1772080200000000,68774.14,68816.39,68755.18,68760.21,0.01323,1772080499999999,909.8944938,10,0.01248,858.3122388,0
1772080500000000,68730.14,68833.19,68730.14,68741.57,0.03212,1772080799999999,2209.789436,15,0.02546,1751.4843066,0
1772080800000000,68821.65,68821.65,68755.03,68755.03,0.0003,1772081099999999,20.636502,2,0.0,0.0,0
1772081100000000,68723.75,68723.75,68698.99,68698.99,0.0003,1772081399999999,20.613411,2,0.0,0.0,0
1772081400000000,68699.95,68699.95,68640.66,68658.54,0.00124,1772081699999999,85.1379384,6,0.00035,24.030489,0
1772081700000000,68641.63,68641.63,68585.17,68585.73,0.00413,1772081999999999,283.275766,6,0.00353,242.1072685,0
1772082000000000,68565.99,68565.99,68452.03,68452.03,0.00141,1772082299999999,96.6032142,8,0.00036,24.6557772,0
1772082300000000,68478.02,68478.02,68293.37,68293.37,0.0015,1772082599999999,102.576651,10,0.0,0.0,0
1772082600000000,68350.7,68355.55,68262.32,68314.75,0.00133,1772082899999999,90.8653927,8,0.0,0.0,0
1772082900000000,68302.2,68302.2,68169.45,68204.4,0.01702,1772083199999999,1160.7803864,12,0.01594,1087.0852091,0
1772083200000000,68275.55,68349.98,68247.26,68349.98,0.00547,1772083499999999,373.4240291,5,0.0048,327.665136,0
1772083500000000,68362.07,68401.38,68362.07,68379.61,0.00045,1772083799999999,30.771459,3,0.0,0.0,0
1772083800000000,68374.48,68374.48,68334.36,68346.21,0.00185,1772084099999999,126.44343,4,0.0014,95.684694,0
1772084100000000,68396.0,68397.09,68359.89,68397.09,0.00103,1772084399999999,70.4327682,6,0.00028,19.1511852,0
1772084400000000,68370.09,68370.09,68370.09,68370.09,0.00015,1772084699999999,10.2555135,1,0.0,0.0,0
1772084700000000,68411.61,68411.61,68411.61,68411.61,0.00015,1772084999999999,10.2617415,1,0.0,0.0,0
1772085000000000,68454.23,68454.23,68412.09,68414.94,0.00701,1772085299999999,479.6166846,7,0.00641,438.5532606,0
1772085300000000,68432.36,68432.36,68415.06,68415.06,0.00512,1772085599999999,350.2882652,3,0.00497,340.0250972,0
1772085600000000,68434.4,68450.68,68317.17,68317.17,0.00318,1772085899999999,217.6002789,7,0.00228,156.0675504,0
1772085900000000,68510.97,68510.97,68449.47,68449.47,0.0003,1772086199999999,20.544066,2,0.0,0.0,0
1772086200000000,68498.89,68498.89,68498.89,68498.89,0.00015,1772086499999999,10.2748335,1,0.0,0.0,0
1772086500000000,68456.3,68456.3,68331.65,68331.65,0.00105,1772086799999999,71.8120155,7,0.0,0.0,0
1772086800000000,68334.41,68393.11,68331.65,68393.11,0.01252,1772087099999999,856.0375841,6,0.01053,720.0479676,0
1772087100000000,68333.01,68333.01,68265.79,68265.79,0.0003,1772087399999999,20.48982,2,0.0,0.0,0
1772087400000000,68247.34,68247.34,68168.3,68168.3,0.00574,1772087699999999,391.427584,6,0.00499,340.277581,0
1772087700000000,68226.01,68226.01,68192.36,68192.36,0.0003,1772087999999999,20.4627555,2,0.0,0.0,0
1772088000000000,68235.07,68235.07,68167.98,68167.98,0.0006,1772088299999999,40.920012,4,0.0,0.0,0
1772088300000000,68132.81,68167.74,68085.28,68151.59,0.0012,1772088599999999,81.7579635,8,0.0,0.0,0
1772088600000000,68202.68,68202.68,68182.2,68190.07,0.01034,1772088899999999,705.1102827,4,0.01004,684.6525072,0
1772088900000000,68190.07,68190.07,68190.07,68190.07,0.0,1772089199999999,0.0,0,0.0,0.0,0
1772089200000000,68223.26,68257.51,68217.6,68217.6,0.00545,1772089499999999,371.8232155,4,0.005,341.1163,0
1772089500000000,68222.57,68232.43,68222.57,68232.43,0.0003,1772089799999999,20.46825,2,0.0,0.0,0
1772089800000000,68244.91,68244.91,68219.95,68220.43,0.00066,1772090099999999,45.0314988,4,0.00021,14.3262903,0
1772090100000000,68234.8,68234.8,68159.01,68159.01,0.0006,1772090399999999,40.9224675,4,0.0,0.0,0
1772090400000000,68135.54,68292.59,68115.82,68240.04,0.00089,1772090699999999,60.7165163,6,0.0,0.0,0
1772090700000000,68179.42,68287.74,68179.42,68199.89,0.02543,1772090999999999,1734.9685793,7,0.02528,1724.7416663,0
1772091000000000,68164.03,68164.03,68093.67,68139.43,0.00486,1772091299999999,330.9808524,10,0.0,0.0,0
1772091300000000,68143.3,68143.3,68053.32,68071.01,0.11246,1772091599999999,7655.2629368,30,0.00489,332.7807348,0
1772091600000000,68096.64,68096.64,68020.12,68021.38,0.14152,1772091899999999,9628.2193766,67,0.00545,370.8552065,0
1772091900000000,68005.43,68025.81,67970.39,67988.45,0.5909,1772092199999999,40174.0014384,160,0.00982,667.5736036,0
1772092200000000,67995.42,67995.42,67845.49,67866.96,0.3074,1772092499999999,20868.7677702,101,0.00964,654.2535342,0
1772092500000000,67901.12,67901.12,67850.36,67850.36,0.00145,1772092799999999,98.4366855,5,0.00085,57.711498,0
1772092800000000,67882.96,67931.43,67840.01,67890.17,0.00625,1772093099999999,424.4501029,10,0.00511,347.063989,0
1772093100000000,67890.16,67921.92,67890.16,67909.59,0.00625,1772093399999999,424.4420946,5,0.00595,404.0702826,0
1772093400000000,67961.59,68027.52,67961.59,68012.6,0.02377,1772093699999999,1616.3366873,5,0.02362,1606.1347973,0
1772093700000000,68090.1,68098.72,68046.49,68046.49,0.01242,1772093999999999,845.5472968,7,0.01197,814.9156018,0
1772094000000000,68149.98,68229.39,68137.89,68145.97,0.03834,1772094299999999,2614.3241066,14,0.03729,2542.7545286,0
1772094300000000,68134.31,68152.01,67996.23,67996.23,0.07283,1772094599999999,4962.3107934,37,0.00496,338.0339696,0
1772094600000000,68025.0,68046.75,67985.07,67985.07,0.00216,1772094899999999,146.9479524,7,9e-05,6.12225,0
1772094900000000,68024.01,68184.87,68024.01,68101.74,0.03883,1772095199999999,2644.3120154,14,0.03389,2308.1590128,0
1772095200000000,68106.48,68106.48,68035.27,68035.27,0.0003,1772095499999999,20.4212625,2,0.0,0.0,0
1772095500000000,68016.91,68093.99,67984.84,68093.99,0.01101,1772095799999999,749.6050091,8,0.01027,699.2580074,0
1772095800000000,68075.54,68094.73,68074.97,68074.97,0.00045,1772096099999999,30.636786,3,0.0,0.0,0
1772096100000000,68042.7,68042.7,67945.51,67945.51,0.12154,1772096399999999,8259.8204268,31,0.0,0.0,0
1772096400000000,67984.62,68011.81,67966.8,67992.1,0.02422,1772096699999999,1646.7202278,9,0.00497,337.9473762,0
1772096700000000,68010.21,68091.96,68010.21,68091.96,0.00573,1772096999999999,389.7459373,4,0.00558,379.5364618,0
1772097000000000,68146.09,68391.58,68134.81,68391.58,0.01236,1772097299999999,843.4848864,10,0.01175,801.8187953,0
1772097300000000,68320.46,68320.46,68207.86,68207.86,0.00622,1772097599999999,424.5810283,8,0.00557,380.2096623,0
1772097600000000,68213.03,68229.09,68213.03,68215.79,0.00469,1772097899999999,319.9900281,3,0.00439,299.5257051,0
1772097900000000,68221.06,68221.06,68221.06,68221.06,0.00015,1772098199999999,10.233159,1,0.0,0.0,0
1772098200000000,68246.74,68276.29,68246.74,68276.29,0.0057,1772098499999999,389.1532815,2,0.0057,389.1532815,0
1772098500000000,68423.67,68482.45,68423.67,68482.45,0.03592,1772098799999999,2458.3320373,11,0.03532,2417.2653553,0
1772098800000000,68446.54,68464.03,68424.19,68464.03,0.01181,1772099099999999,808.2435169,4,0.01166,797.9739124,0
1772099100000000,68473.86,68514.45,68459.94,68505.03,0.04709,1772099399999999,3225.5554565,14,0.02151,1473.2035526,0
1772099400000000,68551.81,68646.2,68551.81,68624.29,0.04166,1772099699999999,2858.3631877,13,0.04166,2858.3631877,0
1772099700000000,68566.55,68566.55,68566.55,68566.55,0.0001,1772099999999999,6.856655,1,0.0001,6.856655,0
1772100000000000,68604.48,68637.07,68604.48,68615.45,0.00076,1772100299999999,52.1560417,3,0.00046,31.5730522,0
1772100300000000,68615.45,68632.23,68587.06,68587.06,0.00393,1772100599999999,269.6178895,4,0.00024,16.4717352,0
1772100600000000,68659.72,68708.34,68518.38,68518.38,0.06722,1772100899999999,4618.0526232,27,0.01157,794.5384505,0
1772100900000000,68518.38,68518.38,68502.42,68502.42,0.00902,1772101199999999,618.0333936,4,0.0,0.0,0
1772101200000000,68466.74,68490.75,68429.56,68490.75,0.00209,1772101499999999,143.0758441,5,0.00073,49.9982475,0
1772101500000000,68408.37,68408.37,68353.03,68353.03,0.00479,1772101799999999,327.4928268,10,0.0,0.0,0
1772101800000000,68337.18,68386.23,68297.16,68369.69,0.00713,1772102099999999,487.4364354,9,0.00505,345.2631357,0
1772102100000000,68369.69,68369.69,68369.69,68369.69,0.0,1772102399999999,0.0,0,0.0,0.0,0
1772102400000000,68454.66,68454.66,68414.31,68419.48,0.00598,1772102699999999,409.1286139,4,0.00568,388.5970549,0
1772102700000000,68451.27,68675.52,68400.65,68400.65,0.05527,1772102999999999,3791.8016333,10,0.05497,3771.2764028,0
1772103000000000,68332.43,68332.43,68285.75,68285.75,0.0003,1772103299999999,20.492727,2,0.0,0.0,0
1772103300000000,68323.99,68343.45,68323.99,68343.45,0.00363,1772103599999999,248.0717973,3,0.00363,248.0717973,0
1772103600000000,68295.39,68366.93,68271.45,68337.36,0.0019,1772103899999999,129.7435545,4,0.0,0.0,0
1772103900000000,68347.44,68354.21,68347.44,68354.21,0.0003,1772104199999999,20.5052475,2,0.0,0.0,0
1772104200000000,68380.93,68380.93,68363.09,68363.09,0.00155,1772104499999999,105.9877655,2,0.0014,95.733302,0
1772104500000000,68300.08,68300.08,68269.87,68270.22,0.00135,1772104799999999,92.1689085,9,0.0,0.0,0
1772104800000000,68216.25,68248.67,67959.21,68225.37,0.20239,1772105099999999,13786.517066,20,0.00239,163.0824003,0
1772105100000000,68244.82,68244.82,68188.1,68188.1,0.00369,1772105399999999,251.7388982,5,0.00339,231.2735522,0
1772105400000000,68166.46,68166.46,68166.46,68166.46,0.00015,1772105699999999,10.224969,1,0.0,0.0,0
1772105700000000,68166.46,68166.46,68166.46,68166.46,0.0,1772105999999999,0.0,0,0.0,0.0,0
1772106000000000,68226.7,68414.06,68080.52,68080.52,0.03777,1772106299999999,2579.7379351,14,0.03755,2564.7602207,0
1772106300000000,68041.6,68041.6,68041.6,68041.6,0.00022,1772106599999999,14.969152,1,0.00022,14.969152,0
1772106600000000,67988.0,67991.94,67988.0,67991.94,0.00358,1772106899999999,243.4102784,2,0.0,0.0,0
1772106900000000,67991.94,67991.94,67991.94,67991.94,0.0,1772107199999999,0.0,0,0.0,0.0,0
1772107200000000,68108.23,68108.23,68106.94,68108.0,0.03867,1772107499999999,2633.7310627,4,0.00503,342.5779082,0
1772107500000000,68179.94,68181.97,68179.94,68179.94,0.05056,1772107799999999,3447.1780709,3,0.05041,3436.9507754,0
1772107800000000,68179.94,68179.94,68179.94,68179.94,0.0,1772108099999999,0.0,0,0.0,0.0,0
1772108100000000,68261.92,68261.92,68261.92,68261.92,0.00015,1772108399999999,10.239288,1,0.0,0.0,0
1772108400000000,68298.81,68351.48,68297.39,68297.39,0.01297,1772108699999999,886.0687452,6,0.01297,886.0687452,0
1772108700000000,68293.33,68293.33,68259.84,68259.84,0.0003,1772108999999999,20.4829755,2,0.0,0.0,0
1772109000000000,68217.66,68217.66,68182.11,68217.66,0.00263,1772109299999999,179.4071133,3,0.00248,169.1797968,0
1772109300000000,68217.66,68217.66,68217.66,68217.66,0.0,1772109599999999,0.0,0,0.0,0.0,0
1772109600000000,68247.15,68285.83,68150.94,68150.94,0.0013,1772109899999999,88.7307985,5,0.0007,47.800081,0
1772109900000000,68067.52,68067.52,68043.28,68043.28,0.00024,1772110199999999,16.3325688,2,0.0,0.0,0
1772110200000000,68179.4,68179.4,68179.4,68179.4,0.00015,1772110499999999,10.22691,1,0.0,0.0,0
1772110500000000,68172.34,68191.52,68151.53,68151.53,0.00398,1772110799999999,271.3690155,3,0.00241,164.3415632,0
1772110800000000,68151.53,68151.53,68151.53,68151.53,0.0,1772111099999999,0.0,0,0.0,0.0,0
1772111100000000,68196.74,68196.74,68193.3,68193.3,0.00455,1772111399999999,310.2840922,3,0.0044,300.0545812,0
1772111400000000,68115.62,68115.62,68035.43,68035.43,0.00059,1772111699999999,40.1529322,2,0.0,0.0,0
1772111700000000,68035.43,68035.43,68035.43,68035.43,0.0,1772111999999999,0.0,0,0.0,0.0,0
1772112000000000,68022.52,68035.43,68022.52,68035.43,0.0199,1772112299999999,1353.8368052,5,0.00548,372.7659046,0
1772112300000000,68035.43,68035.43,68035.43,68035.43,0.0,1772112599999999,0.0,0,0.0,0.0,0
1772112600000000,68035.43,68035.43,68035.43,68035.43,0.0,1772112899999999,0.0,0,0.0,0.0,0
1772112900000000,68121.57,68126.18,68121.57,68126.18,0.00568,1772113199999999,386.9335141,2,0.00568,386.9335141,0
1772113200000000,68083.75,68083.75,68083.75,68083.75,0.00073,1772113499999999,49.7011375,2,0.00073,49.7011375,0
1772113500000000,68083.75,68083.75,68083.75,68083.75,0.0,1772113799999999,0.0,0,0.0,0.0,0
1772113800000000,68083.75,68101.66,68083.75,68101.66,0.005,1772114099999999,340.4246603,2,0.00033,22.4735478,0
1772114100000000,67938.24,67938.24,67938.24,67938.24,0.00063,1772114399999999,42.8010912,1,0.00063,42.8010912,0
1772114400000000,67918.28,67918.28,67800.0,67868.27,0.02097,1772114699999999,1423.4736313,12,0.01852,1257.3442111,0
1772114700000000,67839.31,68073.34,67700.28,67700.28,0.04176,1772114999999999,2836.306775,13,0.03972,2698.0633955,0
1772115000000000,67836.63,68022.24,67836.63,68022.24,0.00505,1772115299999999,342.9199593,3,0.00505,342.9199593,0
1772115300000000,68030.98,68043.73,67866.31,67866.31,0.00319,1772115599999999,216.9352914,4,0.00319,216.9352914,0
1772115600000000,67934.6,68054.03,67934.6,68054.03,0.00618,1772115899999999,419.8619967,6,0.00618,419.8619967,0
1772115900000000,68054.03,68054.03,68054.03,68054.03,0.0,1772116199999999,0.0,0,0.0,0.0,0
1772116200000000,68037.06,68037.06,67996.47,67996.47,0.0021,1772116499999999,142.8221673,5,0.00187,127.1820702,0
1772116500000000,68216.21,68231.59,67876.92,67876.92,0.00986,1772116799999999,671.444652,27,0.00027,18.4197609,0
1772116800000000,67880.6,67992.61,67817.88,67825.89,0.00733,1772117099999999,497.8314187,38,0.00179,121.672524,0
1772117100000000,67802.44,67817.61,67288.2,67380.08,0.10906,1772117399999999,7360.2436217,119,0.04288,2893.0984094,0
1772117400000000,67372.14,67460.83,67283.12,67404.03,0.01566,1772117699999999,1055.1874629,53,0.00401,270.3335164,0
1772117700000000,67524.08,67772.03,67524.08,67690.08,0.01074,1772117999999999,726.0662552,42,0.00643,434.4450349,0
1772118000000000,67716.98,67716.98,67492.39,67589.38,0.00937,1772118299999999,633.3034815,26,0.00691,467.0170318,0
1772118300000000,67559.4,67559.4,67509.36,67510.32,0.0014,1772118599999999,94.5580236,4,0.00051,34.4301576,0
1772118600000000,67401.99,67599.14,67348.36,67460.51,0.02097,1772118899999999,1415.0189523,9,0.01118,754.269628,0
1772118900000000,67407.25,67407.25,66998.28,66998.28,0.05375,1772119199999999,3601.8440375,20,0.00305,204.8697545,0
1772119200000000,66937.34,66973.02,66937.34,66973.02,0.00075,1772119499999999,50.208357,2,0.0006,40.162404,0
1772119500000000,66937.34,66937.34,66937.34,66937.34,8e-05,1772119799999999,5.3549872,1,0.0,0.0,0
1772119800000000,67012.82,67104.38,66890.15,66890.15,0.00199,1772120099999999,133.3558085,5,0.0,0.0,0
1772120100000000,66998.28,67269.03,66998.28,67269.03,0.00279,1772120399999999,187.3079825,9,0.00249,167.1821945,0
1772120400000000,67287.27,67475.08,67287.27,67336.55,0.01166,1772120699999999,785.0205911,14,0.00111,74.7717956,0
1772120700000000,67469.4,67572.28,67327.9,67522.68,0.10433,1772120999999999,7038.4838796,42,0.10424,7032.4225272,0
1772121000000000,67464.52,67464.52,67351.53,67391.51,0.00472,1772121299999999,318.1323569,12,0.00472,318.1323569,0
1772121300000000,67371.84,67479.06,67337.04,67442.19,0.00848,1772121599999999,571.902389,14,0.00848,571.902389,0
1772121600000000,67406.34,67433.62,67394.15,67433.62,0.01856,1772121899999999,1251.2129438,6,0.0177,1193.2434914,0
1772121900000000,67379.45,67433.21,67173.1,67173.1,0.01319,1772122199999999,889.0253922,8,0.01246,839.918607,0
1772122200000000,67105.92,67108.9,67105.92,67108.9,0.00689,1772122499999999,462.3796654,2,0.00022,14.7633024,0
1772122500000000,67280.74,67286.32,67280.74,67286.32,0.01351,1772122799999999,909.014966,4,0.01351,909.014966,0
1772122800000000,67264.31,67286.32,67264.31,67286.32,0.00324,1772123099999999,217.9709201,3,0.00324,217.9709201,0
1772123100000000,67524.09,67549.93,67524.09,67549.93,0.00028,1772123399999999,18.9116548,2,0.00028,18.9116548,0
1772123400000000,67348.36,67348.36,67102.54,67102.54,0.00525,1772123699999999,352.3326299,3,0.00497,333.4996238,0
1772123700000000,66971.49,67069.34,66940.74,67069.34,0.01418,1772123999999999,950.1732726,7,0.01408,943.4791986,0
1772124000000000,67062.64,67247.62,67062.64,67131.68,0.02104,1772124299999999,1413.4120012,8,0.02104,1413.4120012,0
1772124300000000,66986.01,66998.28,66716.33,66998.28,0.01007,1772124599999999,673.905516,8,0.00084,56.2088802,0
1772124600000000,66988.23,66988.23,66644.98,66650.66,0.05353,1772124899999999,3573.7675072,19,0.04352,2903.9270585,0
1772124900000000,66650.66,66722.68,66540.75,66540.75,0.07119,1772125199999999,4745.586153,20,0.071,4732.9392438,0
1772125200000000,66708.02,66902.47,66708.02,66902.47,0.00262,1772125499999999,174.9998531,5,0.00262,174.9998531,0
1772125500000000,66998.28,67020.06,66953.71,66953.71,0.00219,1772125799999999,146.7080112,5,0.00219,146.7080112,0
1772125800000000,66949.84,66949.84,66949.84,66949.84,0.00073,1772126099999999,48.8733832,1,0.00073,48.8733832,0
1772126100000000,66921.31,66921.31,66921.31,66921.31,0.00075,1772126399999999,50.1909825,1,0.00075,50.1909825,0
1772126400000000,66818.77,66852.35,66818.77,66852.35,0.00374,1772126699999999,250.002604,3,0.00374,250.002604,0
1772126700000000,66888.38,66998.28,66888.38,66998.28,0.00084,1772126999999999,56.1961302,2,0.00084,56.1961302,0
1772127000000000,66979.54,67015.24,66979.54,67015.24,0.00361,1772127299999999,241.9044334,4,0.00341,228.5013854,0
1772127300000000,66992.04,67007.58,66824.48,66824.48,0.00469,1772127599999999,313.9996987,4,0.00469,313.9996987,0
1772127600000000,66824.48,66824.5,66824.48,66824.5,0.00593,1772127899999999,396.2692822,3,0.0,0.0,0
1772127900000000,66787.55,66888.16,66787.55,66814.97,0.00863,1772128199999999,576.9799624,6,0.00863,576.9799624,0
1772128200000000,66714.13,66883.91,66672.32,66883.91,0.04837,1772128499999999,3227.3188539,14,0.004,267.0516686,0
1772128500000000,66822.85,66853.89,66822.85,66853.89,0.0005,1772128799999999,33.4204266,2,0.00021,14.0327985,0
1772128800000000,66898.31,66898.31,66898.31,66898.31,0.00075,1772129099999999,50.1737325,2,0.00075,50.1737325,0
1772129100000000,66900.08,66910.06,66639.52,66639.52,0.00449,1772129399999999,299.8232051,8,0.00366,244.3775226,0
1772129400000000,66726.2,66726.2,66726.2,66726.2,0.00072,1772129699999999,48.042864,1,0.00072,48.042864,0
1772129700000000,66795.29,67007.95,66795.29,67007.95,0.00347,1772129999999999,232.062836,8,0.00318,212.6305305,0
1772130000000000,66977.75,66977.75,66906.73,66945.87,0.00209,1772130299999999,139.9063225,3,0.00209,139.9063225,0
1772130300000000,67011.35,67011.35,66877.8,66877.8,0.00416,1772130599999999,278.6139719,3,0.00416,278.6139719,0
1772130600000000,66937.2,67286.5,66937.2,67277.38,0.02593,1772130899999999,1743.8424372,12,0.02593,1743.8424372,0
1772130900000000,67270.82,67374.18,67270.82,67346.08,0.00296,1772131199999999,199.2812156,4,0.00296,199.2812156,0
1772131200000000,67204.09,67205.34,67200.3,67200.3,0.01016,1772131499999999,682.7944248,4,0.01016,682.7944248,0
1772131500000000,67276.61,67276.61,67276.61,67276.61,0.00125,1772131799999999,84.0957625,1,0.00125,84.0957625,0
1772131800000000,67241.77,67332.42,67241.77,67332.42,0.00937,1772132099999999,630.2806798,5,0.00937,630.2806798,0
1772132100000000,67362.96,67362.96,67362.96,67362.96,0.00074,1772132399999999,49.8485904,1,0.00074,49.8485904,0
1772132400000000,67425.78,67922.41,67425.78,67814.63,0.06652,1772132699999999,4503.5304545,36,0.05691,3850.8016759,0
1772132700000000,67740.2,67740.2,67565.49,67602.19,0.00261,1772132999999999,176.5529403,11,0.00261,176.5529403,0
1772133000000000,67564.98,67744.5,67556.6,67588.46,0.00377,1772133299999999,255.0786311,15,0.00363,245.6207071,0
1772133300000000,67587.59,67615.51,67553.45,67578.4,0.00106,1772133599999999,71.6343457,10,0.00106,71.6343457,0
1772133600000000,67593.37,67796.52,67593.37,67789.43,0.00307,1772133899999999,207.7310604,13,0.00307,207.7310604,0
1772133900000000,67773.66,67777.41,67627.76,67627.76,0.00179,1772134199999999,121.1663672,11,0.00179,121.1663672,0
1772134200000000,67627.88,67739.3,67596.54,67735.22,0.00249,1772134499999999,168.4361403,8,0.00249,168.4361403,0
1772134500000000,67615.31,67615.31,67549.93,67561.25,0.00123,1772134799999999,83.1096512,4,0.00074,49.995325,0
1772134800000000,67607.37,67607.37,67500.16,67537.52,0.00055,1772135099999999,37.140435,5,0.00055,37.140435,0
1772135100000000,67542.27,67623.87,67542.27,67571.0,0.0005,1772135399999999,33.7922375,5,0.0005,33.7922375,0
1772135400000000,67592.3,67605.02,67555.58,67605.02,0.00053,1772135699999999,35.8184358,5,0.00053,35.8184358,0
1772135700000000,67639.2,67931.87,67582.23,67690.55,0.04474,1772135999999999,3032.1769291,24,0.04474,3032.1769291,0
1772136000000000,67657.42,67871.42,67652.49,67871.42,0.0022,1772136299999999,149.0551532,12,0.0022,149.0551532,0
1772136300000000,67844.06,67844.06,67809.87,67809.87,0.00074,1772136599999999,50.196709,7,0.00074,50.196709,0
1772136600000000,67773.34,67792.37,67743.47,67765.6,0.00212,1772136899999999,143.6528767,11,0.00212,143.6528767,0
1772136900000000,67758.95,67868.38,67758.95,67822.5,0.00901,1772137199999999,611.3088241,9,0.00901,611.3088241,0
1772137200000000,67827.25,67831.74,67724.06,67724.06,0.00095,1772137499999999,64.3898018,8,0.00095,64.3898018,0
1772137500000000,67671.64,67671.64,67668.33,67670.76,0.003,1772137799999999,203.0109706,4,0.003,203.0109706,0
1772137800000000,67549.93,67549.93,67539.58,67539.58,0.00355,1772138099999999,239.7674755,2,0.00336,226.9329888,0
1772138100000000,67539.58,67539.58,67444.35,67468.63,0.00176,1772138399999999,118.7576136,3,0.00148,99.8465312,0
1772138400000000,67445.93,67445.93,67445.93,67445.93,0.00102,1772138699999999,68.7948486,1,0.00102,68.7948486,0
1772138700000000,67484.37,67484.37,67484.37,67484.37,0.0002,1772138999999999,13.496874,1,0.0002,13.496874,0
1772139000000000,67445.93,67445.93,67348.36,67348.36,0.03161,1772139299999999,2131.258092,7,0.0082,552.357652,0
1772139300000000,67427.16,67427.16,67427.16,67427.16,0.00334,1772139599999999,225.2067144,1,0.0,0.0,0
1772139600000000,67470.31,67470.31,67470.31,67470.31,0.00021,1772139899999999,14.1687651,1,0.00021,14.1687651,0
1772139900000000,67398.4,67398.4,67319.47,67319.47,0.00764,1772140199999999,514.3721739,4,0.00067,45.1436285,0
1772140200000000,67219.23,67219.23,67219.23,67219.23,0.00019,1772140499999999,12.7716537,1,0.0,0.0,0
1772140500000000,67400.96,67400.96,67400.96,67400.96,0.00071,1772140799999999,47.8546816,1,0.00071,47.8546816,0
1772140800000000,67400.96,67400.96,67400.96,67400.96,0.0,1772141099999999,0.0,0,0.0,0.0,0
1772141100000000,67400.96,67400.96,67400.96,67400.96,0.0,1772141399999999,0.0,0,0.0,0.0,0
1772141400000000,67400.96,67400.96,67400.96,67400.96,0.0,1772141699999999,0.0,0,0.0,0.0,0
1772141700000000,67442.55,67488.37,67442.55,67488.37,0.00717,1772141999999999,483.7737394,3,0.00462,311.7952369,0
1772142000000000,67487.53,67494.21,67487.53,67494.21,0.00243,1772142299999999,163.9975109,3,0.00243,163.9975109,0
1772142300000000,67524.09,67524.09,67524.09,67524.09,9e-05,1772142599999999,6.0771681,1,9e-05,6.0771681,0
1772142600000000,67538.67,67539.13,67538.67,67539.13,0.00216,1772142899999999,145.883932,2,0.00216,145.883932,0
1772142900000000,67456.04,67456.04,67456.04,67456.04,0.00123,1772143199999999,82.9709292,1,0.00123,82.9709292,0
1772143200000000,67456.04,67456.04,67456.04,67456.04,0.0,1772143499999999,0.0,0,0.0,0.0,0
1772143500000000,67499.38,67537.61,67457.96,67475.07,0.02031,1772143799999999,1370.7656662,7,0.02016,1360.6407592,0
1772143800000000,67477.92,67480.47,67477.92,67480.47,0.00088,1772144099999999,59.3809266,2,0.00088,59.3809266,0
1772144100000000,67480.47,67480.47,67480.47,67480.47,0.0,1772144399999999,0.0,0,0.0,0.0,0
1772144400000000,67407.84,67407.84,67387.85,67387.85,0.00024,1772144699999999,16.1760825,2,0.0,0.0,0
1772144700000000,67387.85,67387.85,67387.85,67387.85,0.0,1772144999999999,0.0,0,0.0,0.0,0
1772145000000000,67459.0,67483.39,67459.0,67483.39,0.01075,1772145299999999,725.3142059,3,0.01075,725.3142059,0
1772145300000000,67578.89,67679.26,67577.53,67679.26,0.02851,1772145599999999,1927.7696886,8,0.02851,1927.7696886,0
1772145600000000,67604.93,67604.93,67604.93,67604.93,0.00028,1772145899999999,18.9293804,1,0.00028,18.9293804,0
1772145900000000,67604.93,67604.93,67604.93,67604.93,0.00105,1772146199999999,70.9851765,2,0.0,0.0,0
1772146200000000,67633.38,67633.38,67612.29,67613.05,0.0015,1772146499999999,101.4257985,4,0.00075,50.7093315,0
1772146500000000,67613.05,67613.05,67613.05,67613.05,0.0,1772146799999999,0.0,0,0.0,0.0,0
1772146800000000,67542.81,67612.88,67464.58,67464.58,0.03013,1772147099999999,2035.6170749,10,0.02989,2019.4210784,0
1772147100000000,67461.9,67464.58,67461.9,67464.58,0.0172,1772147399999999,1160.3773224,4,0.00502,338.658738,0
1772147400000000,67464.58,67464.58,67464.58,67464.58,0.0,1772147699999999,0.0,0,0.0,0.0,0
1772147700000000,67548.17,67548.17,67523.39,67523.39,0.00022,1772147999999999,14.8588628,2,7e-05,4.7266373,0
1772148000000000,67523.39,67523.39,67523.39,67523.39,0.0,1772148299999999,0.0,0,0.0,0.0,0
1772148300000000,67523.39,67523.39,67523.39,67523.39,0.0,1772148599999999,0.0,0,0.0,0.0,0
1772148600000000,67523.39,67523.39,67523.39,67523.39,0.0,1772148899999999,0.0,0,0.0,0.0,0
1772148900000000,67641.5,67641.5,67641.5,67641.5,9e-05,1772149199999999,6.087735,1,9e-05,6.087735,0
1772149200000000,67641.5,67641.5,67572.97,67572.97,0.00083,1772149499999999,56.0992711,2,0.00063,42.5709711,0
1772149500000000,67572.97,67572.97,67572.97,67572.97,0.0,1772149799999999,0.0,0,0.0,0.0,0
1772149800000000,67514.55,67514.55,67514.55,67514.55,9e-05,1772150099999999,6.0763095,1,0.0,0.0,0
1772150100000000,67514.55,67514.55,67514.55,67514.55,0.0,1772150399999999,0.0,0,0.0,0.0,0
1772150400000000,67514.55,67514.55,67514.55,67514.55,0.0,1772150699999999,0.0,0,0.0,0.0,0
1772150700000000,67514.55,67514.55,67510.48,67510.48,0.00181,1772150999999999,122.200725,2,0.0,0.0,0
1772151000000000,67387.85,67387.85,67369.51,67369.51,0.00024,1772151299999999,16.170333,2,0.0,0.0,0
1772151300000000,67396.96,67396.96,67396.96,67396.96,0.00143,1772151599999999,96.3776528,1,0.00143,96.3776528,0
1772151600000000,67312.61,67312.61,67312.61,67312.61,0.00195,1772151899999999,131.2595895,2,0.0,0.0,0
1772151900000000,67312.61,67312.61,67312.61,67312.61,0.0,1772152199999999,0.0,0,0.0,0.0,0
1772152200000000,67290.35,67290.35,67290.35,67290.35,0.00022,1772152499999999,14.803877,1,0.00022,14.803877,0
1772152500000000,67285.47,67285.47,67135.16,67135.16,0.0008,1772152799999999,53.8148481,2,0.0,0.0,0
1772152800000000,67135.16,67135.16,67135.16,67135.16,0.0,1772153099999999,0.0,0,0.0,0.0,0
1772153100000000,67055.49,67230.29,67055.49,67230.29,0.00231,1772153399999999,155.2757326,3,0.00216,145.2174091,0
1772153400000000,67261.39,67261.39,67261.39,67261.39,0.00159,1772153699999999,106.9456101,2,9e-05,6.0535251,0
1772153700000000,67261.39,67261.39,67261.39,67261.39,0.0,1772153999999999,0.0,0,0.0,0.0,0
1772154000000000,67135.16,67135.16,67135.16,67135.16,9e-05,1772154299999999,6.0421644,1,0.0,0.0,0
1772154300000000,67076.68,67076.68,66935.78,67022.75,0.00326,1772154599999999,218.405297,9,0.00016,10.72364,0
1772154600000000,67022.75,67022.75,67022.75,67022.75,0.0,1772154899999999,0.0,0,0.0,0.0,0
1772154900000000,67045.43,67045.44,67045.43,67045.44,0.00167,1772155199999999,111.9658728,2,0.00167,111.9658728,0
1772155200000000,67045.44,67045.44,67045.44,67045.44,0.0,1772155499999999,0.0,0,0.0,0.0,0
1772155500000000,67045.44,67045.44,67045.44,67045.44,0.0,1772155799999999,0.0,0,0.0,0.0,0
1772155800000000,67114.69,67114.69,67114.69,67114.69,0.00043,1772156099999999,28.8593167,1,0.00043,28.8593167,0
1772156100000000,67222.98,67261.39,67222.98,67261.39,0.0032,1772156399999999,215.1195069,3,9e-05,6.0535251,0
1772156400000000,67219.18,67219.18,67219.18,67219.18,0.00015,1772156699999999,10.082877,1,0.0,0.0,0
1772156700000000,67219.18,67219.18,67219.18,67219.18,0.0,1772156999999999,0.0,0,0.0,0.0,0
1772157000000000,67251.1,67329.08,67251.1,67308.64,0.00045,1772157299999999,30.283323,3,0.0,0.0,0
1772157300000000,67320.6,67320.6,67257.57,67316.12,0.00045,1772157599999999,30.2841435,3,0.0,0.0,0
1772157600000000,67362.06,67482.56,67362.06,67441.99,0.00064,1772157899999999,43.1577648,5,0.00019,12.8184408,0
1772157900000000,67428.47,67482.08,67416.92,67482.08,0.00045,1772158199999999,30.3491205,3,0.0,0.0,0
1772158200000000,67429.07,67429.07,67363.46,67363.46,0.0012,1772158499999999,80.869659,8,0.0,0.0,0
1772158500000000,67318.52,67428.72,67318.52,67401.72,0.00126,1772158799999999,84.8848918,7,0.00066,44.4625603,0
1772158800000000,67508.39,67508.39,67387.85,67387.85,0.00229,1772159099999999,154.502624,7,0.00145,97.841447,0
1772159100000000,67401.64,67460.1,67389.07,67389.07,0.0013,1772159399999999,87.6579852,6,0.0007,47.2071537,0
1772159400000000,67389.07,67389.07,67389.07,67389.07,0.0,1772159699999999,0.0,0,0.0,0.0,0
1772159700000000,67542.53,67542.53,67466.75,67466.75,0.00045,1772159999999999,30.378291,3,0.0,0.0,0
1772160000000000,67423.05,67423.05,67423.05,67423.05,0.00015,1772160299999999,10.1134575,1,0.0,0.0,0
1772160300000000,67436.63,67487.94,67436.63,67487.94,0.00607,1772160599999999,409.4883764,5,0.00562,379.1304614,0
1772160600000000,67467.19,67467.19,67313.52,67313.52,0.01075,1772160899999999,723.9406299,17,0.00036,24.2881884,0
1772160900000000,67332.45,67332.45,67332.45,67332.45,0.00015,1772161199999999,10.0998675,1,0.0,0.0,0
1772161200000000,67282.22,67303.31,67275.2,67275.2,0.00115,1772161499999999,77.3717495,4,0.00085,57.18392,0
1772161500000000,67268.42,67268.42,67151.15,67211.31,0.00075,1772161799999999,50.4064725,5,0.0,0.0,0
1772161800000000,67198.25,67198.25,67155.55,67155.55,0.0003,1772162099999999,20.15307,2,0.0,0.0,0
1772162100000000,67207.29,67207.29,67184.56,67203.81,0.00317,1772162399999999,213.0325017,4,0.00278,186.8265918,0
1772162400000000,67217.14,67217.14,67160.49,67160.49,0.00045,1772162699999999,30.235968,3,0.0,0.0,0
1772162700000000,67135.16,67135.16,67135.16,67135.16,9e-05,1772162999999999,6.0421644,1,0.0,0.0,0
1772163000000000,67191.6,67191.6,67172.45,67172.45,0.00017,1772163299999999,11.422189,2,0.0,0.0,0
1772163300000000,67262.98,67345.63,67243.03,67345.63,0.00045,1772163599999999,30.277746,3,0.0,0.0,0
1772163600000000,67328.28,67362.29,67317.35,67362.29,0.00921,1772163899999999,620.0203206,5,0.00891,599.8167351,0
1772163900000000,67377.18,67391.63,67363.03,67369.28,0.0006,1772164199999999,40.425168,4,0.0,0.0,0
1772164200000000,67513.15,67535.55,67513.15,67526.21,0.00066,1772164499999999,44.5686978,4,0.0,0.0,0
1772164500000000,67555.01,67715.76,67555.01,67619.42,0.00159,1772164799999999,107.5687005,11,9e-05,6.087735,0
1772164800000000,67600.34,67905.05,67600.34,67755.47,0.03407,1772165099999999,2309.412921,28,0.02786,1888.7768502,0
1772165100000000,67845.37,67845.37,67689.79,67797.7,0.01276,1772165399999999,864.567267,17,0.0066,447.464728,0
1772165400000000,67935.45,67967.04,67896.74,67922.63,0.03552,1772165699999999,2412.4324947,28,0.0,0.0,0
1772165700000000,68006.8,68223.89,67987.66,68099.86,0.01863,1772165999999999,1269.4298191,21,0.01638,1116.1410826,0
1772166000000000,68145.28,68145.28,68011.92,68024.87,0.01753,1772166299999999,1192.554908,19,0.01534,1043.5050206,0
1772166300000000,68003.29,68003.29,67900.66,67978.6,0.00709,1772166599999999,481.5983614,17,0.001,67.9786,0
1772166600000000,67950.24,67950.24,67812.36,67870.85,0.01465,1772166899999999,994.3882619,25,0.00013,8.8246067,0
1772166900000000,67848.38,67864.93,67800.7,67800.7,0.0056,1772167199999999,379.7581661,15,0.0,0.0,0
1772167200000000,67779.03,67784.44,67718.61,67734.79,0.00928,1772167499999999,628.497857,11,0.0,0.0,0
1772167500000000,67757.77,67868.13,67742.12,67827.8,0.0076,1772167799999999,515.6228537,7,0.00671,455.2700779,0
1772167800000000,67810.24,67893.59,67795.99,67893.59,0.01028,1772168099999999,697.6352045,5,0.00983,667.1102315,0
1772168100000000,67863.11,67863.11,67714.14,67730.71,0.00384,1772168399999999,260.1001347,10,0.0,0.0,0
1772168400000000,67759.62,67806.48,67716.04,67779.72,0.00395,1772168699999999,267.5240083,11,0.0,0.0,0
1772168700000000,67825.64,67825.64,67825.64,67825.64,0.00015,1772168999999999,10.173846,1,0.0,0.0,0
1772169000000000,67888.68,67892.21,67888.68,67892.21,0.00514,1772169299999999,348.9483447,2,0.00499,338.7645132,0
1772169300000000,67860.62,67863.0,67857.45,67857.45,0.00045,1772169599999999,30.5371605,3,0.0,0.0,0
1772169600000000,67860.61,67860.61,67704.33,67792.52,0.0006,1772169899999999,40.6788165,4,0.0,0.0,0
1772169900000000,67793.96,67793.96,67793.96,67793.96,0.00021,1772170199999999,14.2367316,1,0.00021,14.2367316,0
1772170200000000,67793.96,67793.96,67793.96,67793.96,0.0,1772170499999999,0.0,0,0.0,0.0,0
1772170500000000,67838.76,67838.76,67815.28,67815.28,0.0003,1772170799999999,20.348106,2,0.0,0.0,0
1772170800000000,67872.83,67872.83,67860.8,67861.2,0.00082,1772171099999999,55.6478125,3,0.00067,45.466888,0
1772171100000000,67860.8,67861.21,67815.58,67815.58,0.00523,1772171399999999,354.8287156,5,0.00454,308.0121686,0
1772171400000000,67815.58,67815.58,67815.58,67815.58,0.0,1772171699999999,0.0,0,0.0,0.0,0
1772171700000000,67764.09,67764.09,67710.79,67710.79,0.00111,1772171999999999,75.1955664,5,0.00051,34.5596859,0
1772172000000000,67768.04,67768.04,67768.04,67768.04,0.00015,1772172299999999,10.165206,1,0.0,0.0,0
1772172300000000,67723.55,67723.55,67723.55,67723.55,0.00015,1772172599999999,10.1585325,1,0.0,0.0,0
1772172600000000,67723.55,67723.55,67723.55,67723.55,0.0,1772172899999999,0.0,0,0.0,0.0,0
1772172900000000,67678.45,67678.45,67678.45,67678.45,0.00015,1772173199999999,10.1517675,1,0.0,0.0,0
1772173200000000,67668.0,67668.0,67614.7,67630.48,0.00154,1772173499999999,104.191689,4,0.00109,73.75812,0
1772173500000000,67585.49,67585.49,67529.55,67570.53,0.00233,1772173799999999,157.3583895,6,0.0,0.0,0
1772173800000000,67641.18,67677.74,67633.48,67633.48,0.02065,1772174099999999,1396.9300512,11,0.02005,1356.3366237,0
1772174100000000,67706.15,67751.11,67706.15,67728.55,0.00568,1772174399999999,384.5945145,4,0.00538,364.2725655,0
1772174400000000,67728.55,67728.55,67728.55,67728.55,0.0,1772174699999999,0.0,0,0.0,0.0,0
1772174700000000,67768.68,67798.71,67768.68,67798.71,0.00024,1772174999999999,16.2689877,2,9e-05,6.0991812,0
1772175000000000,67747.1,67760.88,67732.2,67732.2,0.00045,1772175299999999,30.486027,3,0.0,0.0,0
1772175300000000,67709.15,67709.15,67709.15,67709.15,0.00015,1772175599999999,10.1563725,1,0.0,0.0,0
1772175600000000,67680.27,67680.27,67613.53,67613.53,0.00154,1772175899999999,104.1571055,6,0.001,67.627595,0
1772175900000000,67636.91,67710.57,67636.91,67693.12,0.00045,1772176199999999,30.45609,3,0.0,0.0,0
1772176200000000,67693.12,67693.12,67693.12,67693.12,0.0,1772176499999999,0.0,0,0.0,0.0,0
1772176500000000,67643.01,67643.01,67612.24,67612.24,0.0003,1772176799999999,20.2882875,2,0.0,0.0,0
1772176800000000,67644.75,67644.75,67620.38,67620.38,0.0003,1772177099999999,20.2897695,2,0.0,0.0,0
1772177100000000,67607.93,67607.93,67500.0,67500.0,0.00169,1772177399999999,114.10251,4,0.0,0.0,0
1772177400000000,67500.0,67500.0,67500.0,67500.0,0.0,1772177699999999,0.0,0,0.0,0.0,0
1772177700000000,67530.94,67530.94,67530.94,67530.94,0.00554,1772177999999999,374.1214076,2,0.0,0.0,0
1772178000000000,67560.49,67560.49,67478.45,67500.07,0.00949,1772178299999999,640.609428,14,0.00315,212.6252205,0
1772178300000000,67641.5,67696.29,67641.5,67696.29,0.01795,1772178599999999,1214.9080087,5,0.01795,1214.9080087,0
1772178600000000,67724.75,67727.72,67682.99,67683.03,0.00691,1772178899999999,467.7040935,5,0.00646,437.232309,0
1772178900000000,67753.9,67753.9,67753.9,67753.9,0.00015,1772179199999999,10.163085,1,0.0,0.0,0
1772179200000000,67727.53,67727.53,67727.53,67727.53,0.00015,1772179499999999,10.1591295,1,0.0,0.0,0
1772179500000000,67768.68,67947.32,67768.68,67947.32,0.01234,1772179799999999,838.3045316,5,0.01234,838.3045316,0
1772179800000000,67947.32,67947.32,67929.34,67929.34,0.07133,1772180099999999,4846.6796386,3,0.0,0.0,0
1772180100000000,67926.28,68012.73,67926.28,67953.58,0.01151,1772180399999999,782.4449118,8,0.0103,700.2303755,0
1772180400000000,67946.36,67946.36,67946.36,67946.36,0.00015,1772180699999999,10.191954,1,0.0,0.0,0
1772180700000000,67934.5,67934.5,67906.14,67906.14,0.0003,1772180999999999,20.376096,2,0.0,0.0,0
1772181000000000,68014.9,68014.9,67874.67,67874.67,0.01058,1772181299999999,718.881915,6,0.00998,678.130302,0
1772181300000000,67847.92,67847.92,67763.57,67763.57,0.00591,1772181599999999,400.5302717,7,0.00516,349.6763627,0
1772181600000000,67763.57,67763.57,67763.57,67763.57,0.0,1772181899999999,0.0,0,0.0,0.0,0
1772181900000000,67965.13,68095.64,67965.13,68025.76,0.06725,1772182199999999,4574.5736699,18,0.04894,3329.6163353,0
1772182200000000,67954.22,67954.22,67944.69,67944.69,0.00037,1772182499999999,25.1409648,2,0.0,0.0,0
1772182500000000,67996.57,68048.28,67952.68,67952.68,0.31732,1772182799999999,21563.9718799,68,0.01407,956.9884538,0
1772182800000000,67945.69,67975.55,67852.78,67852.78,0.45247,1772183099999999,30734.4701376,108,0.0,0.0,0
1772183100000000,67919.59,67971.3,67908.58,67971.3,0.24324,1772183399999999,16523.1606483,64,0.00482,327.3957526,0
1772183400000000,68024.33,68024.33,67932.74,68001.49,0.13517,1772183699999999,9189.3762933,41,0.00502,341.1395216,0
1772183700000000,67980.74,67992.21,67980.74,67992.21,0.0003,1772183999999999,20.3959425,2,0.0,0.0,0
1772184000000000,68133.19,68150.88,67916.79,68037.41,0.03615,1772184299999999,2459.2133136,21,0.03435,2336.7820776,0
1772184300000000,68004.27,68004.27,68004.27,68004.27,0.00025,1772184599999999,17.0010675,1,0.0,0.0,0
1772184600000000,68046.2,68311.9,68003.68,68003.68,0.05979,1772184899999999,4077.2472412,16,0.05949,4056.8397592,0
1772184900000000,67977.11,67977.11,67831.37,67831.37,0.00587,1772185199999999,398.6909933,8,0.0,0.0,0
1772185200000000,67838.46,67838.46,67631.57,67631.57,0.00545,1772185499999999,369.6323745,5,0.00485,329.016531,0
1772185500000000,67600.0,67604.39,67384.55,67472.24,0.00553,1772185799999999,373.0131685,21,0.0,0.0,0
1772185800000000,67461.5,67461.5,67338.28,67338.28,0.0079,1772186099999999,532.7768883,9,0.0,0.0,0
1772186100000000,67468.49,67468.49,67418.78,67418.78,0.00639,1772186399999999,430.8241466,6,0.00014,9.4450146,0
1772186400000000,67382.79,67397.6,67229.87,67279.88,0.00135,1772186699999999,90.892209,9,0.0,0.0,0
1772186700000000,67308.19,67359.95,67285.19,67285.19,0.00497,1772186999999999,334.5329798,4,0.00452,304.2330188,0
1772187000000000,67219.68,67219.68,66883.41,66909.84,0.01824,1772187299999999,1222.4150479,31,0.01364,913.9032463,0
1772187300000000,66904.09,67054.55,66876.23,66999.12,0.01177,1772187599999999,787.9961234,12,0.01072,717.6776444,0
1772187600000000,67008.59,67008.59,66757.89,66870.37,0.04864,1772187899999999,3252.9327747,30,0.0,0.0,0
1772187900000000,66896.31,66896.31,66787.44,66787.44,0.0035,1772188199999999,234.023651,7,0.00225,150.452415,0
1772188200000000,66797.62,66965.51,66771.77,66853.44,0.04451,1772188499999999,2977.0114587,18,0.03205,2144.0127918,0
1772188500000000,66880.09,67067.28,66815.26,66815.26,0.03129,1772188799999999,2094.8762988,12,0.03084,2064.7938543,0
1772188800000000,66790.95,66835.24,66758.69,66816.06,0.00548,1772189099999999,366.1425138,4,0.00503,336.0847818,0
1772189100000000,66838.71,66838.71,66783.31,66827.36,0.00529,1772189399999999,353.2986274,3,0.00499,333.2487169,0
1772189400000000,66799.7,66799.7,66596.88,66622.21,0.03132,1772189699999999,2086.189065,17,0.01477,983.828988,0
1772189700000000,66694.52,66718.58,66635.67,66635.67,0.0065,1772189999999999,433.5244273,5,0.0062,413.5285408,0
1772190000000000,66635.58,66719.26,66635.58,66706.05,0.01253,1772190299999999,835.2897867,12,0.01163,775.2648837,0
1772190300000000,66749.08,66787.79,66713.09,66787.79,0.00857,1772190599999999,572.0967549,10,0.00674,449.9553335,0
1772190600000000,66743.27,66753.14,66697.87,66728.78,0.05134,1772190899999999,3424.2883828,18,0.0,0.0,0
1772190900000000,66655.46,66655.46,66402.6,66402.6,0.00878,1772191199999999,583.5867797,14,0.00498,330.8787696,0
1772191200000000,66491.16,66541.76,66457.79,66541.76,0.0009,1772191499999999,59.8519725,7,0.0,0.0,0
1772191500000000,66575.53,66650.55,66562.15,66562.15,0.00114,1772191799999999,75.9180482,6,0.00054,35.9493122,0
1772191800000000,66550.72,66559.2,66435.93,66487.09,0.00778,1772192099999999,517.4953802,12,0.00617,410.4638782,0
1772192100000000,66447.98,66447.98,66114.5,66114.5,0.00933,1772192399999999,617.6528602,18,0.00504,333.21708,0
1772192400000000,66143.0,66143.0,66000.0,66044.03,0.06421,1772192699999999,4238.2068922,23,0.00549,362.6070385,0
1772192700000000,66017.0,66181.29,66017.0,66170.49,0.04235,1772192999999999,2799.573566,15,0.03911,2585.3671199,0
1772193000000000,66094.24,66094.24,66068.53,66068.53,0.00632,1772193299999999,417.6806441,3,0.00617,407.7700946,0
1772193300000000,66085.47,66128.1,66085.47,66128.1,0.01058,1772193599999999,699.4070397,3,0.01058,699.4070397,0
1772193600000000,66101.94,66132.05,66056.82,66069.83,0.00974,1772193899999999,643.9805089,8,0.00914,604.3312294,0
1772193900000000,66122.87,66196.12,66122.87,66136.97,0.00586,1772194199999999,387.5092717,6,0.00526,347.8104172,0
1772194200000000,66112.41,66112.41,65939.19,66061.81,0.00768,1772194499999999,507.0638849,14,0.00446,294.5799488,0
1772194500000000,65991.65,65993.28,65950.97,65950.97,0.00545,1772194799999999,359.6451955,4,0.005,329.95825,0
1772194800000000,66078.49,66079.32,65997.02,65997.02,0.00527,1772195099999999,348.2040089,8,0.00432,285.4626624,0
1772195100000000,65940.96,66017.35,65896.84,65950.21,0.0014,1772195399999999,92.3077145,6,0.0,0.0,0
1772195400000000,65907.03,66014.31,65901.98,66014.31,0.0101,1772195699999999,666.1764877,6,0.0007,46.2073594,0
1772195700000000,66028.89,66047.97,65962.43,65962.43,0.00739,1772195999999999,487.9798665,4,0.00709,468.1854705,0
1772196000000000,65962.43,65962.43,65930.28,65930.28,0.04101,1772196299999999,2704.9531683,13,0.00498,328.3327944,0
1772196300000000,65927.15,65927.15,65778.07,65778.07,0.01074,1772196599999999,707.3623471,17,0.0,0.0,0
1772196600000000,65858.91,65858.91,65858.91,65858.91,0.00015,1772196899999999,9.8788365,1,0.0,0.0,0
1772196900000000,65858.03,65898.41,65852.4,65898.41,0.01773,1772197199999999,1167.9797673,8,0.01773,1167.9797673,0
1772197200000000,66038.24,66042.96,66036.67,66036.67,0.00593,1772197499999999,391.6302221,3,0.00578,381.7247216,0
1772197500000000,66151.28,66151.28,66065.92,66083.39,0.00073,1772197799999999,48.2545907,4,0.00028,18.5033492,0
1772197800000000,66083.39,66083.39,66083.39,66083.39,0.00629,1772198099999999,415.6645231,2,0.0,0.0,0
1772198100000000,66076.25,66170.87,66076.25,66170.87,0.00198,1772198399999999,130.9412671,4,0.00198,130.9412671,0
1772198400000000,66153.29,66153.29,66050.51,66050.51,0.05045,1772198699999999,3333.248828,14,0.0,0.0,0
1772198700000000,66043.22,66043.22,65995.2,65995.2,0.00294,1772198999999999,194.1566708,4,0.00279,184.2573908,0
1772199000000000,65809.32,65982.75,65753.93,65913.84,0.354,1772199299999999,23335.9387425,54,0.02199,1448.527784,0
1772199300000000,65913.11,65913.11,65707.36,65724.78,0.02005,1772199599999999,1317.5807664,8,0.01884,1238.0163904,0
1772199600000000,65869.63,66082.81,65856.32,66065.76,0.0348,1772199899999999,2294.2537116,11,0.0348,2294.2537116,0
1772199900000000,66065.76,66187.83,66065.76,66152.98,0.01105,1772200199999999,730.6306829,8,0.01081,714.7749005,0
1772200200000000,66226.46,66316.57,66226.46,66287.96,0.03341,1772200499999999,2214.2598775,8,0.03341,2214.2598775,0
1772200500000000,66191.34,66274.13,66191.34,66274.13,0.00534,1772200799999999,353.8796412,3,0.00504,334.0216152,0
1772200800000000,66287.9,66287.9,66287.9,66287.9,0.00024,1772201099999999,15.909096,1,0.00024,15.909096,0
1772201100000000,66264.93,66287.9,66264.93,66287.9,0.00957,1772201399999999,634.2661817,4,0.00957,634.2661817,0
1772201400000000,66254.6,66254.6,66254.6,66254.6,0.00015,1772201699999999,9.93819,1,0.0,0.0,0
1772201700000000,66260.88,66260.88,66176.35,66176.35,0.00355,1772201999999999,235.150882,7,0.0,0.0,0
1772202000000000,66133.82,66133.82,66058.05,66110.09,0.01783,1772202299999999,1178.0551573,9,0.00266,175.8078338,0
1772202300000000,66126.62,66135.44,66044.89,66118.53,0.20506,1772202599999999,13553.679717,56,0.04271,2823.0333018,0
1772202600000000,66134.57,66350.63,66098.98,66249.76,1.0142,1772202899999999,67174.8303588,309,0.28165,18652.2006353,0
1772202900000000,66231.33,66314.5,66071.63,66314.5,0.17855,1772203199999999,11827.8341222,77,0.09717,6437.0718378,0
1772203200000000,66140.19,66140.19,65886.35,65886.35,0.00291,1772203499999999,192.0171765,6,0.00085,56.0033975,0
1772203500000000,65876.96,65974.65,65749.43,65916.52,0.0269,1772203799999999,1772.4842715,18,0.0225,1482.4508227,0
1772203800000000,65879.98,65922.88,65759.89,65859.39,0.01759,1772204099999999,1158.6401937,19,0.0129,849.8800105,0
1772204100000000,65923.39,65923.39,65851.24,65851.24,0.00045,1772204399999999,29.648736,3,0.0,0.0,0
1772204400000000,65915.19,66164.08,65861.38,65951.79,0.04293,1772204699999999,2835.9811768,26,0.03404,2248.7063256,0
1772204700000000,66063.16,66163.69,66053.11,66126.51,0.00846,1772204999999999,559.5854773,10,0.00368,243.4474278,0
1772205000000000,66086.63,66207.31,66056.5,66083.17,0.00952,1772205299999999,629.1446676,7,0.00907,599.3859651,0
1772205300000000,66153.05,66153.05,65958.07,65958.07,0.00954,1772205599999999,630.2203088,3,0.00939,620.3211773,0
1772205600000000,66129.45,66129.45,66129.45,66129.45,0.00015,1772205899999999,9.9194175,1,0.0,0.0,0
1772205900000000,66118.45,66161.84,66118.45,66161.84,0.00648,1772206199999999,428.6748336,3,0.00648,428.6748336,0
1772206200000000,66122.75,66345.69,66009.71,66009.71,0.04273,1772206499999999,2829.0008878,16,0.04097,2712.6947853,0
1772206500000000,66009.71,66009.71,65917.0,65917.0,0.00324,1772206799999999,213.6512089,3,0.0023,151.671614,0
1772206800000000,65917.0,65917.0,65917.0,65917.0,0.0,1772207099999999,0.0,0,0.0,0.0,0
1772207100000000,66190.43,66190.43,66146.8,66146.8,0.00268,1772207399999999,177.3393053,2,0.00268,177.3393053,0
1772207400000000,66258.17,66307.67,66258.17,66307.67,0.00778,1772207699999999,515.5947812,3,0.00763,505.6486307,0
1772207700000000,66133.82,66133.82,66125.87,66125.87,0.05733,1772207999999999,3791.4281933,15,0.0,0.0,0
1772208000000000,66100.0,66120.63,66052.92,66052.92,0.0048,1772208299999999,317.1885625,5,0.00435,287.4493015,0
1772208300000000,66053.69,66053.69,65801.55,65925.91,0.25972,1772208599999999,17134.0719005,68,0.00293,193.1628914,0
1772208600000000,65925.91,65925.91,65925.91,65925.91,0.0,1772208899999999,0.0,0,0.0,0.0,0
1772208900000000,66021.99,66022.19,66021.99,66022.19,0.00177,1772209199999999,116.8590283,2,0.00177,116.8590283,0
1772209200000000,65943.98,65944.19,65943.98,65944.19,0.00528,1772209499999999,348.1850607,2,0.00528,348.1850607,0
1772209500000000,66041.02,66041.02,66040.19,66040.19,0.0003,1772209799999999,19.8121815,2,0.0,0.0,0
1772209800000000,66009.41,66063.77,66009.41,66063.77,0.00226,1772210099999999,149.2959662,2,0.00211,139.3945547,0
1772210100000000,65944.19,65944.19,65944.19,65944.19,0.00026,1772210399999999,17.1454894,1,0.0,0.0,0
1772210400000000,65889.04,65889.04,65746.18,65746.18,0.00816,1772210699999999,537.1175146,7,0.00037,24.3629549,0
1772210700000000,65755.72,65772.39,65511.24,65511.24,0.02395,1772210999999999,1573.1816422,12,0.01007,662.2441172,0
1772211000000000,65520.21,65520.21,65520.21,65520.21,0.00015,1772211299999999,9.8280315,1,0.0,0.0,0
1772211300000000,65674.02,65674.02,65510.44,65510.44,0.00152,1772211599999999,99.6546302,5,0.00122,79.9901972,0
1772211600000000,65552.26,65629.9,65536.44,65629.9,0.00988,1772211899999999,647.6032875,4,0.00973,637.7704485,0
1772211900000000,65575.86,65575.86,65575.86,65575.86,0.00015,1772212199999999,9.836379,1,0.0,0.0,0
1772212200000000,65617.95,65617.95,65439.0,65439.0,0.01047,1772212499999999,686.8455075,7,0.0,0.0,0
1772212500000000,65525.64,65525.64,65357.62,65409.41,0.02786,1772212799999999,1821.9809643,14,0.02064,1349.4815848,0
1772212800000000,65305.88,65354.5,65269.91,65352.64,0.00128,1772213099999999,83.6347166,4,0.00086,56.2032704,0
1772213100000000,65319.02,65319.38,65232.72,65235.49,0.00796,1772213399999999,519.5479013,7,0.00245,159.9824181,0
1772213400000000,65235.49,65291.64,65147.42,65254.06,0.01494,1772213699999999,974.4773547,10,0.01354,883.1711281,0
1772213700000000,65387.66,65414.45,65360.4,65414.45,0.00177,1772213999999999,115.7714505,3,0.00147,96.1592415,0
1772214000000000,65451.9,65507.12,65411.35,65452.73,0.00385,1772214299999999,252.0121083,5,0.00287,187.9089853,0
1772214300000000,65512.65,65512.65,65512.65,65512.65,0.00011,1772214599999999,7.2063915,1,0.00011,7.2063915,0
1772214600000000,65452.73,65452.73,65452.73,65452.73,0.00061,1772214899999999,39.9261653,1,0.0,0.0,0
1772214900000000,65574.77,65616.06,65574.77,65616.06,0.00742,1772215199999999,486.608476,3,0.00742,486.608476,0
1772215200000000,65745.0,65753.33,65712.11,65712.11,0.00659,1772215499999999,433.1568365,3,0.00659,433.1568365,0
1772215500000000,65678.63,65678.63,65608.63,65608.63,0.00199,1772215799999999,130.5814734,3,0.0002,13.128726,0
1772215800000000,65612.61,65619.97,65573.82,65596.95,0.01616,1772216099999999,1059.9753228,14,0.01616,1059.9753228,0
1772216100000000,65576.66,65631.16,65558.17,65570.46,0.00895,1772216399999999,587.0723566,12,0.00895,587.0723566,0
1772216400000000,65555.09,65588.17,65471.96,65481.11,0.00273,1772216699999999,178.7845291,8,0.00273,178.7845291,0
1772216700000000,65445.3,65643.37,65441.16,65643.37,0.00764,1772216999999999,500.3378048,12,0.00754,493.7932748,0
1772217000000000,65651.35,65697.8,65595.15,65641.08,0.00658,1772217299999999,431.9153907,11,0.00658,431.9153907,0
1772217300000000,65677.7,65677.7,65572.77,65572.77,0.00521,1772217599999999,341.88658,9,0.00521,341.88658,0
1772217600000000,65611.53,65670.89,65608.49,65623.35,0.0073,1772217899999999,479.1297502,12,0.0073,479.1297502,0
1772217900000000,65589.8,65612.36,65517.33,65517.33,0.00364,1772218199999999,238.5340544,8,0.00364,238.5340544,0
1772218200000000,65445.3,65445.3,65241.89,65241.89,0.03702,1772218499999999,2419.7665905,25,0.02161,1412.4574815,0
1772218500000000,65313.78,65360.75,65284.98,65360.75,0.01284,1772218799999999,838.6779504,16,0.01284,838.6779504,0
1772218800000000,65360.74,65427.72,65341.65,65427.72,0.00185,1772219099999999,120.9313744,10,0.00099,64.721138,0
1772219100000000,65398.51,65474.71,65218.58,65218.58,0.00088,1772219399999999,57.5279206,8,0.00088,57.5279206,0
1772219400000000,65251.87,65345.89,65246.33,65318.81,0.04197,1772219699999999,2739.8707336,24,0.01445,943.2275336,0
1772219700000000,65308.38,65375.39,65286.18,65286.18,0.00537,1772219999999999,350.7049168,11,0.00537,350.7049168,0
1772220000000000,65286.23,65320.98,65286.23,65320.98,0.00382,1772220299999999,249.4993861,3,0.00382,249.4993861,0
1772220300000000,65366.57,65385.34,65366.57,65385.34,0.00298,1772220599999999,194.8307952,3,0.00298,194.8307952,0
1772220600000000,65385.34,65385.34,65385.34,65385.34,0.0,1772220899999999,0.0,0,0.0,0.0,0
1772220900000000,65385.34,65385.34,65385.34,65385.34,0.0,1772221199999999,0.0,0,0.0,0.0,0
1772221200000000,65385.34,65385.34,65273.45,65290.43,0.00296,1772221499999999,193.4724571,5,0.00022,14.3638946,0
1772221500000000,65390.45,65390.46,65355.42,65390.46,0.0099,1772221799999999,647.2133723,6,0.0099,647.2133723,0
1772221800000000,65364.26,65390.46,65364.26,65390.46,0.00149,1772222099999999,97.4118734,2,0.00149,97.4118734,0
1772222100000000,65480.06,65480.06,65440.61,65440.61,0.00142,1772222399999999,92.9474286,3,0.00142,92.9474286,0
1772222400000000,65554.07,65572.34,65554.07,65572.34,0.00148,1772222699999999,97.033178,2,0.00148,97.033178,0
1772222700000000,65603.73,65603.73,65603.73,65603.73,0.00073,1772222999999999,47.8907229,1,0.00073,47.8907229,0
1772223000000000,65607.9,65627.96,65607.9,65627.96,0.00143,1772223299999999,93.8315472,3,0.00143,93.8315472,0
1772223300000000,65609.98,65621.46,65609.98,65621.46,0.00109,1772223599999999,71.5186666,2,0.00109,71.5186666,0
1772223600000000,65627.35,65627.35,65627.35,65627.35,0.00022,1772223899999999,14.438017,1,0.00022,14.438017,0
1772223900000000,65646.09,65650.17,65600.16,65600.16,0.00187,1772224199999999,122.7437133,3,0.00187,122.7437133,0
1772224200000000,65570.96,65570.96,65570.96,65570.96,0.00074,1772224499999999,48.5225104,1,0.00074,48.5225104,0
1772224500000000,65612.11,65629.37,65612.11,65629.37,0.00096,1772224799999999,62.9947022,2,0.00096,62.9947022,0
1772224800000000,65629.37,65629.37,65629.37,65629.37,0.0,1772225099999999,0.0,0,0.0,0.0,0
1772225100000000,65652.72,65697.77,65652.72,65653.01,0.0026,1772225399999999,170.716908,5,0.0026,170.716908,0
1772225400000000,65661.19,65661.19,65645.78,65657.92,0.00554,1772225699999999,363.7336022,8,0.00276,181.2087456,0
1772225700000000,65658.16,65658.65,65617.43,65658.65,0.01025,1772225999999999,672.8158845,7,0.01025,672.8158845,0
1772226000000000,65658.65,65658.65,65658.65,65658.65,0.0,1772226299999999,0.0,0,0.0,0.0,0
1772226300000000,65658.65,65658.65,65658.65,65658.65,0.0,1772226599999999,0.0,0,0.0,0.0,0
1772226600000000,65658.65,65658.65,65658.65,65658.65,0.0,1772226899999999,0.0,0,0.0,0.0,0
1772226900000000,65622.47,65622.47,65622.47,65622.47,0.00195,1772227199999999,127.9638165,2,0.00195,127.9638165,0
1772227200000000,65761.39,65774.34,65761.39,65774.34,0.00105,1772227499999999,69.053215,2,0.00105,69.053215,0
1772227500000000,65754.03,65754.03,65754.03,65754.03,0.00033,1772227799999999,21.6988299,1,0.00033,21.6988299,0
1772227800000000,65744.26,65744.26,65744.26,65744.26,0.00194,1772228099999999,127.5438644,1,0.0,0.0,0
1772228100000000,65678.93,65678.93,65678.93,65678.93,0.0001,1772228399999999,6.567893,1,0.0001,6.567893,0
1772228400000000,65678.93,65678.93,65678.93,65678.93,0.0,1772228699999999,0.0,0,0.0,0.0,0
1772228700000000,65678.93,65678.93,65678.93,65678.93,0.0,1772228999999999,0.0,0,0.0,0.0,0
1772229000000000,65678.93,65678.93,65678.93,65678.93,0.0,1772229299999999,0.0,0,0.0,0.0,0
1772229300000000,65678.93,65678.93,65678.93,65678.93,0.0,1772229599999999,0.0,0,0.0,0.0,0
1772229600000000,65678.93,65678.93,65678.93,65678.93,0.0,1772229899999999,0.0,0,0.0,0.0,0
1772229900000000,65522.61,65522.61,65522.61,65522.61,0.00044,1772230199999999,28.8299484,1,0.00044,28.8299484,0
1772230200000000,65574.93,65574.93,65574.93,65574.93,0.00063,1772230499999999,41.3122059,1,0.00063,41.3122059,0
1772230500000000,65653.09,65658.66,65622.89,65638.17,0.00295,1772230799999999,193.6468758,4,0.00295,193.6468758,0
1772230800000000,65638.17,65638.17,65638.17,65638.17,0.0,1772231099999999,0.0,0,0.0,0.0,0
1772231100000000,65551.49,65551.49,65551.49,65551.49,0.00369,1772231399999999,241.8849981,3,0.00076,49.8191324,0
1772231400000000,65500.24,65501.74,64985.76,64985.76,0.11474,1772231699999999,7466.5588448,39,0.0042,274.5285371,0
1772231700000000,65029.96,65275.84,65029.96,65275.84,0.01632,1772231999999999,1062.6157298,5,0.01632,1062.6157298,0
1772232000000000,65315.34,65576.83,65315.34,65576.83,0.02669,1772232299999999,1747.3407511,9,0.01863,1220.8991107,0
1772232300000000,65616.06,65663.0,65616.06,65663.0,0.00086,1772232599999999,56.465486,2,0.00086,56.465486,0
1772232600000000,65608.62,65608.62,65608.62,65608.62,0.00036,1772232899999999,23.6191032,1,0.00036,23.6191032,0
1772232900000000,65572.19,65594.07,65572.19,65594.07,0.00223,1772233199999999,146.2421749,2,0.00074,48.5396118,0
1772233200000000,65614.68,65614.68,65614.68,65614.68,0.00177,1772233499999999,116.1379836,1,0.00177,116.1379836,0
1772233500000000,65787.26,65787.26,65787.26,65787.26,0.00044,1772233799999999,28.9463944,2,0.0001,6.578726,0
1772233800000000,65800.69,65805.09,65800.69,65805.09,0.00161,1772234099999999,105.9457549,2,0.00151,99.3656859,0
1772234100000000,65793.45,65793.45,65793.45,65793.45,9e-05,1772234399999999,5.9214105,1,9e-05,5.9214105,0
1772234400000000,65946.07,65946.07,65946.07,65946.07,0.00021,1772234699999999,13.8486747,1,0.00021,13.8486747,0
1772234700000000,65877.66,66127.9,65866.99,65882.91,0.05238,1772234999999999,3456.9118559,16,0.05238,3456.9118559,0
1772235000000000,65882.91,65882.91,65882.91,65882.91,0.0,1772235299999999,0.0,0,0.0,0.0,0
1772235300000000,65929.48,65929.48,65929.48,65929.48,0.00076,1772235599999999,50.1064048,1,0.00076,50.1064048,0
1772235600000000,65929.48,65929.48,65929.48,65929.48,0.00022,1772235899999999,14.5044856,1,0.0,0.0,0
1772235900000000,65920.72,65920.72,65920.72,65920.72,0.00076,1772236199999999,50.0997472,1,0.00076,50.0997472,0
1772236200000000,65940.66,65940.66,65929.48,65929.48,0.00108,1772236499999999,71.2055154,2,0.00015,9.891099,0
1772236500000000,65901.34,65929.48,65901.34,65929.48,0.00245,1772236799999999,161.5058396,2,0.00245,161.5058396,0
1772236800000000,65875.04,65901.37,65875.04,65901.37,0.00152,1772237099999999,100.1500716,2,0.00152,100.1500716,0
1772237100000000,65952.55,65952.55,65952.55,65952.55,0.00076,1772237399999999,50.123938,1,0.00076,50.123938,0
1772237400000000,65962.34,65989.2,65962.34,65989.2,0.00219,1772237699999999,144.4959344,2,0.00219,144.4959344,0
1772237700000000,66025.75,66025.75,65927.32,65927.32,0.00131,1772237999999999,86.439596,2,0.00131,86.439596,0
1772238000000000,65927.32,65927.32,65927.32,65927.32,0.0,1772238299999999,0.0,0,0.0,0.0,0
1772238300000000,65806.91,65806.91,65787.26,65787.26,0.00722,1772238599999999,474.9937953,4,0.0,0.0,0
1772238600000000,65787.26,65787.26,65787.26,65787.26,0.0,1772238899999999,0.0,0,0.0,0.0,0
1772238900000000,65868.22,65871.83,65868.22,65871.83,0.00146,1772239199999999,96.1701282,2,0.00146,96.1701282,0
1772239200000000,65909.83,65958.92,65909.83,65958.92,0.00108,1772239499999999,71.1875254,2,0.00108,71.1875254,0
1772239500000000,65989.79,66000.18,65989.79,66000.18,0.00538,1772239799999999,355.0293301,2,0.00538,355.0293301,0
1772239800000000,66000.18,66000.18,66000.18,66000.18,0.00054,1772240099999999,35.6400972,1,0.0,0.0,0
1772240100000000,65983.74,65983.74,65983.74,65983.74,0.00072,1772240399999999,47.5082928,1,0.00072,47.5082928,0
1772240400000000,65983.74,65983.74,65983.74,65983.74,0.0,1772240699999999,0.0,0,0.0,0.0,0
1772240700000000,65983.74,65983.74,65983.74,65983.74,0.0,1772240999999999,0.0,0,0.0,0.0,0
1772241000000000,65983.74,65983.74,65983.74,65983.74,0.0,1772241299999999,0.0,0,0.0,0.0,0
1772241300000000,65860.41,65860.41,65860.41,65860.41,0.00015,1772241599999999,9.8790615,1,0.0,0.0,0
1772241600000000,65860.41,65860.41,65860.41,65860.41,0.0,1772241899999999,0.0,0,0.0,0.0,0
1772241900000000,65860.41,65860.41,65860.41,65860.41,0.0,1772242199999999,0.0,0,0.0,0.0,0
1772242200000000,65860.41,65860.41,65860.41,65860.41,0.0,1772242499999999,0.0,0,0.0,0.0,0
1772242500000000,65852.8,65852.8,65852.8,65852.8,0.00076,1772242799999999,50.048128,1,0.00076,50.048128,0
1772242800000000,65852.8,65852.8,65852.8,65852.8,0.0,1772243099999999,0.0,0,0.0,0.0,0
1772243100000000,65864.29,65864.29,65864.29,65864.29,0.00019,1772243399999999,12.5142151,1,0.00019,12.5142151,0
1772243400000000,65864.29,65864.29,65864.29,65864.29,0.0,1772243699999999,0.0,0,0.0,0.0,0
1772243700000000,65864.29,65864.29,65864.29,65864.29,0.0,1772243999999999,0.0,0,0.0,0.0,0
1772244000000000,65814.61,65814.61,65814.61,65814.61,0.00021,1772244299999999,13.8210681,1,0.00021,13.8210681,0
1772244300000000,65814.61,65814.61,65814.61,65814.61,0.0,1772244599999999,0.0,0,0.0,0.0,0
1772244600000000,65814.61,65814.61,65814.61,65814.61,0.0,1772244899999999,0.0,0,0.0,0.0,0
1772244900000000,65814.61,65814.61,65814.61,65814.61,0.0,1772245199999999,0.0,0,0.0,0.0,0
1772245200000000,65814.61,65814.61,65814.61,65814.61,0.0,1772245499999999,0.0,0,0.0,0.0,0
1772245500000000,65814.61,65814.61,65814.61,65814.61,0.0,1772245799999999,0.0,0,0.0,0.0,0
1772245800000000,65933.71,65953.77,65814.61,65919.85,0.2,1772246099999999,13177.8370969,16,0.05724,3767.2282764,0
1772246100000000,65969.52,65969.52,65969.52,65969.52,0.00076,1772246399999999,50.1368352,1,0.00076,50.1368352,0
1772246400000000,65969.52,65969.52,65969.52,65969.52,0.0,1772246699999999,0.0,0,0.0,0.0,0
1772246700000000,66007.18,66007.18,66007.18,66007.18,7e-05,1772246999999999,4.6205026,1,0.0,0.0,0
1772247000000000,66007.18,66007.18,66007.18,66007.18,8e-05,1772247299999999,5.2805744,1,8e-05,5.2805744,0
1772247300000000,66007.18,66007.18,66007.18,66007.18,0.0,1772247599999999,0.0,0,0.0,0.0,0
1772247600000000,66007.18,66007.18,66007.18,66007.18,0.0,1772247899999999,0.0,0,0.0,0.0,0
1772247900000000,65933.96,65933.96,65883.3,65883.3,0.00054,1772248199999999,35.5906602,2,0.00027,17.8021692,0
1772248200000000,65883.3,65883.3,65883.3,65883.3,0.0,1772248499999999,0.0,0,0.0,0.0,0
1772248500000000,65883.3,65883.3,65883.3,65883.3,0.0,1772248799999999,0.0,0,0.0,0.0,0
1772248800000000,65967.24,65967.24,65967.24,65967.24,0.00025,1772249099999999,16.49181,1,0.00025,16.49181,0
1772249100000000,65967.24,65967.24,65967.24,65967.24,0.0,1772249399999999,0.0,0,0.0,0.0,0
1772249400000000,65970.02,65970.02,65872.08,65872.08,0.00174,1772249699999999,114.6252544,3,0.00174,114.6252544,0
1772249700000000,65799.25,65799.25,65799.25,65799.25,0.00028,1772249999999999,18.42379,1,0.00028,18.42379,0
1772250000000000,65842.75,65842.75,65800.36,65800.36,0.0073,1772250299999999,480.6164674,2,0.00646,425.344165,0
1772250300000000,65800.36,65800.36,65800.36,65800.36,0.0,1772250599999999,0.0,0,0.0,0.0,0
1772250600000000,65800.36,65800.36,65800.36,65800.36,0.0,1772250899999999,0.0,0,0.0,0.0,0
1772250900000000,65800.36,65800.36,65800.36,65800.36,0.0,1772251199999999,0.0,0,0.0,0.0,0
1772251200000000,65800.36,65800.36,65800.36,65800.36,0.0,1772251499999999,0.0,0,0.0,0.0,0
1772251500000000,65800.36,65800.36,65787.41,65787.41,0.01188,1772251799999999,781.6926073,5,0.00121,79.6027661,0
1772251800000000,65787.41,65787.41,65787.41,65787.41,0.0,1772252099999999,0.0,0,0.0,0.0,0
1772252100000000,65787.41,65787.41,65787.41,65787.41,0.0,1772252399999999,0.0,0,0.0,0.0,0
1772252400000000,65791.54,65809.11,65791.54,65809.11,0.00091,1772252699999999,59.8729369,2,0.00091,59.8729369,0
1772252700000000,65813.58,65817.48,65784.27,65784.27,0.00045,1772252999999999,29.613531,3,0.00045,29.613531,0
1772253000000000,65661.1,65661.1,65568.29,65568.29,0.00055,1772253299999999,36.0889245,4,0.0,0.0,0
1772253300000000,65568.29,65568.29,65568.29,65568.29,0.0,1772253599999999,0.0,0,0.0,0.0,0
1772253600000000,65568.29,65568.29,65568.29,65568.29,0.0,1772253899999999,0.0,0,0.0,0.0,0
1772253900000000,65568.29,65568.29,65568.29,65568.29,0.0,1772254199999999,0.0,0,0.0,0.0,0
1772254200000000,65568.29,65568.29,65568.29,65568.29,0.0,1772254499999999,0.0,0,0.0,0.0,0
1772254500000000,65568.29,65568.29,65568.29,65568.29,0.0,1772254799999999,0.0,0,0.0,0.0,0
1772254800000000,65696.19,65696.19,65661.71,65678.98,0.00081,1772255099999999,53.1999576,3,0.00054,35.4712959,0
1772255100000000,65678.98,65678.98,65678.98,65678.98,0.0,1772255399999999,0.0,0,0.0,0.0,0
1772255400000000,65678.98,65678.98,65678.98,65678.98,0.0,1772255699999999,0.0,0,0.0,0.0,0
1772255700000000,65678.98,65678.98,65678.98,65678.98,0.0,1772255999999999,0.0,0,0.0,0.0,0
1772256000000000,65678.98,65678.98,65678.98,65678.98,0.0,1772256299999999,0.0,0,0.0,0.0,0
1772256300000000,65678.98,65678.98,65678.98,65678.98,0.0,1772256599999999,0.0,0,0.0,0.0,0
1772256600000000,65678.98,65678.98,65678.98,65678.98,0.00152,1772256899999999,99.8320496,2,0.0,0.0,0
1772256900000000,65560.46,65590.57,65560.46,65590.57,0.0015,1772257199999999,98.3813385,2,0.0,0.0,0
1772257200000000,65609.0,65609.0,65609.0,65609.0,0.00015,1772257499999999,9.84135,1,0.0,0.0,0
1772257500000000,65609.0,65609.0,65609.0,65609.0,0.0,1772257799999999,0.0,0,0.0,0.0,0
1772257800000000,65609.0,65609.0,65609.0,65609.0,0.0,1772258099999999,0.0,0,0.0,0.0,0
1772258100000000,65546.86,65546.86,65546.86,65546.86,0.00015,1772258399999999,9.832029,1,0.0,0.0,0
1772258400000000,65546.86,65546.86,65546.86,65546.86,0.0,1772258699999999,0.0,0,0.0,0.0,0
1772258700000000,65572.35,65572.35,65572.35,65572.35,0.00044,1772258999999999,28.851834,1,0.00044,28.851834,0
1772259000000000,65584.79,65584.79,65567.35,65567.35,0.00471,1772259299999999,308.8248345,2,0.0,0.0,0
1772259300000000,65500.0,65500.0,64574.18,64934.09,0.04046,1772259599999999,2622.3575218,27,0.02254,1459.3183796,0
1772259600000000,65051.78,65261.43,65051.78,65128.49,0.02975,1772259899999999,1937.8253392,14,0.0197,1283.0135047,0
1772259900000000,64939.79,64939.79,64453.09,64598.14,0.09907,1772260199999999,6391.3992413,34,0.00864,557.7748006,0
1772260200000000,64519.66,64519.66,64162.98,64162.98,0.07429,1772260499999999,4781.3869158,23,0.02363,1518.5950589,0
1772260500000000,64100.0,64100.0,63676.95,63827.36,0.27205,1772260799999999,17393.6688587,71,0.07287,4647.2776183,0
1772260800000000,64020.61,64020.61,63790.55,63966.65,0.02662,1772261099999999,1700.0620991,16,0.02451,1565.1596192,0
1772261100000000,63966.65,63966.65,63966.65,63966.65,0.00378,1772261399999999,241.793937,1,0.0,0.0,0
1772261400000000,63605.01,63635.74,63453.04,63453.04,0.51331,1772261699999999,32595.0630164,64,0.00052,33.0905848,0
1772261700000000,63365.86,63386.12,63127.6,63280.57,0.0988,1772261999999999,6249.7648749,30,0.03795,2399.7291169,0
1772262000000000,63210.54,63608.52,63108.72,63572.77,0.08644,1772262299999999,5478.8561793,39,0.06534,4141.8895669,0
1772262300000000,63627.59,63743.7,63539.15,63644.19,0.07554,1772262599999999,4811.4062232,22,0.00876,557.566605,0
1772262600000000,63650.0,63650.0,63524.47,63634.33,0.08548,1772262899999999,5433.2476429,12,0.00079,50.2147463,0
1772262900000000,63786.53,63845.07,63786.53,63818.54,0.02241,1772263199999999,1429.967262,11,0.00944,602.4808765,0
1772263200000000,63605.01,63605.01,63429.02,63429.02,0.00576,1772263499999999,365.4110756,5,0.0055,348.8855698,0
1772263500000000,63462.16,63567.0,63462.16,63567.0,0.01249,1772263799999999,793.6213677,4,0.00623,396.0088305,0
1772263800000000,63639.82,63639.82,63639.82,63639.82,0.00062,1772264099999999,39.4566884,1,0.00062,39.4566884,0
1772264100000000,63845.07,64255.14,63845.07,64255.14,0.05463,1772264399999999,3490.6458947,22,0.04376,2796.1806172,0
1772264400000000,64232.54,64333.34,64209.96,64209.96,0.02658,1772264699999999,1708.4023824,8,0.02658,1708.4023824,0
1772264700000000,64048.56,64048.56,64048.56,64048.56,0.00045,1772264999999999,28.821852,1,0.00045,28.821852,0
1772265000000000,63915.83,63915.83,63915.83,63915.83,0.00015,1772265299999999,9.5873745,1,0.00015,9.5873745,0
1772265300000000,63971.81,63978.78,63893.14,63893.14,0.00541,1772265599999999,346.0068636,5,0.00541,346.0068636,0
1772265600000000,63860.95,63860.95,63720.65,63720.65,0.00576,1772265899999999,367.41256,3,0.00304,193.710776,0
1772265900000000,63700.0,63700.0,63571.18,63571.18,0.0024,1772266199999999,152.818371,5,0.0,0.0,0
1772266200000000,63653.16,63673.19,63653.16,63673.19,0.00151,1772266499999999,96.1219924,3,0.00151,96.1219924,0
1772266500000000,63673.19,63673.19,63673.19,63673.19,0.0,1772266799999999,0.0,0,0.0,0.0,0
1772266800000000,63591.41,63591.41,63486.19,63519.3,0.06463,1772267099999999,4106.1728168,9,0.0,0.0,0
1772267100000000,63519.3,63519.3,63519.3,63519.3,0.0,1772267399999999,0.0,0,0.0,0.0,0
1772267400000000,63726.64,63726.64,63576.83,63576.83,0.00211,1772267699999999,134.2836756,3,0.00211,134.2836756,0
1772267700000000,63576.83,63576.83,63576.83,63576.83,0.0,1772267999999999,0.0,0,0.0,0.0,0
1772268000000000,63669.07,63669.07,63669.07,63669.07,0.00709,1772268299999999,451.4137063,3,0.0,0.0,0
1772268300000000,63645.44,63729.69,63645.44,63696.62,0.00361,1772268599999999,229.9123856,4,0.00361,229.9123856,0
1772268600000000,63576.83,63576.83,63576.83,63576.83,0.0002,1772268899999999,12.715366,1,0.0,0.0,0
1772268900000000,63576.82,63576.82,63462.76,63462.76,0.00914,1772269199999999,580.7840266,6,0.00079,50.1355804,0
1772269200000000,63532.02,63576.1,63532.02,63576.1,0.01018,1772269499999999,646.7934748,4,0.01018,646.7934748,0
1772269500000000,63640.99,63649.89,63426.93,63426.93,0.02662,1772269799999999,1691.8938372,9,0.01598,1017.0232643,0
1772269800000000,63445.09,63675.24,63445.09,63675.24,0.00566,1772270099999999,360.2200399,2,0.00566,360.2200399,0
1772270100000000,63675.24,63675.24,63675.24,63675.24,0.0,1772270399999999,0.0,0,0.0,0.0,0
1772270400000000,63654.92,63919.81,63654.92,63919.81,0.00336,1772270699999999,214.4708644,4,0.00336,214.4708644,0
1772270700000000,63919.81,63946.29,63878.08,63878.08,0.00408,1772270999999999,260.8032394,3,0.00096,61.3734322,0
1772271000000000,63839.64,63839.64,63794.65,63794.65,0.00476,1772271299999999,303.6724318,2,0.00476,303.6724318,0
1772271300000000,63663.31,63663.31,63663.31,63663.31,0.00013,1772271599999999,8.2762303,1,0.0,0.0,0
1772271600000000,63690.4,63814.45,63690.4,63814.45,0.02276,1772271899999999,1450.4448017,6,0.02276,1450.4448017,0
1772271900000000,63621.84,63621.84,63605.01,63605.01,0.00085,1772272199999999,54.076881,2,0.00075,47.71638,0
1772272200000000,63652.06,63777.29,63652.06,63721.7,0.03729,1772272499999999,2376.3032172,10,0.03729,2376.3032172,0
1772272500000000,63693.26,63723.99,63665.43,63723.99,0.0756,1772272799999999,4813.7607084,7,0.00152,96.8604648,0
1772272800000000,63578.01,63578.01,63551.42,63551.42,0.00576,1772273099999999,366.1883315,2,0.00079,50.2056218,0
1772273100000000,63577.21,63619.98,63577.21,63619.98,0.01067,1772273399999999,678.7913051,3,0.01067,678.7913051,0
1772273400000000,63619.98,63619.98,63619.98,63619.98,0.0,1772273699999999,0.0,0,0.0,0.0,0
1772273700000000,63628.75,63786.97,63628.75,63786.97,0.00877,1772273999999999,558.1386595,4,0.00877,558.1386595,0
1772274000000000,63818.76,63971.85,63818.76,63916.83,0.01748,1772274299999999,1116.9610323,13,0.01748,1116.9610323,0
1772274300000000,63937.94,63985.01,63889.39,63889.39,0.06128,1772274599999999,3918.9747339,12,0.02081,1330.5038211,0
1772274600000000,63945.33,64070.08,63945.33,64070.08,0.00193,1772274899999999,123.5518293,3,0.00193,123.5518293,0
1772274900000000,64070.08,64070.08,64070.08,64070.08,0.0,1772275199999999,0.0,0,0.0,0.0,0
1772275200000000,64046.09,64046.09,64022.34,64022.34,0.0047,1772275499999999,300.9821686,3,0.0047,300.9821686,0
1772275500000000,64022.34,64022.34,64022.34,64022.34,0.0,1772275799999999,0.0,0,0.0,0.0,0
1772275800000000,64014.45,64022.34,64003.27,64003.27,0.00138,1772276099999999,88.338954,3,0.00138,88.338954,0
1772276100000000,64003.27,64003.27,64003.27,64003.27,0.0,1772276399999999,0.0,0,0.0,0.0,0
1772276400000000,64188.61,64188.61,64188.61,64188.61,0.00078,1772276699999999,50.0671158,1,0.00078,50.0671158,0
1772276700000000,64188.61,64188.61,64146.9,64146.9,0.01296,1772276999999999,831.4097258,5,0.00098,62.863962,0
1772277000000000,64136.59,64146.9,64110.04,64110.04,0.0167,1772277299999999,1071.1662586,5,0.0167,1071.1662586,0
1772277300000000,64110.04,64110.04,64110.04,64110.04,0.0,1772277599999999,0.0,0,0.0,0.0,0
1772277600000000,64199.34,64227.49,64174.2,64184.51,0.01563,1772277899999999,1003.4363994,6,0.01563,1003.4363994,0
1772277900000000,64171.34,64321.33,64171.34,64321.33,0.00387,1772278199999999,248.706643,8,0.00377,242.280946,0
1772278200000000,64301.22,64303.3,64301.22,64303.3,0.00575,1772278499999999,369.7423526,2,0.00575,369.7423526,0
1772278500000000,64241.01,64241.01,64211.75,64211.75,0.00049,1772278799999999,31.4684391,2,0.00049,31.4684391,0
1772278800000000,64095.11,64095.11,64067.35,64067.35,0.00087,1772279099999999,55.7413705,2,0.00077,49.3318595,0
1772279100000000,64085.76,64121.67,64079.6,64079.6,0.00213,1772279399999999,136.5250639,3,0.00213,136.5250639,0
1772279400000000,64028.62,64028.62,64028.62,64028.62,0.0006,1772279699999999,38.417172,1,0.0,0.0,0
1772279700000000,63930.05,63930.14,63881.44,63930.14,0.00062,1772279999999999,39.6286974,4,0.0002,12.786028,0
1772280000000000,63966.56,63966.56,63908.08,63950.33,0.00645,1772280299999999,412.4644036,4,0.00645,412.4644036,0
1772280300000000,63978.4,63991.32,63978.4,63979.83,0.00656,1772280599999999,419.7617116,4,0.0064,409.5249388,0
1772280600000000,63979.83,63979.83,63979.83,63979.83,0.0,1772280899999999,0.0,0,0.0,0.0,0
1772280900000000,63997.48,64063.82,63997.48,64063.82,0.00309,1772281199999999,197.875509,6,0.00309,197.875509,0
1772281200000000,64063.82,64063.82,64007.83,64021.55,0.20141,1772281499999999,12893.2041132,33,0.19083,12215.9990766,0
1772281500000000,64061.69,64061.7,64004.83,64004.83,0.00344,1772281799999999,220.3179999,4,0.00298,190.8757781,0
1772281800000000,64102.66,64102.76,64044.14,64065.17,0.0101,1772282099999999,647.3034081,7,0.00982,629.3710489,0
1772282100000000,64061.73,64069.72,64061.73,64069.72,0.0045,1772282399999999,288.3075078,2,0.0045,288.3075078,0
1772282400000000,64089.77,64089.77,64055.07,64055.07,0.04992,1772282699999999,3199.3345994,6,0.00045,28.8403965,0
1772282700000000,64055.38,64091.86,63999.03,63999.03,0.01157,1772282999999999,741.1589018,4,0.00179,114.6972854,0
1772283000000000,63999.03,63999.03,63999.03,63999.03,0.0,1772283299999999,0.0,0,0.0,0.0,0
1772283300000000,64008.23,64016.12,64008.23,64016.12,0.0075,1772283599999999,480.0791568,3,0.0075,480.0791568,0
1772283600000000,64016.12,64016.12,64016.12,64016.12,0.0001,1772283899999999,6.401612,1,0.0,0.0,0
1772283900000000,64038.76,64038.76,64038.76,64038.76,0.0009,1772284199999999,57.634884,1,0.0009,57.634884,0
1772284200000000,64090.8,64090.8,64083.9,64083.92,0.00234,1772284499999999,149.9619152,3,0.00234,149.9619152,0
1772284500000000,64123.25,64164.03,64123.25,64164.03,0.00107,1772284799999999,68.6436859,2,0.00078,50.0479434,0
1772284800000000,64092.39,64127.86,64092.39,64125.61,0.00949,1772285099999999,608.46214,8,0.00935,599.487538,0
1772285100000000,64125.61,64125.61,64125.61,64125.61,0.0,1772285399999999,0.0,0,0.0,0.0,0
1772285400000000,64114.09,64114.09,64114.09,64114.09,0.00014,1772285699999999,8.9759726,1,0.00014,8.9759726,0
1772285700000000,64056.1,64061.93,64032.28,64061.93,0.00904,1772285999999999,578.961867,6,0.00904,578.961867,0
1772286000000000,63972.43,63987.94,63972.43,63987.94,0.01413,1772286299999999,903.9889086,4,0.00377,241.2345338,0
1772286300000000,64140.48,64755.99,64140.48,64755.99,0.02523,1772286599999999,1627.7208674,12,0.02019,1302.2607506,0
1772286600000000,64476.85,65034.52,64476.85,64935.81,0.06396,1772286899999999,4150.8687526,38,0.02433,1578.6292227,0
1772286900000000,64915.82,65262.72,64687.29,65170.02,0.02862,1772287199999999,1858.1439484,30,0.01619,1053.3595522,0
1772287200000000,65256.17,65420.06,64863.76,64898.36,0.03448,1772287499999999,2249.5681953,44,0.01531,998.6417285,0
1772287500000000,64899.44,65030.69,64886.53,64962.28,0.00841,1772287799999999,546.1212766,35,0.00841,546.1212766,0
1772287800000000,65033.22,65118.05,64857.51,64880.23,0.00506,1772288099999999,329.0626225,26,0.00506,329.0626225,0
1772288100000000,64863.39,64966.59,64773.51,64917.58,0.00911,1772288399999999,590.8452368,15,0.00889,576.5715862,0
1772288400000000,64881.24,64881.24,64739.52,64851.84,0.00324,1772288699999999,209.9776976,13,0.00324,209.9776976,0
1772288700000000,64915.36,64915.36,64845.33,64856.18,0.00205,1772288999999999,132.9886113,12,0.00205,132.9886113,0
1772289000000000,64849.14,64861.25,64753.59,64838.95,0.0024,1772289299999999,155.6109759,9,0.0024,155.6109759,0
1772289300000000,64745.2,65213.57,64745.2,65136.71,0.02169,1772289599999999,1410.1075326,22,0.01142,742.7466033,0
1772289600000000,65133.91,65137.83,64991.29,64995.33,0.00679,1772289899999999,442.0682313,11,0.00664,432.3194688,0
1772289900000000,65022.36,65022.36,64780.34,64780.34,0.00693,1772290199999999,450.3086619,5,0.0,0.0,0
1772290200000000,64813.74,64813.74,64660.82,64660.82,0.00961,1772290499999999,621.4287102,3,0.00025,16.203435,0
1772290500000000,64455.64,64455.64,64434.39,64434.39,0.01218,1772290799999999,784.8143197,4,0.0,0.0,0
1772290800000000,64517.35,64517.35,64517.35,64517.35,0.00596,1772291099999999,384.523406,1,0.00596,384.523406,0
1772291100000000,64517.35,64517.35,64517.35,64517.35,0.0,1772291399999999,0.0,0,0.0,0.0,0
1772291400000000,64285.73,64532.98,64285.73,64532.98,0.16146,1772291699999999,10409.6546867,13,0.16146,10409.6546867,0
1772291700000000,64432.6,64682.83,64432.6,64682.83,0.04029,1772291999999999,2599.8535379,8,0.04029,2599.8535379,0
1772292000000000,64450.0,64450.0,64450.0,64450.0,0.05394,1772292299999999,3476.433,9,0.05394,3476.433,0
1772292300000000,64793.16,64880.88,64793.16,64867.56,0.05971,1772292599999999,3873.6468108,9,0.01167,756.7693356,0
1772292600000000,64721.37,64721.37,64721.37,64721.37,0.01032,1772292899999999,667.9245384,3,0.0,0.0,0
1772292900000000,64932.42,64932.42,64864.9,64864.9,0.00184,1772293199999999,119.3710496,3,0.00184,119.3710496,0
1772293200000000,64864.9,64864.9,64864.9,64864.9,0.0,1772293499999999,0.0,0,0.0,0.0,0
1772293500000000,64864.9,64864.9,64864.9,64864.9,0.00198,1772293799999999,128.432502,1,0.0,0.0,0
1772293800000000,64890.56,64890.56,64854.28,64854.28,0.00166,1772294099999999,107.7081712,2,0.00166,107.7081712,0
1772294100000000,64854.28,64854.28,64854.28,64854.28,0.0,1772294399999999,0.0,0,0.0,0.0,0
1772294400000000,64859.17,64859.17,64801.42,64845.96,0.00254,1772294699999999,164.707636,3,0.00245,158.8755082,0
1772294700000000,64842.86,64842.86,64842.86,64842.86,0.00072,1772294999999999,46.6868592,1,0.00072,46.6868592,0
1772295000000000,64874.79,64940.08,64868.47,64940.08,0.00475,1772295299999999,308.4004531,5,0.00447,290.2363335,0
1772295300000000,64955.77,64969.28,64854.39,64854.39,0.00549,1772295599999999,356.4595469,4,0.00549,356.4595469,0
1772295600000000,64885.5,65002.69,64869.14,65002.69,0.00127,1772295899999999,82.5184343,4,0.00099,64.3526211,0
1772295900000000,65032.53,65032.53,65032.53,65032.53,0.00029,1772296199999999,18.8594337,1,0.00029,18.8594337,0
1772296200000000,65021.05,65029.76,65021.05,65029.76,0.0015,1772296499999999,97.5379333,2,0.0015,97.5379333,0
1772296500000000,65029.76,65029.76,65029.76,65029.76,0.0,1772296799999999,0.0,0,0.0,0.0,0
1772296800000000,65024.97,65224.42,65024.97,65224.42,0.00135,1772297099999999,87.8944065,6,0.00107,69.6525255,0
1772297100000000,65103.27,65154.78,65071.43,65132.73,0.00234,1772297399999999,152.4043326,5,0.00206,134.1795562,0
1772297400000000,65091.91,65091.91,65091.91,65091.91,0.00023,1772297699999999,14.9711393,1,0.00023,14.9711393,0
1772297700000000,65216.66,65216.66,65216.66,65216.66,0.0003,1772297999999999,19.564998,1,0.0003,19.564998,0
1772298000000000,65154.43,65171.13,65075.41,65075.41,0.0173,1772298299999999,1126.3951288,5,0.00704,458.7214222,0
1772298300000000,65053.08,65053.08,65053.08,65053.08,0.00015,1772298599999999,9.757962,1,0.0,0.0,0
1772298600000000,65032.32,65032.32,65032.32,65032.32,0.00015,1772298899999999,9.754848,1,0.0,0.0,0
1772298900000000,65040.13,65040.13,64970.8,64989.35,0.01045,1772299199999999,678.9722175,4,0.01045,678.9722175,0
1772299200000000,64972.22,65046.82,64972.22,65046.82,0.0058,1772299499999999,377.0484013,5,0.0058,377.0484013,0
1772299500000000,65143.4,65143.4,65143.4,65143.4,0.00049,1772299799999999,31.920266,1,0.00049,31.920266,0
1772299800000000,65166.3,65166.43,65166.3,65166.43,0.0016,1772300099999999,104.2662664,3,0.0016,104.2662664,0
1772300100000000,65114.41,65114.41,65114.41,65114.41,0.00015,1772300399999999,9.7671615,1,0.0,0.0,0
1772300400000000,65065.48,65065.48,65042.49,65042.49,0.00514,1772300699999999,334.3218471,2,0.0,0.0,0
1772300700000000,64989.49,65085.19,64935.68,65085.19,0.00274,1772300999999999,178.3041146,3,0.00249,162.0621231,0
1772301000000000,65210.36,65269.03,65198.24,65198.24,0.03747,1772301299999999,2443.8075395,12,0.02132,1390.513099,0
1772301300000000,65274.98,65548.01,65274.98,65503.86,0.00975,1772301599999999,638.0954595,7,0.0096,628.263258,0
1772301600000000,65467.57,65502.37,65401.35,65446.83,0.00475,1772301899999999,310.9407205,11,0.0046,301.120585,0
1772301900000000,65398.29,65475.24,65398.29,65408.51,0.00081,1772302199999999,52.9942599,7,0.00066,43.1802624,0
1772302200000000,65442.45,65442.45,65333.33,65333.33,0.00604,1772302499999999,394.7938365,11,0.00513,335.3140551,0
1772302500000000,65371.4,65401.51,65313.99,65401.51,0.00091,1772302799999999,59.4672709,8,0.00076,49.6643224,0
1772302800000000,65369.09,65401.51,65255.29,65260.43,0.00888,1772303099999999,580.4953406,15,0.00825,539.3469631,0
1772303100000000,65293.59,65293.59,65275.67,65276.59,0.00147,1772303399999999,95.9758632,6,0.00147,95.9758632,0
1772303400000000,65313.66,65496.0,65313.66,65496.0,0.00102,1772303699999999,66.7274887,8,0.00059,38.6052066,0
1772303700000000,65528.23,65819.3,65528.23,65772.12,0.00096,1772303999999999,63.0558837,9,0.00084,55.1644653,0
1772304000000000,65799.23,65799.23,65693.64,65714.49,0.00068,1772304299999999,44.6969315,6,0.00053,34.842644,0
1772304300000000,65732.37,65806.63,65698.38,65755.94,0.01279,1772304599999999,841.2169024,10,0.00877,576.8104072,0
1772304600000000,65815.03,66026.52,65723.14,66026.52,0.00133,1772304899999999,87.5368723,10,0.00104,68.4730187,0
1772304900000000,66124.72,66124.72,65925.56,65962.18,0.00082,1772305199999999,54.1203661,7,0.00052,34.3348771,0
1772305200000000,65905.86,65945.75,65833.16,65833.16,0.00286,1772305499999999,188.4377949,6,0.00286,188.4377949,0
1772305500000000,65789.62,65832.27,65720.56,65731.89,0.00663,1772305799999999,436.2074407,10,0.00648,426.3463312,0
1772305800000000,65729.23,65916.7,65729.23,65820.21,0.00642,1772306099999999,422.1610116,8,0.00642,422.1610116,0
1772306100000000,65793.5,65864.03,65744.38,65744.38,0.00049,1772306399999999,32.2475317,5,0.00049,32.2475317,0
1772306400000000,65726.56,65761.47,65722.57,65736.28,0.00093,1772306699999999,61.1342233,7,0.00078,51.2752393,0
1772306700000000,65727.35,65834.89,65727.35,65834.89,0.00051,1772306999999999,33.5505946,5,0.00051,33.5505946,0
1772307000000000,65800.6,66334.54,65796.42,66332.22,0.02334,1772307299999999,1540.207294,20,0.02319,1530.2678905,0
1772307300000000,66317.88,66670.03,66266.99,66633.17,0.01282,1772307599999999,854.2201535,14,0.00267,177.5721715,0
1772307600000000,66633.67,66633.67,66362.37,66421.64,0.02566,1772307899999999,1708.4039483,22,0.02536,1688.4721943,0
1772307900000000,66435.53,66612.4,66435.53,66612.4,0.00638,1772308199999999,424.310476,8,0.00623,414.344692,0
1772308200000000,66612.4,66612.4,66612.4,66612.4,0.0,1772308499999999,0.0,0,0.0,0.0,0
1772308500000000,66348.04,66348.04,66330.51,66330.51,0.00496,1772308799999999,329.0019591,2,0.0,0.0,0
1772308800000000,66373.36,66373.36,66303.57,66304.16,0.00185,1772309099999999,122.7067138,5,0.00043,28.5176086,0
1772309100000000,66304.16,66304.16,66304.16,66304.16,0.0,1772309399999999,0.0,0,0.0,0.0,0
1772309400000000,66638.55,66638.55,66638.55,66638.55,0.00015,1772309699999999,9.9957825,1,0.0,0.0,0
1772309700000000,66745.46,66745.46,66548.01,66598.05,0.01046,1772309999999999,696.4683211,5,0.01016,676.4743006,0
1772310000000000,66796.68,67032.28,66796.68,67003.13,0.00247,1772310299999999,165.3071638,7,0.00197,131.8235223,0
1772310300000000,66826.81,66826.81,66793.06,66793.06,0.00344,1772310599999999,229.8397538,3,0.0,0.0,0
1772310600000000,66793.06,66793.06,66793.06,66793.06,0.0,1772310899999999,0.0,0,0.0,0.0,0
1772310900000000,66775.89,66775.89,66711.57,66711.59,0.00208,1772311199999999,138.7712498,4,0.00193,128.7548663,0
1772311200000000,66834.57,66834.57,66834.57,66834.57,0.00021,1772311499999999,14.0352597,1,0.00021,14.0352597,0
1772311500000000,66998.28,66998.28,66998.28,66998.28,9e-05,1772311799999999,6.0298452,1,9e-05,6.0298452,0
1772311800000000,66974.86,66981.69,66974.86,66981.69,0.01318,1772312099999999,882.7533111,5,0.00361,241.8039009,0
1772312100000000,66981.69,66981.69,66943.27,66957.62,0.00772,1772312399999999,516.9717547,4,0.00368,246.3657271,0
1772312400000000,66899.33,66899.33,66510.9,66510.9,0.01075,1772312699999999,718.8901405,6,0.00073,48.6579164,0
1772312700000000,66545.95,66545.95,66484.69,66528.5,0.00423,1772312999999999,281.411601,3,0.00393,261.457005,0
1772313000000000,66514.2,66514.2,66476.57,66476.57,0.00025,1772313299999999,16.624787,2,0.0,0.0,0
1772313300000000,66558.78,66558.78,66558.78,66558.78,0.00015,1772313599999999,9.983817,1,0.0,0.0,0
1772313600000000,66639.8,66639.8,66639.8,66639.8,0.00363,1772313899999999,241.902474,1,0.00363,241.902474,0
1772313900000000,66583.95,66583.95,66583.95,66583.95,0.0005,1772314199999999,33.291975,1,0.0005,33.291975,0
1772314200000000,66529.07,66529.07,66529.07,66529.07,0.00015,1772314499999999,9.9793605,1,0.0,0.0,0
1772314500000000,66671.74,67037.79,66671.74,66851.17,0.01044,1772314799999999,697.7701248,9,0.01044,697.7701248,0
1772314800000000,66851.17,66851.17,66851.17,66851.17,0.0,1772315099999999,0.0,0,0.0,0.0,0
1772315100000000,66903.1,66903.1,66903.1,66903.1,0.0301,1772315399999999,2013.78331,7,0.00019,12.711589,0
1772315400000000,66667.57,66667.57,66650.02,66650.02,0.00371,1772315699999999,247.3349297,4,0.00075,50.0006775,0
1772315700000000,66834.88,66834.88,66800.58,66800.58,0.00121,1772315999999999,80.8335038,2,0.00121,80.8335038,0
1772316000000000,66817.14,66944.19,66814.25,66944.19,0.02907,1772316299999999,1944.8420692,11,0.02892,1934.8194982,0
1772316300000000,66895.08,66895.08,66858.5,66858.5,0.00103,1772316599999999,68.89169,2,0.0,0.0,0
1772316600000000,66906.71,66968.54,66906.71,66968.54,0.00637,1772316899999999,426.4406252,5,0.00521,348.8288416,0
1772316900000000,67000.37,67169.5,67000.37,67065.07,0.04324,1772317199999999,2900.7366555,10,0.04324,2900.7366555,0
1772317200000000,67071.08,67184.82,67071.08,67184.82,0.00291,1772317499999999,195.4225212,2,0.00291,195.4225212,0
1772317500000000,67117.79,67117.79,67117.79,67117.79,0.00074,1772317799999999,49.6671646,1,0.00074,49.6671646,0
1772317800000000,67232.61,67232.61,67232.61,67232.61,0.00074,1772318099999999,49.7521314,1,0.00074,49.7521314,0
1772318100000000,67382.23,67700.28,67382.23,67627.79,0.01161,1772318399999999,784.9568586,8,0.00182,123.0109152,0
1772318400000000,67511.48,67511.48,67333.38,67407.52,0.00691,1772318699999999,465.8341436,7,0.00652,439.5596912,0
1772318700000000,67407.52,67511.48,67407.52,67511.01,0.0018,1772318999999999,121.3739958,4,0.00039,26.3293926,0
1772319000000000,67533.5,67533.5,67302.6,67322.45,0.01326,1772319299999999,894.6179805,8,0.00134,90.262651,0
1772319300000000,67252.46,67252.46,67159.47,67159.47,0.0003,1772319599999999,20.1617895,2,0.0,0.0,0
1772319600000000,67159.47,67159.47,67159.47,67159.47,0.0,1772319899999999,0.0,0,0.0,0.0,0
1772319900000000,67195.24,67226.14,67195.24,67226.14,0.00042,1772320199999999,28.2284898,2,0.00042,28.2284898,0
1772320200000000,67273.2,67322.85,67036.29,67036.29,0.02186,1772320499999999,1470.9162451,7,0.02156,1450.7967106,0
1772320500000000,67048.01,67048.01,66959.95,66959.95,0.00131,1772320799999999,87.8196841,3,0.00075,50.2860075,0
1772320800000000,66959.95,66959.95,66959.95,66959.95,0.0,1772321099999999,0.0,0,0.0,0.0,0
1772321100000000,66959.95,66959.95,66959.95,66959.95,0.0,1772321399999999,0.0,0,0.0,0.0,0
1772321400000000,66959.95,66959.95,66959.95,66959.95,0.0,1772321699999999,0.0,0,0.0,0.0,0
1772321700000000,67012.56,67012.56,67012.56,67012.56,0.00209,1772321999999999,140.0562504,1,0.00209,140.0562504,0
1772322000000000,66933.29,66933.29,66886.91,66886.91,0.00081,1772322299999999,54.2117907,2,0.00072,48.1919688,0
1772322300000000,67044.01,67049.54,67044.01,67049.54,0.00044,1772322599999999,29.4998621,2,0.00044,29.4998621,0
1772322600000000,67049.54,67049.54,67049.54,67049.54,0.0,1772322899999999,0.0,0,0.0,0.0,0
1772322900000000,67049.54,67049.54,67049.54,67049.54,0.0,1772323199999999,0.0,0,0.0,0.0,0
